ano,ente,codigo,instituicao,conta,valor,coluna
2025,municipio,2200053,Prefeitura Municipal de Acauã - PI,DÍVIDA CONSOLIDADA,240818.85,Até o 2º Quadrimestre
2025,municipio,2200053,Prefeitura Municipal de Acauã - PI,Disponibilidade de Caixa,-253380.91,Até o 2º Quadrimestre
2025,municipio,2200053,Prefeitura Municipal de Acauã - PI,RECEITA CORRENTE LÍQUIDA,34922212.27,Até o 2º Quadrimestre
2025,municipio,2200053,Prefeitura Municipal de Acauã - PI,RECEITA CORRENTE LÍQUIDA AJUSTADA PARA CÁLCULO DOS LIMITES DE ENDIVIDAMENTO,34172212.27,Até o 2º Quadrimestre
2025,municipio,2200053,Prefeitura Municipal de Acauã - PI,% da DC sobre a RCL AJUSTADA (I/VI),0.7,Até o 2º Quadrimestre
2025,municipio,2200053,Prefeitura Municipal de Acauã - PI,% da DCL sobre a RCL AJUSTADA,1.45,Até o 2º Quadrimestre
2025,municipio,2200103,Prefeitura Municipal de Agricolândia - PI,DÍVIDA CONSOLIDADA,1356319.44,Até o 2º Quadrimestre
2025,municipio,2200103,Prefeitura Municipal de Agricolândia - PI,Disponibilidade de Caixa,11126399.1,Até o 2º Quadrimestre
2025,municipio,2200103,Prefeitura Municipal de Agricolândia - PI,Disponibilidade de Caixa Bruta,11423933.84,Até o 2º Quadrimestre
2025,municipio,2200103,Prefeitura Municipal de Agricolândia - PI,RECEITA CORRENTE LÍQUIDA,37973199.85,Até o 2º Quadrimestre
2025,municipio,2200103,Prefeitura Municipal de Agricolândia - PI,RECEITA CORRENTE LÍQUIDA AJUSTADA PARA CÁLCULO DOS LIMITES DE ENDIVIDAMENTO,37473199.85,Até o 2º Quadrimestre
2025,municipio,2200103,Prefeitura Municipal de Agricolândia - PI,% da DC sobre a RCL AJUSTADA (I/VI),3.62,Até o 2º Quadrimestre
2025,municipio,2200103,Prefeitura Municipal de Agricolândia - PI,% da DCL sobre a RCL AJUSTADA,-26.07,Até o 2º Quadrimestre
2025,municipio,2200277,Prefeitura Municipal de Alegrete do Piauí - PI,DÍVIDA CONSOLIDADA,469536.16,Até o 2º Quadrimestre
2025,municipio,2200277,Prefeitura Municipal de Alegrete do Piauí - PI,Disponibilidade de Caixa,-193419.58,Até o 2º Quadrimestre
2025,municipio,2200277,Prefeitura Municipal de Alegrete do Piauí - PI,RECEITA CORRENTE LÍQUIDA,33439093.57,Até o 2º Quadrimestre
2025,municipio,2200277,Prefeitura Municipal de Alegrete do Piauí - PI,RECEITA CORRENTE LÍQUIDA AJUSTADA PARA CÁLCULO DOS LIMITES DE ENDIVIDAMENTO,31939093.57,Até o 2º Quadrimestre
2025,municipio,2200277,Prefeitura Municipal de Alegrete do Piauí - PI,% da DC sobre a RCL AJUSTADA (I/VI),1.47,Até o 2º Quadrimestre
2025,municipio,2200277,Prefeitura Municipal de Alegrete do Piauí - PI,% da DCL sobre a RCL AJUSTADA,2.08,Até o 2º Quadrimestre
2025,municipio,2200459,Prefeitura Municipal de Alvorada do Gurguéia - PI,DÍVIDA CONSOLIDADA,4349958.48,Até o 2º Quadrimestre
2025,municipio,2200459,Prefeitura Municipal de Alvorada do Gurguéia - PI,Disponibilidade de Caixa,2238924.21,Até o 2º Quadrimestre
2025,municipio,2200459,Prefeitura Municipal de Alvorada do Gurguéia - PI,Disponibilidade de Caixa Bruta,4718079.73,Até o 2º Quadrimestre
2025,municipio,2200459,Prefeitura Municipal de Alvorada do Gurguéia - PI,RECEITA CORRENTE LÍQUIDA,39529246.92,Até o 2º Quadrimestre
2025,municipio,2200459,Prefeitura Municipal de Alvorada do Gurguéia - PI,RECEITA CORRENTE LÍQUIDA AJUSTADA PARA CÁLCULO DOS LIMITES DE ENDIVIDAMENTO,38029246.92,Até o 2º Quadrimestre
2025,municipio,2200459,Prefeitura Municipal de Alvorada do Gurguéia - PI,% da DC sobre a RCL AJUSTADA (I/VI),11.44,Até o 2º Quadrimestre
2025,municipio,2200459,Prefeitura Municipal de Alvorada do Gurguéia - PI,% da DCL sobre a RCL AJUSTADA,5.55,Até o 2º Quadrimestre
2025,municipio,2200400,Prefeitura Municipal de Altos - PI,DÍVIDA CONSOLIDADA,7179974.85,Até o 2º Quadrimestre
2025,municipio,2200400,Prefeitura Municipal de Altos - PI,Precatórios (inclusive) Vencidos e Não Pagos,168155.01,Até o 2º Quadrimestre
2025,municipio,2200400,Prefeitura Municipal de Altos - PI,Disponibilidade de Caixa,29038019.3,Até o 2º Quadrimestre
2025,municipio,2200400,Prefeitura Municipal de Altos - PI,Disponibilidade de Caixa Bruta,41787449.46,Até o 2º Quadrimestre
2025,municipio,2200400,Prefeitura Municipal de Altos - PI,RECEITA CORRENTE LÍQUIDA,247417709.96,Até o 2º Quadrimestre
2025,municipio,2200400,Prefeitura Municipal de Altos - PI,RECEITA CORRENTE LÍQUIDA AJUSTADA PARA CÁLCULO DOS LIMITES DE ENDIVIDAMENTO,241817709.96,Até o 2º Quadrimestre
2025,municipio,2200400,Prefeitura Municipal de Altos - PI,% da DC sobre a RCL AJUSTADA (I/VI),2.97,Até o 2º Quadrimestre
2025,municipio,2200400,Prefeitura Municipal de Altos - PI,% da DCL sobre a RCL AJUSTADA,-9.28,Até o 2º Quadrimestre
2025,municipio,2200400,Prefeitura Municipal de Altos - PI,Precatórios (Não incluídos na DC),342394.02,Até o 2º Quadrimestre
2025,municipio,2200251,Prefeitura Municipal de Alagoinha do Piauí - PI,Disponibilidade de Caixa,-6023533.95,Até o 1º Semestre
2025,municipio,2200251,Prefeitura Municipal de Alagoinha do Piauí - PI,RECEITA CORRENTE LÍQUIDA,32324201.05,Até o 1º Semestre
2025,municipio,2200251,Prefeitura Municipal de Alagoinha do Piauí - PI,% da DCL sobre a RCL AJUSTADA,20.51,Até o 1º Semestre
2025,municipio,2200202,Prefeitura Municipal de Água Branca - PI,DÍVIDA CONSOLIDADA,7798334.9,Até o 1º Semestre
2025,municipio,2200202,Prefeitura Municipal de Água Branca - PI,Disponibilidade de Caixa,21403041.16,Até o 1º Semestre
2025,municipio,2200202,Prefeitura Municipal de Água Branca - PI,Disponibilidade de Caixa Bruta,21775818.82,Até o 1º Semestre
2025,municipio,2200202,Prefeitura Municipal de Água Branca - PI,RECEITA CORRENTE LÍQUIDA,112657761.97,Até o 1º Semestre
2025,municipio,2200202,Prefeitura Municipal de Água Branca - PI,% da DC sobre a RCL AJUSTADA (I/VI),6.98,Até o 1º Semestre
2025,municipio,2200202,Prefeitura Municipal de Água Branca - PI,% da DCL sobre a RCL AJUSTADA,-12.18,Até o 1º Semestre
2025,municipio,2200509,Prefeitura Municipal de Amarante - PI,DÍVIDA CONSOLIDADA,6339373.29,Até o 2º Quadrimestre
2025,municipio,2200509,Prefeitura Municipal de Amarante - PI,Disponibilidade de Caixa,4682963.99,Até o 2º Quadrimestre
2025,municipio,2200509,Prefeitura Municipal de Amarante - PI,Disponibilidade de Caixa Bruta,5409375.29,Até o 2º Quadrimestre
2025,municipio,2200509,Prefeitura Municipal de Amarante - PI,RECEITA CORRENTE LÍQUIDA,102000588.91,Até o 2º Quadrimestre
2025,municipio,2200509,Prefeitura Municipal de Amarante - PI,RECEITA CORRENTE LÍQUIDA AJUSTADA PARA CÁLCULO DOS LIMITES DE ENDIVIDAMENTO,99500588.91,Até o 2º Quadrimestre
2025,municipio,2200509,Prefeitura Municipal de Amarante - PI,% da DC sobre a RCL AJUSTADA (I/VI),6.37,Até o 2º Quadrimestre
2025,municipio,2200509,Prefeitura Municipal de Amarante - PI,% da DCL sobre a RCL AJUSTADA,1.66,Até o 2º Quadrimestre
2025,municipio,2200301,Prefeitura Municipal de Alto Longá - PI,DÍVIDA CONSOLIDADA,10402227.41,Até o 1º Semestre
2025,municipio,2200301,Prefeitura Municipal de Alto Longá - PI,Disponibilidade de Caixa,2943470.13,Até o 1º Semestre
2025,municipio,2200301,Prefeitura Municipal de Alto Longá - PI,Disponibilidade de Caixa Bruta,3489475.16,Até o 1º Semestre
2025,municipio,2200301,Prefeitura Municipal de Alto Longá - PI,RECEITA CORRENTE LÍQUIDA,55540006.71,Até o 1º Semestre
2025,municipio,2200301,Prefeitura Municipal de Alto Longá - PI,% da DC sobre a RCL AJUSTADA (I/VI),18.73,Até o 1º Semestre
2025,municipio,2200301,Prefeitura Municipal de Alto Longá - PI,% da DCL sobre a RCL AJUSTADA,11.83,Até o 1º Semestre
2025,municipio,2200608,Prefeitura Municipal de Angical do Piauí - PI,DÍVIDA CONSOLIDADA,1147390.93,Até o 1º Semestre
2025,municipio,2200608,Prefeitura Municipal de Angical do Piauí - PI,Disponibilidade de Caixa,4455546.29,Até o 1º Semestre
2025,municipio,2200608,Prefeitura Municipal de Angical do Piauí - PI,Disponibilidade de Caixa Bruta,4852395.48,Até o 1º Semestre
2025,municipio,2200608,Prefeitura Municipal de Angical do Piauí - PI,RECEITA CORRENTE LÍQUIDA,39774100.09,Até o 1º Semestre
2025,municipio,2200608,Prefeitura Municipal de Angical do Piauí - PI,% da DC sobre a RCL AJUSTADA (I/VI),2.89,Até o 1º Semestre
2025,municipio,2200608,Prefeitura Municipal de Angical do Piauí - PI,% da DCL sobre a RCL AJUSTADA,-8.33,Até o 1º Semestre
2025,municipio,2201051,Prefeitura Municipal de Assunção do Piauí - PI,DÍVIDA CONSOLIDADA,1065991.89,Até o 2º Quadrimestre
2025,municipio,2201051,Prefeitura Municipal de Assunção do Piauí - PI,Disponibilidade de Caixa,2498655.66,Até o 2º Quadrimestre
2025,municipio,2201051,Prefeitura Municipal de Assunção do Piauí - PI,Disponibilidade de Caixa Bruta,4523100.05,Até o 2º Quadrimestre
2025,municipio,2201051,Prefeitura Municipal de Assunção do Piauí - PI,RECEITA CORRENTE LÍQUIDA,48242250.39,Até o 2º Quadrimestre
2025,municipio,2201051,Prefeitura Municipal de Assunção do Piauí - PI,RECEITA CORRENTE LÍQUIDA AJUSTADA PARA CÁLCULO DOS LIMITES DE ENDIVIDAMENTO,48242250.39,Até o 2º Quadrimestre
2025,municipio,2201051,Prefeitura Municipal de Assunção do Piauí - PI,% da DC sobre a RCL AJUSTADA (I/VI),2.21,Até o 2º Quadrimestre
2025,municipio,2201051,Prefeitura Municipal de Assunção do Piauí - PI,% da DCL sobre a RCL AJUSTADA,-2.97,Até o 2º Quadrimestre
2025,municipio,2201051,Prefeitura Municipal de Assunção do Piauí - PI,Precatórios (Não incluídos na DC),438.72,Até o 2º Quadrimestre
2025,municipio,2200954,Prefeitura Municipal de Aroeiras do Itaim - PI,DÍVIDA CONSOLIDADA,2534618.62,Até o 2º Quadrimestre
2025,municipio,2200954,Prefeitura Municipal de Aroeiras do Itaim - PI,Disponibilidade de Caixa,1134921.18,Até o 2º Quadrimestre
2025,municipio,2200954,Prefeitura Municipal de Aroeiras do Itaim - PI,Disponibilidade de Caixa Bruta,1551182.44,Até o 2º Quadrimestre
2025,municipio,2200954,Prefeitura Municipal de Aroeiras do Itaim - PI,RECEITA CORRENTE LÍQUIDA,27051696.78,Até o 2º Quadrimestre
2025,municipio,2200954,Prefeitura Municipal de Aroeiras do Itaim - PI,RECEITA CORRENTE LÍQUIDA AJUSTADA PARA CÁLCULO DOS LIMITES DE ENDIVIDAMENTO,25951696.78,Até o 2º Quadrimestre
2025,municipio,2200954,Prefeitura Municipal de Aroeiras do Itaim - PI,% da DC sobre a RCL AJUSTADA (I/VI),9.77,Até o 2º Quadrimestre
2025,municipio,2200954,Prefeitura Municipal de Aroeiras do Itaim - PI,% da DCL sobre a RCL AJUSTADA,5.39,Até o 2º Quadrimestre
2025,municipio,2200954,Prefeitura Municipal de Aroeiras do Itaim - PI,Precatórios (Não incluídos na DC),7000.0,Até o 2º Quadrimestre
2025,municipio,2200905,Prefeitura Municipal de Aroazes - PI,DÍVIDA CONSOLIDADA,5753148.84,Até o 1º Semestre
2025,municipio,2200905,Prefeitura Municipal de Aroazes - PI,Disponibilidade de Caixa,1621769.77,Até o 1º Semestre
2025,municipio,2200905,Prefeitura Municipal de Aroazes - PI,Disponibilidade de Caixa Bruta,1699182.76,Até o 1º Semestre
2025,municipio,2200905,Prefeitura Municipal de Aroazes - PI,RECEITA CORRENTE LÍQUIDA,37686261.34,Até o 1º Semestre
2025,municipio,2200905,Prefeitura Municipal de Aroazes - PI,% da DC sobre a RCL AJUSTADA (I/VI),15.27,Até o 1º Semestre
2025,municipio,2200905,Prefeitura Municipal de Aroazes - PI,% da DCL sobre a RCL AJUSTADA,9.8,Até o 1º Semestre
2025,municipio,2200707,Prefeitura Municipal de Anísio de Abreu - PI,DÍVIDA CONSOLIDADA,3965105.75,Até o 1º Semestre
2025,municipio,2200707,Prefeitura Municipal de Anísio de Abreu - PI,Disponibilidade de Caixa,12385518.84,Até o 1º Semestre
2025,municipio,2200707,Prefeitura Municipal de Anísio de Abreu - PI,Disponibilidade de Caixa Bruta,13528351.8,Até o 1º Semestre
2025,municipio,2200707,Prefeitura Municipal de Anísio de Abreu - PI,RECEITA CORRENTE LÍQUIDA,55070653.3,Até o 1º Semestre
2025,municipio,2200707,Prefeitura Municipal de Anísio de Abreu - PI,% da DC sobre a RCL AJUSTADA (I/VI),7.2,Até o 1º Semestre
2025,municipio,2200707,Prefeitura Municipal de Anísio de Abreu - PI,% da DCL sobre a RCL AJUSTADA,-15.29,Até o 1º Semestre
2025,municipio,2200806,Prefeitura Municipal de Antônio Almeida - PI,DÍVIDA CONSOLIDADA,862359.3,Até o 1º Semestre
2025,municipio,2200806,Prefeitura Municipal de Antônio Almeida - PI,Precatórios (inclusive) Vencidos e Não Pagos,120000.0,Até o 1º Semestre
2025,municipio,2200806,Prefeitura Municipal de Antônio Almeida - PI,Disponibilidade de Caixa,-768199.73,Até o 1º Semestre
2025,municipio,2200806,Prefeitura Municipal de Antônio Almeida - PI,RECEITA CORRENTE LÍQUIDA,34527995.03,Até o 1º Semestre
2025,municipio,2200806,Prefeitura Municipal de Antônio Almeida - PI,% da DC sobre a RCL AJUSTADA (I/VI),2.52,Até o 1º Semestre
2025,municipio,2200806,Prefeitura Municipal de Antônio Almeida - PI,% da DCL sobre a RCL AJUSTADA,4.76,Até o 1º Semestre
2025,municipio,2201101,Prefeitura Municipal de Avelino Lopes - PI,DÍVIDA CONSOLIDADA,4101211.92,Até o 2º Quadrimestre
2025,municipio,2201101,Prefeitura Municipal de Avelino Lopes - PI,Disponibilidade de Caixa,5494011.35,Até o 2º Quadrimestre
2025,municipio,2201101,Prefeitura Municipal de Avelino Lopes - PI,Disponibilidade de Caixa Bruta,8211232.69,Até o 2º Quadrimestre
2025,municipio,2201101,Prefeitura Municipal de Avelino Lopes - PI,RECEITA CORRENTE LÍQUIDA,56854576.03,Até o 2º Quadrimestre
2025,municipio,2201101,Prefeitura Municipal de Avelino Lopes - PI,RECEITA CORRENTE LÍQUIDA AJUSTADA PARA CÁLCULO DOS LIMITES DE ENDIVIDAMENTO,55304576.03,Até o 2º Quadrimestre
2025,municipio,2201101,Prefeitura Municipal de Avelino Lopes - PI,% da DC sobre a RCL AJUSTADA (I/VI),7.42,Até o 2º Quadrimestre
2025,municipio,2201101,Prefeitura Municipal de Avelino Lopes - PI,% da DCL sobre a RCL AJUSTADA,-2.52,Até o 2º Quadrimestre
2025,municipio,2201101,Prefeitura Municipal de Avelino Lopes - PI,Precatórios (Não incluídos na DC),253591.61,Até o 2º Quadrimestre
2025,municipio,2201309,Prefeitura Municipal de Barreiras do Piauí - PI,DÍVIDA CONSOLIDADA,4351820.45,Até o 2º Quadrimestre
2025,municipio,2201309,Prefeitura Municipal de Barreiras do Piauí - PI,Disponibilidade de Caixa,-621919.19,Até o 2º Quadrimestre
2025,municipio,2201309,Prefeitura Municipal de Barreiras do Piauí - PI,Disponibilidade de Caixa Bruta,1119328.87,Até o 2º Quadrimestre
2025,municipio,2201309,Prefeitura Municipal de Barreiras do Piauí - PI,RECEITA CORRENTE LÍQUIDA,30998160.65,Até o 2º Quadrimestre
2025,municipio,2201309,Prefeitura Municipal de Barreiras do Piauí - PI,RECEITA CORRENTE LÍQUIDA AJUSTADA PARA CÁLCULO DOS LIMITES DE ENDIVIDAMENTO,29508160.65,Até o 2º Quadrimestre
2025,municipio,2201309,Prefeitura Municipal de Barreiras do Piauí - PI,% da DC sobre a RCL AJUSTADA (I/VI),14.75,Até o 2º Quadrimestre
2025,municipio,2201309,Prefeitura Municipal de Barreiras do Piauí - PI,% da DCL sobre a RCL AJUSTADA,16.86,Até o 2º Quadrimestre
2025,municipio,2201408,Prefeitura Municipal de Barro Duro - PI,DÍVIDA CONSOLIDADA,6013100.46,Até o 2º Quadrimestre
2025,municipio,2201408,Prefeitura Municipal de Barro Duro - PI,Disponibilidade de Caixa,1294746.51,Até o 2º Quadrimestre
2025,municipio,2201408,Prefeitura Municipal de Barro Duro - PI,Disponibilidade de Caixa Bruta,2885733.72,Até o 2º Quadrimestre
2025,municipio,2201408,Prefeitura Municipal de Barro Duro - PI,RECEITA CORRENTE LÍQUIDA,39990346.15,Até o 2º Quadrimestre
2025,municipio,2201408,Prefeitura Municipal de Barro Duro - PI,RECEITA CORRENTE LÍQUIDA AJUSTADA PARA CÁLCULO DOS LIMITES DE ENDIVIDAMENTO,38940346.15,Até o 2º Quadrimestre
2025,municipio,2201408,Prefeitura Municipal de Barro Duro - PI,% da DC sobre a RCL AJUSTADA (I/VI),15.44,Até o 2º Quadrimestre
2025,municipio,2201408,Prefeitura Municipal de Barro Duro - PI,% da DCL sobre a RCL AJUSTADA,12.12,Até o 2º Quadrimestre
2025,municipio,2201176,Prefeitura Municipal de Barra D'Alcântara - PI,DÍVIDA CONSOLIDADA,155002.55,Até o 2º Quadrimestre
2025,municipio,2201176,Prefeitura Municipal de Barra D'Alcântara - PI,Disponibilidade de Caixa,-1881100.3,Até o 2º Quadrimestre
2025,municipio,2201176,Prefeitura Municipal de Barra D'Alcântara - PI,RECEITA CORRENTE LÍQUIDA,31548352.0,Até o 2º Quadrimestre
2025,municipio,2201176,Prefeitura Municipal de Barra D'Alcântara - PI,RECEITA CORRENTE LÍQUIDA AJUSTADA PARA CÁLCULO DOS LIMITES DE ENDIVIDAMENTO,27365159.0,Até o 2º Quadrimestre
2025,municipio,2201176,Prefeitura Municipal de Barra D'Alcântara - PI,% da DC sobre a RCL AJUSTADA (I/VI),0.57,Até o 2º Quadrimestre
2025,municipio,2201176,Prefeitura Municipal de Barra D'Alcântara - PI,% da DCL sobre a RCL AJUSTADA,7.44,Até o 2º Quadrimestre
2025,municipio,2201002,Prefeitura Municipal de Arraial - PI,DÍVIDA CONSOLIDADA,847721.02,Até o 1º Semestre
2025,municipio,2201002,Prefeitura Municipal de Arraial - PI,Disponibilidade de Caixa,1369898.64,Até o 1º Semestre
2025,municipio,2201002,Prefeitura Municipal de Arraial - PI,Disponibilidade de Caixa Bruta,1566787.65,Até o 1º Semestre
2025,municipio,2201002,Prefeitura Municipal de Arraial - PI,RECEITA CORRENTE LÍQUIDA,38271001.73,Até o 1º Semestre
2025,municipio,2201002,Prefeitura Municipal de Arraial - PI,% da DC sobre a RCL AJUSTADA (I/VI),2.24,Até o 1º Semestre
2025,municipio,2201002,Prefeitura Municipal de Arraial - PI,% da DCL sobre a RCL AJUSTADA,-1.38,Até o 1º Semestre
2025,municipio,2201507,Prefeitura Municipal de Batalha - PI,DÍVIDA CONSOLIDADA,13541484.74,Até o 2º Quadrimestre
2025,municipio,2201507,Prefeitura Municipal de Batalha - PI,Disponibilidade de Caixa,6028504.6,Até o 2º Quadrimestre
2025,municipio,2201507,Prefeitura Municipal de Batalha - PI,Disponibilidade de Caixa Bruta,6294788.61,Até o 2º Quadrimestre
2025,municipio,2201507,Prefeitura Municipal de Batalha - PI,RECEITA CORRENTE LÍQUIDA,113248151.77,Até o 2º Quadrimestre
2025,municipio,2201507,Prefeitura Municipal de Batalha - PI,RECEITA CORRENTE LÍQUIDA AJUSTADA PARA CÁLCULO DOS LIMITES DE ENDIVIDAMENTO,111248151.77,Até o 2º Quadrimestre
2025,municipio,2201507,Prefeitura Municipal de Batalha - PI,% da DC sobre a RCL AJUSTADA (I/VI),12.17,Até o 2º Quadrimestre
2025,municipio,2201507,Prefeitura Municipal de Batalha - PI,% da DCL sobre a RCL AJUSTADA,6.75,Até o 2º Quadrimestre
2025,municipio,2201200,Prefeitura Municipal de Barras - PI,DÍVIDA CONSOLIDADA,999156.81,Até o 2º Quadrimestre
2025,municipio,2201200,Prefeitura Municipal de Barras - PI,Disponibilidade de Caixa,27256228.01,Até o 2º Quadrimestre
2025,municipio,2201200,Prefeitura Municipal de Barras - PI,Disponibilidade de Caixa Bruta,30513969.27,Até o 2º Quadrimestre
2025,municipio,2201200,Prefeitura Municipal de Barras - PI,RECEITA CORRENTE LÍQUIDA,276883947.96,Até o 2º Quadrimestre
2025,municipio,2201200,Prefeitura Municipal de Barras - PI,RECEITA CORRENTE LÍQUIDA AJUSTADA PARA CÁLCULO DOS LIMITES DE ENDIVIDAMENTO,273875889.96,Até o 2º Quadrimestre
2025,municipio,2201200,Prefeitura Municipal de Barras - PI,% da DC sobre a RCL AJUSTADA (I/VI),0.36,Até o 2º Quadrimestre
2025,municipio,2201200,Prefeitura Municipal de Barras - PI,% da DCL sobre a RCL AJUSTADA,-9.59,Até o 2º Quadrimestre
2025,municipio,2201200,Prefeitura Municipal de Barras - PI,Precatórios (Não incluídos na DC),17401.63,Até o 2º Quadrimestre
2025,municipio,2201556,Prefeitura Municipal de Bela Vista do Piauí - PI,DÍVIDA CONSOLIDADA,258361.82,Até o 2º Quadrimestre
2025,municipio,2201556,Prefeitura Municipal de Bela Vista do Piauí - PI,Disponibilidade de Caixa,-649068.75,Até o 2º Quadrimestre
2025,municipio,2201556,Prefeitura Municipal de Bela Vista do Piauí - PI,RECEITA CORRENTE LÍQUIDA,29505199.54,Até o 2º Quadrimestre
2025,municipio,2201556,Prefeitura Municipal de Bela Vista do Piauí - PI,RECEITA CORRENTE LÍQUIDA AJUSTADA PARA CÁLCULO DOS LIMITES DE ENDIVIDAMENTO,28175199.54,Até o 2º Quadrimestre
2025,municipio,2201556,Prefeitura Municipal de Bela Vista do Piauí - PI,% da DC sobre a RCL AJUSTADA (I/VI),0.92,Até o 2º Quadrimestre
2025,municipio,2201556,Prefeitura Municipal de Bela Vista do Piauí - PI,% da DCL sobre a RCL AJUSTADA,3.22,Até o 2º Quadrimestre
2025,municipio,2201150,Prefeitura Municipal de Baixa Grande do Ribeiro - PI,DÍVIDA CONSOLIDADA,5864142.27,Até o 1º Semestre
2025,municipio,2201150,Prefeitura Municipal de Baixa Grande do Ribeiro - PI,Precatórios (inclusive) Vencidos e Não Pagos,119910.14,Até o 1º Semestre
2025,municipio,2201150,Prefeitura Municipal de Baixa Grande do Ribeiro - PI,Disponibilidade de Caixa,17158762.82,Até o 1º Semestre
2025,municipio,2201150,Prefeitura Municipal de Baixa Grande do Ribeiro - PI,Disponibilidade de Caixa Bruta,18614159.11,Até o 1º Semestre
2025,municipio,2201150,Prefeitura Municipal de Baixa Grande do Ribeiro - PI,RECEITA CORRENTE LÍQUIDA,162409857.5,Até o 1º Semestre
2025,municipio,2201150,Prefeitura Municipal de Baixa Grande do Ribeiro - PI,% da DC sobre a RCL AJUSTADA (I/VI),3.61,Até o 1º Semestre
2025,municipio,2201150,Prefeitura Municipal de Baixa Grande do Ribeiro - PI,% da DCL sobre a RCL AJUSTADA,-6.97,Até o 1º Semestre
2025,municipio,2201606,Prefeitura Municipal de Beneditinos - PI,DÍVIDA CONSOLIDADA,5269008.15,Até o 2º Quadrimestre
2025,municipio,2201606,Prefeitura Municipal de Beneditinos - PI,Precatórios (inclusive) Vencidos e Não Pagos,30000.0,Até o 2º Quadrimestre
2025,municipio,2201606,Prefeitura Municipal de Beneditinos - PI,Disponibilidade de Caixa,-5426692.04,Até o 2º Quadrimestre
2025,municipio,2201606,Prefeitura Municipal de Beneditinos - PI,RECEITA CORRENTE LÍQUIDA,66745934.72,Até o 2º Quadrimestre
2025,municipio,2201606,Prefeitura Municipal de Beneditinos - PI,RECEITA CORRENTE LÍQUIDA AJUSTADA PARA CÁLCULO DOS LIMITES DE ENDIVIDAMENTO,67893783.72,Até o 2º Quadrimestre
2025,municipio,2201606,Prefeitura Municipal de Beneditinos - PI,% da DC sobre a RCL AJUSTADA (I/VI),7.76,Até o 2º Quadrimestre
2025,municipio,2201606,Prefeitura Municipal de Beneditinos - PI,% da DCL sobre a RCL AJUSTADA,15.75,Até o 2º Quadrimestre
2025,municipio,2201739,Prefeitura Municipal de Betânia do Piauí - PI,DÍVIDA CONSOLIDADA,1751787.13,Até o 2º Quadrimestre
2025,municipio,2201739,Prefeitura Municipal de Betânia do Piauí - PI,Disponibilidade de Caixa,-184940.78,Até o 2º Quadrimestre
2025,municipio,2201739,Prefeitura Municipal de Betânia do Piauí - PI,RECEITA CORRENTE LÍQUIDA,46761366.34,Até o 2º Quadrimestre
2025,municipio,2201739,Prefeitura Municipal de Betânia do Piauí - PI,RECEITA CORRENTE LÍQUIDA AJUSTADA PARA CÁLCULO DOS LIMITES DE ENDIVIDAMENTO,45811366.34,Até o 2º Quadrimestre
2025,municipio,2201739,Prefeitura Municipal de Betânia do Piauí - PI,% da DC sobre a RCL AJUSTADA (I/VI),3.82,Até o 2º Quadrimestre
2025,municipio,2201739,Prefeitura Municipal de Betânia do Piauí - PI,% da DCL sobre a RCL AJUSTADA,4.23,Até o 2º Quadrimestre
2025,municipio,2201804,Prefeitura Municipal de Bocaina - PI,DÍVIDA CONSOLIDADA,13010339.67,Até o 2º Quadrimestre
2025,municipio,2201804,Prefeitura Municipal de Bocaina - PI,Precatórios (inclusive) Vencidos e Não Pagos,4423.59,Até o 2º Quadrimestre
2025,municipio,2201804,Prefeitura Municipal de Bocaina - PI,Disponibilidade de Caixa,6312571.38,Até o 2º Quadrimestre
2025,municipio,2201804,Prefeitura Municipal de Bocaina - PI,Disponibilidade de Caixa Bruta,6947652.89,Até o 2º Quadrimestre
2025,municipio,2201804,Prefeitura Municipal de Bocaina - PI,RECEITA CORRENTE LÍQUIDA,25127388.84,Até o 2º Quadrimestre
2025,municipio,2201804,Prefeitura Municipal de Bocaina - PI,RECEITA CORRENTE LÍQUIDA AJUSTADA PARA CÁLCULO DOS LIMITES DE ENDIVIDAMENTO,25127388.84,Até o 2º Quadrimestre
2025,municipio,2201804,Prefeitura Municipal de Bocaina - PI,% da DC sobre a RCL AJUSTADA (I/VI),51.78,Até o 2º Quadrimestre
2025,municipio,2201804,Prefeitura Municipal de Bocaina - PI,% da DCL sobre a RCL AJUSTADA,26.66,Até o 2º Quadrimestre
2025,municipio,2201770,Prefeitura Municipal de Boa Hora - PI,DÍVIDA CONSOLIDADA,1376126.6,Até o 2º Quadrimestre
2025,municipio,2201770,Prefeitura Municipal de Boa Hora - PI,Precatórios (inclusive) Vencidos e Não Pagos,517077.29,Até o 2º Quadrimestre
2025,municipio,2201770,Prefeitura Municipal de Boa Hora - PI,Disponibilidade de Caixa,-3516442.35,Até o 2º Quadrimestre
2025,municipio,2201770,Prefeitura Municipal de Boa Hora - PI,RECEITA CORRENTE LÍQUIDA,34185525.16,Até o 2º Quadrimestre
2025,municipio,2201770,Prefeitura Municipal de Boa Hora - PI,RECEITA CORRENTE LÍQUIDA AJUSTADA PARA CÁLCULO DOS LIMITES DE ENDIVIDAMENTO,33573669.16,Até o 2º Quadrimestre
2025,municipio,2201770,Prefeitura Municipal de Boa Hora - PI,% da DC sobre a RCL AJUSTADA (I/VI),4.1,Até o 2º Quadrimestre
2025,municipio,2201770,Prefeitura Municipal de Boa Hora - PI,% da DCL sobre a RCL AJUSTADA,14.57,Até o 2º Quadrimestre
2025,municipio,2201903,Prefeitura Municipal de Bom Jesus - PI,DÍVIDA CONSOLIDADA,25031820.74,Até o 2º Quadrimestre
2025,municipio,2201903,Prefeitura Municipal de Bom Jesus - PI,Disponibilidade de Caixa,-1975234.81,Até o 2º Quadrimestre
2025,municipio,2201903,Prefeitura Municipal de Bom Jesus - PI,RECEITA CORRENTE LÍQUIDA,206736876.72,Até o 2º Quadrimestre
2025,municipio,2201903,Prefeitura Municipal de Bom Jesus - PI,RECEITA CORRENTE LÍQUIDA AJUSTADA PARA CÁLCULO DOS LIMITES DE ENDIVIDAMENTO,204786876.72,Até o 2º Quadrimestre
2025,municipio,2201903,Prefeitura Municipal de Bom Jesus - PI,% da DC sobre a RCL AJUSTADA (I/VI),12.22,Até o 2º Quadrimestre
2025,municipio,2201903,Prefeitura Municipal de Bom Jesus - PI,% da DCL sobre a RCL AJUSTADA,13.19,Até o 2º Quadrimestre
2025,municipio,2201919,Prefeitura Municipal de Bom Princípio do Piauí - PI,Disponibilidade de Caixa,1528158.43,Até o 2º Quadrimestre
2025,municipio,2201919,Prefeitura Municipal de Bom Princípio do Piauí - PI,Disponibilidade de Caixa Bruta,1870142.99,Até o 2º Quadrimestre
2025,municipio,2201919,Prefeitura Municipal de Bom Princípio do Piauí - PI,RECEITA CORRENTE LÍQUIDA,24209096.86,Até o 2º Quadrimestre
2025,municipio,2201919,Prefeitura Municipal de Bom Princípio do Piauí - PI,RECEITA CORRENTE LÍQUIDA AJUSTADA PARA CÁLCULO DOS LIMITES DE ENDIVIDAMENTO,23709096.86,Até o 2º Quadrimestre
2025,municipio,2201919,Prefeitura Municipal de Bom Princípio do Piauí - PI,% da DCL sobre a RCL AJUSTADA,-6.45,Até o 2º Quadrimestre
2025,municipio,2201919,Prefeitura Municipal de Bom Princípio do Piauí - PI,Precatórios (Não incluídos na DC),454484.73,Até o 2º Quadrimestre
2025,municipio,2201572,Prefeitura Municipal de Belém do Piauí - PI,DÍVIDA CONSOLIDADA,4343808.99,Até o 1º Semestre
2025,municipio,2201572,Prefeitura Municipal de Belém do Piauí - PI,Disponibilidade de Caixa,6120254.02,Até o 1º Semestre
2025,municipio,2201572,Prefeitura Municipal de Belém do Piauí - PI,Disponibilidade de Caixa Bruta,6356395.38,Até o 1º Semestre
2025,municipio,2201572,Prefeitura Municipal de Belém do Piauí - PI,RECEITA CORRENTE LÍQUIDA,34449099.08,Até o 1º Semestre
2025,municipio,2201572,Prefeitura Municipal de Belém do Piauí - PI,% da DC sobre a RCL AJUSTADA (I/VI),12.71,Até o 1º Semestre
2025,municipio,2201572,Prefeitura Municipal de Belém do Piauí - PI,% da DCL sobre a RCL AJUSTADA,-5.2,Até o 1º Semestre
2025,municipio,2201945,Prefeitura Municipal de Boqueirão do Piauí - PI,DÍVIDA CONSOLIDADA,2404920.97,Até o 2º Quadrimestre
2025,municipio,2201945,Prefeitura Municipal de Boqueirão do Piauí - PI,Disponibilidade de Caixa,2057553.63,Até o 2º Quadrimestre
2025,municipio,2201945,Prefeitura Municipal de Boqueirão do Piauí - PI,Disponibilidade de Caixa Bruta,2898126.15,Até o 2º Quadrimestre
2025,municipio,2201945,Prefeitura Municipal de Boqueirão do Piauí - PI,RECEITA CORRENTE LÍQUIDA,38940788.61,Até o 2º Quadrimestre
2025,municipio,2201945,Prefeitura Municipal de Boqueirão do Piauí - PI,RECEITA CORRENTE LÍQUIDA AJUSTADA PARA CÁLCULO DOS LIMITES DE ENDIVIDAMENTO,38040788.61,Até o 2º Quadrimestre
2025,municipio,2201945,Prefeitura Municipal de Boqueirão do Piauí - PI,% da DC sobre a RCL AJUSTADA (I/VI),6.32,Até o 2º Quadrimestre
2025,municipio,2201945,Prefeitura Municipal de Boqueirão do Piauí - PI,% da DCL sobre a RCL AJUSTADA,0.91,Até o 2º Quadrimestre
2025,municipio,2201705,Prefeitura Municipal de Bertolínia - PI,Disponibilidade de Caixa,-2963418.54,Até o 1º Semestre
2025,municipio,2201705,Prefeitura Municipal de Bertolínia - PI,Disponibilidade de Caixa Bruta,1806149.96,Até o 1º Semestre
2025,municipio,2201705,Prefeitura Municipal de Bertolínia - PI,RECEITA CORRENTE LÍQUIDA,25765785.01,Até o 1º Semestre
2025,municipio,2201705,Prefeitura Municipal de Bertolínia - PI,% da DCL sobre a RCL AJUSTADA,11.5,Até o 1º Semestre
2025,municipio,2201960,Prefeitura Municipal de Brasileira - PI,DÍVIDA CONSOLIDADA,5122973.41,Até o 2º Quadrimestre
2025,municipio,2201960,Prefeitura Municipal de Brasileira - PI,Disponibilidade de Caixa,5109293.43,Até o 2º Quadrimestre
2025,municipio,2201960,Prefeitura Municipal de Brasileira - PI,Disponibilidade de Caixa Bruta,5378772.76,Até o 2º Quadrimestre
2025,municipio,2201960,Prefeitura Municipal de Brasileira - PI,RECEITA CORRENTE LÍQUIDA,54528346.03,Até o 2º Quadrimestre
2025,municipio,2201960,Prefeitura Municipal de Brasileira - PI,RECEITA CORRENTE LÍQUIDA AJUSTADA PARA CÁLCULO DOS LIMITES DE ENDIVIDAMENTO,52578346.03,Até o 2º Quadrimestre
2025,municipio,2201960,Prefeitura Municipal de Brasileira - PI,% da DC sobre a RCL AJUSTADA (I/VI),9.74,Até o 2º Quadrimestre
2025,municipio,2201960,Prefeitura Municipal de Brasileira - PI,% da DCL sobre a RCL AJUSTADA,0.03,Até o 2º Quadrimestre
2025,municipio,2202026,Prefeitura Municipal de Buriti dos Montes - PI,DÍVIDA CONSOLIDADA,6015.67,Até o 2º Quadrimestre
2025,municipio,2202026,Prefeitura Municipal de Buriti dos Montes - PI,Disponibilidade de Caixa,8587274.8,Até o 2º Quadrimestre
2025,municipio,2202026,Prefeitura Municipal de Buriti dos Montes - PI,Disponibilidade de Caixa Bruta,8821302.65,Até o 2º Quadrimestre
2025,municipio,2202026,Prefeitura Municipal de Buriti dos Montes - PI,RECEITA CORRENTE LÍQUIDA,31571858.74,Até o 2º Quadrimestre
2025,municipio,2202026,Prefeitura Municipal de Buriti dos Montes - PI,RECEITA CORRENTE LÍQUIDA AJUSTADA PARA CÁLCULO DOS LIMITES DE ENDIVIDAMENTO,29548358.74,Até o 2º Quadrimestre
2025,municipio,2202026,Prefeitura Municipal de Buriti dos Montes - PI,% da DC sobre a RCL AJUSTADA (I/VI),0.02,Até o 2º Quadrimestre
2025,municipio,2202026,Prefeitura Municipal de Buriti dos Montes - PI,% da DCL sobre a RCL AJUSTADA,-29.04,Até o 2º Quadrimestre
2025,municipio,2201929,Prefeitura Municipal de Bonfim do Piauí - PI,Disponibilidade de Caixa,3464717.45,Até o 1º Semestre
2025,municipio,2201929,Prefeitura Municipal de Bonfim do Piauí - PI,Disponibilidade de Caixa Bruta,3819258.7,Até o 1º Semestre
2025,municipio,2201929,Prefeitura Municipal de Bonfim do Piauí - PI,RECEITA CORRENTE LÍQUIDA,33700664.07,Até o 1º Semestre
2025,municipio,2201929,Prefeitura Municipal de Bonfim do Piauí - PI,% da DCL sobre a RCL AJUSTADA,-10.28,Até o 1º Semestre
2025,municipio,2201929,Prefeitura Municipal de Bonfim do Piauí - PI,Precatórios (Não incluídos na DC),140928.53,Até o 1º Semestre
2025,municipio,2202059,Prefeitura Municipal de Cabeceiras do Piauí - PI,DÍVIDA CONSOLIDADA,4507168.35,Até o 2º Quadrimestre
2025,municipio,2202059,Prefeitura Municipal de Cabeceiras do Piauí - PI,Precatórios (inclusive) Vencidos e Não Pagos,637282.45,Até o 2º Quadrimestre
2025,municipio,2202059,Prefeitura Municipal de Cabeceiras do Piauí - PI,Disponibilidade de Caixa,-3668137.27,Até o 2º Quadrimestre
2025,municipio,2202059,Prefeitura Municipal de Cabeceiras do Piauí - PI,RECEITA CORRENTE LÍQUIDA,58750867.85,Até o 2º Quadrimestre
2025,municipio,2202059,Prefeitura Municipal de Cabeceiras do Piauí - PI,RECEITA CORRENTE LÍQUIDA AJUSTADA PARA CÁLCULO DOS LIMITES DE ENDIVIDAMENTO,57665867.85,Até o 2º Quadrimestre
2025,municipio,2202059,Prefeitura Municipal de Cabeceiras do Piauí - PI,% da DC sobre a RCL AJUSTADA (I/VI),7.82,Até o 2º Quadrimestre
2025,municipio,2202059,Prefeitura Municipal de Cabeceiras do Piauí - PI,% da DCL sobre a RCL AJUSTADA,14.18,Até o 2º Quadrimestre
2025,municipio,2202075,Prefeitura Municipal de Cajazeiras do Piauí - PI,DÍVIDA CONSOLIDADA,1482857.1,Até o 2º Quadrimestre
2025,municipio,2202075,Prefeitura Municipal de Cajazeiras do Piauí - PI,Precatórios (inclusive) Vencidos e Não Pagos,210684.32,Até o 2º Quadrimestre
2025,municipio,2202075,Prefeitura Municipal de Cajazeiras do Piauí - PI,Disponibilidade de Caixa,-1461702.73,Até o 2º Quadrimestre
2025,municipio,2202075,Prefeitura Municipal de Cajazeiras do Piauí - PI,RECEITA CORRENTE LÍQUIDA,32802478.23,Até o 2º Quadrimestre
2025,municipio,2202075,Prefeitura Municipal de Cajazeiras do Piauí - PI,RECEITA CORRENTE LÍQUIDA AJUSTADA PARA CÁLCULO DOS LIMITES DE ENDIVIDAMENTO,31688908.23,Até o 2º Quadrimestre
2025,municipio,2202075,Prefeitura Municipal de Cajazeiras do Piauí - PI,% da DC sobre a RCL AJUSTADA (I/VI),4.68,Até o 2º Quadrimestre
2025,municipio,2202075,Prefeitura Municipal de Cajazeiras do Piauí - PI,% da DCL sobre a RCL AJUSTADA,9.29,Até o 2º Quadrimestre
2025,municipio,2201988,Prefeitura Municipal de Brejo do Piauí - PI,DÍVIDA CONSOLIDADA,1561355.0,Até o 1º Semestre
2025,municipio,2201988,Prefeitura Municipal de Brejo do Piauí - PI,Disponibilidade de Caixa,5026115.12,Até o 1º Semestre
2025,municipio,2201988,Prefeitura Municipal de Brejo do Piauí - PI,Disponibilidade de Caixa Bruta,5384168.47,Até o 1º Semestre
2025,municipio,2201988,Prefeitura Municipal de Brejo do Piauí - PI,RECEITA CORRENTE LÍQUIDA,33507932.02,Até o 1º Semestre
2025,municipio,2201988,Prefeitura Municipal de Brejo do Piauí - PI,% da DC sobre a RCL AJUSTADA (I/VI),4.67,Até o 1º Semestre
2025,municipio,2201988,Prefeitura Municipal de Brejo do Piauí - PI,% da DCL sobre a RCL AJUSTADA,-10.37,Até o 1º Semestre
2025,municipio,2201988,Prefeitura Municipal de Brejo do Piauí - PI,Precatórios (Não incluídos na DC),1038.25,Até o 1º Semestre
2025,municipio,2202000,Prefeitura Municipal de Buriti dos Lopes - PI,DÍVIDA CONSOLIDADA,15059565.91,Até o 1º Semestre
2025,municipio,2202000,Prefeitura Municipal de Buriti dos Lopes - PI,Disponibilidade de Caixa,13688787.09,Até o 1º Semestre
2025,municipio,2202000,Prefeitura Municipal de Buriti dos Lopes - PI,Disponibilidade de Caixa Bruta,14198364.07,Até o 1º Semestre
2025,municipio,2202000,Prefeitura Municipal de Buriti dos Lopes - PI,RECEITA CORRENTE LÍQUIDA,114564068.29,Até o 1º Semestre
2025,municipio,2202000,Prefeitura Municipal de Buriti dos Lopes - PI,% da DC sobre a RCL AJUSTADA (I/VI),13.41,Até o 1º Semestre
2025,municipio,2202000,Prefeitura Municipal de Buriti dos Lopes - PI,% da DCL sobre a RCL AJUSTADA,1.22,Até o 1º Semestre
2025,municipio,2202109,Prefeitura Municipal de Campinas do Piauí - PI,DÍVIDA CONSOLIDADA,1461609.33,Até o 2º Quadrimestre
2025,municipio,2202109,Prefeitura Municipal de Campinas do Piauí - PI,Disponibilidade de Caixa,-822761.97,Até o 2º Quadrimestre
2025,municipio,2202109,Prefeitura Municipal de Campinas do Piauí - PI,RECEITA CORRENTE LÍQUIDA,48086278.96,Até o 2º Quadrimestre
2025,municipio,2202109,Prefeitura Municipal de Campinas do Piauí - PI,RECEITA CORRENTE LÍQUIDA AJUSTADA PARA CÁLCULO DOS LIMITES DE ENDIVIDAMENTO,46686278.96,Até o 2º Quadrimestre
2025,municipio,2202109,Prefeitura Municipal de Campinas do Piauí - PI,% da DC sobre a RCL AJUSTADA (I/VI),3.13,Até o 2º Quadrimestre
2025,municipio,2202109,Prefeitura Municipal de Campinas do Piauí - PI,% da DCL sobre a RCL AJUSTADA,4.89,Até o 2º Quadrimestre
2025,municipio,2202083,Prefeitura Municipal de Cajueiro da Praia - PI,DÍVIDA CONSOLIDADA,1506845.76,Até o 1º Quadrimestre
2025,municipio,2202083,Prefeitura Municipal de Cajueiro da Praia - PI,Precatórios (inclusive) Vencidos e Não Pagos,330634.84,Até o 1º Quadrimestre
2025,municipio,2202083,Prefeitura Municipal de Cajueiro da Praia - PI,Disponibilidade de Caixa,-1502777.92,Até o 1º Quadrimestre
2025,municipio,2202083,Prefeitura Municipal de Cajueiro da Praia - PI,RECEITA CORRENTE LÍQUIDA,57759998.43,Até o 1º Quadrimestre
2025,municipio,2202083,Prefeitura Municipal de Cajueiro da Praia - PI,RECEITA CORRENTE LÍQUIDA AJUSTADA PARA CÁLCULO DOS LIMITES DE ENDIVIDAMENTO,54854998.43,Até o 1º Quadrimestre
2025,municipio,2202083,Prefeitura Municipal de Cajueiro da Praia - PI,% da DC sobre a RCL AJUSTADA (I/VI),2.75,Até o 1º Quadrimestre
2025,municipio,2202083,Prefeitura Municipal de Cajueiro da Praia - PI,% da DCL sobre a RCL AJUSTADA,5.49,Até o 1º Quadrimestre
2025,municipio,2202174,Prefeitura Municipal de Campo Largo do Piauí - PI,DÍVIDA CONSOLIDADA,2763931.06,Até o 2º Quadrimestre
2025,municipio,2202174,Prefeitura Municipal de Campo Largo do Piauí - PI,Disponibilidade de Caixa,4937123.68,Até o 2º Quadrimestre
2025,municipio,2202174,Prefeitura Municipal de Campo Largo do Piauí - PI,Disponibilidade de Caixa Bruta,5166041.48,Até o 2º Quadrimestre
2025,municipio,2202174,Prefeitura Municipal de Campo Largo do Piauí - PI,RECEITA CORRENTE LÍQUIDA,54922138.53,Até o 2º Quadrimestre
2025,municipio,2202174,Prefeitura Municipal de Campo Largo do Piauí - PI,RECEITA CORRENTE LÍQUIDA AJUSTADA PARA CÁLCULO DOS LIMITES DE ENDIVIDAMENTO,53651138.53,Até o 2º Quadrimestre
2025,municipio,2202174,Prefeitura Municipal de Campo Largo do Piauí - PI,% da DC sobre a RCL AJUSTADA (I/VI),5.15,Até o 2º Quadrimestre
2025,municipio,2202174,Prefeitura Municipal de Campo Largo do Piauí - PI,% da DCL sobre a RCL AJUSTADA,-4.05,Até o 2º Quadrimestre
2025,municipio,2202091,Prefeitura Municipal de Caldeirão Grande do Piauí - PI,Disponibilidade de Caixa,4581627.39,Até o 1º Semestre
2025,municipio,2202091,Prefeitura Municipal de Caldeirão Grande do Piauí - PI,Disponibilidade de Caixa Bruta,5004261.96,Até o 1º Semestre
2025,municipio,2202091,Prefeitura Municipal de Caldeirão Grande do Piauí - PI,RECEITA CORRENTE LÍQUIDA,50124193.92,Até o 1º Semestre
2025,municipio,2202091,Prefeitura Municipal de Caldeirão Grande do Piauí - PI,% da DCL sobre a RCL AJUSTADA,-9.14,Até o 1º Semestre
2025,municipio,2202208,Prefeitura Municipal de Campo Maior - PI,DÍVIDA CONSOLIDADA,84605562.83,Até o 2º Quadrimestre
2025,municipio,2202208,Prefeitura Municipal de Campo Maior - PI,Disponibilidade de Caixa,11387621.87,Até o 2º Quadrimestre
2025,municipio,2202208,Prefeitura Municipal de Campo Maior - PI,Disponibilidade de Caixa Bruta,28714072.25,Até o 2º Quadrimestre
2025,municipio,2202208,Prefeitura Municipal de Campo Maior - PI,RECEITA CORRENTE LÍQUIDA,257959185.6,Até o 2º Quadrimestre
2025,municipio,2202208,Prefeitura Municipal de Campo Maior - PI,RECEITA CORRENTE LÍQUIDA AJUSTADA PARA CÁLCULO DOS LIMITES DE ENDIVIDAMENTO,255520785.6,Até o 2º Quadrimestre
2025,municipio,2202208,Prefeitura Municipal de Campo Maior - PI,% da DC sobre a RCL AJUSTADA (I/VI),33.11,Até o 2º Quadrimestre
2025,municipio,2202208,Prefeitura Municipal de Campo Maior - PI,% da DCL sobre a RCL AJUSTADA,28.65,Até o 2º Quadrimestre
2025,municipio,2202307,Prefeitura Municipal de Canto do Buriti - PI,DÍVIDA CONSOLIDADA,8357957.04,Até o 2º Quadrimestre
2025,municipio,2202307,Prefeitura Municipal de Canto do Buriti - PI,Precatórios (inclusive) Vencidos e Não Pagos,549969.07,Até o 2º Quadrimestre
2025,municipio,2202307,Prefeitura Municipal de Canto do Buriti - PI,Disponibilidade de Caixa,-3433889.99,Até o 2º Quadrimestre
2025,municipio,2202307,Prefeitura Municipal de Canto do Buriti - PI,Disponibilidade de Caixa Bruta,1289960.96,Até o 2º Quadrimestre
2025,municipio,2202307,Prefeitura Municipal de Canto do Buriti - PI,RECEITA CORRENTE LÍQUIDA,98250606.65,Até o 2º Quadrimestre
2025,municipio,2202307,Prefeitura Municipal de Canto do Buriti - PI,RECEITA CORRENTE LÍQUIDA AJUSTADA PARA CÁLCULO DOS LIMITES DE ENDIVIDAMENTO,97550606.65,Até o 2º Quadrimestre
2025,municipio,2202307,Prefeitura Municipal de Canto do Buriti - PI,% da DC sobre a RCL AJUSTADA (I/VI),8.57,Até o 2º Quadrimestre
2025,municipio,2202307,Prefeitura Municipal de Canto do Buriti - PI,% da DCL sobre a RCL AJUSTADA,12.09,Até o 2º Quadrimestre
2025,municipio,2202307,Prefeitura Municipal de Canto do Buriti - PI,Precatórios (Não incluídos na DC),37963.49,Até o 2º Quadrimestre
2025,municipio,2202117,Prefeitura Municipal de Campo Alegre do Fidalgo - PI,DÍVIDA CONSOLIDADA,619483.25,Até o 1º Semestre
2025,municipio,2202117,Prefeitura Municipal de Campo Alegre do Fidalgo - PI,Disponibilidade de Caixa,2024377.38,Até o 1º Semestre
2025,municipio,2202117,Prefeitura Municipal de Campo Alegre do Fidalgo - PI,Disponibilidade de Caixa Bruta,2295281.51,Até o 1º Semestre
2025,municipio,2202117,Prefeitura Municipal de Campo Alegre do Fidalgo - PI,RECEITA CORRENTE LÍQUIDA,35872185.41,Até o 1º Semestre
2025,municipio,2202117,Prefeitura Municipal de Campo Alegre do Fidalgo - PI,% da DC sobre a RCL AJUSTADA (I/VI),1.73,Até o 1º Semestre
2025,municipio,2202117,Prefeitura Municipal de Campo Alegre do Fidalgo - PI,% da DCL sobre a RCL AJUSTADA,-3.92,Até o 1º Semestre
2025,municipio,2202455,Prefeitura Municipal de Capitão Gervásio Oliveira - PI,DÍVIDA CONSOLIDADA,4076689.69,Até o 2º Quadrimestre
2025,municipio,2202455,Prefeitura Municipal de Capitão Gervásio Oliveira - PI,Precatórios (inclusive) Vencidos e Não Pagos,5007.48,Até o 2º Quadrimestre
2025,municipio,2202455,Prefeitura Municipal de Capitão Gervásio Oliveira - PI,Disponibilidade de Caixa,-1198110.68,Até o 2º Quadrimestre
2025,municipio,2202455,Prefeitura Municipal de Capitão Gervásio Oliveira - PI,RECEITA CORRENTE LÍQUIDA,31986928.45,Até o 2º Quadrimestre
2025,municipio,2202455,Prefeitura Municipal de Capitão Gervásio Oliveira - PI,RECEITA CORRENTE LÍQUIDA AJUSTADA PARA CÁLCULO DOS LIMITES DE ENDIVIDAMENTO,30733953.45,Até o 2º Quadrimestre
2025,municipio,2202455,Prefeitura Municipal de Capitão Gervásio Oliveira - PI,% da DC sobre a RCL AJUSTADA (I/VI),13.26,Até o 2º Quadrimestre
2025,municipio,2202455,Prefeitura Municipal de Capitão Gervásio Oliveira - PI,% da DCL sobre a RCL AJUSTADA,17.16,Até o 2º Quadrimestre
2025,municipio,2202406,Prefeitura Municipal de Capitão de Campos - PI,DÍVIDA CONSOLIDADA,1711141.76,Até o 2º Quadrimestre
2025,municipio,2202406,Prefeitura Municipal de Capitão de Campos - PI,Precatórios (inclusive) Vencidos e Não Pagos,113299.62,Até o 2º Quadrimestre
2025,municipio,2202406,Prefeitura Municipal de Capitão de Campos - PI,Disponibilidade de Caixa,-8094477.14,Até o 2º Quadrimestre
2025,municipio,2202406,Prefeitura Municipal de Capitão de Campos - PI,RECEITA CORRENTE LÍQUIDA,64333123.55,Até o 2º Quadrimestre
2025,municipio,2202406,Prefeitura Municipal de Capitão de Campos - PI,RECEITA CORRENTE LÍQUIDA AJUSTADA PARA CÁLCULO DOS LIMITES DE ENDIVIDAMENTO,61009072.42,Até o 2º Quadrimestre
2025,municipio,2202406,Prefeitura Municipal de Capitão de Campos - PI,% da DC sobre a RCL AJUSTADA (I/VI),2.8,Até o 2º Quadrimestre
2025,municipio,2202406,Prefeitura Municipal de Capitão de Campos - PI,% da DCL sobre a RCL AJUSTADA,16.07,Até o 2º Quadrimestre
2025,municipio,2202133,Prefeitura Municipal de Campo Grande do Piauí - PI,DÍVIDA CONSOLIDADA,617960.48,Até o 1º Semestre
2025,municipio,2202133,Prefeitura Municipal de Campo Grande do Piauí - PI,Disponibilidade de Caixa,7139370.85,Até o 1º Semestre
2025,municipio,2202133,Prefeitura Municipal de Campo Grande do Piauí - PI,Disponibilidade de Caixa Bruta,7365126.39,Até o 1º Semestre
2025,municipio,2202133,Prefeitura Municipal de Campo Grande do Piauí - PI,RECEITA CORRENTE LÍQUIDA,36782123.45,Até o 1º Semestre
2025,municipio,2202133,Prefeitura Municipal de Campo Grande do Piauí - PI,% da DC sobre a RCL AJUSTADA (I/VI),1.72,Até o 1º Semestre
2025,municipio,2202133,Prefeitura Municipal de Campo Grande do Piauí - PI,% da DCL sobre a RCL AJUSTADA,-18.2,Até o 1º Semestre
2025,municipio,2202604,Prefeitura Municipal de Castelo do Piauí - PI,DÍVIDA CONSOLIDADA,10650042.1,Até o 2º Quadrimestre
2025,municipio,2202604,Prefeitura Municipal de Castelo do Piauí - PI,Precatórios (inclusive) Vencidos e Não Pagos,58308.03,Até o 2º Quadrimestre
2025,municipio,2202604,Prefeitura Municipal de Castelo do Piauí - PI,Disponibilidade de Caixa,11676896.74,Até o 2º Quadrimestre
2025,municipio,2202604,Prefeitura Municipal de Castelo do Piauí - PI,Disponibilidade de Caixa Bruta,14829078.44,Até o 2º Quadrimestre
2025,municipio,2202604,Prefeitura Municipal de Castelo do Piauí - PI,RECEITA CORRENTE LÍQUIDA,51027133.21,Até o 2º Quadrimestre
2025,municipio,2202604,Prefeitura Municipal de Castelo do Piauí - PI,RECEITA CORRENTE LÍQUIDA AJUSTADA PARA CÁLCULO DOS LIMITES DE ENDIVIDAMENTO,46077133.21,Até o 2º Quadrimestre
2025,municipio,2202604,Prefeitura Municipal de Castelo do Piauí - PI,% da DC sobre a RCL AJUSTADA (I/VI),23.11,Até o 2º Quadrimestre
2025,municipio,2202604,Prefeitura Municipal de Castelo do Piauí - PI,% da DCL sobre a RCL AJUSTADA,-2.23,Até o 2º Quadrimestre
2025,municipio,2202653,Prefeitura Municipal de Caxingó - PI,DÍVIDA CONSOLIDADA,105470.36,Até o 2º Quadrimestre
2025,municipio,2202653,Prefeitura Municipal de Caxingó - PI,Precatórios (inclusive) Vencidos e Não Pagos,356192.73,Até o 2º Quadrimestre
2025,municipio,2202653,Prefeitura Municipal de Caxingó - PI,Disponibilidade de Caixa,8298402.35,Até o 2º Quadrimestre
2025,municipio,2202653,Prefeitura Municipal de Caxingó - PI,Disponibilidade de Caixa Bruta,9902649.38,Até o 2º Quadrimestre
2025,municipio,2202653,Prefeitura Municipal de Caxingó - PI,RECEITA CORRENTE LÍQUIDA,36795096.66,Até o 2º Quadrimestre
2025,municipio,2202653,Prefeitura Municipal de Caxingó - PI,RECEITA CORRENTE LÍQUIDA AJUSTADA PARA CÁLCULO DOS LIMITES DE ENDIVIDAMENTO,34938419.51,Até o 2º Quadrimestre
2025,municipio,2202653,Prefeitura Municipal de Caxingó - PI,% da DC sobre a RCL AJUSTADA (I/VI),0.3,Até o 2º Quadrimestre
2025,municipio,2202653,Prefeitura Municipal de Caxingó - PI,% da DCL sobre a RCL AJUSTADA,-24.47,Até o 2º Quadrimestre
2025,municipio,2202505,Prefeitura Municipal de Caracol - PI,DÍVIDA CONSOLIDADA,2628473.65,Até o 1º Semestre
2025,municipio,2202505,Prefeitura Municipal de Caracol - PI,Disponibilidade de Caixa,7656678.76,Até o 1º Semestre
2025,municipio,2202505,Prefeitura Municipal de Caracol - PI,Disponibilidade de Caixa Bruta,8773289.42,Até o 1º Semestre
2025,municipio,2202505,Prefeitura Municipal de Caracol - PI,RECEITA CORRENTE LÍQUIDA,66415686.46,Até o 1º Semestre
2025,municipio,2202505,Prefeitura Municipal de Caracol - PI,% da DC sobre a RCL AJUSTADA (I/VI),4.0,Até o 1º Semestre
2025,municipio,2202505,Prefeitura Municipal de Caracol - PI,% da DCL sobre a RCL AJUSTADA,-8.82,Até o 1º Semestre
2025,municipio,2202505,Prefeitura Municipal de Caracol - PI,Precatórios (Não incluídos na DC),771505.89,Até o 1º Semestre
2025,municipio,2202703,Prefeitura Municipal de Cocal - PI,DÍVIDA CONSOLIDADA,4764615.58,Até o 2º Quadrimestre
2025,municipio,2202703,Prefeitura Municipal de Cocal - PI,Precatórios (inclusive) Vencidos e Não Pagos,2896.68,Até o 2º Quadrimestre
2025,municipio,2202703,Prefeitura Municipal de Cocal - PI,Disponibilidade de Caixa,-2023411.81,Até o 2º Quadrimestre
2025,municipio,2202703,Prefeitura Municipal de Cocal - PI,RECEITA CORRENTE LÍQUIDA,133910705.89,Até o 2º Quadrimestre
2025,municipio,2202703,Prefeitura Municipal de Cocal - PI,RECEITA CORRENTE LÍQUIDA AJUSTADA PARA CÁLCULO DOS LIMITES DE ENDIVIDAMENTO,130494426.89,Até o 2º Quadrimestre
2025,municipio,2202703,Prefeitura Municipal de Cocal - PI,% da DC sobre a RCL AJUSTADA (I/VI),3.65,Até o 2º Quadrimestre
2025,municipio,2202703,Prefeitura Municipal de Cocal - PI,% da DCL sobre a RCL AJUSTADA,5.2,Até o 2º Quadrimestre
2025,municipio,2202711,Prefeitura Municipal de Cocal de Telha - PI,DÍVIDA CONSOLIDADA,606065.28,Até o 2º Quadrimestre
2025,municipio,2202711,Prefeitura Municipal de Cocal de Telha - PI,Disponibilidade de Caixa,-2428141.26,Até o 2º Quadrimestre
2025,municipio,2202711,Prefeitura Municipal de Cocal de Telha - PI,RECEITA CORRENTE LÍQUIDA,39881120.93,Até o 2º Quadrimestre
2025,municipio,2202711,Prefeitura Municipal de Cocal de Telha - PI,RECEITA CORRENTE LÍQUIDA AJUSTADA PARA CÁLCULO DOS LIMITES DE ENDIVIDAMENTO,38881120.93,Até o 2º Quadrimestre
2025,municipio,2202711,Prefeitura Municipal de Cocal de Telha - PI,% da DC sobre a RCL AJUSTADA (I/VI),1.56,Até o 2º Quadrimestre
2025,municipio,2202711,Prefeitura Municipal de Cocal de Telha - PI,% da DCL sobre a RCL AJUSTADA,7.8,Até o 2º Quadrimestre
2025,municipio,2202554,Prefeitura Municipal de Caridade do Piauí - PI,Disponibilidade de Caixa,404068.12,Até o 1º Semestre
2025,municipio,2202554,Prefeitura Municipal de Caridade do Piauí - PI,Disponibilidade de Caixa Bruta,3079354.74,Até o 1º Semestre
2025,municipio,2202554,Prefeitura Municipal de Caridade do Piauí - PI,RECEITA CORRENTE LÍQUIDA,48777797.95,Até o 1º Semestre
2025,municipio,2202554,Prefeitura Municipal de Caridade do Piauí - PI,% da DCL sobre a RCL AJUSTADA,-0.83,Até o 1º Semestre
2025,municipio,2202729,Prefeitura Municipal de Cocal dos Alves - PI,DÍVIDA CONSOLIDADA,4553485.54,Até o 2º Quadrimestre
2025,municipio,2202729,Prefeitura Municipal de Cocal dos Alves - PI,Disponibilidade de Caixa,-469882.69,Até o 2º Quadrimestre
2025,municipio,2202729,Prefeitura Municipal de Cocal dos Alves - PI,RECEITA CORRENTE LÍQUIDA,37562154.72,Até o 2º Quadrimestre
2025,municipio,2202729,Prefeitura Municipal de Cocal dos Alves - PI,RECEITA CORRENTE LÍQUIDA AJUSTADA PARA CÁLCULO DOS LIMITES DE ENDIVIDAMENTO,36623584.72,Até o 2º Quadrimestre
2025,municipio,2202729,Prefeitura Municipal de Cocal dos Alves - PI,% da DC sobre a RCL AJUSTADA (I/VI),12.43,Até o 2º Quadrimestre
2025,municipio,2202729,Prefeitura Municipal de Cocal dos Alves - PI,% da DCL sobre a RCL AJUSTADA,13.72,Até o 2º Quadrimestre
2024,municipio,2202251,Prefeitura Municipal de Canavieira - PI,DÍVIDA CONSOLIDADA,3321909.69,Até o 1º Quadrimestre
2024,municipio,2202251,Prefeitura Municipal de Canavieira - PI,Disponibilidade de Caixa,-572159.68,Até o 1º Quadrimestre
2024,municipio,2202251,Prefeitura Municipal de Canavieira - PI,RECEITA CORRENTE LÍQUIDA,25409298.12,Até o 1º Quadrimestre
2024,municipio,2202251,Prefeitura Municipal de Canavieira - PI,RECEITA CORRENTE LÍQUIDA AJUSTADA PARA CÁLCULO DOS LIMITES DE ENDIVIDAMENTO,25409298.12,Até o 1º Quadrimestre
2024,municipio,2202251,Prefeitura Municipal de Canavieira - PI,% da DC sobre a RCL AJUSTADA (I/VI),13.07,Até o 1º Quadrimestre
2024,municipio,2202251,Prefeitura Municipal de Canavieira - PI,% da DCL sobre a RCL AJUSTADA,15.33,Até o 1º Quadrimestre
2025,municipio,2202752,Prefeitura Municipal de Colônia do Gurguéia - PI,DÍVIDA CONSOLIDADA,5413950.5,Até o 2º Quadrimestre
2025,municipio,2202752,Prefeitura Municipal de Colônia do Gurguéia - PI,Precatórios (inclusive) Vencidos e Não Pagos,86535.58,Até o 2º Quadrimestre
2025,municipio,2202752,Prefeitura Municipal de Colônia do Gurguéia - PI,Disponibilidade de Caixa,-1801168.16,Até o 2º Quadrimestre
2025,municipio,2202752,Prefeitura Municipal de Colônia do Gurguéia - PI,RECEITA CORRENTE LÍQUIDA,44972979.09,Até o 2º Quadrimestre
2025,municipio,2202752,Prefeitura Municipal de Colônia do Gurguéia - PI,RECEITA CORRENTE LÍQUIDA AJUSTADA PARA CÁLCULO DOS LIMITES DE ENDIVIDAMENTO,44475967.14,Até o 2º Quadrimestre
2025,municipio,2202752,Prefeitura Municipal de Colônia do Gurguéia - PI,% da DC sobre a RCL AJUSTADA (I/VI),12.17,Até o 2º Quadrimestre
2025,municipio,2202752,Prefeitura Municipal de Colônia do Gurguéia - PI,% da DCL sobre a RCL AJUSTADA,16.22,Até o 2º Quadrimestre
2025,municipio,2202737,Prefeitura Municipal de Coivaras - PI,DÍVIDA CONSOLIDADA,1922233.17,Até o 2º Quadrimestre
2025,municipio,2202737,Prefeitura Municipal de Coivaras - PI,Precatórios (inclusive) Vencidos e Não Pagos,4936.52,Até o 2º Quadrimestre
2025,municipio,2202737,Prefeitura Municipal de Coivaras - PI,Disponibilidade de Caixa,-1339610.7,Até o 2º Quadrimestre
2025,municipio,2202737,Prefeitura Municipal de Coivaras - PI,RECEITA CORRENTE LÍQUIDA,34530667.12,Até o 2º Quadrimestre
2025,municipio,2202737,Prefeitura Municipal de Coivaras - PI,RECEITA CORRENTE LÍQUIDA AJUSTADA PARA CÁLCULO DOS LIMITES DE ENDIVIDAMENTO,31427810.83,Até o 2º Quadrimestre
2025,municipio,2202737,Prefeitura Municipal de Coivaras - PI,% da DC sobre a RCL AJUSTADA (I/VI),6.12,Até o 2º Quadrimestre
2025,municipio,2202737,Prefeitura Municipal de Coivaras - PI,% da DCL sobre a RCL AJUSTADA,10.38,Até o 2º Quadrimestre
2025,municipio,2202778,Prefeitura Municipal de Colônia do Piauí - PI,DÍVIDA CONSOLIDADA,4075182.64,Até o 2º Quadrimestre
2025,municipio,2202778,Prefeitura Municipal de Colônia do Piauí - PI,Precatórios (inclusive) Vencidos e Não Pagos,416230.92,Até o 2º Quadrimestre
2025,municipio,2202778,Prefeitura Municipal de Colônia do Piauí - PI,Disponibilidade de Caixa,2718702.48,Até o 2º Quadrimestre
2025,municipio,2202778,Prefeitura Municipal de Colônia do Piauí - PI,Disponibilidade de Caixa Bruta,3433644.8,Até o 2º Quadrimestre
2025,municipio,2202778,Prefeitura Municipal de Colônia do Piauí - PI,RECEITA CORRENTE LÍQUIDA,42950552.15,Até o 2º Quadrimestre
2025,municipio,2202778,Prefeitura Municipal de Colônia do Piauí - PI,RECEITA CORRENTE LÍQUIDA AJUSTADA PARA CÁLCULO DOS LIMITES DE ENDIVIDAMENTO,42050552.15,Até o 2º Quadrimestre
2025,municipio,2202778,Prefeitura Municipal de Colônia do Piauí - PI,% da DC sobre a RCL AJUSTADA (I/VI),9.69,Até o 2º Quadrimestre
2025,municipio,2202778,Prefeitura Municipal de Colônia do Piauí - PI,% da DCL sobre a RCL AJUSTADA,3.23,Até o 2º Quadrimestre
2025,municipio,2202901,Prefeitura Municipal de Corrente - PI,DÍVIDA CONSOLIDADA,1547687.11,Até o 2º Quadrimestre
2025,municipio,2202901,Prefeitura Municipal de Corrente - PI,Precatórios (inclusive) Vencidos e Não Pagos,1285966.2,Até o 2º Quadrimestre
2025,municipio,2202901,Prefeitura Municipal de Corrente - PI,Disponibilidade de Caixa,-6221109.6,Até o 2º Quadrimestre
2025,municipio,2202901,Prefeitura Municipal de Corrente - PI,RECEITA CORRENTE LÍQUIDA,134050031.0,Até o 2º Quadrimestre
2025,municipio,2202901,Prefeitura Municipal de Corrente - PI,RECEITA CORRENTE LÍQUIDA AJUSTADA PARA CÁLCULO DOS LIMITES DE ENDIVIDAMENTO,131350031.0,Até o 2º Quadrimestre
2025,municipio,2202901,Prefeitura Municipal de Corrente - PI,% da DC sobre a RCL AJUSTADA (I/VI),1.18,Até o 2º Quadrimestre
2025,municipio,2202901,Prefeitura Municipal de Corrente - PI,% da DCL sobre a RCL AJUSTADA,5.91,Até o 2º Quadrimestre
2025,municipio,2202851,Prefeitura Municipal de Coronel José Dias - PI,DÍVIDA CONSOLIDADA,8356166.72,Até o 2º Quadrimestre
2025,municipio,2202851,Prefeitura Municipal de Coronel José Dias - PI,Precatórios (inclusive) Vencidos e Não Pagos,-4359.68,Até o 2º Quadrimestre
2025,municipio,2202851,Prefeitura Municipal de Coronel José Dias - PI,Disponibilidade de Caixa,677692.55,Até o 2º Quadrimestre
2025,municipio,2202851,Prefeitura Municipal de Coronel José Dias - PI,Disponibilidade de Caixa Bruta,1898667.71,Até o 2º Quadrimestre
2025,municipio,2202851,Prefeitura Municipal de Coronel José Dias - PI,RECEITA CORRENTE LÍQUIDA,31374736.38,Até o 2º Quadrimestre
2025,municipio,2202851,Prefeitura Municipal de Coronel José Dias - PI,RECEITA CORRENTE LÍQUIDA AJUSTADA PARA CÁLCULO DOS LIMITES DE ENDIVIDAMENTO,30752091.03,Até o 2º Quadrimestre
2025,municipio,2202851,Prefeitura Municipal de Coronel José Dias - PI,% da DC sobre a RCL AJUSTADA (I/VI),27.17,Até o 2º Quadrimestre
2025,municipio,2202851,Prefeitura Municipal de Coronel José Dias - PI,% da DCL sobre a RCL AJUSTADA,24.97,Até o 2º Quadrimestre
2025,municipio,2203008,Prefeitura Municipal de Cristalândia do Piauí - PI,DÍVIDA CONSOLIDADA,10874867.8,Até o 2º Quadrimestre
2025,municipio,2203008,Prefeitura Municipal de Cristalândia do Piauí - PI,Disponibilidade de Caixa,-655950.39,Até o 2º Quadrimestre
2025,municipio,2203008,Prefeitura Municipal de Cristalândia do Piauí - PI,RECEITA CORRENTE LÍQUIDA,46217245.65,Até o 2º Quadrimestre
2025,municipio,2203008,Prefeitura Municipal de Cristalândia do Piauí - PI,RECEITA CORRENTE LÍQUIDA AJUSTADA PARA CÁLCULO DOS LIMITES DE ENDIVIDAMENTO,45117245.65,Até o 2º Quadrimestre
2025,municipio,2203008,Prefeitura Municipal de Cristalândia do Piauí - PI,% da DC sobre a RCL AJUSTADA (I/VI),24.1,Até o 2º Quadrimestre
2025,municipio,2203008,Prefeitura Municipal de Cristalândia do Piauí - PI,% da DCL sobre a RCL AJUSTADA,25.56,Até o 2º Quadrimestre
2025,municipio,2203206,Prefeitura Municipal de Curimatá - PI,DÍVIDA CONSOLIDADA,348374.83,Até o 2º Quadrimestre
2025,municipio,2203206,Prefeitura Municipal de Curimatá - PI,Disponibilidade de Caixa,3802626.14,Até o 2º Quadrimestre
2025,municipio,2203206,Prefeitura Municipal de Curimatá - PI,Disponibilidade de Caixa Bruta,6340061.46,Até o 2º Quadrimestre
2025,municipio,2203206,Prefeitura Municipal de Curimatá - PI,RECEITA CORRENTE LÍQUIDA,31841591.16,Até o 2º Quadrimestre
2025,municipio,2203206,Prefeitura Municipal de Curimatá - PI,RECEITA CORRENTE LÍQUIDA AJUSTADA PARA CÁLCULO DOS LIMITES DE ENDIVIDAMENTO,31241591.16,Até o 2º Quadrimestre
2025,municipio,2203206,Prefeitura Municipal de Curimatá - PI,% da DC sobre a RCL AJUSTADA (I/VI),1.12,Até o 2º Quadrimestre
2025,municipio,2203206,Prefeitura Municipal de Curimatá - PI,% da DCL sobre a RCL AJUSTADA,-11.15,Até o 2º Quadrimestre
2025,municipio,2203230,Prefeitura Municipal de Currais - PI,DÍVIDA CONSOLIDADA,233156.47,Até o 2º Quadrimestre
2025,municipio,2203230,Prefeitura Municipal de Currais - PI,Disponibilidade de Caixa,1751037.01,Até o 2º Quadrimestre
2025,municipio,2203230,Prefeitura Municipal de Currais - PI,Disponibilidade de Caixa Bruta,2301955.45,Até o 2º Quadrimestre
2025,municipio,2203230,Prefeitura Municipal de Currais - PI,RECEITA CORRENTE LÍQUIDA,60250623.05,Até o 2º Quadrimestre
2025,municipio,2203230,Prefeitura Municipal de Currais - PI,RECEITA CORRENTE LÍQUIDA AJUSTADA PARA CÁLCULO DOS LIMITES DE ENDIVIDAMENTO,59350623.05,Até o 2º Quadrimestre
2025,municipio,2203230,Prefeitura Municipal de Currais - PI,% da DC sobre a RCL AJUSTADA (I/VI),0.39,Até o 2º Quadrimestre
2025,municipio,2203230,Prefeitura Municipal de Currais - PI,% da DCL sobre a RCL AJUSTADA,-7.28,Até o 2º Quadrimestre
2025,municipio,2203271,Prefeitura Municipal de Curral Novo do Piauí - PI,DÍVIDA CONSOLIDADA,89393.24,Até o 2º Quadrimestre
2025,municipio,2203271,Prefeitura Municipal de Curral Novo do Piauí - PI,Disponibilidade de Caixa,-314979.33,Até o 2º Quadrimestre
2025,municipio,2203271,Prefeitura Municipal de Curral Novo do Piauí - PI,RECEITA CORRENTE LÍQUIDA,52615695.55,Até o 2º Quadrimestre
2025,municipio,2203271,Prefeitura Municipal de Curral Novo do Piauí - PI,RECEITA CORRENTE LÍQUIDA AJUSTADA PARA CÁLCULO DOS LIMITES DE ENDIVIDAMENTO,48320191.25,Até o 2º Quadrimestre
2025,municipio,2203271,Prefeitura Municipal de Curral Novo do Piauí - PI,% da DC sobre a RCL AJUSTADA (I/VI),0.19,Até o 2º Quadrimestre
2025,municipio,2203271,Prefeitura Municipal de Curral Novo do Piauí - PI,% da DCL sobre a RCL AJUSTADA,0.84,Até o 2º Quadrimestre
2025,municipio,2203107,Prefeitura Municipal de Cristino Castro - PI,Disponibilidade de Caixa,10488881.86,Até o 1º Semestre
2025,municipio,2203107,Prefeitura Municipal de Cristino Castro - PI,Disponibilidade de Caixa Bruta,10768185.38,Até o 1º Semestre
2025,municipio,2203107,Prefeitura Municipal de Cristino Castro - PI,RECEITA CORRENTE LÍQUIDA,81268543.9,Até o 1º Semestre
2025,municipio,2203107,Prefeitura Municipal de Cristino Castro - PI,% da DCL sobre a RCL AJUSTADA,-13.13,Até o 1º Semestre
2025,municipio,2203354,Prefeitura Municipal de Dirceu Arcoverde - PI,DÍVIDA CONSOLIDADA,161431.1,Até o 2º Quadrimestre
2025,municipio,2203354,Prefeitura Municipal de Dirceu Arcoverde - PI,Precatórios (inclusive) Vencidos e Não Pagos,161431.1,Até o 2º Quadrimestre
2025,municipio,2203354,Prefeitura Municipal de Dirceu Arcoverde - PI,Disponibilidade de Caixa,-4946049.93,Até o 2º Quadrimestre
2025,municipio,2203354,Prefeitura Municipal de Dirceu Arcoverde - PI,Disponibilidade de Caixa Bruta,822298.37,Até o 2º Quadrimestre
2025,municipio,2203354,Prefeitura Municipal de Dirceu Arcoverde - PI,RECEITA CORRENTE LÍQUIDA,44260490.94,Até o 2º Quadrimestre
2025,municipio,2203354,Prefeitura Municipal de Dirceu Arcoverde - PI,RECEITA CORRENTE LÍQUIDA AJUSTADA PARA CÁLCULO DOS LIMITES DE ENDIVIDAMENTO,43460490.94,Até o 2º Quadrimestre
2025,municipio,2203354,Prefeitura Municipal de Dirceu Arcoverde - PI,% da DC sobre a RCL AJUSTADA (I/VI),0.37,Até o 2º Quadrimestre
2025,municipio,2203354,Prefeitura Municipal de Dirceu Arcoverde - PI,% da DCL sobre a RCL AJUSTADA,11.75,Até o 2º Quadrimestre
2025,municipio,2203354,Prefeitura Municipal de Dirceu Arcoverde - PI,Precatórios (Não incluídos na DC),595978.02,Até o 2º Quadrimestre
2025,municipio,2203255,Prefeitura Municipal de Curralinhos - PI,DÍVIDA CONSOLIDADA,5843124.73,Até o 2º Quadrimestre
2025,municipio,2203255,Prefeitura Municipal de Curralinhos - PI,Disponibilidade de Caixa,1775208.29,Até o 2º Quadrimestre
2025,municipio,2203255,Prefeitura Municipal de Curralinhos - PI,Disponibilidade de Caixa Bruta,3144153.25,Até o 2º Quadrimestre
2025,municipio,2203255,Prefeitura Municipal de Curralinhos - PI,RECEITA CORRENTE LÍQUIDA,36984258.41,Até o 2º Quadrimestre
2025,municipio,2203255,Prefeitura Municipal de Curralinhos - PI,RECEITA CORRENTE LÍQUIDA AJUSTADA PARA CÁLCULO DOS LIMITES DE ENDIVIDAMENTO,35184258.41,Até o 2º Quadrimestre
2025,municipio,2203255,Prefeitura Municipal de Curralinhos - PI,% da DC sobre a RCL AJUSTADA (I/VI),16.61,Até o 2º Quadrimestre
2025,municipio,2203255,Prefeitura Municipal de Curralinhos - PI,% da DCL sobre a RCL AJUSTADA,11.56,Até o 2º Quadrimestre
2024,municipio,2202802,Prefeitura Municipal de Conceição do Canindé - PI,DÍVIDA CONSOLIDADA,346646.5,Até o 2º Semestre
2024,municipio,2202802,Prefeitura Municipal de Conceição do Canindé - PI,Disponibilidade de Caixa,101865.1,Até o 2º Semestre
2024,municipio,2202802,Prefeitura Municipal de Conceição do Canindé - PI,Disponibilidade de Caixa Bruta,694563.39,Até o 2º Semestre
2024,municipio,2202802,Prefeitura Municipal de Conceição do Canindé - PI,RECEITA CORRENTE LÍQUIDA,32579824.37,Até o 2º Semestre
2024,municipio,2202802,Prefeitura Municipal de Conceição do Canindé - PI,% da DC sobre a RCL AJUSTADA (I/VI),1.09,Até o 2º Semestre
2024,municipio,2202802,Prefeitura Municipal de Conceição do Canindé - PI,% da DCL sobre a RCL AJUSTADA,0.77,Até o 2º Semestre
2025,municipio,2203404,Prefeitura Municipal de Dom Expedito Lopes - PI,DÍVIDA CONSOLIDADA,2159489.55,Até o 2º Quadrimestre
2025,municipio,2203404,Prefeitura Municipal de Dom Expedito Lopes - PI,Precatórios (inclusive) Vencidos e Não Pagos,3888.44,Até o 2º Quadrimestre
2025,municipio,2203404,Prefeitura Municipal de Dom Expedito Lopes - PI,Disponibilidade de Caixa,-867357.39,Até o 2º Quadrimestre
2025,municipio,2203404,Prefeitura Municipal de Dom Expedito Lopes - PI,RECEITA CORRENTE LÍQUIDA,25149982.39,Até o 2º Quadrimestre
2025,municipio,2203404,Prefeitura Municipal de Dom Expedito Lopes - PI,RECEITA CORRENTE LÍQUIDA AJUSTADA PARA CÁLCULO DOS LIMITES DE ENDIVIDAMENTO,25149982.39,Até o 2º Quadrimestre
2025,municipio,2203404,Prefeitura Municipal de Dom Expedito Lopes - PI,% da DC sobre a RCL AJUSTADA (I/VI),8.59,Até o 2º Quadrimestre
2025,municipio,2203404,Prefeitura Municipal de Dom Expedito Lopes - PI,% da DCL sobre a RCL AJUSTADA,12.04,Até o 2º Quadrimestre
2025,municipio,2203453,Prefeitura Municipal de Dom Inocêncio - PI,DÍVIDA CONSOLIDADA,644528.5,Até o 2º Quadrimestre
2025,municipio,2203453,Prefeitura Municipal de Dom Inocêncio - PI,Precatórios (inclusive) Vencidos e Não Pagos,3449.15,Até o 2º Quadrimestre
2025,municipio,2203453,Prefeitura Municipal de Dom Inocêncio - PI,Disponibilidade de Caixa,-2145616.19,Até o 2º Quadrimestre
2025,municipio,2203453,Prefeitura Municipal de Dom Inocêncio - PI,RECEITA CORRENTE LÍQUIDA,54418404.39,Até o 2º Quadrimestre
2025,municipio,2203453,Prefeitura Municipal de Dom Inocêncio - PI,RECEITA CORRENTE LÍQUIDA AJUSTADA PARA CÁLCULO DOS LIMITES DE ENDIVIDAMENTO,53968404.39,Até o 2º Quadrimestre
2025,municipio,2203453,Prefeitura Municipal de Dom Inocêncio - PI,% da DC sobre a RCL AJUSTADA (I/VI),1.19,Até o 2º Quadrimestre
2025,municipio,2203453,Prefeitura Municipal de Dom Inocêncio - PI,% da DCL sobre a RCL AJUSTADA,5.17,Até o 2º Quadrimestre
2025,municipio,2203503,Prefeitura Municipal de Elesbão Veloso - PI,DÍVIDA CONSOLIDADA,3568957.27,Até o 2º Quadrimestre
2025,municipio,2203503,Prefeitura Municipal de Elesbão Veloso - PI,Precatórios (inclusive) Vencidos e Não Pagos,37441.03,Até o 2º Quadrimestre
2025,municipio,2203503,Prefeitura Municipal de Elesbão Veloso - PI,Disponibilidade de Caixa,3864170.23,Até o 2º Quadrimestre
2025,municipio,2203503,Prefeitura Municipal de Elesbão Veloso - PI,Disponibilidade de Caixa Bruta,4367182.66,Até o 2º Quadrimestre
2025,municipio,2203503,Prefeitura Municipal de Elesbão Veloso - PI,RECEITA CORRENTE LÍQUIDA,63384890.48,Até o 2º Quadrimestre
2025,municipio,2203503,Prefeitura Municipal de Elesbão Veloso - PI,RECEITA CORRENTE LÍQUIDA AJUSTADA PARA CÁLCULO DOS LIMITES DE ENDIVIDAMENTO,61434890.48,Até o 2º Quadrimestre
2025,municipio,2203503,Prefeitura Municipal de Elesbão Veloso - PI,% da DC sobre a RCL AJUSTADA (I/VI),5.81,Até o 2º Quadrimestre
2025,municipio,2203503,Prefeitura Municipal de Elesbão Veloso - PI,% da DCL sobre a RCL AJUSTADA,-3.95,Até o 2º Quadrimestre
2025,municipio,2203503,Prefeitura Municipal de Elesbão Veloso - PI,Precatórios (Não incluídos na DC),1511669.61,Até o 2º Quadrimestre
2025,municipio,2203305,Prefeitura Municipal de Demerval Lobão - PI,DÍVIDA CONSOLIDADA,13647767.6,Até o 1º Semestre
2025,municipio,2203305,Prefeitura Municipal de Demerval Lobão - PI,Disponibilidade de Caixa,11080721.73,Até o 1º Semestre
2025,municipio,2203305,Prefeitura Municipal de Demerval Lobão - PI,Disponibilidade de Caixa Bruta,11293332.73,Até o 1º Semestre
2025,municipio,2203305,Prefeitura Municipal de Demerval Lobão - PI,RECEITA CORRENTE LÍQUIDA,97344007.54,Até o 1º Semestre
2025,municipio,2203305,Prefeitura Municipal de Demerval Lobão - PI,% da DC sobre a RCL AJUSTADA (I/VI),14.04,Até o 1º Semestre
2025,municipio,2203305,Prefeitura Municipal de Demerval Lobão - PI,% da DCL sobre a RCL AJUSTADA,2.64,Até o 1º Semestre
2025,municipio,2203305,Prefeitura Municipal de Demerval Lobão - PI,Precatórios (Não incluídos na DC),664701.7,Até o 1º Semestre
2025,municipio,2203602,Prefeitura Municipal de Eliseu Martins - PI,DÍVIDA CONSOLIDADA,2338550.38,Até o 2º Quadrimestre
2025,municipio,2203602,Prefeitura Municipal de Eliseu Martins - PI,Precatórios (inclusive) Vencidos e Não Pagos,22285.62,Até o 2º Quadrimestre
2025,municipio,2203602,Prefeitura Municipal de Eliseu Martins - PI,Disponibilidade de Caixa,-1262375.28,Até o 2º Quadrimestre
2025,municipio,2203602,Prefeitura Municipal de Eliseu Martins - PI,RECEITA CORRENTE LÍQUIDA,28316444.27,Até o 2º Quadrimestre
2025,municipio,2203602,Prefeitura Municipal de Eliseu Martins - PI,RECEITA CORRENTE LÍQUIDA AJUSTADA PARA CÁLCULO DOS LIMITES DE ENDIVIDAMENTO,27816444.27,Até o 2º Quadrimestre
2025,municipio,2203602,Prefeitura Municipal de Eliseu Martins - PI,% da DC sobre a RCL AJUSTADA (I/VI),8.41,Até o 2º Quadrimestre
2025,municipio,2203602,Prefeitura Municipal de Eliseu Martins - PI,% da DCL sobre a RCL AJUSTADA,12.95,Até o 2º Quadrimestre
2025,municipio,2203750,Prefeitura Municipal de Fartura do Piauí - PI,DÍVIDA CONSOLIDADA,3522747.67,Até o 2º Quadrimestre
2025,municipio,2203750,Prefeitura Municipal de Fartura do Piauí - PI,Disponibilidade de Caixa,-1499775.11,Até o 2º Quadrimestre
2025,municipio,2203750,Prefeitura Municipal de Fartura do Piauí - PI,Disponibilidade de Caixa Bruta,553865.64,Até o 2º Quadrimestre
2025,municipio,2203750,Prefeitura Municipal de Fartura do Piauí - PI,RECEITA CORRENTE LÍQUIDA,38690899.96,Até o 2º Quadrimestre
2025,municipio,2203750,Prefeitura Municipal de Fartura do Piauí - PI,RECEITA CORRENTE LÍQUIDA AJUSTADA PARA CÁLCULO DOS LIMITES DE ENDIVIDAMENTO,37990899.96,Até o 2º Quadrimestre
2025,municipio,2203750,Prefeitura Municipal de Fartura do Piauí - PI,% da DC sobre a RCL AJUSTADA (I/VI),9.27,Até o 2º Quadrimestre
2025,municipio,2203750,Prefeitura Municipal de Fartura do Piauí - PI,% da DCL sobre a RCL AJUSTADA,13.22,Até o 2º Quadrimestre
2025,municipio,2203701,Prefeitura Municipal de Esperantina - PI,DÍVIDA CONSOLIDADA,7525890.64,Até o 2º Quadrimestre
2025,municipio,2203701,Prefeitura Municipal de Esperantina - PI,Disponibilidade de Caixa,39185066.61,Até o 2º Quadrimestre
2025,municipio,2203701,Prefeitura Municipal de Esperantina - PI,Disponibilidade de Caixa Bruta,40160317.35,Até o 2º Quadrimestre
2025,municipio,2203701,Prefeitura Municipal de Esperantina - PI,RECEITA CORRENTE LÍQUIDA,194779226.04,Até o 2º Quadrimestre
2025,municipio,2203701,Prefeitura Municipal de Esperantina - PI,RECEITA CORRENTE LÍQUIDA AJUSTADA PARA CÁLCULO DOS LIMITES DE ENDIVIDAMENTO,194779226.04,Até o 2º Quadrimestre
2025,municipio,2203701,Prefeitura Municipal de Esperantina - PI,% da DC sobre a RCL AJUSTADA (I/VI),3.86,Até o 2º Quadrimestre
2025,municipio,2203701,Prefeitura Municipal de Esperantina - PI,% da DCL sobre a RCL AJUSTADA,-17.47,Até o 2º Quadrimestre
2025,municipio,2203701,Prefeitura Municipal de Esperantina - PI,Precatórios (Não incluídos na DC),2218813.54,Até o 2º Quadrimestre
2025,municipio,2203420,Prefeitura Municipal de Domingos Mourão - PI,DÍVIDA CONSOLIDADA,5600502.19,Até o 1º Semestre
2025,municipio,2203420,Prefeitura Municipal de Domingos Mourão - PI,Disponibilidade de Caixa,2513588.25,Até o 1º Semestre
2025,municipio,2203420,Prefeitura Municipal de Domingos Mourão - PI,Disponibilidade de Caixa Bruta,3078861.43,Até o 1º Semestre
2025,municipio,2203420,Prefeitura Municipal de Domingos Mourão - PI,RECEITA CORRENTE LÍQUIDA,38013105.85,Até o 1º Semestre
2025,municipio,2203420,Prefeitura Municipal de Domingos Mourão - PI,% da DC sobre a RCL AJUSTADA (I/VI),14.81,Até o 1º Semestre
2025,municipio,2203420,Prefeitura Municipal de Domingos Mourão - PI,% da DCL sobre a RCL AJUSTADA,8.16,Até o 1º Semestre
2025,municipio,2203800,Prefeitura Municipal de Flores do Piauí - PI,DÍVIDA CONSOLIDADA,18537.75,Até o 2º Quadrimestre
2025,municipio,2203800,Prefeitura Municipal de Flores do Piauí - PI,Disponibilidade de Caixa,-769668.16,Até o 2º Quadrimestre
2025,municipio,2203800,Prefeitura Municipal de Flores do Piauí - PI,RECEITA CORRENTE LÍQUIDA,30353038.55,Até o 2º Quadrimestre
2025,municipio,2203800,Prefeitura Municipal de Flores do Piauí - PI,RECEITA CORRENTE LÍQUIDA AJUSTADA PARA CÁLCULO DOS LIMITES DE ENDIVIDAMENTO,30289468.55,Até o 2º Quadrimestre
2025,municipio,2203800,Prefeitura Municipal de Flores do Piauí - PI,% da DC sobre a RCL AJUSTADA (I/VI),0.06,Até o 2º Quadrimestre
2025,municipio,2203800,Prefeitura Municipal de Flores do Piauí - PI,% da DCL sobre a RCL AJUSTADA,2.6,Até o 2º Quadrimestre
2025,municipio,2203909,Prefeitura Municipal de Floriano - PI,DÍVIDA CONSOLIDADA,18780719.61,Até o 2º Quadrimestre
2025,municipio,2203909,Prefeitura Municipal de Floriano - PI,Disponibilidade de Caixa,68088449.99,Até o 2º Quadrimestre
2025,municipio,2203909,Prefeitura Municipal de Floriano - PI,Disponibilidade de Caixa Bruta,70383339.76,Até o 2º Quadrimestre
2025,municipio,2203909,Prefeitura Municipal de Floriano - PI,RECEITA CORRENTE LÍQUIDA,305406755.65,Até o 2º Quadrimestre
2025,municipio,2203909,Prefeitura Municipal de Floriano - PI,RECEITA CORRENTE LÍQUIDA AJUSTADA PARA CÁLCULO DOS LIMITES DE ENDIVIDAMENTO,303906755.65,Até o 2º Quadrimestre
2025,municipio,2203909,Prefeitura Municipal de Floriano - PI,% da DC sobre a RCL AJUSTADA (I/VI),6.18,Até o 2º Quadrimestre
2025,municipio,2203909,Prefeitura Municipal de Floriano - PI,% da DCL sobre a RCL AJUSTADA,-16.22,Até o 2º Quadrimestre
2025,municipio,2203859,Prefeitura Municipal de Floresta do Piauí - PI,DÍVIDA CONSOLIDADA,744901.89,Até o 1º Quadrimestre
2025,municipio,2203859,Prefeitura Municipal de Floresta do Piauí - PI,Disponibilidade de Caixa,-68159.06,Até o 1º Quadrimestre
2025,municipio,2203859,Prefeitura Municipal de Floresta do Piauí - PI,RECEITA CORRENTE LÍQUIDA,28725061.38,Até o 1º Quadrimestre
2025,municipio,2203859,Prefeitura Municipal de Floresta do Piauí - PI,RECEITA CORRENTE LÍQUIDA AJUSTADA PARA CÁLCULO DOS LIMITES DE ENDIVIDAMENTO,27484975.38,Até o 1º Quadrimestre
2025,municipio,2203859,Prefeitura Municipal de Floresta do Piauí - PI,% da DC sobre a RCL AJUSTADA (I/VI),2.71,Até o 1º Quadrimestre
2025,municipio,2203859,Prefeitura Municipal de Floresta do Piauí - PI,% da DCL sobre a RCL AJUSTADA,2.96,Até o 1º Quadrimestre
2025,municipio,2204352,Prefeitura Municipal de Geminiano - PI,DÍVIDA CONSOLIDADA,118136.5,Até o 2º Quadrimestre
2025,municipio,2204352,Prefeitura Municipal de Geminiano - PI,Disponibilidade de Caixa,2085295.53,Até o 2º Quadrimestre
2025,municipio,2204352,Prefeitura Municipal de Geminiano - PI,Disponibilidade de Caixa Bruta,2282034.68,Até o 2º Quadrimestre
2025,municipio,2204352,Prefeitura Municipal de Geminiano - PI,RECEITA CORRENTE LÍQUIDA,15301009.23,Até o 2º Quadrimestre
2025,municipio,2204352,Prefeitura Municipal de Geminiano - PI,RECEITA CORRENTE LÍQUIDA AJUSTADA PARA CÁLCULO DOS LIMITES DE ENDIVIDAMENTO,14401009.23,Até o 2º Quadrimestre
2025,municipio,2204352,Prefeitura Municipal de Geminiano - PI,% da DC sobre a RCL AJUSTADA (I/VI),0.82,Até o 2º Quadrimestre
2025,municipio,2204352,Prefeitura Municipal de Geminiano - PI,% da DCL sobre a RCL AJUSTADA,-13.66,Até o 2º Quadrimestre
2025,municipio,2204303,Prefeitura Municipal de Fronteiras - PI,DÍVIDA CONSOLIDADA,6136970.22,Até o 2º Quadrimestre
2025,municipio,2204303,Prefeitura Municipal de Fronteiras - PI,Disponibilidade de Caixa,-1831002.41,Até o 2º Quadrimestre
2025,municipio,2204303,Prefeitura Municipal de Fronteiras - PI,Disponibilidade de Caixa Bruta,3389228.9,Até o 2º Quadrimestre
2025,municipio,2204303,Prefeitura Municipal de Fronteiras - PI,RECEITA CORRENTE LÍQUIDA,62244439.34,Até o 2º Quadrimestre
2025,municipio,2204303,Prefeitura Municipal de Fronteiras - PI,RECEITA CORRENTE LÍQUIDA AJUSTADA PARA CÁLCULO DOS LIMITES DE ENDIVIDAMENTO,64921132.14,Até o 2º Quadrimestre
2025,municipio,2204303,Prefeitura Municipal de Fronteiras - PI,% da DC sobre a RCL AJUSTADA (I/VI),9.45,Até o 2º Quadrimestre
2025,municipio,2204303,Prefeitura Municipal de Fronteiras - PI,% da DCL sobre a RCL AJUSTADA,12.27,Até o 2º Quadrimestre
2025,municipio,2204303,Prefeitura Municipal de Fronteiras - PI,Precatórios (Não incluídos na DC),327399.95,Até o 2º Quadrimestre
2025,municipio,2204006,Prefeitura Municipal de Francinópolis - PI,DÍVIDA CONSOLIDADA,4113570.28,Até o 1º Semestre
2025,municipio,2204006,Prefeitura Municipal de Francinópolis - PI,Disponibilidade de Caixa,15981632.14,Até o 1º Semestre
2025,municipio,2204006,Prefeitura Municipal de Francinópolis - PI,Disponibilidade de Caixa Bruta,16143394.84,Até o 1º Semestre
2025,municipio,2204006,Prefeitura Municipal de Francinópolis - PI,RECEITA CORRENTE LÍQUIDA,34481082.28,Até o 1º Semestre
2025,municipio,2204006,Prefeitura Municipal de Francinópolis - PI,% da DC sobre a RCL AJUSTADA (I/VI),12.02,Até o 1º Semestre
2025,municipio,2204006,Prefeitura Municipal de Francinópolis - PI,% da DCL sobre a RCL AJUSTADA,-34.67,Até o 1º Semestre
2025,municipio,2204105,Prefeitura Municipal de Francisco Ayres - PI,DÍVIDA CONSOLIDADA,2832623.95,Até o 1º Semestre
2025,municipio,2204105,Prefeitura Municipal de Francisco Ayres - PI,Precatórios (inclusive) Vencidos e Não Pagos,3521.44,Até o 1º Semestre
2025,municipio,2204105,Prefeitura Municipal de Francisco Ayres - PI,Disponibilidade de Caixa,2461243.88,Até o 1º Semestre
2025,municipio,2204105,Prefeitura Municipal de Francisco Ayres - PI,Disponibilidade de Caixa Bruta,2718653.14,Até o 1º Semestre
2025,municipio,2204105,Prefeitura Municipal de Francisco Ayres - PI,RECEITA CORRENTE LÍQUIDA,29056733.18,Até o 1º Semestre
2025,municipio,2204105,Prefeitura Municipal de Francisco Ayres - PI,% da DC sobre a RCL AJUSTADA (I/VI),10.01,Até o 1º Semestre
2025,municipio,2204105,Prefeitura Municipal de Francisco Ayres - PI,% da DCL sobre a RCL AJUSTADA,1.31,Até o 1º Semestre
2025,municipio,2204105,Prefeitura Municipal de Francisco Ayres - PI,Precatórios (Não incluídos na DC),1042572.69,Até o 1º Semestre
2025,municipio,2204154,Prefeitura Municipal de Francisco Macedo - PI,DÍVIDA CONSOLIDADA,2128715.29,Até o 1º Semestre
2025,municipio,2204154,Prefeitura Municipal de Francisco Macedo - PI,Disponibilidade de Caixa,-248649.26,Até o 1º Semestre
2025,municipio,2204154,Prefeitura Municipal de Francisco Macedo - PI,RECEITA CORRENTE LÍQUIDA,27992714.62,Até o 1º Semestre
2025,municipio,2204154,Prefeitura Municipal de Francisco Macedo - PI,% da DC sobre a RCL AJUSTADA (I/VI),7.73,Até o 1º Semestre
2025,municipio,2204154,Prefeitura Municipal de Francisco Macedo - PI,% da DCL sobre a RCL AJUSTADA,8.63,Até o 1º Semestre
2025,municipio,2204204,Prefeitura Municipal de Francisco Santos - PI,DÍVIDA CONSOLIDADA,4926669.15,Até o 1º Semestre
2025,municipio,2204204,Prefeitura Municipal de Francisco Santos - PI,Disponibilidade de Caixa,3960722.27,Até o 1º Semestre
2025,municipio,2204204,Prefeitura Municipal de Francisco Santos - PI,Disponibilidade de Caixa Bruta,4486636.19,Até o 1º Semestre
2025,municipio,2204204,Prefeitura Municipal de Francisco Santos - PI,RECEITA CORRENTE LÍQUIDA,37751677.91,Até o 1º Semestre
2025,municipio,2204204,Prefeitura Municipal de Francisco Santos - PI,% da DC sobre a RCL AJUSTADA (I/VI),13.21,Até o 1º Semestre
2025,municipio,2204204,Prefeitura Municipal de Francisco Santos - PI,% da DCL sobre a RCL AJUSTADA,2.59,Até o 1º Semestre
2025,municipio,2204600,Prefeitura Municipal de Hugo Napoleão - PI,DÍVIDA CONSOLIDADA,5482185.68,Até o 2º Quadrimestre
2025,municipio,2204600,Prefeitura Municipal de Hugo Napoleão - PI,Disponibilidade de Caixa,1346424.67,Até o 2º Quadrimestre
2025,municipio,2204600,Prefeitura Municipal de Hugo Napoleão - PI,Disponibilidade de Caixa Bruta,1764229.28,Até o 2º Quadrimestre
2025,municipio,2204600,Prefeitura Municipal de Hugo Napoleão - PI,RECEITA CORRENTE LÍQUIDA,29006947.66,Até o 2º Quadrimestre
2025,municipio,2204600,Prefeitura Municipal de Hugo Napoleão - PI,RECEITA CORRENTE LÍQUIDA AJUSTADA PARA CÁLCULO DOS LIMITES DE ENDIVIDAMENTO,27274176.66,Até o 2º Quadrimestre
2025,municipio,2204600,Prefeitura Municipal de Hugo Napoleão - PI,% da DC sobre a RCL AJUSTADA (I/VI),20.1,Até o 2º Quadrimestre
2025,municipio,2204600,Prefeitura Municipal de Hugo Napoleão - PI,% da DCL sobre a RCL AJUSTADA,15.16,Até o 2º Quadrimestre
2025,municipio,2204501,Prefeitura Municipal de Guadalupe - PI,DÍVIDA CONSOLIDADA,12226605.34,Até o 2º Quadrimestre
2025,municipio,2204501,Prefeitura Municipal de Guadalupe - PI,Disponibilidade de Caixa,2610852.57,Até o 2º Quadrimestre
2025,municipio,2204501,Prefeitura Municipal de Guadalupe - PI,Disponibilidade de Caixa Bruta,2908819.61,Até o 2º Quadrimestre
2025,municipio,2204501,Prefeitura Municipal de Guadalupe - PI,RECEITA CORRENTE LÍQUIDA,71662344.05,Até o 2º Quadrimestre
2025,municipio,2204501,Prefeitura Municipal de Guadalupe - PI,RECEITA CORRENTE LÍQUIDA AJUSTADA PARA CÁLCULO DOS LIMITES DE ENDIVIDAMENTO,71312344.05,Até o 2º Quadrimestre
2025,municipio,2204501,Prefeitura Municipal de Guadalupe - PI,% da DC sobre a RCL AJUSTADA (I/VI),17.15,Até o 2º Quadrimestre
2025,municipio,2204501,Prefeitura Municipal de Guadalupe - PI,% da DCL sobre a RCL AJUSTADA,13.48,Até o 2º Quadrimestre
2025,municipio,2204550,Prefeitura Municipal de Guaribas - PI,DÍVIDA CONSOLIDADA,378530.02,Até o 2º Quadrimestre
2025,municipio,2204550,Prefeitura Municipal de Guaribas - PI,Disponibilidade de Caixa,865524.41,Até o 2º Quadrimestre
2025,municipio,2204550,Prefeitura Municipal de Guaribas - PI,Disponibilidade de Caixa Bruta,4122305.27,Até o 2º Quadrimestre
2025,municipio,2204550,Prefeitura Municipal de Guaribas - PI,RECEITA CORRENTE LÍQUIDA,38437353.48,Até o 2º Quadrimestre
2025,municipio,2204550,Prefeitura Municipal de Guaribas - PI,RECEITA CORRENTE LÍQUIDA AJUSTADA PARA CÁLCULO DOS LIMITES DE ENDIVIDAMENTO,37637518.61,Até o 2º Quadrimestre
2025,municipio,2204550,Prefeitura Municipal de Guaribas - PI,% da DC sobre a RCL AJUSTADA (I/VI),1.01,Até o 2º Quadrimestre
2025,municipio,2204550,Prefeitura Municipal de Guaribas - PI,% da DCL sobre a RCL AJUSTADA,-1.29,Até o 2º Quadrimestre
2025,municipio,2204402,Prefeitura Municipal de Gilbués - PI,DÍVIDA CONSOLIDADA,76695.43,Até o 1º Semestre
2025,municipio,2204402,Prefeitura Municipal de Gilbués - PI,Precatórios (inclusive) Vencidos e Não Pagos,76695.43,Até o 1º Semestre
2025,municipio,2204402,Prefeitura Municipal de Gilbués - PI,Disponibilidade de Caixa,2616918.96,Até o 1º Semestre
2025,municipio,2204402,Prefeitura Municipal de Gilbués - PI,Disponibilidade de Caixa Bruta,6330210.14,Até o 1º Semestre
2025,municipio,2204402,Prefeitura Municipal de Gilbués - PI,RECEITA CORRENTE LÍQUIDA,77718074.31,Até o 1º Semestre
2025,municipio,2204402,Prefeitura Municipal de Gilbués - PI,% da DC sobre a RCL AJUSTADA (I/VI),0.1,Até o 1º Semestre
2025,municipio,2204402,Prefeitura Municipal de Gilbués - PI,% da DCL sobre a RCL AJUSTADA,-3.46,Até o 1º Semestre
2025,municipio,2204402,Prefeitura Municipal de Gilbués - PI,Precatórios (Não incluídos na DC),2081161.48,Até o 1º Semestre
2025,municipio,2204907,Prefeitura Municipal de Isaías Coelho - PI,Disponibilidade de Caixa,32567146.52,Até o 2º Quadrimestre
2025,municipio,2204907,Prefeitura Municipal de Isaías Coelho - PI,Disponibilidade de Caixa Bruta,32948261.38,Até o 2º Quadrimestre
2025,municipio,2204907,Prefeitura Municipal de Isaías Coelho - PI,RECEITA CORRENTE LÍQUIDA,47065376.53,Até o 2º Quadrimestre
2025,municipio,2204907,Prefeitura Municipal de Isaías Coelho - PI,RECEITA CORRENTE LÍQUIDA AJUSTADA PARA CÁLCULO DOS LIMITES DE ENDIVIDAMENTO,46165376.53,Até o 2º Quadrimestre
2025,municipio,2204907,Prefeitura Municipal de Isaías Coelho - PI,% da DCL sobre a RCL AJUSTADA,-70.54,Até o 2º Quadrimestre
2025,municipio,2204709,Prefeitura Municipal de Inhuma - PI,DÍVIDA CONSOLIDADA,4263735.38,Até o 2º Quadrimestre
2025,municipio,2204709,Prefeitura Municipal de Inhuma - PI,Precatórios (inclusive) Vencidos e Não Pagos,2022493.56,Até o 2º Quadrimestre
2025,municipio,2204709,Prefeitura Municipal de Inhuma - PI,Disponibilidade de Caixa,5824530.21,Até o 2º Quadrimestre
2025,municipio,2204709,Prefeitura Municipal de Inhuma - PI,Disponibilidade de Caixa Bruta,7092888.45,Até o 2º Quadrimestre
2025,municipio,2204709,Prefeitura Municipal de Inhuma - PI,RECEITA CORRENTE LÍQUIDA,66630256.61,Até o 2º Quadrimestre
2025,municipio,2204709,Prefeitura Municipal de Inhuma - PI,RECEITA CORRENTE LÍQUIDA AJUSTADA PARA CÁLCULO DOS LIMITES DE ENDIVIDAMENTO,65130256.61,Até o 2º Quadrimestre
2025,municipio,2204709,Prefeitura Municipal de Inhuma - PI,% da DC sobre a RCL AJUSTADA (I/VI),6.55,Até o 2º Quadrimestre
2025,municipio,2204709,Prefeitura Municipal de Inhuma - PI,% da DCL sobre a RCL AJUSTADA,-2.4,Até o 2º Quadrimestre
2025,municipio,2204709,Prefeitura Municipal de Inhuma - PI,Precatórios (Não incluídos na DC),384000.0,Até o 2º Quadrimestre
2025,municipio,2204659,Prefeitura Municipal de Ilha Grande - PI,DÍVIDA CONSOLIDADA,894670.02,Até o 1º Semestre
2025,municipio,2204659,Prefeitura Municipal de Ilha Grande - PI,Disponibilidade de Caixa,4082542.53,Até o 1º Semestre
2025,municipio,2204659,Prefeitura Municipal de Ilha Grande - PI,Disponibilidade de Caixa Bruta,4556123.48,Até o 1º Semestre
2025,municipio,2204659,Prefeitura Municipal de Ilha Grande - PI,RECEITA CORRENTE LÍQUIDA,51026083.96,Até o 1º Semestre
2025,municipio,2204659,Prefeitura Municipal de Ilha Grande - PI,% da DC sobre a RCL AJUSTADA (I/VI),1.75,Até o 1º Semestre
2025,municipio,2204659,Prefeitura Municipal de Ilha Grande - PI,% da DCL sobre a RCL AJUSTADA,-6.25,Até o 1º Semestre
2025,municipio,2205102,Prefeitura Municipal de Itaueira - PI,DÍVIDA CONSOLIDADA,3878677.86,Até o 2º Quadrimestre
2025,municipio,2205102,Prefeitura Municipal de Itaueira - PI,Precatórios (inclusive) Vencidos e Não Pagos,29854.17,Até o 2º Quadrimestre
2025,municipio,2205102,Prefeitura Municipal de Itaueira - PI,Disponibilidade de Caixa,3518868.2,Até o 2º Quadrimestre
2025,municipio,2205102,Prefeitura Municipal de Itaueira - PI,Disponibilidade de Caixa Bruta,4627074.64,Até o 2º Quadrimestre
2025,municipio,2205102,Prefeitura Municipal de Itaueira - PI,RECEITA CORRENTE LÍQUIDA,48086131.31,Até o 2º Quadrimestre
2025,municipio,2205102,Prefeitura Municipal de Itaueira - PI,RECEITA CORRENTE LÍQUIDA AJUSTADA PARA CÁLCULO DOS LIMITES DE ENDIVIDAMENTO,47986131.31,Até o 2º Quadrimestre
2025,municipio,2205102,Prefeitura Municipal de Itaueira - PI,% da DC sobre a RCL AJUSTADA (I/VI),8.08,Até o 2º Quadrimestre
2025,municipio,2205102,Prefeitura Municipal de Itaueira - PI,% da DCL sobre a RCL AJUSTADA,0.75,Até o 2º Quadrimestre
2025,municipio,2205102,Prefeitura Municipal de Itaueira - PI,Precatórios (Não incluídos na DC),1231.29,Até o 2º Quadrimestre
2025,municipio,2204808,Prefeitura Municipal de Ipiranga do Piauí - PI,DÍVIDA CONSOLIDADA,2855809.77,Até o 1º Semestre
2025,municipio,2204808,Prefeitura Municipal de Ipiranga do Piauí - PI,Precatórios (inclusive) Vencidos e Não Pagos,130860.4,Até o 1º Semestre
2025,municipio,2204808,Prefeitura Municipal de Ipiranga do Piauí - PI,Disponibilidade de Caixa,-395457.7,Até o 1º Semestre
2025,municipio,2204808,Prefeitura Municipal de Ipiranga do Piauí - PI,RECEITA CORRENTE LÍQUIDA,51880600.59,Até o 1º Semestre
2025,municipio,2204808,Prefeitura Municipal de Ipiranga do Piauí - PI,% da DC sobre a RCL AJUSTADA (I/VI),5.5,Até o 1º Semestre
2025,municipio,2204808,Prefeitura Municipal de Ipiranga do Piauí - PI,% da DCL sobre a RCL AJUSTADA,6.27,Até o 1º Semestre
2025,municipio,2205201,Prefeitura Municipal de Jaicós - PI,DÍVIDA CONSOLIDADA,3281004.02,Até o 2º Quadrimestre
2025,municipio,2205201,Prefeitura Municipal de Jaicós - PI,Disponibilidade de Caixa,-430320.65,Até o 2º Quadrimestre
2025,municipio,2205201,Prefeitura Municipal de Jaicós - PI,RECEITA CORRENTE LÍQUIDA,84689917.61,Até o 2º Quadrimestre
2025,municipio,2205201,Prefeitura Municipal de Jaicós - PI,RECEITA CORRENTE LÍQUIDA AJUSTADA PARA CÁLCULO DOS LIMITES DE ENDIVIDAMENTO,83989917.61,Até o 2º Quadrimestre
2025,municipio,2205201,Prefeitura Municipal de Jaicós - PI,% da DC sobre a RCL AJUSTADA (I/VI),3.91,Até o 2º Quadrimestre
2025,municipio,2205201,Prefeitura Municipal de Jaicós - PI,% da DCL sobre a RCL AJUSTADA,4.42,Até o 2º Quadrimestre
2025,municipio,2205151,Prefeitura Municipal de Jacobina do Piauí - PI,DÍVIDA CONSOLIDADA,152825.39,Até o 2º Quadrimestre
2025,municipio,2205151,Prefeitura Municipal de Jacobina do Piauí - PI,Disponibilidade de Caixa,11627137.58,Até o 2º Quadrimestre
2025,municipio,2205151,Prefeitura Municipal de Jacobina do Piauí - PI,Disponibilidade de Caixa Bruta,12872981.65,Até o 2º Quadrimestre
2025,municipio,2205151,Prefeitura Municipal de Jacobina do Piauí - PI,RECEITA CORRENTE LÍQUIDA,60793317.04,Até o 2º Quadrimestre
2025,municipio,2205151,Prefeitura Municipal de Jacobina do Piauí - PI,RECEITA CORRENTE LÍQUIDA AJUSTADA PARA CÁLCULO DOS LIMITES DE ENDIVIDAMENTO,59967939.04,Até o 2º Quadrimestre
2025,municipio,2205151,Prefeitura Municipal de Jacobina do Piauí - PI,% da DC sobre a RCL AJUSTADA (I/VI),0.25,Até o 2º Quadrimestre
2025,municipio,2205151,Prefeitura Municipal de Jacobina do Piauí - PI,% da DCL sobre a RCL AJUSTADA,-19.14,Até o 2º Quadrimestre
2025,municipio,2205151,Prefeitura Municipal de Jacobina do Piauí - PI,Precatórios (Não incluídos na DC),-1087798.03,Até o 2º Quadrimestre
2025,municipio,2205003,Prefeitura Municipal de Itainópolis - PI,DÍVIDA CONSOLIDADA,8356891.99,Até o 1º Semestre
2025,municipio,2205003,Prefeitura Municipal de Itainópolis - PI,Disponibilidade de Caixa,6188094.98,Até o 1º Semestre
2025,municipio,2205003,Prefeitura Municipal de Itainópolis - PI,Disponibilidade de Caixa Bruta,6261004.06,Até o 1º Semestre
2025,municipio,2205003,Prefeitura Municipal de Itainópolis - PI,RECEITA CORRENTE LÍQUIDA,46211366.37,Até o 1º Semestre
2025,municipio,2205003,Prefeitura Municipal de Itainópolis - PI,% da DC sobre a RCL AJUSTADA (I/VI),18.08,Até o 1º Semestre
2025,municipio,2205003,Prefeitura Municipal de Itainópolis - PI,% da DCL sobre a RCL AJUSTADA,4.69,Até o 1º Semestre
2025,municipio,2205003,Prefeitura Municipal de Itainópolis - PI,Precatórios (Não incluídos na DC),1097.66,Até o 1º Semestre
2025,municipio,2205250,Prefeitura Municipal de Jardim do Mulato - PI,DÍVIDA CONSOLIDADA,718485.69,Até o 1º Semestre
2025,municipio,2205250,Prefeitura Municipal de Jardim do Mulato - PI,Disponibilidade de Caixa,-138990.08,Até o 1º Semestre
2025,municipio,2205250,Prefeitura Municipal de Jardim do Mulato - PI,RECEITA CORRENTE LÍQUIDA,31235809.94,Até o 1º Semestre
2025,municipio,2205250,Prefeitura Municipal de Jardim do Mulato - PI,% da DC sobre a RCL AJUSTADA (I/VI),2.37,Até o 1º Semestre
2025,municipio,2205250,Prefeitura Municipal de Jardim do Mulato - PI,% da DCL sobre a RCL AJUSTADA,2.83,Até o 1º Semestre
2025,municipio,2205250,Prefeitura Municipal de Jardim do Mulato - PI,Precatórios (Não incluídos na DC),77837.52,Até o 1º Semestre
2025,municipio,2205300,Prefeitura Municipal de Jerumenha - PI,DÍVIDA CONSOLIDADA,219720.34,Até o 2º Quadrimestre
2025,municipio,2205300,Prefeitura Municipal de Jerumenha - PI,Precatórios (inclusive) Vencidos e Não Pagos,289318.76,Até o 2º Quadrimestre
2025,municipio,2205300,Prefeitura Municipal de Jerumenha - PI,Disponibilidade de Caixa,-4250132.47,Até o 2º Quadrimestre
2025,municipio,2205300,Prefeitura Municipal de Jerumenha - PI,Disponibilidade de Caixa Bruta,1036146.19,Até o 2º Quadrimestre
2025,municipio,2205300,Prefeitura Municipal de Jerumenha - PI,RECEITA CORRENTE LÍQUIDA,30572433.08,Até o 2º Quadrimestre
2025,municipio,2205300,Prefeitura Municipal de Jerumenha - PI,RECEITA CORRENTE LÍQUIDA AJUSTADA PARA CÁLCULO DOS LIMITES DE ENDIVIDAMENTO,29727206.08,Até o 2º Quadrimestre
2025,municipio,2205300,Prefeitura Municipal de Jerumenha - PI,% da DC sobre a RCL AJUSTADA (I/VI),0.74,Até o 2º Quadrimestre
2025,municipio,2205300,Prefeitura Municipal de Jerumenha - PI,% da DCL sobre a RCL AJUSTADA,15.04,Até o 2º Quadrimestre
2025,municipio,2205458,Prefeitura Municipal de Joca Marques - PI,DÍVIDA CONSOLIDADA,1057348.76,Até o 2º Quadrimestre
2025,municipio,2205458,Prefeitura Municipal de Joca Marques - PI,Precatórios (inclusive) Vencidos e Não Pagos,2299.02,Até o 2º Quadrimestre
2025,municipio,2205458,Prefeitura Municipal de Joca Marques - PI,Disponibilidade de Caixa,-2154611.94,Até o 2º Quadrimestre
2025,municipio,2205458,Prefeitura Municipal de Joca Marques - PI,RECEITA CORRENTE LÍQUIDA,46687105.49,Até o 2º Quadrimestre
2025,municipio,2205458,Prefeitura Municipal de Joca Marques - PI,RECEITA CORRENTE LÍQUIDA AJUSTADA PARA CÁLCULO DOS LIMITES DE ENDIVIDAMENTO,45687105.49,Até o 2º Quadrimestre
2025,municipio,2205458,Prefeitura Municipal de Joca Marques - PI,% da DC sobre a RCL AJUSTADA (I/VI),2.31,Até o 2º Quadrimestre
2025,municipio,2205458,Prefeitura Municipal de Joca Marques - PI,% da DCL sobre a RCL AJUSTADA,7.03,Até o 2º Quadrimestre
2025,municipio,2205508,Prefeitura Municipal de José de Freitas - PI,Precatórios (inclusive) Vencidos e Não Pagos,1135526.45,Até o 2º Quadrimestre
2025,municipio,2205508,Prefeitura Municipal de José de Freitas - PI,Disponibilidade de Caixa,-1584.19,Até o 2º Quadrimestre
2025,municipio,2205508,Prefeitura Municipal de José de Freitas - PI,Disponibilidade de Caixa Bruta,12663066.43,Até o 2º Quadrimestre
2025,municipio,2205508,Prefeitura Municipal de José de Freitas - PI,RECEITA CORRENTE LÍQUIDA,183990439.81,Até o 2º Quadrimestre
2025,municipio,2205508,Prefeitura Municipal de José de Freitas - PI,RECEITA CORRENTE LÍQUIDA AJUSTADA PARA CÁLCULO DOS LIMITES DE ENDIVIDAMENTO,177452417.81,Até o 2º Quadrimestre
2025,municipio,2205508,Prefeitura Municipal de José de Freitas - PI,Precatórios (Não incluídos na DC),3819858.09,Até o 2º Quadrimestre
2025,municipio,2205276,Prefeitura Municipal de Jatobá do Piauí - PI,DÍVIDA CONSOLIDADA,3737932.59,Até o 1º Semestre
2025,municipio,2205276,Prefeitura Municipal de Jatobá do Piauí - PI,Disponibilidade de Caixa,-3102090.76,Até o 1º Semestre
2025,municipio,2205276,Prefeitura Municipal de Jatobá do Piauí - PI,RECEITA CORRENTE LÍQUIDA,30671070.38,Até o 1º Semestre
2025,municipio,2205276,Prefeitura Municipal de Jatobá do Piauí - PI,% da DC sobre a RCL AJUSTADA (I/VI),12.39,Até o 1º Semestre
2025,municipio,2205276,Prefeitura Municipal de Jatobá do Piauí - PI,% da DCL sobre a RCL AJUSTADA,22.67,Até o 1º Semestre
2025,municipio,2205516,Prefeitura Municipal de Juazeiro do Piauí - PI,DÍVIDA CONSOLIDADA,685256.78,Até o 2º Quadrimestre
2025,municipio,2205516,Prefeitura Municipal de Juazeiro do Piauí - PI,Disponibilidade de Caixa,273008.7,Até o 2º Quadrimestre
2025,municipio,2205516,Prefeitura Municipal de Juazeiro do Piauí - PI,Disponibilidade de Caixa Bruta,2281616.1,Até o 2º Quadrimestre
2025,municipio,2205516,Prefeitura Municipal de Juazeiro do Piauí - PI,RECEITA CORRENTE LÍQUIDA,38669384.18,Até o 2º Quadrimestre
2025,municipio,2205516,Prefeitura Municipal de Juazeiro do Piauí - PI,RECEITA CORRENTE LÍQUIDA AJUSTADA PARA CÁLCULO DOS LIMITES DE ENDIVIDAMENTO,36905814.18,Até o 2º Quadrimestre
2025,municipio,2205516,Prefeitura Municipal de Juazeiro do Piauí - PI,% da DC sobre a RCL AJUSTADA (I/VI),1.86,Até o 2º Quadrimestre
2025,municipio,2205516,Prefeitura Municipal de Juazeiro do Piauí - PI,% da DCL sobre a RCL AJUSTADA,1.12,Até o 2º Quadrimestre
2025,municipio,2205359,Prefeitura Municipal de João Costa - PI,DÍVIDA CONSOLIDADA,344624.9,Até o 1º Semestre
2025,municipio,2205359,Prefeitura Municipal de João Costa - PI,Disponibilidade de Caixa,-1056718.77,Até o 1º Semestre
2025,municipio,2205359,Prefeitura Municipal de João Costa - PI,RECEITA CORRENTE LÍQUIDA,27302303.65,Até o 1º Semestre
2025,municipio,2205359,Prefeitura Municipal de João Costa - PI,% da DC sobre a RCL AJUSTADA (I/VI),1.27,Até o 1º Semestre
2025,municipio,2205359,Prefeitura Municipal de João Costa - PI,% da DCL sobre a RCL AJUSTADA,5.17,Até o 1º Semestre
2025,municipio,2205409,Prefeitura Municipal de Joaquim Pires - PI,DÍVIDA CONSOLIDADA,15821849.81,Até o 1º Semestre
2025,municipio,2205409,Prefeitura Municipal de Joaquim Pires - PI,Disponibilidade de Caixa,-1134751.25,Até o 1º Semestre
2025,municipio,2205409,Prefeitura Municipal de Joaquim Pires - PI,RECEITA CORRENTE LÍQUIDA,70404159.88,Até o 1º Semestre
2025,municipio,2205409,Prefeitura Municipal de Joaquim Pires - PI,% da DC sobre a RCL AJUSTADA (I/VI),22.47,Até o 1º Semestre
2025,municipio,2205409,Prefeitura Municipal de Joaquim Pires - PI,% da DCL sobre a RCL AJUSTADA,24.08,Até o 1º Semestre
2025,municipio,2205557,Prefeitura Municipal de Lagoa Alegre - PI,DÍVIDA CONSOLIDADA,10474809.01,Até o 2º Quadrimestre
2025,municipio,2205557,Prefeitura Municipal de Lagoa Alegre - PI,Disponibilidade de Caixa,-536111.22,Até o 2º Quadrimestre
2025,municipio,2205557,Prefeitura Municipal de Lagoa Alegre - PI,RECEITA CORRENTE LÍQUIDA,50010531.33,Até o 2º Quadrimestre
2025,municipio,2205557,Prefeitura Municipal de Lagoa Alegre - PI,RECEITA CORRENTE LÍQUIDA AJUSTADA PARA CÁLCULO DOS LIMITES DE ENDIVIDAMENTO,51269817.01,Até o 2º Quadrimestre
2025,municipio,2205557,Prefeitura Municipal de Lagoa Alegre - PI,% da DC sobre a RCL AJUSTADA (I/VI),20.43,Até o 2º Quadrimestre
2025,municipio,2205557,Prefeitura Municipal de Lagoa Alegre - PI,% da DCL sobre a RCL AJUSTADA,21.48,Até o 2º Quadrimestre
2025,municipio,2205524,Prefeitura Municipal de Júlio Borges - PI,DÍVIDA CONSOLIDADA,1887630.11,Até o 2º Quadrimestre
2025,municipio,2205524,Prefeitura Municipal de Júlio Borges - PI,Precatórios (inclusive) Vencidos e Não Pagos,137500.0,Até o 2º Quadrimestre
2025,municipio,2205524,Prefeitura Municipal de Júlio Borges - PI,Disponibilidade de Caixa,-574618.38,Até o 2º Quadrimestre
2025,municipio,2205524,Prefeitura Municipal de Júlio Borges - PI,RECEITA CORRENTE LÍQUIDA,42724623.95,Até o 2º Quadrimestre
2025,municipio,2205524,Prefeitura Municipal de Júlio Borges - PI,RECEITA CORRENTE LÍQUIDA AJUSTADA PARA CÁLCULO DOS LIMITES DE ENDIVIDAMENTO,42024623.95,Até o 2º Quadrimestre
2025,municipio,2205524,Prefeitura Municipal de Júlio Borges - PI,% da DC sobre a RCL AJUSTADA (I/VI),4.49,Até o 2º Quadrimestre
2025,municipio,2205524,Prefeitura Municipal de Júlio Borges - PI,% da DCL sobre a RCL AJUSTADA,5.86,Até o 2º Quadrimestre
2025,municipio,2205573,Prefeitura Municipal de Lagoa de São Francisco - PI,Disponibilidade de Caixa,15762563.84,Até o 2º Quadrimestre
2025,municipio,2205573,Prefeitura Municipal de Lagoa de São Francisco - PI,Disponibilidade de Caixa Bruta,16540843.88,Até o 2º Quadrimestre
2025,municipio,2205573,Prefeitura Municipal de Lagoa de São Francisco - PI,RECEITA CORRENTE LÍQUIDA,45983249.63,Até o 2º Quadrimestre
2025,municipio,2205573,Prefeitura Municipal de Lagoa de São Francisco - PI,RECEITA CORRENTE LÍQUIDA AJUSTADA PARA CÁLCULO DOS LIMITES DE ENDIVIDAMENTO,44783249.63,Até o 2º Quadrimestre
2025,municipio,2205573,Prefeitura Municipal de Lagoa de São Francisco - PI,% da DCL sobre a RCL AJUSTADA,-35.2,Até o 2º Quadrimestre
2025,municipio,2205532,Prefeitura Municipal de Jurema - PI,DÍVIDA CONSOLIDADA,3066149.75,Até o 1º Semestre
2025,municipio,2205532,Prefeitura Municipal de Jurema - PI,Disponibilidade de Caixa,3399391.44,Até o 1º Semestre
2025,municipio,2205532,Prefeitura Municipal de Jurema - PI,Disponibilidade de Caixa Bruta,4047602.44,Até o 1º Semestre
2025,municipio,2205532,Prefeitura Municipal de Jurema - PI,RECEITA CORRENTE LÍQUIDA,35320240.43,Até o 1º Semestre
2025,municipio,2205532,Prefeitura Municipal de Jurema - PI,% da DC sobre a RCL AJUSTADA (I/VI),8.68,Até o 1º Semestre
2025,municipio,2205532,Prefeitura Municipal de Jurema - PI,% da DCL sobre a RCL AJUSTADA,-0.94,Até o 1º Semestre
2025,municipio,2205581,Prefeitura Municipal de Lagoa do Piauí - PI,DÍVIDA CONSOLIDADA,13504608.72,Até o 2º Quadrimestre
2025,municipio,2205581,Prefeitura Municipal de Lagoa do Piauí - PI,Disponibilidade de Caixa,-445373.52,Até o 2º Quadrimestre
2025,municipio,2205581,Prefeitura Municipal de Lagoa do Piauí - PI,RECEITA CORRENTE LÍQUIDA,32626782.12,Até o 2º Quadrimestre
2025,municipio,2205581,Prefeitura Municipal de Lagoa do Piauí - PI,RECEITA CORRENTE LÍQUIDA AJUSTADA PARA CÁLCULO DOS LIMITES DE ENDIVIDAMENTO,31336874.83,Até o 2º Quadrimestre
2025,municipio,2205581,Prefeitura Municipal de Lagoa do Piauí - PI,% da DC sobre a RCL AJUSTADA (I/VI),43.09,Até o 2º Quadrimestre
2025,municipio,2205581,Prefeitura Municipal de Lagoa do Piauí - PI,% da DCL sobre a RCL AJUSTADA,44.52,Até o 2º Quadrimestre
2025,municipio,2205599,Prefeitura Municipal de Lagoa do Sítio - PI,Disponibilidade de Caixa,-1170552.11,Até o 2º Quadrimestre
2025,municipio,2205599,Prefeitura Municipal de Lagoa do Sítio - PI,Disponibilidade de Caixa Bruta,1546747.88,Até o 2º Quadrimestre
2025,municipio,2205599,Prefeitura Municipal de Lagoa do Sítio - PI,RECEITA CORRENTE LÍQUIDA,32764692.11,Até o 2º Quadrimestre
2025,municipio,2205599,Prefeitura Municipal de Lagoa do Sítio - PI,RECEITA CORRENTE LÍQUIDA AJUSTADA PARA CÁLCULO DOS LIMITES DE ENDIVIDAMENTO,31614692.11,Até o 2º Quadrimestre
2025,municipio,2205599,Prefeitura Municipal de Lagoa do Sítio - PI,% da DCL sobre a RCL AJUSTADA,3.7,Até o 2º Quadrimestre
2025,municipio,2205540,Prefeitura Municipal de Lagoinha do Piauí - PI,Disponibilidade de Caixa,5787734.85,Até o 2º Quadrimestre
2025,municipio,2205540,Prefeitura Municipal de Lagoinha do Piauí - PI,Disponibilidade de Caixa Bruta,7052641.05,Até o 2º Quadrimestre
2025,municipio,2205540,Prefeitura Municipal de Lagoinha do Piauí - PI,RECEITA CORRENTE LÍQUIDA,16051271.8,Até o 2º Quadrimestre
2025,municipio,2205540,Prefeitura Municipal de Lagoinha do Piauí - PI,RECEITA CORRENTE LÍQUIDA AJUSTADA PARA CÁLCULO DOS LIMITES DE ENDIVIDAMENTO,15851271.8,Até o 2º Quadrimestre
2025,municipio,2205540,Prefeitura Municipal de Lagoinha do Piauí - PI,% da DCL sobre a RCL AJUSTADA,-36.51,Até o 2º Quadrimestre
2025,municipio,2205607,Prefeitura Municipal de Landri Sales - PI,DÍVIDA CONSOLIDADA,5186058.56,Até o 2º Quadrimestre
2025,municipio,2205607,Prefeitura Municipal de Landri Sales - PI,Disponibilidade de Caixa,3616595.71,Até o 2º Quadrimestre
2025,municipio,2205607,Prefeitura Municipal de Landri Sales - PI,Disponibilidade de Caixa Bruta,4844965.42,Até o 2º Quadrimestre
2025,municipio,2205607,Prefeitura Municipal de Landri Sales - PI,RECEITA CORRENTE LÍQUIDA,45271405.67,Até o 2º Quadrimestre
2025,municipio,2205607,Prefeitura Municipal de Landri Sales - PI,RECEITA CORRENTE LÍQUIDA AJUSTADA PARA CÁLCULO DOS LIMITES DE ENDIVIDAMENTO,44068430.67,Até o 2º Quadrimestre
2025,municipio,2205607,Prefeitura Municipal de Landri Sales - PI,% da DC sobre a RCL AJUSTADA (I/VI),11.77,Até o 2º Quadrimestre
2025,municipio,2205607,Prefeitura Municipal de Landri Sales - PI,% da DCL sobre a RCL AJUSTADA,3.56,Até o 2º Quadrimestre
2025,municipio,2205565,Prefeitura Municipal de Lagoa do Barro do Piauí - PI,DÍVIDA CONSOLIDADA,319751.86,Até o 1º Semestre
2025,municipio,2205565,Prefeitura Municipal de Lagoa do Barro do Piauí - PI,Precatórios (inclusive) Vencidos e Não Pagos,112113.14,Até o 1º Semestre
2025,municipio,2205565,Prefeitura Municipal de Lagoa do Barro do Piauí - PI,Disponibilidade de Caixa,-257063.28,Até o 1º Semestre
2025,municipio,2205565,Prefeitura Municipal de Lagoa do Barro do Piauí - PI,RECEITA CORRENTE LÍQUIDA,66669967.63,Até o 1º Semestre
2025,municipio,2205565,Prefeitura Municipal de Lagoa do Barro do Piauí - PI,% da DC sobre a RCL AJUSTADA (I/VI),0.48,Até o 1º Semestre
2025,municipio,2205565,Prefeitura Municipal de Lagoa do Barro do Piauí - PI,% da DCL sobre a RCL AJUSTADA,0.87,Até o 1º Semestre
2025,municipio,2205854,Prefeitura Municipal de Madeiro - PI,DÍVIDA CONSOLIDADA,1498825.57,Até o 2º Quadrimestre
2025,municipio,2205854,Prefeitura Municipal de Madeiro - PI,Disponibilidade de Caixa,-3410821.12,Até o 2º Quadrimestre
2025,municipio,2205854,Prefeitura Municipal de Madeiro - PI,Disponibilidade de Caixa Bruta,3596464.68,Até o 2º Quadrimestre
2025,municipio,2205854,Prefeitura Municipal de Madeiro - PI,RECEITA CORRENTE LÍQUIDA,40817000.5,Até o 2º Quadrimestre
2025,municipio,2205854,Prefeitura Municipal de Madeiro - PI,RECEITA CORRENTE LÍQUIDA AJUSTADA PARA CÁLCULO DOS LIMITES DE ENDIVIDAMENTO,39987029.5,Até o 2º Quadrimestre
2025,municipio,2205854,Prefeitura Municipal de Madeiro - PI,% da DC sobre a RCL AJUSTADA (I/VI),3.75,Até o 2º Quadrimestre
2025,municipio,2205854,Prefeitura Municipal de Madeiro - PI,% da DCL sobre a RCL AJUSTADA,11.02,Até o 2º Quadrimestre
2025,municipio,2205854,Prefeitura Municipal de Madeiro - PI,Precatórios (Não incluídos na DC),-19594.22,Até o 2º Quadrimestre
2025,municipio,2205904,Prefeitura Municipal de Manoel Emídio - PI,DÍVIDA CONSOLIDADA,708594.68,Até o 2º Quadrimestre
2025,municipio,2205904,Prefeitura Municipal de Manoel Emídio - PI,Precatórios (inclusive) Vencidos e Não Pagos,225720.4,Até o 2º Quadrimestre
2025,municipio,2205904,Prefeitura Municipal de Manoel Emídio - PI,Disponibilidade de Caixa,-817910.17,Até o 2º Quadrimestre
2025,municipio,2205904,Prefeitura Municipal de Manoel Emídio - PI,RECEITA CORRENTE LÍQUIDA,34385635.89,Até o 2º Quadrimestre
2025,municipio,2205904,Prefeitura Municipal de Manoel Emídio - PI,RECEITA CORRENTE LÍQUIDA AJUSTADA PARA CÁLCULO DOS LIMITES DE ENDIVIDAMENTO,32675835.89,Até o 2º Quadrimestre
2025,municipio,2205904,Prefeitura Municipal de Manoel Emídio - PI,% da DC sobre a RCL AJUSTADA (I/VI),2.17,Até o 2º Quadrimestre
2025,municipio,2205904,Prefeitura Municipal de Manoel Emídio - PI,% da DCL sobre a RCL AJUSTADA,4.67,Até o 2º Quadrimestre
2025,municipio,2206001,Prefeitura Municipal de Marcos Parente - PI,DÍVIDA CONSOLIDADA,772432.07,Até o 2º Quadrimestre
2025,municipio,2206001,Prefeitura Municipal de Marcos Parente - PI,Disponibilidade de Caixa,-654844.41,Até o 2º Quadrimestre
2025,municipio,2206001,Prefeitura Municipal de Marcos Parente - PI,RECEITA CORRENTE LÍQUIDA,28951837.68,Até o 2º Quadrimestre
2025,municipio,2206001,Prefeitura Municipal de Marcos Parente - PI,RECEITA CORRENTE LÍQUIDA AJUSTADA PARA CÁLCULO DOS LIMITES DE ENDIVIDAMENTO,28951837.68,Até o 2º Quadrimestre
2025,municipio,2206001,Prefeitura Municipal de Marcos Parente - PI,% da DC sobre a RCL AJUSTADA (I/VI),2.67,Até o 2º Quadrimestre
2025,municipio,2206001,Prefeitura Municipal de Marcos Parente - PI,% da DCL sobre a RCL AJUSTADA,4.93,Até o 2º Quadrimestre
2025,municipio,2206050,Prefeitura Municipal de Massapê do Piauí - PI,DÍVIDA CONSOLIDADA,4445074.36,Até o 2º Quadrimestre
2025,municipio,2206050,Prefeitura Municipal de Massapê do Piauí - PI,Precatórios (inclusive) Vencidos e Não Pagos,-68696.68,Até o 2º Quadrimestre
2025,municipio,2206050,Prefeitura Municipal de Massapê do Piauí - PI,Disponibilidade de Caixa,-172524.39,Até o 2º Quadrimestre
2025,municipio,2206050,Prefeitura Municipal de Massapê do Piauí - PI,RECEITA CORRENTE LÍQUIDA,32791251.77,Até o 2º Quadrimestre
2025,municipio,2206050,Prefeitura Municipal de Massapê do Piauí - PI,RECEITA CORRENTE LÍQUIDA AJUSTADA PARA CÁLCULO DOS LIMITES DE ENDIVIDAMENTO,31541251.77,Até o 2º Quadrimestre
2025,municipio,2206050,Prefeitura Municipal de Massapê do Piauí - PI,% da DC sobre a RCL AJUSTADA (I/VI),14.09,Até o 2º Quadrimestre
2025,municipio,2206050,Prefeitura Municipal de Massapê do Piauí - PI,% da DCL sobre a RCL AJUSTADA,14.64,Até o 2º Quadrimestre
2025,municipio,2205805,Prefeitura Municipal de Luzilândia - PI,DÍVIDA CONSOLIDADA,14689823.76,Até o 1º Semestre
2025,municipio,2205805,Prefeitura Municipal de Luzilândia - PI,Disponibilidade de Caixa,-16480896.64,Até o 1º Semestre
2025,municipio,2205805,Prefeitura Municipal de Luzilândia - PI,RECEITA CORRENTE LÍQUIDA,140618526.56,Até o 1º Semestre
2025,municipio,2205805,Prefeitura Municipal de Luzilândia - PI,% da DC sobre a RCL AJUSTADA (I/VI),10.48,Até o 1º Semestre
2025,municipio,2205805,Prefeitura Municipal de Luzilândia - PI,% da DCL sobre a RCL AJUSTADA,22.24,Até o 1º Semestre
2025,municipio,2205706,Prefeitura Municipal de Luís Correia - PI,DÍVIDA CONSOLIDADA,12155596.91,Até o 1º Semestre
2025,municipio,2205706,Prefeitura Municipal de Luís Correia - PI,Precatórios (inclusive) Vencidos e Não Pagos,3261.56,Até o 1º Semestre
2025,municipio,2205706,Prefeitura Municipal de Luís Correia - PI,Disponibilidade de Caixa,-5189026.59,Até o 1º Semestre
2025,municipio,2205706,Prefeitura Municipal de Luís Correia - PI,RECEITA CORRENTE LÍQUIDA,143222636.34,Até o 1º Semestre
2025,municipio,2205706,Prefeitura Municipal de Luís Correia - PI,% da DC sobre a RCL AJUSTADA (I/VI),8.43,Até o 1º Semestre
2025,municipio,2205706,Prefeitura Municipal de Luís Correia - PI,% da DCL sobre a RCL AJUSTADA,12.03,Até o 1º Semestre
2025,municipio,2206100,Prefeitura Municipal de Matias Olímpio - PI,DÍVIDA CONSOLIDADA,6555954.07,Até o 2º Quadrimestre
2025,municipio,2206100,Prefeitura Municipal de Matias Olímpio - PI,Precatórios (inclusive) Vencidos e Não Pagos,177449.45,Até o 2º Quadrimestre
2025,municipio,2206100,Prefeitura Municipal de Matias Olímpio - PI,Disponibilidade de Caixa,-5529960.06,Até o 2º Quadrimestre
2025,municipio,2206100,Prefeitura Municipal de Matias Olímpio - PI,RECEITA CORRENTE LÍQUIDA,59157555.91,Até o 2º Quadrimestre
2025,municipio,2206100,Prefeitura Municipal de Matias Olímpio - PI,RECEITA CORRENTE LÍQUIDA AJUSTADA PARA CÁLCULO DOS LIMITES DE ENDIVIDAMENTO,55792855.91,Até o 2º Quadrimestre
2025,municipio,2206100,Prefeitura Municipal de Matias Olímpio - PI,% da DC sobre a RCL AJUSTADA (I/VI),11.75,Até o 2º Quadrimestre
2025,municipio,2206100,Prefeitura Municipal de Matias Olímpio - PI,% da DCL sobre a RCL AJUSTADA,21.66,Até o 2º Quadrimestre
2025,municipio,2205953,Prefeitura Municipal de Marcolândia - PI,DÍVIDA CONSOLIDADA,2785296.08,Até o 1º Semestre
2025,municipio,2205953,Prefeitura Municipal de Marcolândia - PI,Disponibilidade de Caixa,5682584.58,Até o 1º Semestre
2025,municipio,2205953,Prefeitura Municipal de Marcolândia - PI,Disponibilidade de Caixa Bruta,6049733.19,Até o 1º Semestre
2025,municipio,2205953,Prefeitura Municipal de Marcolândia - PI,RECEITA CORRENTE LÍQUIDA,63903420.2,Até o 1º Semestre
2025,municipio,2205953,Prefeitura Municipal de Marcolândia - PI,% da DC sobre a RCL AJUSTADA (I/VI),4.4,Até o 1º Semestre
2025,municipio,2205953,Prefeitura Municipal de Marcolândia - PI,% da DCL sobre a RCL AJUSTADA,-4.57,Até o 1º Semestre
2025,municipio,2206209,Prefeitura Municipal de Miguel Alves - PI,DÍVIDA CONSOLIDADA,59967948.23,Até o 2º Quadrimestre
2025,municipio,2206209,Prefeitura Municipal de Miguel Alves - PI,Precatórios (inclusive) Vencidos e Não Pagos,10338369.52,Até o 2º Quadrimestre
2025,municipio,2206209,Prefeitura Municipal de Miguel Alves - PI,Disponibilidade de Caixa,-11309837.74,Até o 2º Quadrimestre
2025,municipio,2206209,Prefeitura Municipal de Miguel Alves - PI,RECEITA CORRENTE LÍQUIDA,209051960.5,Até o 2º Quadrimestre
2025,municipio,2206209,Prefeitura Municipal de Miguel Alves - PI,RECEITA CORRENTE LÍQUIDA AJUSTADA PARA CÁLCULO DOS LIMITES DE ENDIVIDAMENTO,207563967.5,Até o 2º Quadrimestre
2025,municipio,2206209,Prefeitura Municipal de Miguel Alves - PI,% da DC sobre a RCL AJUSTADA (I/VI),28.89,Até o 2º Quadrimestre
2025,municipio,2206209,Prefeitura Municipal de Miguel Alves - PI,% da DCL sobre a RCL AJUSTADA,34.34,Até o 2º Quadrimestre
2025,municipio,2206407,Prefeitura Municipal de Monsenhor Gil - PI,DÍVIDA CONSOLIDADA,86129.11,Até o 2º Quadrimestre
2025,municipio,2206407,Prefeitura Municipal de Monsenhor Gil - PI,Precatórios (inclusive) Vencidos e Não Pagos,727.6,Até o 2º Quadrimestre
2025,municipio,2206407,Prefeitura Municipal de Monsenhor Gil - PI,Disponibilidade de Caixa,7464140.89,Até o 2º Quadrimestre
2025,municipio,2206407,Prefeitura Municipal de Monsenhor Gil - PI,Disponibilidade de Caixa Bruta,7845994.6,Até o 2º Quadrimestre
2025,municipio,2206407,Prefeitura Municipal de Monsenhor Gil - PI,RECEITA CORRENTE LÍQUIDA,27410375.05,Até o 2º Quadrimestre
2025,municipio,2206407,Prefeitura Municipal de Monsenhor Gil - PI,RECEITA CORRENTE LÍQUIDA AJUSTADA PARA CÁLCULO DOS LIMITES DE ENDIVIDAMENTO,26629417.05,Até o 2º Quadrimestre
2025,municipio,2206407,Prefeitura Municipal de Monsenhor Gil - PI,% da DC sobre a RCL AJUSTADA (I/VI),0.32,Até o 2º Quadrimestre
2025,municipio,2206407,Prefeitura Municipal de Monsenhor Gil - PI,% da DCL sobre a RCL AJUSTADA,-28.33,Até o 2º Quadrimestre
2025,municipio,2206407,Prefeitura Municipal de Monsenhor Gil - PI,Precatórios (Não incluídos na DC),509195.63,Até o 2º Quadrimestre
2025,municipio,2206308,Prefeitura Municipal de Miguel Leão - PI,DÍVIDA CONSOLIDADA,3338109.46,Até o 2º Quadrimestre
2025,municipio,2206308,Prefeitura Municipal de Miguel Leão - PI,Disponibilidade de Caixa,-546624.24,Até o 2º Quadrimestre
2025,municipio,2206308,Prefeitura Municipal de Miguel Leão - PI,RECEITA CORRENTE LÍQUIDA,22307157.54,Até o 2º Quadrimestre
2025,municipio,2206308,Prefeitura Municipal de Miguel Leão - PI,RECEITA CORRENTE LÍQUIDA AJUSTADA PARA CÁLCULO DOS LIMITES DE ENDIVIDAMENTO,21372157.54,Até o 2º Quadrimestre
2025,municipio,2206308,Prefeitura Municipal de Miguel Leão - PI,% da DC sobre a RCL AJUSTADA (I/VI),15.62,Até o 2º Quadrimestre
2025,municipio,2206308,Prefeitura Municipal de Miguel Leão - PI,% da DCL sobre a RCL AJUSTADA,18.18,Até o 2º Quadrimestre
2025,municipio,2206605,Prefeitura Municipal de Monte Alegre do Piauí - PI,DÍVIDA CONSOLIDADA,5102.68,Até o 2º Quadrimestre
2025,municipio,2206605,Prefeitura Municipal de Monte Alegre do Piauí - PI,Precatórios (inclusive) Vencidos e Não Pagos,5102.68,Até o 2º Quadrimestre
2025,municipio,2206605,Prefeitura Municipal de Monte Alegre do Piauí - PI,Disponibilidade de Caixa,-1256946.02,Até o 2º Quadrimestre
2025,municipio,2206605,Prefeitura Municipal de Monte Alegre do Piauí - PI,Disponibilidade de Caixa Bruta,4952155.5,Até o 2º Quadrimestre
2025,municipio,2206605,Prefeitura Municipal de Monte Alegre do Piauí - PI,RECEITA CORRENTE LÍQUIDA,72839343.71,Até o 2º Quadrimestre
2025,municipio,2206605,Prefeitura Municipal de Monte Alegre do Piauí - PI,RECEITA CORRENTE LÍQUIDA AJUSTADA PARA CÁLCULO DOS LIMITES DE ENDIVIDAMENTO,72839343.71,Até o 2º Quadrimestre
2025,municipio,2206605,Prefeitura Municipal de Monte Alegre do Piauí - PI,% da DC sobre a RCL AJUSTADA (I/VI),0.01,Até o 2º Quadrimestre
2025,municipio,2206605,Prefeitura Municipal de Monte Alegre do Piauí - PI,% da DCL sobre a RCL AJUSTADA,-0.84,Até o 2º Quadrimestre
2025,municipio,2206605,Prefeitura Municipal de Monte Alegre do Piauí - PI,Precatórios (Não incluídos na DC),1805213.31,Até o 2º Quadrimestre
2025,municipio,2206654,Prefeitura Municipal de Morro Cabeça no Tempo - PI,DÍVIDA CONSOLIDADA,1645941.48,Até o 2º Quadrimestre
2025,municipio,2206654,Prefeitura Municipal de Morro Cabeça no Tempo - PI,Precatórios (inclusive) Vencidos e Não Pagos,64000.0,Até o 2º Quadrimestre
2025,municipio,2206654,Prefeitura Municipal de Morro Cabeça no Tempo - PI,Disponibilidade de Caixa,-980440.36,Até o 2º Quadrimestre
2025,municipio,2206654,Prefeitura Municipal de Morro Cabeça no Tempo - PI,RECEITA CORRENTE LÍQUIDA,42124942.13,Até o 2º Quadrimestre
2025,municipio,2206654,Prefeitura Municipal de Morro Cabeça no Tempo - PI,RECEITA CORRENTE LÍQUIDA AJUSTADA PARA CÁLCULO DOS LIMITES DE ENDIVIDAMENTO,40954942.13,Até o 2º Quadrimestre
2025,municipio,2206654,Prefeitura Municipal de Morro Cabeça no Tempo - PI,% da DC sobre a RCL AJUSTADA (I/VI),4.02,Até o 2º Quadrimestre
2025,municipio,2206654,Prefeitura Municipal de Morro Cabeça no Tempo - PI,% da DCL sobre a RCL AJUSTADA,6.41,Até o 2º Quadrimestre
2025,municipio,2206696,Prefeitura Municipal de Murici dos Portelas - PI,DÍVIDA CONSOLIDADA,655268.37,Até o 2º Quadrimestre
2025,municipio,2206696,Prefeitura Municipal de Murici dos Portelas - PI,Precatórios (inclusive) Vencidos e Não Pagos,-13808.84,Até o 2º Quadrimestre
2025,municipio,2206696,Prefeitura Municipal de Murici dos Portelas - PI,Disponibilidade de Caixa,-1647772.38,Até o 2º Quadrimestre
2025,municipio,2206696,Prefeitura Municipal de Murici dos Portelas - PI,RECEITA CORRENTE LÍQUIDA,46358257.92,Até o 2º Quadrimestre
2025,municipio,2206696,Prefeitura Municipal de Murici dos Portelas - PI,RECEITA CORRENTE LÍQUIDA AJUSTADA PARA CÁLCULO DOS LIMITES DE ENDIVIDAMENTO,45658257.92,Até o 2º Quadrimestre
2025,municipio,2206696,Prefeitura Municipal de Murici dos Portelas - PI,% da DC sobre a RCL AJUSTADA (I/VI),1.44,Até o 2º Quadrimestre
2025,municipio,2206696,Prefeitura Municipal de Murici dos Portelas - PI,% da DCL sobre a RCL AJUSTADA,5.04,Até o 2º Quadrimestre
2025,municipio,2206506,Prefeitura Municipal de Monsenhor Hipólito - PI,DÍVIDA CONSOLIDADA,1281856.29,Até o 1º Semestre
2025,municipio,2206506,Prefeitura Municipal de Monsenhor Hipólito - PI,Disponibilidade de Caixa,6209362.63,Até o 1º Semestre
2025,municipio,2206506,Prefeitura Municipal de Monsenhor Hipólito - PI,Disponibilidade de Caixa Bruta,6422982.71,Até o 1º Semestre
2025,municipio,2206506,Prefeitura Municipal de Monsenhor Hipólito - PI,RECEITA CORRENTE LÍQUIDA,47175243.25,Até o 1º Semestre
2025,municipio,2206506,Prefeitura Municipal de Monsenhor Hipólito - PI,% da DC sobre a RCL AJUSTADA (I/VI),2.74,Até o 1º Semestre
2025,municipio,2206506,Prefeitura Municipal de Monsenhor Hipólito - PI,% da DCL sobre a RCL AJUSTADA,-10.53,Até o 1º Semestre
2025,municipio,2206753,Prefeitura Municipal de Nossa Senhora de Nazaré - PI,DÍVIDA CONSOLIDADA,12299596.02,Até o 2º Quadrimestre
2025,municipio,2206753,Prefeitura Municipal de Nossa Senhora de Nazaré - PI,Precatórios (inclusive) Vencidos e Não Pagos,96394.47,Até o 2º Quadrimestre
2025,municipio,2206753,Prefeitura Municipal de Nossa Senhora de Nazaré - PI,Disponibilidade de Caixa,-5017493.86,Até o 2º Quadrimestre
2025,municipio,2206753,Prefeitura Municipal de Nossa Senhora de Nazaré - PI,RECEITA CORRENTE LÍQUIDA,49636004.14,Até o 2º Quadrimestre
2025,municipio,2206753,Prefeitura Municipal de Nossa Senhora de Nazaré - PI,RECEITA CORRENTE LÍQUIDA AJUSTADA PARA CÁLCULO DOS LIMITES DE ENDIVIDAMENTO,48336004.14,Até o 2º Quadrimestre
2025,municipio,2206753,Prefeitura Municipal de Nossa Senhora de Nazaré - PI,% da DC sobre a RCL AJUSTADA (I/VI),25.45,Até o 2º Quadrimestre
2025,municipio,2206753,Prefeitura Municipal de Nossa Senhora de Nazaré - PI,% da DCL sobre a RCL AJUSTADA,35.83,Até o 2º Quadrimestre
2025,municipio,2206753,Prefeitura Municipal de Nossa Senhora de Nazaré - PI,Precatórios (Não incluídos na DC),49803.14,Até o 2º Quadrimestre
2025,municipio,2206704,Prefeitura Municipal de Nazaré do Piauí - PI,DÍVIDA CONSOLIDADA,449943.72,Até o 1º Quadrimestre
2025,municipio,2206704,Prefeitura Municipal de Nazaré do Piauí - PI,Disponibilidade de Caixa,1702998.61,Até o 1º Quadrimestre
2025,municipio,2206704,Prefeitura Municipal de Nazaré do Piauí - PI,Disponibilidade de Caixa Bruta,2373637.35,Até o 1º Quadrimestre
2025,municipio,2206704,Prefeitura Municipal de Nazaré do Piauí - PI,RECEITA CORRENTE LÍQUIDA,36955481.7,Até o 1º Quadrimestre
2025,municipio,2206704,Prefeitura Municipal de Nazaré do Piauí - PI,RECEITA CORRENTE LÍQUIDA AJUSTADA PARA CÁLCULO DOS LIMITES DE ENDIVIDAMENTO,35805481.7,Até o 1º Quadrimestre
2025,municipio,2206704,Prefeitura Municipal de Nazaré do Piauí - PI,% da DC sobre a RCL AJUSTADA (I/VI),1.26,Até o 1º Quadrimestre
2025,municipio,2206704,Prefeitura Municipal de Nazaré do Piauí - PI,% da DCL sobre a RCL AJUSTADA,-3.5,Até o 1º Quadrimestre
2025,municipio,2206803,Prefeitura Municipal de Nossa Senhora dos Remédios - PI,DÍVIDA CONSOLIDADA,3520936.18,Até o 2º Quadrimestre
2025,municipio,2206803,Prefeitura Municipal de Nossa Senhora dos Remédios - PI,Disponibilidade de Caixa,4797062.15,Até o 2º Quadrimestre
2025,municipio,2206803,Prefeitura Municipal de Nossa Senhora dos Remédios - PI,Disponibilidade de Caixa Bruta,7180220.8,Até o 2º Quadrimestre
2025,municipio,2206803,Prefeitura Municipal de Nossa Senhora dos Remédios - PI,RECEITA CORRENTE LÍQUIDA,78966580.54,Até o 2º Quadrimestre
2025,municipio,2206803,Prefeitura Municipal de Nossa Senhora dos Remédios - PI,RECEITA CORRENTE LÍQUIDA AJUSTADA PARA CÁLCULO DOS LIMITES DE ENDIVIDAMENTO,77758268.54,Até o 2º Quadrimestre
2025,municipio,2206803,Prefeitura Municipal de Nossa Senhora dos Remédios - PI,% da DC sobre a RCL AJUSTADA (I/VI),4.53,Até o 2º Quadrimestre
2025,municipio,2206803,Prefeitura Municipal de Nossa Senhora dos Remédios - PI,% da DCL sobre a RCL AJUSTADA,-1.64,Até o 2º Quadrimestre
2025,municipio,2206357,Prefeitura Municipal de Milton Brandão - PI,DÍVIDA CONSOLIDADA,36918.41,Até o 1º Semestre
2025,municipio,2206357,Prefeitura Municipal de Milton Brandão - PI,Precatórios (inclusive) Vencidos e Não Pagos,410.52,Até o 1º Semestre
2025,municipio,2206357,Prefeitura Municipal de Milton Brandão - PI,Disponibilidade de Caixa,-402024.61,Até o 1º Semestre
2025,municipio,2206357,Prefeitura Municipal de Milton Brandão - PI,RECEITA CORRENTE LÍQUIDA,32483642.27,Até o 1º Semestre
2025,municipio,2206357,Prefeitura Municipal de Milton Brandão - PI,% da DC sobre a RCL AJUSTADA (I/VI),0.12,Até o 1º Semestre
2025,municipio,2206357,Prefeitura Municipal de Milton Brandão - PI,% da DCL sobre a RCL AJUSTADA,1.39,Até o 1º Semestre
2025,municipio,2206670,Prefeitura Municipal de Morro do Chapéu do Piauí - PI,DÍVIDA CONSOLIDADA,410698.63,Até o 1º Semestre
2025,municipio,2206670,Prefeitura Municipal de Morro do Chapéu do Piauí - PI,Disponibilidade de Caixa,6410114.65,Até o 1º Semestre
2025,municipio,2206670,Prefeitura Municipal de Morro do Chapéu do Piauí - PI,Disponibilidade de Caixa Bruta,6525139.99,Até o 1º Semestre
2025,municipio,2206670,Prefeitura Municipal de Morro do Chapéu do Piauí - PI,RECEITA CORRENTE LÍQUIDA,44885976.2,Até o 1º Semestre
2025,municipio,2206670,Prefeitura Municipal de Morro do Chapéu do Piauí - PI,% da DC sobre a RCL AJUSTADA (I/VI),0.93,Até o 1º Semestre
2025,municipio,2206670,Prefeitura Municipal de Morro do Chapéu do Piauí - PI,% da DCL sobre a RCL AJUSTADA,-13.58,Até o 1º Semestre
2025,municipio,2206720,Prefeitura Municipal de Nazária - PI,DÍVIDA CONSOLIDADA,3116782.95,Até o 1º Semestre
2025,municipio,2206720,Prefeitura Municipal de Nazária - PI,Disponibilidade de Caixa,24808516.46,Até o 1º Semestre
2025,municipio,2206720,Prefeitura Municipal de Nazária - PI,Disponibilidade de Caixa Bruta,25629991.2,Até o 1º Semestre
2025,municipio,2206720,Prefeitura Municipal de Nazária - PI,RECEITA CORRENTE LÍQUIDA,53938194.63,Até o 1º Semestre
2025,municipio,2206720,Prefeitura Municipal de Nazária - PI,% da DC sobre a RCL AJUSTADA (I/VI),5.78,Até o 1º Semestre
2025,municipio,2206720,Prefeitura Municipal de Nazária - PI,% da DCL sobre a RCL AJUSTADA,-40.22,Até o 1º Semestre
2025,municipio,2206902,Prefeitura Municipal de Novo Oriente do Piauí - PI,DÍVIDA CONSOLIDADA,3578226.25,Até o 2º Quadrimestre
2025,municipio,2206902,Prefeitura Municipal de Novo Oriente do Piauí - PI,Disponibilidade de Caixa,-1934754.35,Até o 2º Quadrimestre
2025,municipio,2206902,Prefeitura Municipal de Novo Oriente do Piauí - PI,RECEITA CORRENTE LÍQUIDA,34788295.44,Até o 2º Quadrimestre
2025,municipio,2206902,Prefeitura Municipal de Novo Oriente do Piauí - PI,RECEITA CORRENTE LÍQUIDA AJUSTADA PARA CÁLCULO DOS LIMITES DE ENDIVIDAMENTO,33438295.44,Até o 2º Quadrimestre
2025,municipio,2206902,Prefeitura Municipal de Novo Oriente do Piauí - PI,% da DC sobre a RCL AJUSTADA (I/VI),10.7,Até o 2º Quadrimestre
2025,municipio,2206902,Prefeitura Municipal de Novo Oriente do Piauí - PI,% da DCL sobre a RCL AJUSTADA,16.49,Até o 2º Quadrimestre
2025,municipio,2207959,Prefeitura Municipal de Nova Santa Rita - PI,DÍVIDA CONSOLIDADA,5619889.83,Até o 1º Semestre
2025,municipio,2207959,Prefeitura Municipal de Nova Santa Rita - PI,Disponibilidade de Caixa,2170585.12,Até o 1º Semestre
2025,municipio,2207959,Prefeitura Municipal de Nova Santa Rita - PI,Disponibilidade de Caixa Bruta,2682516.4,Até o 1º Semestre
2025,municipio,2207959,Prefeitura Municipal de Nova Santa Rita - PI,RECEITA CORRENTE LÍQUIDA,26760267.24,Até o 1º Semestre
2025,municipio,2207959,Prefeitura Municipal de Nova Santa Rita - PI,% da DC sobre a RCL AJUSTADA (I/VI),21.16,Até o 1º Semestre
2025,municipio,2207959,Prefeitura Municipal de Nova Santa Rita - PI,% da DCL sobre a RCL AJUSTADA,12.99,Até o 1º Semestre
2025,municipio,2207306,Prefeitura Municipal de Paes Landim - PI,DÍVIDA CONSOLIDADA,2076601.16,Até o 2º Quadrimestre
2025,municipio,2207306,Prefeitura Municipal de Paes Landim - PI,Disponibilidade de Caixa,-3652845.13,Até o 2º Quadrimestre
2025,municipio,2207306,Prefeitura Municipal de Paes Landim - PI,RECEITA CORRENTE LÍQUIDA,32457316.5,Até o 2º Quadrimestre
2025,municipio,2207306,Prefeitura Municipal de Paes Landim - PI,RECEITA CORRENTE LÍQUIDA AJUSTADA PARA CÁLCULO DOS LIMITES DE ENDIVIDAMENTO,32006383.33,Até o 2º Quadrimestre
2025,municipio,2207306,Prefeitura Municipal de Paes Landim - PI,% da DC sobre a RCL AJUSTADA (I/VI),6.49,Até o 2º Quadrimestre
2025,municipio,2207306,Prefeitura Municipal de Paes Landim - PI,% da DCL sobre a RCL AJUSTADA,17.9,Até o 2º Quadrimestre
2025,municipio,2207009,Prefeitura Municipal de Oeiras - PI,DÍVIDA CONSOLIDADA,425405.03,Até o 2º Quadrimestre
2025,municipio,2207009,Prefeitura Municipal de Oeiras - PI,Precatórios (inclusive) Vencidos e Não Pagos,425405.03,Até o 2º Quadrimestre
2025,municipio,2207009,Prefeitura Municipal de Oeiras - PI,Disponibilidade de Caixa,-11200849.24,Até o 2º Quadrimestre
2025,municipio,2207009,Prefeitura Municipal de Oeiras - PI,Disponibilidade de Caixa Bruta,2063729.61,Até o 2º Quadrimestre
2025,municipio,2207009,Prefeitura Municipal de Oeiras - PI,RECEITA CORRENTE LÍQUIDA,84995257.66,Até o 2º Quadrimestre
2025,municipio,2207009,Prefeitura Municipal de Oeiras - PI,RECEITA CORRENTE LÍQUIDA AJUSTADA PARA CÁLCULO DOS LIMITES DE ENDIVIDAMENTO,84195257.66,Até o 2º Quadrimestre
2025,municipio,2207009,Prefeitura Municipal de Oeiras - PI,% da DC sobre a RCL AJUSTADA (I/VI),0.51,Até o 2º Quadrimestre
2025,municipio,2207009,Prefeitura Municipal de Oeiras - PI,% da DCL sobre a RCL AJUSTADA,11.22,Até o 2º Quadrimestre
2025,municipio,2207009,Prefeitura Municipal de Oeiras - PI,Precatórios (Não incluídos na DC),151810000.0,Até o 2º Quadrimestre
2025,municipio,2206951,Prefeitura Municipal de Novo Santo Antônio - PI,DÍVIDA CONSOLIDADA,973211.37,Até o 1º Quadrimestre
2025,municipio,2206951,Prefeitura Municipal de Novo Santo Antônio - PI,Disponibilidade de Caixa,-207989.19,Até o 1º Quadrimestre
2025,municipio,2206951,Prefeitura Municipal de Novo Santo Antônio - PI,RECEITA CORRENTE LÍQUIDA,23961564.04,Até o 1º Quadrimestre
2025,municipio,2206951,Prefeitura Municipal de Novo Santo Antônio - PI,RECEITA CORRENTE LÍQUIDA AJUSTADA PARA CÁLCULO DOS LIMITES DE ENDIVIDAMENTO,22815560.91,Até o 1º Quadrimestre
2025,municipio,2206951,Prefeitura Municipal de Novo Santo Antônio - PI,% da DC sobre a RCL AJUSTADA (I/VI),4.27,Até o 1º Quadrimestre
2025,municipio,2206951,Prefeitura Municipal de Novo Santo Antônio - PI,% da DCL sobre a RCL AJUSTADA,5.18,Até o 1º Quadrimestre
2025,municipio,2207504,Prefeitura Municipal de Palmeirais - PI,DÍVIDA CONSOLIDADA,2440523.75,Até o 2º Quadrimestre
2025,municipio,2207504,Prefeitura Municipal de Palmeirais - PI,Disponibilidade de Caixa,-3311349.0,Até o 2º Quadrimestre
2025,municipio,2207504,Prefeitura Municipal de Palmeirais - PI,Disponibilidade de Caixa Bruta,3692288.46,Até o 2º Quadrimestre
2025,municipio,2207504,Prefeitura Municipal de Palmeirais - PI,RECEITA CORRENTE LÍQUIDA,76990411.87,Até o 2º Quadrimestre
2025,municipio,2207504,Prefeitura Municipal de Palmeirais - PI,RECEITA CORRENTE LÍQUIDA AJUSTADA PARA CÁLCULO DOS LIMITES DE ENDIVIDAMENTO,75125411.87,Até o 2º Quadrimestre
2025,municipio,2207504,Prefeitura Municipal de Palmeirais - PI,% da DC sobre a RCL AJUSTADA (I/VI),3.25,Até o 2º Quadrimestre
2025,municipio,2207504,Prefeitura Municipal de Palmeirais - PI,% da DCL sobre a RCL AJUSTADA,7.66,Até o 2º Quadrimestre
2025,municipio,2207504,Prefeitura Municipal de Palmeirais - PI,Precatórios (Não incluídos na DC),1392165.49,Até o 2º Quadrimestre
2025,municipio,2207207,Prefeitura Municipal de Padre Marcos - PI,DÍVIDA CONSOLIDADA,2064967.88,Até o 1º Semestre
2025,municipio,2207207,Prefeitura Municipal de Padre Marcos - PI,Precatórios (inclusive) Vencidos e Não Pagos,470531.86,Até o 1º Semestre
2025,municipio,2207207,Prefeitura Municipal de Padre Marcos - PI,Disponibilidade de Caixa,3331372.23,Até o 1º Semestre
2025,municipio,2207207,Prefeitura Municipal de Padre Marcos - PI,Disponibilidade de Caixa Bruta,3683558.64,Até o 1º Semestre
2025,municipio,2207207,Prefeitura Municipal de Padre Marcos - PI,RECEITA CORRENTE LÍQUIDA,45431089.65,Até o 1º Semestre
2025,municipio,2207207,Prefeitura Municipal de Padre Marcos - PI,% da DC sobre a RCL AJUSTADA (I/VI),4.55,Até o 1º Semestre
2025,municipio,2207207,Prefeitura Municipal de Padre Marcos - PI,% da DCL sobre a RCL AJUSTADA,-2.79,Até o 1º Semestre
2025,municipio,2207207,Prefeitura Municipal de Padre Marcos - PI,Precatórios (Não incluídos na DC),267154.75,Até o 1º Semestre
2025,municipio,2207405,Prefeitura Municipal de Palmeira do Piauí - PI,DÍVIDA CONSOLIDADA,1787229.01,Até o 1º Semestre
2025,municipio,2207405,Prefeitura Municipal de Palmeira do Piauí - PI,Precatórios (inclusive) Vencidos e Não Pagos,614731.61,Até o 1º Semestre
2025,municipio,2207405,Prefeitura Municipal de Palmeira do Piauí - PI,Disponibilidade de Caixa,-816819.97,Até o 1º Semestre
2025,municipio,2207405,Prefeitura Municipal de Palmeira do Piauí - PI,RECEITA CORRENTE LÍQUIDA,43892546.4,Até o 1º Semestre
2025,municipio,2207405,Prefeitura Municipal de Palmeira do Piauí - PI,% da DC sobre a RCL AJUSTADA (I/VI),4.07,Até o 1º Semestre
2025,municipio,2207405,Prefeitura Municipal de Palmeira do Piauí - PI,% da DCL sobre a RCL AJUSTADA,5.93,Até o 1º Semestre
2025,municipio,2207603,Prefeitura Municipal de Parnaguá - PI,Disponibilidade de Caixa,857799.19,Até o 2º Quadrimestre
2025,municipio,2207603,Prefeitura Municipal de Parnaguá - PI,Disponibilidade de Caixa Bruta,6359767.14,Até o 2º Quadrimestre
2025,municipio,2207603,Prefeitura Municipal de Parnaguá - PI,RECEITA CORRENTE LÍQUIDA,53918327.64,Até o 2º Quadrimestre
2025,municipio,2207603,Prefeitura Municipal de Parnaguá - PI,RECEITA CORRENTE LÍQUIDA AJUSTADA PARA CÁLCULO DOS LIMITES DE ENDIVIDAMENTO,53218327.64,Até o 2º Quadrimestre
2025,municipio,2207603,Prefeitura Municipal de Parnaguá - PI,% da DCL sobre a RCL AJUSTADA,-1.61,Até o 2º Quadrimestre
2025,municipio,2207603,Prefeitura Municipal de Parnaguá - PI,Precatórios (Não incluídos na DC),-290886.79,Até o 2º Quadrimestre
2024,municipio,2207108,Prefeitura Municipal de Olho D'Água do Piauí - PI,DÍVIDA CONSOLIDADA,10000.0,Até o 3º Quadrimestre
2024,municipio,2207108,Prefeitura Municipal de Olho D'Água do Piauí - PI,Precatórios (inclusive) Vencidos e Não Pagos,10000.0,Até o 3º Quadrimestre
2024,municipio,2207108,Prefeitura Municipal de Olho D'Água do Piauí - PI,Disponibilidade de Caixa,-894288.3,Até o 3º Quadrimestre
2024,municipio,2207108,Prefeitura Municipal de Olho D'Água do Piauí - PI,RECEITA CORRENTE LÍQUIDA,24173497.17,Até o 3º Quadrimestre
2024,municipio,2207108,Prefeitura Municipal de Olho D'Água do Piauí - PI,RECEITA CORRENTE LÍQUIDA AJUSTADA PARA CÁLCULO DOS LIMITES DE ENDIVIDAMENTO,23773497.17,Até o 3º Quadrimestre
2024,municipio,2207108,Prefeitura Municipal de Olho D'Água do Piauí - PI,% da DC sobre a RCL AJUSTADA (I/VI),0.04,Até o 3º Quadrimestre
2024,municipio,2207108,Prefeitura Municipal de Olho D'Água do Piauí - PI,% da DCL sobre a RCL AJUSTADA,3.8,Até o 3º Quadrimestre
2025,municipio,2207355,Prefeitura Municipal de Pajeú do Piauí - PI,DÍVIDA CONSOLIDADA,3998224.33,Até o 1º Quadrimestre
2025,municipio,2207355,Prefeitura Municipal de Pajeú do Piauí - PI,Disponibilidade de Caixa,317378.44,Até o 1º Quadrimestre
2025,municipio,2207355,Prefeitura Municipal de Pajeú do Piauí - PI,Disponibilidade de Caixa Bruta,705194.88,Até o 1º Quadrimestre
2025,municipio,2207355,Prefeitura Municipal de Pajeú do Piauí - PI,RECEITA CORRENTE LÍQUIDA,4107461.96,Até o 1º Quadrimestre
2025,municipio,2207355,Prefeitura Municipal de Pajeú do Piauí - PI,RECEITA CORRENTE LÍQUIDA AJUSTADA PARA CÁLCULO DOS LIMITES DE ENDIVIDAMENTO,4107461.96,Até o 1º Quadrimestre
2025,municipio,2207355,Prefeitura Municipal de Pajeú do Piauí - PI,% da DC sobre a RCL AJUSTADA (I/VI),97.34,Até o 1º Quadrimestre
2025,municipio,2207355,Prefeitura Municipal de Pajeú do Piauí - PI,% da DCL sobre a RCL AJUSTADA,89.59,Até o 1º Quadrimestre
2025,municipio,2207751,Prefeitura Municipal de Passagem Franca do Piauí - PI,DÍVIDA CONSOLIDADA,97150.0,Até o 2º Quadrimestre
2025,municipio,2207751,Prefeitura Municipal de Passagem Franca do Piauí - PI,Precatórios (inclusive) Vencidos e Não Pagos,40000.0,Até o 2º Quadrimestre
2025,municipio,2207751,Prefeitura Municipal de Passagem Franca do Piauí - PI,Disponibilidade de Caixa,-9840881.51,Até o 2º Quadrimestre
2025,municipio,2207751,Prefeitura Municipal de Passagem Franca do Piauí - PI,RECEITA CORRENTE LÍQUIDA,33909867.67,Até o 2º Quadrimestre
2025,municipio,2207751,Prefeitura Municipal de Passagem Franca do Piauí - PI,RECEITA CORRENTE LÍQUIDA AJUSTADA PARA CÁLCULO DOS LIMITES DE ENDIVIDAMENTO,33909867.67,Até o 2º Quadrimestre
2025,municipio,2207751,Prefeitura Municipal de Passagem Franca do Piauí - PI,% da DC sobre a RCL AJUSTADA (I/VI),0.29,Até o 2º Quadrimestre
2025,municipio,2207751,Prefeitura Municipal de Passagem Franca do Piauí - PI,% da DCL sobre a RCL AJUSTADA,29.31,Até o 2º Quadrimestre
2025,municipio,2207702,Prefeitura Municipal de Parnaíba - PI,DÍVIDA CONSOLIDADA,32184107.5,Até o 2º Quadrimestre
2025,municipio,2207702,Prefeitura Municipal de Parnaíba - PI,Disponibilidade de Caixa,42150846.75,Até o 2º Quadrimestre
2025,municipio,2207702,Prefeitura Municipal de Parnaíba - PI,Disponibilidade de Caixa Bruta,50277528.7,Até o 2º Quadrimestre
2025,municipio,2207702,Prefeitura Municipal de Parnaíba - PI,RECEITA CORRENTE LÍQUIDA,659315963.72,Até o 2º Quadrimestre
2025,municipio,2207702,Prefeitura Municipal de Parnaíba - PI,RECEITA CORRENTE LÍQUIDA AJUSTADA PARA CÁLCULO DOS LIMITES DE ENDIVIDAMENTO,648566895.72,Até o 2º Quadrimestre
2025,municipio,2207702,Prefeitura Municipal de Parnaíba - PI,% da DC sobre a RCL AJUSTADA (I/VI),4.96,Até o 2º Quadrimestre
2025,municipio,2207702,Prefeitura Municipal de Parnaíba - PI,% da DCL sobre a RCL AJUSTADA,-1.54,Até o 2º Quadrimestre
2025,municipio,2207702,Prefeitura Municipal de Parnaíba - PI,Precatórios (Não incluídos na DC),1822220.44,Até o 2º Quadrimestre
2025,municipio,2207553,Prefeitura Municipal de Paquetá - PI,DÍVIDA CONSOLIDADA,3589840.19,Até o 1º Semestre
2025,municipio,2207553,Prefeitura Municipal de Paquetá - PI,Disponibilidade de Caixa,6786783.27,Até o 1º Semestre
2025,municipio,2207553,Prefeitura Municipal de Paquetá - PI,Disponibilidade de Caixa Bruta,6953793.69,Até o 1º Semestre
2025,municipio,2207553,Prefeitura Municipal de Paquetá - PI,RECEITA CORRENTE LÍQUIDA,39559786.19,Até o 1º Semestre
2025,municipio,2207553,Prefeitura Municipal de Paquetá - PI,% da DC sobre a RCL AJUSTADA (I/VI),9.07,Até o 1º Semestre
2025,municipio,2207553,Prefeitura Municipal de Paquetá - PI,% da DCL sobre a RCL AJUSTADA,-8.08,Até o 1º Semestre
2025,municipio,2207793,Prefeitura Municipal de Pau D'Arco do Piauí - PI,DÍVIDA CONSOLIDADA,1997375.83,Até o 2º Quadrimestre
2025,municipio,2207793,Prefeitura Municipal de Pau D'Arco do Piauí - PI,Disponibilidade de Caixa,-1104025.81,Até o 2º Quadrimestre
2025,municipio,2207793,Prefeitura Municipal de Pau D'Arco do Piauí - PI,RECEITA CORRENTE LÍQUIDA,26579898.53,Até o 2º Quadrimestre
2025,municipio,2207793,Prefeitura Municipal de Pau D'Arco do Piauí - PI,RECEITA CORRENTE LÍQUIDA AJUSTADA PARA CÁLCULO DOS LIMITES DE ENDIVIDAMENTO,26239898.53,Até o 2º Quadrimestre
2025,municipio,2207793,Prefeitura Municipal de Pau D'Arco do Piauí - PI,% da DC sobre a RCL AJUSTADA (I/VI),7.61,Até o 2º Quadrimestre
2025,municipio,2207793,Prefeitura Municipal de Pau D'Arco do Piauí - PI,% da DCL sobre a RCL AJUSTADA,11.82,Até o 2º Quadrimestre
2025,municipio,2207777,Prefeitura Municipal de Patos do Piauí - PI,DÍVIDA CONSOLIDADA,755828.69,Até o 2º Quadrimestre
2025,municipio,2207777,Prefeitura Municipal de Patos do Piauí - PI,Disponibilidade de Caixa,6978397.97,Até o 2º Quadrimestre
2025,municipio,2207777,Prefeitura Municipal de Patos do Piauí - PI,Disponibilidade de Caixa Bruta,7277596.96,Até o 2º Quadrimestre
2025,municipio,2207777,Prefeitura Municipal de Patos do Piauí - PI,RECEITA CORRENTE LÍQUIDA,40251976.04,Até o 2º Quadrimestre
2025,municipio,2207777,Prefeitura Municipal de Patos do Piauí - PI,RECEITA CORRENTE LÍQUIDA AJUSTADA PARA CÁLCULO DOS LIMITES DE ENDIVIDAMENTO,40251976.04,Até o 2º Quadrimestre
2025,municipio,2207777,Prefeitura Municipal de Patos do Piauí - PI,% da DC sobre a RCL AJUSTADA (I/VI),1.88,Até o 2º Quadrimestre
2025,municipio,2207777,Prefeitura Municipal de Patos do Piauí - PI,% da DCL sobre a RCL AJUSTADA,-15.46,Até o 2º Quadrimestre
2025,municipio,2207900,Prefeitura Municipal de Pedro II - PI,DÍVIDA CONSOLIDADA,17875446.42,Até o 2º Quadrimestre
2025,municipio,2207900,Prefeitura Municipal de Pedro II - PI,Disponibilidade de Caixa,-1597409.99,Até o 2º Quadrimestre
2025,municipio,2207900,Prefeitura Municipal de Pedro II - PI,RECEITA CORRENTE LÍQUIDA,168182441.95,Até o 2º Quadrimestre
2025,municipio,2207900,Prefeitura Municipal de Pedro II - PI,RECEITA CORRENTE LÍQUIDA AJUSTADA PARA CÁLCULO DOS LIMITES DE ENDIVIDAMENTO,166132441.95,Até o 2º Quadrimestre
2025,municipio,2207900,Prefeitura Municipal de Pedro II - PI,% da DC sobre a RCL AJUSTADA (I/VI),10.76,Até o 2º Quadrimestre
2025,municipio,2207900,Prefeitura Municipal de Pedro II - PI,% da DCL sobre a RCL AJUSTADA,11.72,Até o 2º Quadrimestre
2025,municipio,2207801,Prefeitura Municipal de Paulistana - PI,DÍVIDA CONSOLIDADA,7834695.47,Até o 2º Quadrimestre
2025,municipio,2207801,Prefeitura Municipal de Paulistana - PI,Precatórios (inclusive) Vencidos e Não Pagos,11519.16,Até o 2º Quadrimestre
2025,municipio,2207801,Prefeitura Municipal de Paulistana - PI,Disponibilidade de Caixa,-11994203.52,Até o 2º Quadrimestre
2025,municipio,2207801,Prefeitura Municipal de Paulistana - PI,RECEITA CORRENTE LÍQUIDA,111656956.77,Até o 2º Quadrimestre
2025,municipio,2207801,Prefeitura Municipal de Paulistana - PI,RECEITA CORRENTE LÍQUIDA AJUSTADA PARA CÁLCULO DOS LIMITES DE ENDIVIDAMENTO,110256956.77,Até o 2º Quadrimestre
2025,municipio,2207801,Prefeitura Municipal de Paulistana - PI,% da DC sobre a RCL AJUSTADA (I/VI),7.11,Até o 2º Quadrimestre
2025,municipio,2207801,Prefeitura Municipal de Paulistana - PI,% da DCL sobre a RCL AJUSTADA,17.98,Até o 2º Quadrimestre
2025,municipio,2207850,Prefeitura Municipal de Pavussu - PI,DÍVIDA CONSOLIDADA,390100.43,Até o 2º Quadrimestre
2025,municipio,2207850,Prefeitura Municipal de Pavussu - PI,Precatórios (inclusive) Vencidos e Não Pagos,700726.03,Até o 2º Quadrimestre
2025,municipio,2207850,Prefeitura Municipal de Pavussu - PI,Disponibilidade de Caixa,-5115183.39,Até o 2º Quadrimestre
2025,municipio,2207850,Prefeitura Municipal de Pavussu - PI,RECEITA CORRENTE LÍQUIDA,31482476.88,Até o 2º Quadrimestre
2025,municipio,2207850,Prefeitura Municipal de Pavussu - PI,RECEITA CORRENTE LÍQUIDA AJUSTADA PARA CÁLCULO DOS LIMITES DE ENDIVIDAMENTO,30460676.88,Até o 2º Quadrimestre
2025,municipio,2207850,Prefeitura Municipal de Pavussu - PI,% da DC sobre a RCL AJUSTADA (I/VI),1.28,Até o 2º Quadrimestre
2025,municipio,2207850,Prefeitura Municipal de Pavussu - PI,% da DCL sobre a RCL AJUSTADA,18.07,Até o 2º Quadrimestre
2025,municipio,2208106,Prefeitura Municipal de Pimenteiras - PI,DÍVIDA CONSOLIDADA,2462024.07,Até o 2º Quadrimestre
2025,municipio,2208106,Prefeitura Municipal de Pimenteiras - PI,Precatórios (inclusive) Vencidos e Não Pagos,430126.76,Até o 2º Quadrimestre
2025,municipio,2208106,Prefeitura Municipal de Pimenteiras - PI,Disponibilidade de Caixa,-15161716.19,Até o 2º Quadrimestre
2025,municipio,2208106,Prefeitura Municipal de Pimenteiras - PI,RECEITA CORRENTE LÍQUIDA,54147791.63,Até o 2º Quadrimestre
2025,municipio,2208106,Prefeitura Municipal de Pimenteiras - PI,RECEITA CORRENTE LÍQUIDA AJUSTADA PARA CÁLCULO DOS LIMITES DE ENDIVIDAMENTO,54147791.63,Até o 2º Quadrimestre
2025,municipio,2208106,Prefeitura Municipal de Pimenteiras - PI,% da DC sobre a RCL AJUSTADA (I/VI),4.55,Até o 2º Quadrimestre
2025,municipio,2208106,Prefeitura Municipal de Pimenteiras - PI,% da DCL sobre a RCL AJUSTADA,32.55,Até o 2º Quadrimestre
2025,municipio,2208205,Prefeitura Municipal de Pio IX - PI,DÍVIDA CONSOLIDADA,1063519.99,Até o 2º Quadrimestre
2025,municipio,2208205,Prefeitura Municipal de Pio IX - PI,Precatórios (inclusive) Vencidos e Não Pagos,927626.26,Até o 2º Quadrimestre
2025,municipio,2208205,Prefeitura Municipal de Pio IX - PI,Disponibilidade de Caixa,4118684.07,Até o 2º Quadrimestre
2025,municipio,2208205,Prefeitura Municipal de Pio IX - PI,Disponibilidade de Caixa Bruta,6830974.19,Até o 2º Quadrimestre
2025,municipio,2208205,Prefeitura Municipal de Pio IX - PI,RECEITA CORRENTE LÍQUIDA,43986149.16,Até o 2º Quadrimestre
2025,municipio,2208205,Prefeitura Municipal de Pio IX - PI,RECEITA CORRENTE LÍQUIDA AJUSTADA PARA CÁLCULO DOS LIMITES DE ENDIVIDAMENTO,43086149.16,Até o 2º Quadrimestre
2025,municipio,2208205,Prefeitura Municipal de Pio IX - PI,% da DC sobre a RCL AJUSTADA (I/VI),2.47,Até o 2º Quadrimestre
2025,municipio,2208205,Prefeitura Municipal de Pio IX - PI,% da DCL sobre a RCL AJUSTADA,-7.09,Até o 2º Quadrimestre
2025,municipio,2208007,Prefeitura Municipal de Picos - PI,DÍVIDA CONSOLIDADA,10079800.13,Até o 2º Quadrimestre
2025,municipio,2208007,Prefeitura Municipal de Picos - PI,Disponibilidade de Caixa,56782124.36,Até o 2º Quadrimestre
2025,municipio,2208007,Prefeitura Municipal de Picos - PI,Disponibilidade de Caixa Bruta,60603296.73,Até o 2º Quadrimestre
2025,municipio,2208007,Prefeitura Municipal de Picos - PI,RECEITA CORRENTE LÍQUIDA,354051428.96,Até o 2º Quadrimestre
2025,municipio,2208007,Prefeitura Municipal de Picos - PI,RECEITA CORRENTE LÍQUIDA AJUSTADA PARA CÁLCULO DOS LIMITES DE ENDIVIDAMENTO,341329117.96,Até o 2º Quadrimestre
2025,municipio,2208007,Prefeitura Municipal de Picos - PI,% da DC sobre a RCL AJUSTADA (I/VI),2.95,Até o 2º Quadrimestre
2025,municipio,2208007,Prefeitura Municipal de Picos - PI,% da DCL sobre a RCL AJUSTADA,-14.7,Até o 2º Quadrimestre
2025,municipio,2208007,Prefeitura Municipal de Picos - PI,Precatórios (Não incluídos na DC),7084339.1,Até o 2º Quadrimestre
2025,municipio,2208502,Prefeitura Municipal de Porto - PI,DÍVIDA CONSOLIDADA,2073057.0,Até o 2º Quadrimestre
2025,municipio,2208502,Prefeitura Municipal de Porto - PI,Disponibilidade de Caixa,911863.46,Até o 2º Quadrimestre
2025,municipio,2208502,Prefeitura Municipal de Porto - PI,Disponibilidade de Caixa Bruta,2453784.29,Até o 2º Quadrimestre
2025,municipio,2208502,Prefeitura Municipal de Porto - PI,RECEITA CORRENTE LÍQUIDA,82171157.95,Até o 2º Quadrimestre
2025,municipio,2208502,Prefeitura Municipal de Porto - PI,RECEITA CORRENTE LÍQUIDA AJUSTADA PARA CÁLCULO DOS LIMITES DE ENDIVIDAMENTO,80871157.95,Até o 2º Quadrimestre
2025,municipio,2208502,Prefeitura Municipal de Porto - PI,% da DC sobre a RCL AJUSTADA (I/VI),2.56,Até o 2º Quadrimestre
2025,municipio,2208502,Prefeitura Municipal de Porto - PI,% da DCL sobre a RCL AJUSTADA,1.44,Até o 2º Quadrimestre
2025,municipio,2208403,Prefeitura Municipal de Piripiri - PI,DÍVIDA CONSOLIDADA,56204029.76,Até o 2º Quadrimestre
2025,municipio,2208403,Prefeitura Municipal de Piripiri - PI,Precatórios (inclusive) Vencidos e Não Pagos,176429.33,Até o 2º Quadrimestre
2025,municipio,2208403,Prefeitura Municipal de Piripiri - PI,Disponibilidade de Caixa,40535782.76,Até o 2º Quadrimestre
2025,municipio,2208403,Prefeitura Municipal de Piripiri - PI,Disponibilidade de Caixa Bruta,47463100.55,Até o 2º Quadrimestre
2025,municipio,2208403,Prefeitura Municipal de Piripiri - PI,RECEITA CORRENTE LÍQUIDA,317246027.28,Até o 2º Quadrimestre
2025,municipio,2208403,Prefeitura Municipal de Piripiri - PI,RECEITA CORRENTE LÍQUIDA AJUSTADA PARA CÁLCULO DOS LIMITES DE ENDIVIDAMENTO,322299079.28,Até o 2º Quadrimestre
2025,municipio,2208403,Prefeitura Municipal de Piripiri - PI,% da DC sobre a RCL AJUSTADA (I/VI),17.44,Até o 2º Quadrimestre
2025,municipio,2208403,Prefeitura Municipal de Piripiri - PI,% da DCL sobre a RCL AJUSTADA,4.86,Até o 2º Quadrimestre
2025,municipio,2208601,Prefeitura Municipal de Prata do Piauí - PI,DÍVIDA CONSOLIDADA,3042061.31,Até o 2º Quadrimestre
2025,municipio,2208601,Prefeitura Municipal de Prata do Piauí - PI,Disponibilidade de Caixa,5404644.87,Até o 2º Quadrimestre
2025,municipio,2208601,Prefeitura Municipal de Prata do Piauí - PI,Disponibilidade de Caixa Bruta,5545507.65,Até o 2º Quadrimestre
2025,municipio,2208601,Prefeitura Municipal de Prata do Piauí - PI,RECEITA CORRENTE LÍQUIDA,29390394.69,Até o 2º Quadrimestre
2025,municipio,2208601,Prefeitura Municipal de Prata do Piauí - PI,RECEITA CORRENTE LÍQUIDA AJUSTADA PARA CÁLCULO DOS LIMITES DE ENDIVIDAMENTO,28240394.69,Até o 2º Quadrimestre
2025,municipio,2208601,Prefeitura Municipal de Prata do Piauí - PI,% da DC sobre a RCL AJUSTADA (I/VI),10.77,Até o 2º Quadrimestre
2025,municipio,2208601,Prefeitura Municipal de Prata do Piauí - PI,% da DCL sobre a RCL AJUSTADA,-8.37,Até o 2º Quadrimestre
2025,municipio,2208601,Prefeitura Municipal de Prata do Piauí - PI,Precatórios (Não incluídos na DC),120000.0,Até o 2º Quadrimestre
2025,municipio,2207934,Prefeitura Municipal de Pedro Laurentino - PI,DÍVIDA CONSOLIDADA,2962887.45,Até o 1º Semestre
2025,municipio,2207934,Prefeitura Municipal de Pedro Laurentino - PI,Disponibilidade de Caixa,119567.41,Até o 1º Semestre
2025,municipio,2207934,Prefeitura Municipal de Pedro Laurentino - PI,Disponibilidade de Caixa Bruta,875460.91,Até o 1º Semestre
2025,municipio,2207934,Prefeitura Municipal de Pedro Laurentino - PI,RECEITA CORRENTE LÍQUIDA,23426213.9,Até o 1º Semestre
2025,municipio,2207934,Prefeitura Municipal de Pedro Laurentino - PI,% da DC sobre a RCL AJUSTADA (I/VI),13.4,Até o 1º Semestre
2025,municipio,2207934,Prefeitura Municipal de Pedro Laurentino - PI,% da DCL sobre a RCL AJUSTADA,12.86,Até o 1º Semestre
2025,municipio,2208650,Prefeitura Municipal de Queimada Nova - PI,DÍVIDA CONSOLIDADA,2684287.06,Até o 2º Quadrimestre
2025,municipio,2208650,Prefeitura Municipal de Queimada Nova - PI,Disponibilidade de Caixa,14588185.75,Até o 2º Quadrimestre
2025,municipio,2208650,Prefeitura Municipal de Queimada Nova - PI,Disponibilidade de Caixa Bruta,14861827.94,Até o 2º Quadrimestre
2025,municipio,2208650,Prefeitura Municipal de Queimada Nova - PI,RECEITA CORRENTE LÍQUIDA,58243642.3,Até o 2º Quadrimestre
2025,municipio,2208650,Prefeitura Municipal de Queimada Nova - PI,RECEITA CORRENTE LÍQUIDA AJUSTADA PARA CÁLCULO DOS LIMITES DE ENDIVIDAMENTO,55543642.3,Até o 2º Quadrimestre
2025,municipio,2208650,Prefeitura Municipal de Queimada Nova - PI,% da DC sobre a RCL AJUSTADA (I/VI),4.83,Até o 2º Quadrimestre
2025,municipio,2208650,Prefeitura Municipal de Queimada Nova - PI,% da DCL sobre a RCL AJUSTADA,-21.43,Até o 2º Quadrimestre
2025,municipio,2208700,Prefeitura Municipal de Redenção do Gurguéia - PI,DÍVIDA CONSOLIDADA,1476667.91,Até o 2º Quadrimestre
2025,municipio,2208700,Prefeitura Municipal de Redenção do Gurguéia - PI,Precatórios (inclusive) Vencidos e Não Pagos,8841.91,Até o 2º Quadrimestre
2025,municipio,2208700,Prefeitura Municipal de Redenção do Gurguéia - PI,Disponibilidade de Caixa,6449558.2,Até o 2º Quadrimestre
2025,municipio,2208700,Prefeitura Municipal de Redenção do Gurguéia - PI,Disponibilidade de Caixa Bruta,7372227.18,Até o 2º Quadrimestre
2025,municipio,2208700,Prefeitura Municipal de Redenção do Gurguéia - PI,RECEITA CORRENTE LÍQUIDA,56421251.64,Até o 2º Quadrimestre
2025,municipio,2208700,Prefeitura Municipal de Redenção do Gurguéia - PI,RECEITA CORRENTE LÍQUIDA AJUSTADA PARA CÁLCULO DOS LIMITES DE ENDIVIDAMENTO,56021251.64,Até o 2º Quadrimestre
2025,municipio,2208700,Prefeitura Municipal de Redenção do Gurguéia - PI,% da DC sobre a RCL AJUSTADA (I/VI),2.64,Até o 2º Quadrimestre
2025,municipio,2208700,Prefeitura Municipal de Redenção do Gurguéia - PI,% da DCL sobre a RCL AJUSTADA,-8.95,Até o 2º Quadrimestre
2025,municipio,2208304,Prefeitura Municipal de Piracuruca - PI,DÍVIDA CONSOLIDADA,11015437.57,Até o 1º Semestre
2025,municipio,2208304,Prefeitura Municipal de Piracuruca - PI,Disponibilidade de Caixa,7434588.86,Até o 1º Semestre
2025,municipio,2208304,Prefeitura Municipal de Piracuruca - PI,Disponibilidade de Caixa Bruta,9392121.25,Até o 1º Semestre
2025,municipio,2208304,Prefeitura Municipal de Piracuruca - PI,RECEITA CORRENTE LÍQUIDA,123418034.52,Até o 1º Semestre
2025,municipio,2208304,Prefeitura Municipal de Piracuruca - PI,% da DC sobre a RCL AJUSTADA (I/VI),9.1,Até o 1º Semestre
2025,municipio,2208304,Prefeitura Municipal de Piracuruca - PI,% da DCL sobre a RCL AJUSTADA,2.96,Até o 1º Semestre
2025,municipio,2208304,Prefeitura Municipal de Piracuruca - PI,Precatórios (Não incluídos na DC),7211.41,Até o 1º Semestre
2025,municipio,2208809,Prefeitura Municipal de Regeneração - PI,DÍVIDA CONSOLIDADA,9660475.16,Até o 2º Quadrimestre
2025,municipio,2208809,Prefeitura Municipal de Regeneração - PI,Disponibilidade de Caixa,16568780.16,Até o 2º Quadrimestre
2025,municipio,2208809,Prefeitura Municipal de Regeneração - PI,Disponibilidade de Caixa Bruta,16838238.01,Até o 2º Quadrimestre
2025,municipio,2208809,Prefeitura Municipal de Regeneração - PI,RECEITA CORRENTE LÍQUIDA,104532728.75,Até o 2º Quadrimestre
2025,municipio,2208809,Prefeitura Municipal de Regeneração - PI,RECEITA CORRENTE LÍQUIDA AJUSTADA PARA CÁLCULO DOS LIMITES DE ENDIVIDAMENTO,103482728.75,Até o 2º Quadrimestre
2025,municipio,2208809,Prefeitura Municipal de Regeneração - PI,% da DC sobre a RCL AJUSTADA (I/VI),9.34,Até o 2º Quadrimestre
2025,municipio,2208809,Prefeitura Municipal de Regeneração - PI,% da DCL sobre a RCL AJUSTADA,-6.68,Até o 2º Quadrimestre
2025,municipio,2208874,Prefeitura Municipal de Ribeira do Piauí - PI,DÍVIDA CONSOLIDADA,6648165.5,Até o 2º Quadrimestre
2025,municipio,2208874,Prefeitura Municipal de Ribeira do Piauí - PI,Disponibilidade de Caixa,5105935.09,Até o 2º Quadrimestre
2025,municipio,2208874,Prefeitura Municipal de Ribeira do Piauí - PI,Disponibilidade de Caixa Bruta,5808833.28,Até o 2º Quadrimestre
2025,municipio,2208874,Prefeitura Municipal de Ribeira do Piauí - PI,RECEITA CORRENTE LÍQUIDA,37696789.54,Até o 2º Quadrimestre
2025,municipio,2208874,Prefeitura Municipal de Ribeira do Piauí - PI,RECEITA CORRENTE LÍQUIDA AJUSTADA PARA CÁLCULO DOS LIMITES DE ENDIVIDAMENTO,36926789.54,Até o 2º Quadrimestre
2025,municipio,2208874,Prefeitura Municipal de Ribeira do Piauí - PI,% da DC sobre a RCL AJUSTADA (I/VI),18.0,Até o 2º Quadrimestre
2025,municipio,2208874,Prefeitura Municipal de Ribeira do Piauí - PI,% da DCL sobre a RCL AJUSTADA,4.18,Até o 2º Quadrimestre
2025,municipio,2208551,Prefeitura Municipal de Porto Alegre do Piauí - PI,DÍVIDA CONSOLIDADA,2732382.96,Até o 1º Semestre
2025,municipio,2208551,Prefeitura Municipal de Porto Alegre do Piauí - PI,Disponibilidade de Caixa,4141906.34,Até o 1º Semestre
2025,municipio,2208551,Prefeitura Municipal de Porto Alegre do Piauí - PI,Disponibilidade de Caixa Bruta,4758228.44,Até o 1º Semestre
2025,municipio,2208551,Prefeitura Municipal de Porto Alegre do Piauí - PI,RECEITA CORRENTE LÍQUIDA,27636576.85,Até o 1º Semestre
2025,municipio,2208551,Prefeitura Municipal de Porto Alegre do Piauí - PI,% da DC sobre a RCL AJUSTADA (I/VI),9.96,Até o 1º Semestre
2025,municipio,2208551,Prefeitura Municipal de Porto Alegre do Piauí - PI,% da DCL sobre a RCL AJUSTADA,-5.14,Até o 1º Semestre
2025,municipio,2208908,Prefeitura Municipal de Ribeiro Gonçalves - PI,DÍVIDA CONSOLIDADA,3273.88,Até o 2º Quadrimestre
2025,municipio,2208908,Prefeitura Municipal de Ribeiro Gonçalves - PI,Disponibilidade de Caixa,-2971002.55,Até o 2º Quadrimestre
2025,municipio,2208908,Prefeitura Municipal de Ribeiro Gonçalves - PI,RECEITA CORRENTE LÍQUIDA,81889571.39,Até o 2º Quadrimestre
2025,municipio,2208908,Prefeitura Municipal de Ribeiro Gonçalves - PI,RECEITA CORRENTE LÍQUIDA AJUSTADA PARA CÁLCULO DOS LIMITES DE ENDIVIDAMENTO,81389571.39,Até o 2º Quadrimestre
2025,municipio,2208908,Prefeitura Municipal de Ribeiro Gonçalves - PI,% da DCL sobre a RCL AJUSTADA,3.65,Até o 2º Quadrimestre
2025,municipio,2209153,Prefeitura Municipal de Santa Cruz dos Milagres - PI,DÍVIDA CONSOLIDADA,1336678.53,Até o 2º Quadrimestre
2025,municipio,2209153,Prefeitura Municipal de Santa Cruz dos Milagres - PI,Precatórios (inclusive) Vencidos e Não Pagos,60365.76,Até o 2º Quadrimestre
2025,municipio,2209153,Prefeitura Municipal de Santa Cruz dos Milagres - PI,Disponibilidade de Caixa,6151759.71,Até o 2º Quadrimestre
2025,municipio,2209153,Prefeitura Municipal de Santa Cruz dos Milagres - PI,Disponibilidade de Caixa Bruta,6782744.01,Até o 2º Quadrimestre
2025,municipio,2209153,Prefeitura Municipal de Santa Cruz dos Milagres - PI,RECEITA CORRENTE LÍQUIDA,28717933.11,Até o 2º Quadrimestre
2025,municipio,2209153,Prefeitura Municipal de Santa Cruz dos Milagres - PI,RECEITA CORRENTE LÍQUIDA AJUSTADA PARA CÁLCULO DOS LIMITES DE ENDIVIDAMENTO,27567933.11,Até o 2º Quadrimestre
2025,municipio,2209153,Prefeitura Municipal de Santa Cruz dos Milagres - PI,% da DC sobre a RCL AJUSTADA (I/VI),4.85,Até o 2º Quadrimestre
2025,municipio,2209153,Prefeitura Municipal de Santa Cruz dos Milagres - PI,% da DCL sobre a RCL AJUSTADA,-17.47,Até o 2º Quadrimestre
2025,municipio,2209104,Prefeitura Municipal de Santa Cruz do Piauí - PI,DÍVIDA CONSOLIDADA,3701451.18,Até o 2º Quadrimestre
2025,municipio,2209104,Prefeitura Municipal de Santa Cruz do Piauí - PI,Disponibilidade de Caixa,647543.1,Até o 2º Quadrimestre
2025,municipio,2209104,Prefeitura Municipal de Santa Cruz do Piauí - PI,Disponibilidade de Caixa Bruta,1074047.5,Até o 2º Quadrimestre
2025,municipio,2209104,Prefeitura Municipal de Santa Cruz do Piauí - PI,RECEITA CORRENTE LÍQUIDA,39511906.44,Até o 2º Quadrimestre
2025,municipio,2209104,Prefeitura Municipal de Santa Cruz do Piauí - PI,RECEITA CORRENTE LÍQUIDA AJUSTADA PARA CÁLCULO DOS LIMITES DE ENDIVIDAMENTO,38661906.44,Até o 2º Quadrimestre
2025,municipio,2209104,Prefeitura Municipal de Santa Cruz do Piauí - PI,% da DC sobre a RCL AJUSTADA (I/VI),9.57,Até o 2º Quadrimestre
2025,municipio,2209104,Prefeitura Municipal de Santa Cruz do Piauí - PI,% da DCL sobre a RCL AJUSTADA,7.9,Até o 2º Quadrimestre
2025,municipio,2208858,Prefeitura Municipal de Riacho Frio - PI,DÍVIDA CONSOLIDADA,85134.1,Até o 1º Semestre
2025,municipio,2208858,Prefeitura Municipal de Riacho Frio - PI,Disponibilidade de Caixa,5115756.88,Até o 1º Semestre
2025,municipio,2208858,Prefeitura Municipal de Riacho Frio - PI,Disponibilidade de Caixa Bruta,6227545.18,Até o 1º Semestre
2025,municipio,2208858,Prefeitura Municipal de Riacho Frio - PI,RECEITA CORRENTE LÍQUIDA,52508627.55,Até o 1º Semestre
2025,municipio,2208858,Prefeitura Municipal de Riacho Frio - PI,% da DC sobre a RCL AJUSTADA (I/VI),0.16,Até o 1º Semestre
2025,municipio,2208858,Prefeitura Municipal de Riacho Frio - PI,% da DCL sobre a RCL AJUSTADA,-13.34,Até o 1º Semestre
2025,municipio,2208858,Prefeitura Municipal de Riacho Frio - PI,Precatórios (Não incluídos na DC),2000595.24,Até o 1º Semestre
2025,municipio,2209377,Prefeitura Municipal de Santa Rosa do Piauí - PI,DÍVIDA CONSOLIDADA,5004467.93,Até o 2º Quadrimestre
2025,municipio,2209377,Prefeitura Municipal de Santa Rosa do Piauí - PI,Disponibilidade de Caixa,-2201016.93,Até o 2º Quadrimestre
2025,municipio,2209377,Prefeitura Municipal de Santa Rosa do Piauí - PI,RECEITA CORRENTE LÍQUIDA,29674523.86,Até o 2º Quadrimestre
2025,municipio,2209377,Prefeitura Municipal de Santa Rosa do Piauí - PI,RECEITA CORRENTE LÍQUIDA AJUSTADA PARA CÁLCULO DOS LIMITES DE ENDIVIDAMENTO,27674523.86,Até o 2º Quadrimestre
2025,municipio,2209377,Prefeitura Municipal de Santa Rosa do Piauí - PI,% da DC sobre a RCL AJUSTADA (I/VI),18.08,Até o 2º Quadrimestre
2025,municipio,2209377,Prefeitura Municipal de Santa Rosa do Piauí - PI,% da DCL sobre a RCL AJUSTADA,26.04,Até o 2º Quadrimestre
2025,municipio,2209203,Prefeitura Municipal de Santa Filomena - PI,DÍVIDA CONSOLIDADA,3717648.46,Até o 2º Quadrimestre
2025,municipio,2209203,Prefeitura Municipal de Santa Filomena - PI,Precatórios (inclusive) Vencidos e Não Pagos,2318399.89,Até o 2º Quadrimestre
2025,municipio,2209203,Prefeitura Municipal de Santa Filomena - PI,Disponibilidade de Caixa,-11885454.65,Até o 2º Quadrimestre
2025,municipio,2209203,Prefeitura Municipal de Santa Filomena - PI,RECEITA CORRENTE LÍQUIDA,59929319.53,Até o 2º Quadrimestre
2025,municipio,2209203,Prefeitura Municipal de Santa Filomena - PI,RECEITA CORRENTE LÍQUIDA AJUSTADA PARA CÁLCULO DOS LIMITES DE ENDIVIDAMENTO,56841819.53,Até o 2º Quadrimestre
2025,municipio,2209203,Prefeitura Municipal de Santa Filomena - PI,% da DC sobre a RCL AJUSTADA (I/VI),6.54,Até o 2º Quadrimestre
2025,municipio,2209203,Prefeitura Municipal de Santa Filomena - PI,% da DCL sobre a RCL AJUSTADA,27.45,Até o 2º Quadrimestre
2025,municipio,2209005,Prefeitura Municipal de Rio Grande do Piauí - PI,DÍVIDA CONSOLIDADA,986890.18,Até o 1º Semestre
2025,municipio,2209005,Prefeitura Municipal de Rio Grande do Piauí - PI,Disponibilidade de Caixa,3538256.27,Até o 1º Semestre
2025,municipio,2209005,Prefeitura Municipal de Rio Grande do Piauí - PI,Disponibilidade de Caixa Bruta,4498264.28,Até o 1º Semestre
2025,municipio,2209005,Prefeitura Municipal de Rio Grande do Piauí - PI,RECEITA CORRENTE LÍQUIDA,36506092.0,Até o 1º Semestre
2025,municipio,2209005,Prefeitura Municipal de Rio Grande do Piauí - PI,% da DC sobre a RCL AJUSTADA (I/VI),2.7,Até o 1º Semestre
2025,municipio,2209005,Prefeitura Municipal de Rio Grande do Piauí - PI,% da DCL sobre a RCL AJUSTADA,-6.98,Até o 1º Semestre
2025,municipio,2209401,Prefeitura Municipal de Santo Antônio de Lisboa - PI,DÍVIDA CONSOLIDADA,2877736.18,Até o 2º Quadrimestre
2025,municipio,2209401,Prefeitura Municipal de Santo Antônio de Lisboa - PI,Disponibilidade de Caixa,-388674.87,Até o 2º Quadrimestre
2025,municipio,2209401,Prefeitura Municipal de Santo Antônio de Lisboa - PI,RECEITA CORRENTE LÍQUIDA,50105854.18,Até o 2º Quadrimestre
2025,municipio,2209401,Prefeitura Municipal de Santo Antônio de Lisboa - PI,RECEITA CORRENTE LÍQUIDA AJUSTADA PARA CÁLCULO DOS LIMITES DE ENDIVIDAMENTO,48855854.18,Até o 2º Quadrimestre
2025,municipio,2209401,Prefeitura Municipal de Santo Antônio de Lisboa - PI,% da DC sobre a RCL AJUSTADA (I/VI),5.89,Até o 2º Quadrimestre
2025,municipio,2209401,Prefeitura Municipal de Santo Antônio de Lisboa - PI,% da DCL sobre a RCL AJUSTADA,6.69,Até o 2º Quadrimestre
2025,municipio,2209351,Prefeitura Municipal de Santana do Piauí - PI,DÍVIDA CONSOLIDADA,3602740.02,Até o 2º Semestre
2025,municipio,2209351,Prefeitura Municipal de Santana do Piauí - PI,Disponibilidade de Caixa,6274650.74,Até o 2º Semestre
2025,municipio,2209351,Prefeitura Municipal de Santana do Piauí - PI,Disponibilidade de Caixa Bruta,6729864.89,Até o 2º Semestre
2025,municipio,2209351,Prefeitura Municipal de Santana do Piauí - PI,RECEITA CORRENTE LÍQUIDA,33744699.67,Até o 2º Semestre
2025,municipio,2209351,Prefeitura Municipal de Santana do Piauí - PI,% da DC sobre a RCL AJUSTADA (I/VI),10.98,Até o 2º Semestre
2025,municipio,2209351,Prefeitura Municipal de Santana do Piauí - PI,% da DCL sobre a RCL AJUSTADA,-8.14,Até o 2º Semestre
2025,municipio,2209450,Prefeitura Municipal de Santo Antônio dos Milagres - PI,DÍVIDA CONSOLIDADA,52624.55,Até o 2º Quadrimestre
2025,municipio,2209450,Prefeitura Municipal de Santo Antônio dos Milagres - PI,Precatórios (inclusive) Vencidos e Não Pagos,1578.94,Até o 2º Quadrimestre
2025,municipio,2209450,Prefeitura Municipal de Santo Antônio dos Milagres - PI,Disponibilidade de Caixa,726519.46,Até o 2º Quadrimestre
2025,municipio,2209450,Prefeitura Municipal de Santo Antônio dos Milagres - PI,Disponibilidade de Caixa Bruta,979402.22,Até o 2º Quadrimestre
2025,municipio,2209450,Prefeitura Municipal de Santo Antônio dos Milagres - PI,RECEITA CORRENTE LÍQUIDA,27031842.12,Até o 2º Quadrimestre
2025,municipio,2209450,Prefeitura Municipal de Santo Antônio dos Milagres - PI,RECEITA CORRENTE LÍQUIDA AJUSTADA PARA CÁLCULO DOS LIMITES DE ENDIVIDAMENTO,26431842.12,Até o 2º Quadrimestre
2025,municipio,2209450,Prefeitura Municipal de Santo Antônio dos Milagres - PI,% da DC sobre a RCL AJUSTADA (I/VI),0.2,Até o 2º Quadrimestre
2025,municipio,2209450,Prefeitura Municipal de Santo Antônio dos Milagres - PI,% da DCL sobre a RCL AJUSTADA,-2.55,Até o 2º Quadrimestre
2025,municipio,2209500,Prefeitura Municipal de Santo Inácio do Piauí - PI,DÍVIDA CONSOLIDADA,144000.0,Até o 2º Quadrimestre
2025,municipio,2209500,Prefeitura Municipal de Santo Inácio do Piauí - PI,Disponibilidade de Caixa,2702914.7,Até o 2º Quadrimestre
2025,municipio,2209500,Prefeitura Municipal de Santo Inácio do Piauí - PI,Disponibilidade de Caixa Bruta,4578187.26,Até o 2º Quadrimestre
2025,municipio,2209500,Prefeitura Municipal de Santo Inácio do Piauí - PI,RECEITA CORRENTE LÍQUIDA,34896762.91,Até o 2º Quadrimestre
2025,municipio,2209500,Prefeitura Municipal de Santo Inácio do Piauí - PI,RECEITA CORRENTE LÍQUIDA AJUSTADA PARA CÁLCULO DOS LIMITES DE ENDIVIDAMENTO,34396762.91,Até o 2º Quadrimestre
2025,municipio,2209500,Prefeitura Municipal de Santo Inácio do Piauí - PI,% da DC sobre a RCL AJUSTADA (I/VI),0.42,Até o 2º Quadrimestre
2025,municipio,2209500,Prefeitura Municipal de Santo Inácio do Piauí - PI,% da DCL sobre a RCL AJUSTADA,-7.44,Até o 2º Quadrimestre
2025,municipio,2209302,Prefeitura Municipal de Santa Luz - PI,Disponibilidade de Caixa,4970254.41,Até o 1º Semestre
2025,municipio,2209302,Prefeitura Municipal de Santa Luz - PI,Disponibilidade de Caixa Bruta,6476422.12,Até o 1º Semestre
2025,municipio,2209302,Prefeitura Municipal de Santa Luz - PI,RECEITA CORRENTE LÍQUIDA,38475231.24,Até o 1º Semestre
2025,municipio,2209302,Prefeitura Municipal de Santa Luz - PI,% da DCL sobre a RCL AJUSTADA,-13.66,Até o 1º Semestre
2025,municipio,2209609,Prefeitura Municipal de São Félix do Piauí - PI,Disponibilidade de Caixa,5011293.35,Até o 2º Quadrimestre
2025,municipio,2209609,Prefeitura Municipal de São Félix do Piauí - PI,Disponibilidade de Caixa Bruta,6189919.36,Até o 2º Quadrimestre
2025,municipio,2209609,Prefeitura Municipal de São Félix do Piauí - PI,RECEITA CORRENTE LÍQUIDA,30462828.59,Até o 2º Quadrimestre
2025,municipio,2209609,Prefeitura Municipal de São Félix do Piauí - PI,RECEITA CORRENTE LÍQUIDA AJUSTADA PARA CÁLCULO DOS LIMITES DE ENDIVIDAMENTO,30034588.59,Até o 2º Quadrimestre
2025,municipio,2209609,Prefeitura Municipal de São Félix do Piauí - PI,% da DCL sobre a RCL AJUSTADA,-16.69,Até o 2º Quadrimestre
2025,municipio,2209658,Prefeitura Municipal de São Francisco de Assis do Piauí - PI,DÍVIDA CONSOLIDADA,365478.16,Até o 2º Quadrimestre
2025,municipio,2209658,Prefeitura Municipal de São Francisco de Assis do Piauí - PI,Precatórios (inclusive) Vencidos e Não Pagos,35369.2,Até o 2º Quadrimestre
2025,municipio,2209658,Prefeitura Municipal de São Francisco de Assis do Piauí - PI,Disponibilidade de Caixa,-4260386.81,Até o 2º Quadrimestre
2025,municipio,2209658,Prefeitura Municipal de São Francisco de Assis do Piauí - PI,RECEITA CORRENTE LÍQUIDA,41731686.18,Até o 2º Quadrimestre
2025,municipio,2209658,Prefeitura Municipal de São Francisco de Assis do Piauí - PI,RECEITA CORRENTE LÍQUIDA AJUSTADA PARA CÁLCULO DOS LIMITES DE ENDIVIDAMENTO,41031686.18,Até o 2º Quadrimestre
2025,municipio,2209658,Prefeitura Municipal de São Francisco de Assis do Piauí - PI,% da DC sobre a RCL AJUSTADA (I/VI),0.89,Até o 2º Quadrimestre
2025,municipio,2209658,Prefeitura Municipal de São Francisco de Assis do Piauí - PI,% da DCL sobre a RCL AJUSTADA,11.27,Até o 2º Quadrimestre
2025,municipio,2209757,Prefeitura Municipal de São Gonçalo do Gurguéia - PI,DÍVIDA CONSOLIDADA,3386658.73,Até o 2º Quadrimestre
2025,municipio,2209757,Prefeitura Municipal de São Gonçalo do Gurguéia - PI,Precatórios (inclusive) Vencidos e Não Pagos,2805101.74,Até o 2º Quadrimestre
2025,municipio,2209757,Prefeitura Municipal de São Gonçalo do Gurguéia - PI,Disponibilidade de Caixa,-2203720.89,Até o 2º Quadrimestre
2025,municipio,2209757,Prefeitura Municipal de São Gonçalo do Gurguéia - PI,RECEITA CORRENTE LÍQUIDA,39860912.75,Até o 2º Quadrimestre
2025,municipio,2209757,Prefeitura Municipal de São Gonçalo do Gurguéia - PI,RECEITA CORRENTE LÍQUIDA AJUSTADA PARA CÁLCULO DOS LIMITES DE ENDIVIDAMENTO,38716620.75,Até o 2º Quadrimestre
2025,municipio,2209757,Prefeitura Municipal de São Gonçalo do Gurguéia - PI,% da DC sobre a RCL AJUSTADA (I/VI),8.75,Até o 2º Quadrimestre
2025,municipio,2209757,Prefeitura Municipal de São Gonçalo do Gurguéia - PI,% da DCL sobre a RCL AJUSTADA,14.44,Até o 2º Quadrimestre
2025,municipio,2209708,Prefeitura Municipal de São Francisco do Piauí - PI,DÍVIDA CONSOLIDADA,771237.09,Até o 2º Quadrimestre
2025,municipio,2209708,Prefeitura Municipal de São Francisco do Piauí - PI,Precatórios (inclusive) Vencidos e Não Pagos,-45695.44,Até o 2º Quadrimestre
2025,municipio,2209708,Prefeitura Municipal de São Francisco do Piauí - PI,Disponibilidade de Caixa,-1118847.74,Até o 2º Quadrimestre
2025,municipio,2209708,Prefeitura Municipal de São Francisco do Piauí - PI,RECEITA CORRENTE LÍQUIDA,40047574.36,Até o 2º Quadrimestre
2025,municipio,2209708,Prefeitura Municipal de São Francisco do Piauí - PI,RECEITA CORRENTE LÍQUIDA AJUSTADA PARA CÁLCULO DOS LIMITES DE ENDIVIDAMENTO,37124993.36,Até o 2º Quadrimestre
2025,municipio,2209708,Prefeitura Municipal de São Francisco do Piauí - PI,% da DC sobre a RCL AJUSTADA (I/VI),2.08,Até o 2º Quadrimestre
2025,municipio,2209708,Prefeitura Municipal de São Francisco do Piauí - PI,% da DCL sobre a RCL AJUSTADA,5.09,Até o 2º Quadrimestre
2025,municipio,2209807,Prefeitura Municipal de São Gonçalo do Piauí - PI,DÍVIDA CONSOLIDADA,2077281.19,Até o 2º Quadrimestre
2025,municipio,2209807,Prefeitura Municipal de São Gonçalo do Piauí - PI,Precatórios (inclusive) Vencidos e Não Pagos,0.02,Até o 2º Quadrimestre
2025,municipio,2209807,Prefeitura Municipal de São Gonçalo do Piauí - PI,Disponibilidade de Caixa,208696.69,Até o 2º Quadrimestre
2025,municipio,2209807,Prefeitura Municipal de São Gonçalo do Piauí - PI,Disponibilidade de Caixa Bruta,1589313.84,Até o 2º Quadrimestre
2025,municipio,2209807,Prefeitura Municipal de São Gonçalo do Piauí - PI,RECEITA CORRENTE LÍQUIDA,28466892.69,Até o 2º Quadrimestre
2025,municipio,2209807,Prefeitura Municipal de São Gonçalo do Piauí - PI,RECEITA CORRENTE LÍQUIDA AJUSTADA PARA CÁLCULO DOS LIMITES DE ENDIVIDAMENTO,27966892.69,Até o 2º Quadrimestre
2025,municipio,2209807,Prefeitura Municipal de São Gonçalo do Piauí - PI,% da DC sobre a RCL AJUSTADA (I/VI),7.43,Até o 2º Quadrimestre
2025,municipio,2209807,Prefeitura Municipal de São Gonçalo do Piauí - PI,% da DCL sobre a RCL AJUSTADA,6.68,Até o 2º Quadrimestre
2025,municipio,2209559,Prefeitura Municipal de São Braz do Piauí - PI,DÍVIDA CONSOLIDADA,2088328.48,Até o 1º Semestre
2025,municipio,2209559,Prefeitura Municipal de São Braz do Piauí - PI,Disponibilidade de Caixa,6405184.06,Até o 1º Semestre
2025,municipio,2209559,Prefeitura Municipal de São Braz do Piauí - PI,Disponibilidade de Caixa Bruta,7044280.01,Até o 1º Semestre
2025,municipio,2209559,Prefeitura Municipal de São Braz do Piauí - PI,RECEITA CORRENTE LÍQUIDA,33504010.46,Até o 1º Semestre
2025,municipio,2209559,Prefeitura Municipal de São Braz do Piauí - PI,% da DC sobre a RCL AJUSTADA (I/VI),6.24,Até o 1º Semestre
2025,municipio,2209559,Prefeitura Municipal de São Braz do Piauí - PI,% da DCL sobre a RCL AJUSTADA,-13.4,Até o 1º Semestre
2025,municipio,2209559,Prefeitura Municipal de São Braz do Piauí - PI,Precatórios (Não incluídos na DC),164450.25,Até o 1º Semestre
2025,municipio,2209872,Prefeitura Municipal de São João da Fronteira - PI,DÍVIDA CONSOLIDADA,2355838.48,Até o 2º Quadrimestre
2025,municipio,2209872,Prefeitura Municipal de São João da Fronteira - PI,Disponibilidade de Caixa,1985974.74,Até o 2º Quadrimestre
2025,municipio,2209872,Prefeitura Municipal de São João da Fronteira - PI,Disponibilidade de Caixa Bruta,2451006.32,Até o 2º Quadrimestre
2025,municipio,2209872,Prefeitura Municipal de São João da Fronteira - PI,RECEITA CORRENTE LÍQUIDA,34791810.09,Até o 2º Quadrimestre
2025,municipio,2209872,Prefeitura Municipal de São João da Fronteira - PI,RECEITA CORRENTE LÍQUIDA AJUSTADA PARA CÁLCULO DOS LIMITES DE ENDIVIDAMENTO,34791810.09,Até o 2º Quadrimestre
2025,municipio,2209872,Prefeitura Municipal de São João da Fronteira - PI,% da DC sobre a RCL AJUSTADA (I/VI),6.77,Até o 2º Quadrimestre
2025,municipio,2209872,Prefeitura Municipal de São João da Fronteira - PI,% da DCL sobre a RCL AJUSTADA,1.06,Até o 2º Quadrimestre
2025,municipio,2209856,Prefeitura Municipal de São João da Canabrava - PI,Disponibilidade de Caixa,4937417.35,Até o 1º Semestre
2025,municipio,2209856,Prefeitura Municipal de São João da Canabrava - PI,Disponibilidade de Caixa Bruta,5280059.03,Até o 1º Semestre
2025,municipio,2209856,Prefeitura Municipal de São João da Canabrava - PI,RECEITA CORRENTE LÍQUIDA,38101108.77,Até o 1º Semestre
2025,municipio,2209856,Prefeitura Municipal de São João da Canabrava - PI,% da DCL sobre a RCL AJUSTADA,-13.31,Até o 1º Semestre
2025,municipio,2209856,Prefeitura Municipal de São João da Canabrava - PI,Precatórios (Não incluídos na DC),3639.07,Até o 1º Semestre
2025,municipio,2209971,Prefeitura Municipal de São João do Arraial - PI,DÍVIDA CONSOLIDADA,846597.03,Até o 2º Quadrimestre
2025,municipio,2209971,Prefeitura Municipal de São João do Arraial - PI,Disponibilidade de Caixa,11538866.83,Até o 2º Quadrimestre
2025,municipio,2209971,Prefeitura Municipal de São João do Arraial - PI,Disponibilidade de Caixa Bruta,11811182.91,Até o 2º Quadrimestre
2025,municipio,2209971,Prefeitura Municipal de São João do Arraial - PI,RECEITA CORRENTE LÍQUIDA,58393623.8,Até o 2º Quadrimestre
2025,municipio,2209971,Prefeitura Municipal de São João do Arraial - PI,RECEITA CORRENTE LÍQUIDA AJUSTADA PARA CÁLCULO DOS LIMITES DE ENDIVIDAMENTO,57343623.8,Até o 2º Quadrimestre
2025,municipio,2209971,Prefeitura Municipal de São João do Arraial - PI,% da DC sobre a RCL AJUSTADA (I/VI),1.48,Até o 2º Quadrimestre
2025,municipio,2209971,Prefeitura Municipal de São João do Arraial - PI,% da DCL sobre a RCL AJUSTADA,-18.65,Até o 2º Quadrimestre
2025,municipio,2209955,Prefeitura Municipal de São João da Varjota - PI,Disponibilidade de Caixa,662578.39,Até o 1º Semestre
2025,municipio,2209955,Prefeitura Municipal de São João da Varjota - PI,Disponibilidade de Caixa Bruta,671729.72,Até o 1º Semestre
2025,municipio,2209955,Prefeitura Municipal de São João da Varjota - PI,RECEITA CORRENTE LÍQUIDA,33968069.93,Até o 1º Semestre
2025,municipio,2209955,Prefeitura Municipal de São João da Varjota - PI,% da DCL sobre a RCL AJUSTADA,-2.0,Até o 1º Semestre
2025,municipio,2209906,Prefeitura Municipal de São João da Serra - PI,DÍVIDA CONSOLIDADA,1572403.07,Até o 1º Semestre
2025,municipio,2209906,Prefeitura Municipal de São João da Serra - PI,Disponibilidade de Caixa,5513237.58,Até o 1º Semestre
2025,municipio,2209906,Prefeitura Municipal de São João da Serra - PI,Disponibilidade de Caixa Bruta,6107021.4,Até o 1º Semestre
2025,municipio,2209906,Prefeitura Municipal de São João da Serra - PI,RECEITA CORRENTE LÍQUIDA,30295306.33,Até o 1º Semestre
2025,municipio,2209906,Prefeitura Municipal de São João da Serra - PI,% da DC sobre a RCL AJUSTADA (I/VI),5.19,Até o 1º Semestre
2025,municipio,2209906,Prefeitura Municipal de São João da Serra - PI,% da DCL sobre a RCL AJUSTADA,-13.01,Até o 1º Semestre
2025,municipio,2210201,Prefeitura Municipal de São José do Piauí - PI,DÍVIDA CONSOLIDADA,1247190.13,Até o 2º Quadrimestre
2025,municipio,2210201,Prefeitura Municipal de São José do Piauí - PI,Disponibilidade de Caixa,18336186.04,Até o 2º Quadrimestre
2025,municipio,2210201,Prefeitura Municipal de São José do Piauí - PI,Disponibilidade de Caixa Bruta,18833765.42,Até o 2º Quadrimestre
2025,municipio,2210201,Prefeitura Municipal de São José do Piauí - PI,RECEITA CORRENTE LÍQUIDA,33687295.99,Até o 2º Quadrimestre
2025,municipio,2210201,Prefeitura Municipal de São José do Piauí - PI,RECEITA CORRENTE LÍQUIDA AJUSTADA PARA CÁLCULO DOS LIMITES DE ENDIVIDAMENTO,33513130.99,Até o 2º Quadrimestre
2025,municipio,2210201,Prefeitura Municipal de São José do Piauí - PI,% da DC sobre a RCL AJUSTADA (I/VI),3.72,Até o 2º Quadrimestre
2025,municipio,2210201,Prefeitura Municipal de São José do Piauí - PI,% da DCL sobre a RCL AJUSTADA,-50.99,Até o 2º Quadrimestre
2025,municipio,2210003,Prefeitura Municipal de São João do Piauí - PI,DÍVIDA CONSOLIDADA,11024730.24,Até o 1º Semestre
2025,municipio,2210003,Prefeitura Municipal de São João do Piauí - PI,Disponibilidade de Caixa,19292598.85,Até o 1º Semestre
2025,municipio,2210003,Prefeitura Municipal de São João do Piauí - PI,Disponibilidade de Caixa Bruta,20015198.16,Até o 1º Semestre
2025,municipio,2210003,Prefeitura Municipal de São João do Piauí - PI,RECEITA CORRENTE LÍQUIDA,120625896.9,Até o 1º Semestre
2025,municipio,2210003,Prefeitura Municipal de São João do Piauí - PI,% da DC sobre a RCL AJUSTADA (I/VI),9.23,Até o 1º Semestre
2025,municipio,2210003,Prefeitura Municipal de São João do Piauí - PI,% da DCL sobre a RCL AJUSTADA,-6.92,Até o 1º Semestre
2025,municipio,2210052,Prefeitura Municipal de São José do Divino - PI,DÍVIDA CONSOLIDADA,2683588.17,Até o 1º Semestre
2025,municipio,2210052,Prefeitura Municipal de São José do Divino - PI,Disponibilidade de Caixa,5461898.43,Até o 1º Semestre
2025,municipio,2210052,Prefeitura Municipal de São José do Divino - PI,Disponibilidade de Caixa Bruta,5499554.51,Até o 1º Semestre
2025,municipio,2210052,Prefeitura Municipal de São José do Divino - PI,RECEITA CORRENTE LÍQUIDA,36184958.93,Até o 1º Semestre
2025,municipio,2210052,Prefeitura Municipal de São José do Divino - PI,% da DC sobre a RCL AJUSTADA (I/VI),7.44,Até o 1º Semestre
2025,municipio,2210052,Prefeitura Municipal de São José do Divino - PI,% da DCL sobre a RCL AJUSTADA,-7.7,Até o 1º Semestre
2025,municipio,2210102,Prefeitura Municipal de São José do Peixe - PI,DÍVIDA CONSOLIDADA,465846.75,Até o 1º Semestre
2025,municipio,2210102,Prefeitura Municipal de São José do Peixe - PI,Precatórios (inclusive) Vencidos e Não Pagos,28000.0,Até o 1º Semestre
2025,municipio,2210102,Prefeitura Municipal de São José do Peixe - PI,Disponibilidade de Caixa,-1255144.71,Até o 1º Semestre
2025,municipio,2210102,Prefeitura Municipal de São José do Peixe - PI,RECEITA CORRENTE LÍQUIDA,29153285.81,Até o 1º Semestre
2025,municipio,2210102,Prefeitura Municipal de São José do Peixe - PI,% da DC sobre a RCL AJUSTADA (I/VI),1.6,Até o 1º Semestre
2025,municipio,2210102,Prefeitura Municipal de São José do Peixe - PI,% da DCL sobre a RCL AJUSTADA,5.9,Até o 1º Semestre
2025,municipio,2210383,Prefeitura Municipal de São Miguel da Baixa Grande - PI,DÍVIDA CONSOLIDADA,885989.2,Até o 2º Quadrimestre
2025,municipio,2210383,Prefeitura Municipal de São Miguel da Baixa Grande - PI,Disponibilidade de Caixa,1896106.67,Até o 2º Quadrimestre
2025,municipio,2210383,Prefeitura Municipal de São Miguel da Baixa Grande - PI,Disponibilidade de Caixa Bruta,2110044.53,Até o 2º Quadrimestre
2025,municipio,2210383,Prefeitura Municipal de São Miguel da Baixa Grande - PI,RECEITA CORRENTE LÍQUIDA,24685215.79,Até o 2º Quadrimestre
2025,municipio,2210383,Prefeitura Municipal de São Miguel da Baixa Grande - PI,RECEITA CORRENTE LÍQUIDA AJUSTADA PARA CÁLCULO DOS LIMITES DE ENDIVIDAMENTO,23985215.79,Até o 2º Quadrimestre
2025,municipio,2210383,Prefeitura Municipal de São Miguel da Baixa Grande - PI,% da DC sobre a RCL AJUSTADA (I/VI),3.69,Até o 2º Quadrimestre
2025,municipio,2210383,Prefeitura Municipal de São Miguel da Baixa Grande - PI,% da DCL sobre a RCL AJUSTADA,-4.21,Até o 2º Quadrimestre
2025,municipio,2210375,Prefeitura Municipal de São Luis do Piauí - PI,DÍVIDA CONSOLIDADA,142771.89,Até o 2º Semestre
2025,municipio,2210375,Prefeitura Municipal de São Luis do Piauí - PI,Disponibilidade de Caixa,1890457.47,Até o 2º Semestre
2025,municipio,2210375,Prefeitura Municipal de São Luis do Piauí - PI,Disponibilidade de Caixa Bruta,2595601.24,Até o 2º Semestre
2025,municipio,2210375,Prefeitura Municipal de São Luis do Piauí - PI,RECEITA CORRENTE LÍQUIDA,25108453.93,Até o 2º Semestre
2025,municipio,2210375,Prefeitura Municipal de São Luis do Piauí - PI,% da DC sobre a RCL AJUSTADA (I/VI),0.57,Até o 2º Semestre
2025,municipio,2210375,Prefeitura Municipal de São Luis do Piauí - PI,% da DCL sobre a RCL AJUSTADA,-6.96,Até o 2º Semestre
2025,municipio,2210391,Prefeitura Municipal de São Miguel do Fidalgo - PI,DÍVIDA CONSOLIDADA,714786.5,Até o 2º Quadrimestre
2025,municipio,2210391,Prefeitura Municipal de São Miguel do Fidalgo - PI,Disponibilidade de Caixa,3365707.02,Até o 2º Quadrimestre
2025,municipio,2210391,Prefeitura Municipal de São Miguel do Fidalgo - PI,Disponibilidade de Caixa Bruta,4124843.02,Até o 2º Quadrimestre
2025,municipio,2210391,Prefeitura Municipal de São Miguel do Fidalgo - PI,RECEITA CORRENTE LÍQUIDA,28893366.12,Até o 2º Quadrimestre
2025,municipio,2210391,Prefeitura Municipal de São Miguel do Fidalgo - PI,RECEITA CORRENTE LÍQUIDA AJUSTADA PARA CÁLCULO DOS LIMITES DE ENDIVIDAMENTO,27993366.12,Até o 2º Quadrimestre
2025,municipio,2210391,Prefeitura Municipal de São Miguel do Fidalgo - PI,% da DC sobre a RCL AJUSTADA (I/VI),2.55,Até o 2º Quadrimestre
2025,municipio,2210391,Prefeitura Municipal de São Miguel do Fidalgo - PI,% da DCL sobre a RCL AJUSTADA,-11.25,Até o 2º Quadrimestre
2025,municipio,2210391,Prefeitura Municipal de São Miguel do Fidalgo - PI,Precatórios (Não incluídos na DC),1518.0,Até o 2º Quadrimestre
2025,municipio,2210409,Prefeitura Municipal de São Miguel do Tapuio - PI,DÍVIDA CONSOLIDADA,2880543.03,Até o 2º Quadrimestre
2025,municipio,2210409,Prefeitura Municipal de São Miguel do Tapuio - PI,Disponibilidade de Caixa,8264335.75,Até o 2º Quadrimestre
2025,municipio,2210409,Prefeitura Municipal de São Miguel do Tapuio - PI,Disponibilidade de Caixa Bruta,14180557.84,Até o 2º Quadrimestre
2025,municipio,2210409,Prefeitura Municipal de São Miguel do Tapuio - PI,RECEITA CORRENTE LÍQUIDA,110617585.38,Até o 2º Quadrimestre
2025,municipio,2210409,Prefeitura Municipal de São Miguel do Tapuio - PI,RECEITA CORRENTE LÍQUIDA AJUSTADA PARA CÁLCULO DOS LIMITES DE ENDIVIDAMENTO,109215585.38,Até o 2º Quadrimestre
2025,municipio,2210409,Prefeitura Municipal de São Miguel do Tapuio - PI,% da DC sobre a RCL AJUSTADA (I/VI),2.64,Até o 2º Quadrimestre
2025,municipio,2210409,Prefeitura Municipal de São Miguel do Tapuio - PI,% da DCL sobre a RCL AJUSTADA,-4.93,Até o 2º Quadrimestre
2025,municipio,2210300,Prefeitura Municipal de São Julião - PI,Disponibilidade de Caixa,3043317.8,Até o 1º Semestre
2025,municipio,2210300,Prefeitura Municipal de São Julião - PI,Disponibilidade de Caixa Bruta,3412431.44,Até o 1º Semestre
2025,municipio,2210300,Prefeitura Municipal de São Julião - PI,RECEITA CORRENTE LÍQUIDA,33084884.24,Até o 1º Semestre
2025,municipio,2210300,Prefeitura Municipal de São Julião - PI,% da DCL sobre a RCL AJUSTADA,-9.2,Até o 1º Semestre
2025,municipio,2210623,Prefeitura Municipal de Sebastião Barros - PI,DÍVIDA CONSOLIDADA,542417.37,Até o 2º Quadrimestre
2025,municipio,2210623,Prefeitura Municipal de Sebastião Barros - PI,Precatórios (inclusive) Vencidos e Não Pagos,542417.37,Até o 2º Quadrimestre
2025,municipio,2210623,Prefeitura Municipal de Sebastião Barros - PI,Disponibilidade de Caixa,-7870155.56,Até o 2º Quadrimestre
2025,municipio,2210623,Prefeitura Municipal de Sebastião Barros - PI,RECEITA CORRENTE LÍQUIDA,32651889.14,Até o 2º Quadrimestre
2025,municipio,2210623,Prefeitura Municipal de Sebastião Barros - PI,RECEITA CORRENTE LÍQUIDA AJUSTADA PARA CÁLCULO DOS LIMITES DE ENDIVIDAMENTO,31351889.14,Até o 2º Quadrimestre
2025,municipio,2210623,Prefeitura Municipal de Sebastião Barros - PI,% da DC sobre a RCL AJUSTADA (I/VI),1.73,Até o 2º Quadrimestre
2025,municipio,2210623,Prefeitura Municipal de Sebastião Barros - PI,% da DCL sobre a RCL AJUSTADA,26.83,Até o 2º Quadrimestre
2025,municipio,2210359,Prefeitura Municipal de São Lourenço do Piauí - PI,DÍVIDA CONSOLIDADA,3287988.7,Até o 1º Semestre
2025,municipio,2210359,Prefeitura Municipal de São Lourenço do Piauí - PI,Precatórios (inclusive) Vencidos e Não Pagos,237156.49,Até o 1º Semestre
2025,municipio,2210359,Prefeitura Municipal de São Lourenço do Piauí - PI,Disponibilidade de Caixa,-3147716.14,Até o 1º Semestre
2025,municipio,2210359,Prefeitura Municipal de São Lourenço do Piauí - PI,RECEITA CORRENTE LÍQUIDA,29530646.94,Até o 1º Semestre
2025,municipio,2210359,Prefeitura Municipal de São Lourenço do Piauí - PI,% da DC sobre a RCL AJUSTADA (I/VI),11.13,Até o 1º Semestre
2025,municipio,2210359,Prefeitura Municipal de São Lourenço do Piauí - PI,% da DCL sobre a RCL AJUSTADA,21.79,Até o 1º Semestre
2025,municipio,2210607,Prefeitura Municipal de São Raimundo Nonato - PI,DÍVIDA CONSOLIDADA,43730596.08,Até o 2º Quadrimestre
2025,municipio,2210607,Prefeitura Municipal de São Raimundo Nonato - PI,Precatórios (inclusive) Vencidos e Não Pagos,14519082.3,Até o 2º Quadrimestre
2025,municipio,2210607,Prefeitura Municipal de São Raimundo Nonato - PI,Disponibilidade de Caixa,13820884.06,Até o 2º Quadrimestre
2025,municipio,2210607,Prefeitura Municipal de São Raimundo Nonato - PI,Disponibilidade de Caixa Bruta,28430427.32,Até o 2º Quadrimestre
2025,municipio,2210607,Prefeitura Municipal de São Raimundo Nonato - PI,RECEITA CORRENTE LÍQUIDA,195741446.38,Até o 2º Quadrimestre
2025,municipio,2210607,Prefeitura Municipal de São Raimundo Nonato - PI,RECEITA CORRENTE LÍQUIDA AJUSTADA PARA CÁLCULO DOS LIMITES DE ENDIVIDAMENTO,195041446.38,Até o 2º Quadrimestre
2025,municipio,2210607,Prefeitura Municipal de São Raimundo Nonato - PI,% da DC sobre a RCL AJUSTADA (I/VI),22.42,Até o 2º Quadrimestre
2025,municipio,2210607,Prefeitura Municipal de São Raimundo Nonato - PI,% da DCL sobre a RCL AJUSTADA,15.34,Até o 2º Quadrimestre
2025,municipio,2210631,Prefeitura Municipal de Sebastião Leal - PI,DÍVIDA CONSOLIDADA,584674.65,Até o 2º Quadrimestre
2025,municipio,2210631,Prefeitura Municipal de Sebastião Leal - PI,Disponibilidade de Caixa,-12000.0,Até o 2º Quadrimestre
2025,municipio,2210631,Prefeitura Municipal de Sebastião Leal - PI,RECEITA CORRENTE LÍQUIDA,43778785.27,Até o 2º Quadrimestre
2025,municipio,2210631,Prefeitura Municipal de Sebastião Leal - PI,RECEITA CORRENTE LÍQUIDA AJUSTADA PARA CÁLCULO DOS LIMITES DE ENDIVIDAMENTO,43778785.27,Até o 2º Quadrimestre
2025,municipio,2210631,Prefeitura Municipal de Sebastião Leal - PI,% da DC sobre a RCL AJUSTADA (I/VI),1.34,Até o 2º Quadrimestre
2025,municipio,2210631,Prefeitura Municipal de Sebastião Leal - PI,% da DCL sobre a RCL AJUSTADA,1.36,Até o 2º Quadrimestre
2025,municipio,2210656,Prefeitura Municipal de Sigefredo Pacheco - PI,DÍVIDA CONSOLIDADA,15981735.8,Até o 2º Quadrimestre
2025,municipio,2210656,Prefeitura Municipal de Sigefredo Pacheco - PI,Disponibilidade de Caixa,3768720.98,Até o 2º Quadrimestre
2025,municipio,2210656,Prefeitura Municipal de Sigefredo Pacheco - PI,Disponibilidade de Caixa Bruta,4340478.83,Até o 2º Quadrimestre
2025,municipio,2210656,Prefeitura Municipal de Sigefredo Pacheco - PI,RECEITA CORRENTE LÍQUIDA,40251544.26,Até o 2º Quadrimestre
2025,municipio,2210656,Prefeitura Municipal de Sigefredo Pacheco - PI,RECEITA CORRENTE LÍQUIDA AJUSTADA PARA CÁLCULO DOS LIMITES DE ENDIVIDAMENTO,40251544.26,Até o 2º Quadrimestre
2025,municipio,2210656,Prefeitura Municipal de Sigefredo Pacheco - PI,% da DC sobre a RCL AJUSTADA (I/VI),39.7,Até o 2º Quadrimestre
2025,municipio,2210656,Prefeitura Municipal de Sigefredo Pacheco - PI,% da DCL sobre a RCL AJUSTADA,30.34,Até o 2º Quadrimestre
2025,municipio,2210508,Prefeitura Municipal de São Pedro do Piauí - PI,DÍVIDA CONSOLIDADA,214118.72,Até o 1º Semestre
2025,municipio,2210508,Prefeitura Municipal de São Pedro do Piauí - PI,Disponibilidade de Caixa,9550301.76,Até o 1º Semestre
2025,municipio,2210508,Prefeitura Municipal de São Pedro do Piauí - PI,Disponibilidade de Caixa Bruta,9872286.28,Até o 1º Semestre
2025,municipio,2210508,Prefeitura Municipal de São Pedro do Piauí - PI,RECEITA CORRENTE LÍQUIDA,90380161.19,Até o 1º Semestre
2025,municipio,2210508,Prefeitura Municipal de São Pedro do Piauí - PI,% da DC sobre a RCL AJUSTADA (I/VI),0.24,Até o 1º Semestre
2025,municipio,2210508,Prefeitura Municipal de São Pedro do Piauí - PI,% da DCL sobre a RCL AJUSTADA,-10.45,Até o 1º Semestre
2025,municipio,2210706,Prefeitura Municipal de Simões - PI,DÍVIDA CONSOLIDADA,2961490.73,Até o 2º Quadrimestre
2025,municipio,2210706,Prefeitura Municipal de Simões - PI,Disponibilidade de Caixa,3761780.52,Até o 2º Quadrimestre
2025,municipio,2210706,Prefeitura Municipal de Simões - PI,Disponibilidade de Caixa Bruta,6045872.16,Até o 2º Quadrimestre
2025,municipio,2210706,Prefeitura Municipal de Simões - PI,RECEITA CORRENTE LÍQUIDA,99755318.8,Até o 2º Quadrimestre
2025,municipio,2210706,Prefeitura Municipal de Simões - PI,RECEITA CORRENTE LÍQUIDA AJUSTADA PARA CÁLCULO DOS LIMITES DE ENDIVIDAMENTO,98155318.8,Até o 2º Quadrimestre
2025,municipio,2210706,Prefeitura Municipal de Simões - PI,% da DC sobre a RCL AJUSTADA (I/VI),3.02,Até o 2º Quadrimestre
2025,municipio,2210706,Prefeitura Municipal de Simões - PI,% da DCL sobre a RCL AJUSTADA,-0.82,Até o 2º Quadrimestre
2025,municipio,2210706,Prefeitura Municipal de Simões - PI,Precatórios (Não incluídos na DC),112788.82,Até o 2º Quadrimestre
2025,municipio,2210938,Prefeitura Municipal de Sussuapara - PI,DÍVIDA CONSOLIDADA,996082.95,Até o 2º Quadrimestre
2025,municipio,2210938,Prefeitura Municipal de Sussuapara - PI,Disponibilidade de Caixa,3100161.45,Até o 2º Quadrimestre
2025,municipio,2210938,Prefeitura Municipal de Sussuapara - PI,Disponibilidade de Caixa Bruta,3221263.0,Até o 2º Quadrimestre
2025,municipio,2210938,Prefeitura Municipal de Sussuapara - PI,RECEITA CORRENTE LÍQUIDA,37190227.48,Até o 2º Quadrimestre
2025,municipio,2210938,Prefeitura Municipal de Sussuapara - PI,RECEITA CORRENTE LÍQUIDA AJUSTADA PARA CÁLCULO DOS LIMITES DE ENDIVIDAMENTO,36077719.48,Até o 2º Quadrimestre
2025,municipio,2210938,Prefeitura Municipal de Sussuapara - PI,% da DC sobre a RCL AJUSTADA (I/VI),2.76,Até o 2º Quadrimestre
2025,municipio,2210938,Prefeitura Municipal de Sussuapara - PI,% da DCL sobre a RCL AJUSTADA,-5.83,Até o 2º Quadrimestre
2025,municipio,2210979,Prefeitura Municipal de Tanque do Piauí - PI,DÍVIDA CONSOLIDADA,2290131.61,Até o 2º Quadrimestre
2025,municipio,2210979,Prefeitura Municipal de Tanque do Piauí - PI,Disponibilidade de Caixa,-1098705.94,Até o 2º Quadrimestre
2025,municipio,2210979,Prefeitura Municipal de Tanque do Piauí - PI,RECEITA CORRENTE LÍQUIDA,24267431.86,Até o 2º Quadrimestre
2025,municipio,2210979,Prefeitura Municipal de Tanque do Piauí - PI,RECEITA CORRENTE LÍQUIDA AJUSTADA PARA CÁLCULO DOS LIMITES DE ENDIVIDAMENTO,23467431.86,Até o 2º Quadrimestre
2025,municipio,2210979,Prefeitura Municipal de Tanque do Piauí - PI,% da DC sobre a RCL AJUSTADA (I/VI),9.76,Até o 2º Quadrimestre
2025,municipio,2210979,Prefeitura Municipal de Tanque do Piauí - PI,% da DCL sobre a RCL AJUSTADA,14.44,Até o 2º Quadrimestre
2025,municipio,2210904,Prefeitura Municipal de Socorro do Piauí - PI,DÍVIDA CONSOLIDADA,549257.99,Até o 2º Quadrimestre
2025,municipio,2210904,Prefeitura Municipal de Socorro do Piauí - PI,Precatórios (inclusive) Vencidos e Não Pagos,294967.84,Até o 2º Quadrimestre
2025,municipio,2210904,Prefeitura Municipal de Socorro do Piauí - PI,Disponibilidade de Caixa,6587644.27,Até o 2º Quadrimestre
2025,municipio,2210904,Prefeitura Municipal de Socorro do Piauí - PI,Disponibilidade de Caixa Bruta,7421157.99,Até o 2º Quadrimestre
2025,municipio,2210904,Prefeitura Municipal de Socorro do Piauí - PI,RECEITA CORRENTE LÍQUIDA,23432311.4,Até o 2º Quadrimestre
2025,municipio,2210904,Prefeitura Municipal de Socorro do Piauí - PI,RECEITA CORRENTE LÍQUIDA AJUSTADA PARA CÁLCULO DOS LIMITES DE ENDIVIDAMENTO,22482311.4,Até o 2º Quadrimestre
2025,municipio,2210904,Prefeitura Municipal de Socorro do Piauí - PI,% da DC sobre a RCL AJUSTADA (I/VI),2.44,Até o 2º Quadrimestre
2025,municipio,2210904,Prefeitura Municipal de Socorro do Piauí - PI,% da DCL sobre a RCL AJUSTADA,-27.53,Até o 2º Quadrimestre
2025,municipio,2210904,Prefeitura Municipal de Socorro do Piauí - PI,Precatórios (Não incluídos na DC),16000.0,Até o 2º Quadrimestre
2025,municipio,2211001,Prefeitura Municipal de Teresina - PI,DÍVIDA CONSOLIDADA,1482658293.74,Até o 2º Quadrimestre
2025,municipio,2211001,Prefeitura Municipal de Teresina - PI,Precatórios (inclusive) Vencidos e Não Pagos,1654339.54,Até o 2º Quadrimestre
2025,municipio,2211001,Prefeitura Municipal de Teresina - PI,Disponibilidade de Caixa,420363795.93,Até o 2º Quadrimestre
2025,municipio,2211001,Prefeitura Municipal de Teresina - PI,Disponibilidade de Caixa Bruta,780896325.38,Até o 2º Quadrimestre
2025,municipio,2211001,Prefeitura Municipal de Teresina - PI,RECEITA CORRENTE LÍQUIDA,4553802783.04,Até o 2º Quadrimestre
2025,municipio,2211001,Prefeitura Municipal de Teresina - PI,RECEITA CORRENTE LÍQUIDA AJUSTADA PARA CÁLCULO DOS LIMITES DE ENDIVIDAMENTO,4553802783.04,Até o 2º Quadrimestre
2025,municipio,2211001,Prefeitura Municipal de Teresina - PI,% da DC sobre a RCL AJUSTADA (I/VI),32.56,Até o 2º Quadrimestre
2025,municipio,2211001,Prefeitura Municipal de Teresina - PI,% da DCL sobre a RCL AJUSTADA,23.22,Até o 2º Quadrimestre
2025,municipio,2210953,Prefeitura Municipal de Tamboril do Piauí - PI,DÍVIDA CONSOLIDADA,2718131.91,Até o 1º Quadrimestre
2025,municipio,2210953,Prefeitura Municipal de Tamboril do Piauí - PI,Disponibilidade de Caixa,2537631.87,Até o 1º Quadrimestre
2025,municipio,2210953,Prefeitura Municipal de Tamboril do Piauí - PI,Disponibilidade de Caixa Bruta,2698131.3,Até o 1º Quadrimestre
2025,municipio,2210953,Prefeitura Municipal de Tamboril do Piauí - PI,RECEITA CORRENTE LÍQUIDA,26854769.85,Até o 1º Quadrimestre
2025,municipio,2210953,Prefeitura Municipal de Tamboril do Piauí - PI,RECEITA CORRENTE LÍQUIDA AJUSTADA PARA CÁLCULO DOS LIMITES DE ENDIVIDAMENTO,26400048.85,Até o 1º Quadrimestre
2025,municipio,2210953,Prefeitura Municipal de Tamboril do Piauí - PI,% da DC sobre a RCL AJUSTADA (I/VI),10.3,Até o 1º Quadrimestre
2025,municipio,2210953,Prefeitura Municipal de Tamboril do Piauí - PI,% da DCL sobre a RCL AJUSTADA,0.68,Até o 1º Quadrimestre
2025,municipio,2210805,Prefeitura Municipal de Simplício Mendes - PI,DÍVIDA CONSOLIDADA,13241495.94,Até o 1º Semestre
2025,municipio,2210805,Prefeitura Municipal de Simplício Mendes - PI,Disponibilidade de Caixa,11499312.23,Até o 1º Semestre
2025,municipio,2210805,Prefeitura Municipal de Simplício Mendes - PI,Disponibilidade de Caixa Bruta,12004887.83,Até o 1º Semestre
2025,municipio,2210805,Prefeitura Municipal de Simplício Mendes - PI,RECEITA CORRENTE LÍQUIDA,77850072.41,Até o 1º Semestre
2025,municipio,2210805,Prefeitura Municipal de Simplício Mendes - PI,% da DC sobre a RCL AJUSTADA (I/VI),17.13,Até o 1º Semestre
2025,municipio,2210805,Prefeitura Municipal de Simplício Mendes - PI,% da DCL sobre a RCL AJUSTADA,2.25,Até o 1º Semestre
2025,municipio,2211308,Prefeitura Municipal de Valença do Piauí - PI,DÍVIDA CONSOLIDADA,30733.52,Até o 2º Quadrimestre
2025,municipio,2211308,Prefeitura Municipal de Valença do Piauí - PI,Precatórios (inclusive) Vencidos e Não Pagos,80942.54,Até o 2º Quadrimestre
2025,municipio,2211308,Prefeitura Municipal de Valença do Piauí - PI,Disponibilidade de Caixa,-9106137.33,Até o 2º Quadrimestre
2025,municipio,2211308,Prefeitura Municipal de Valença do Piauí - PI,RECEITA CORRENTE LÍQUIDA,89615197.82,Até o 2º Quadrimestre
2025,municipio,2211308,Prefeitura Municipal de Valença do Piauí - PI,RECEITA CORRENTE LÍQUIDA AJUSTADA PARA CÁLCULO DOS LIMITES DE ENDIVIDAMENTO,89115197.82,Até o 2º Quadrimestre
2025,municipio,2211308,Prefeitura Municipal de Valença do Piauí - PI,% da DC sobre a RCL AJUSTADA (I/VI),0.03,Até o 2º Quadrimestre
2025,municipio,2211308,Prefeitura Municipal de Valença do Piauí - PI,% da DCL sobre a RCL AJUSTADA,10.25,Até o 2º Quadrimestre
2025,municipio,2211100,Prefeitura Municipal de União - PI,DÍVIDA CONSOLIDADA,31911369.76,Até o 1º Semestre
2025,municipio,2211100,Prefeitura Municipal de União - PI,Precatórios (inclusive) Vencidos e Não Pagos,5135.58,Até o 1º Semestre
2025,municipio,2211100,Prefeitura Municipal de União - PI,Disponibilidade de Caixa,46617604.5,Até o 1º Semestre
2025,municipio,2211100,Prefeitura Municipal de União - PI,Disponibilidade de Caixa Bruta,48795179.55,Até o 1º Semestre
2025,municipio,2211100,Prefeitura Municipal de União - PI,RECEITA CORRENTE LÍQUIDA,245750784.08,Até o 1º Semestre
2025,municipio,2211100,Prefeitura Municipal de União - PI,% da DC sobre a RCL AJUSTADA (I/VI),12.99,Até o 1º Semestre
2025,municipio,2211100,Prefeitura Municipal de União - PI,% da DCL sobre a RCL AJUSTADA,-5.98,Até o 1º Semestre
2025,municipio,2211605,Prefeitura Municipal de Vila Nova do Piauí - PI,DÍVIDA CONSOLIDADA,2763622.01,Até o 2º Quadrimestre
2025,municipio,2211605,Prefeitura Municipal de Vila Nova do Piauí - PI,Disponibilidade de Caixa,3369376.77,Até o 2º Quadrimestre
2025,municipio,2211605,Prefeitura Municipal de Vila Nova do Piauí - PI,Disponibilidade de Caixa Bruta,4987801.08,Até o 2º Quadrimestre
2025,municipio,2211605,Prefeitura Municipal de Vila Nova do Piauí - PI,RECEITA CORRENTE LÍQUIDA,34043421.36,Até o 2º Quadrimestre
2025,municipio,2211605,Prefeitura Municipal de Vila Nova do Piauí - PI,RECEITA CORRENTE LÍQUIDA AJUSTADA PARA CÁLCULO DOS LIMITES DE ENDIVIDAMENTO,33496826.36,Até o 2º Quadrimestre
2025,municipio,2211605,Prefeitura Municipal de Vila Nova do Piauí - PI,% da DC sobre a RCL AJUSTADA (I/VI),8.25,Até o 2º Quadrimestre
2025,municipio,2211605,Prefeitura Municipal de Vila Nova do Piauí - PI,% da DCL sobre a RCL AJUSTADA,-1.81,Até o 2º Quadrimestre
2025,municipio,2211357,Prefeitura Municipal de Várzea Branca - PI,Disponibilidade de Caixa,2375551.79,Até o 1º Semestre
2025,municipio,2211357,Prefeitura Municipal de Várzea Branca - PI,Disponibilidade de Caixa Bruta,3216361.59,Até o 1º Semestre
2025,municipio,2211357,Prefeitura Municipal de Várzea Branca - PI,RECEITA CORRENTE LÍQUIDA,34220175.85,Até o 1º Semestre
2025,municipio,2211357,Prefeitura Municipal de Várzea Branca - PI,% da DCL sobre a RCL AJUSTADA,-7.0,Até o 1º Semestre
2025,municipio,2211704,Prefeitura Municipal de Wall Ferraz - PI,DÍVIDA CONSOLIDADA,2390623.41,Até o 2º Quadrimestre
2025,municipio,2211704,Prefeitura Municipal de Wall Ferraz - PI,Disponibilidade de Caixa,2705513.06,Até o 2º Quadrimestre
2025,municipio,2211704,Prefeitura Municipal de Wall Ferraz - PI,Disponibilidade de Caixa Bruta,3365749.14,Até o 2º Quadrimestre
2025,municipio,2211704,Prefeitura Municipal de Wall Ferraz - PI,RECEITA CORRENTE LÍQUIDA,44150856.43,Até o 2º Quadrimestre
2025,municipio,2211704,Prefeitura Municipal de Wall Ferraz - PI,RECEITA CORRENTE LÍQUIDA AJUSTADA PARA CÁLCULO DOS LIMITES DE ENDIVIDAMENTO,43650856.43,Até o 2º Quadrimestre
2025,municipio,2211704,Prefeitura Municipal de Wall Ferraz - PI,% da DC sobre a RCL AJUSTADA (I/VI),5.48,Até o 2º Quadrimestre
2025,municipio,2211704,Prefeitura Municipal de Wall Ferraz - PI,% da DCL sobre a RCL AJUSTADA,-0.72,Até o 2º Quadrimestre
2025,municipio,2211209,Prefeitura Municipal de Uruçuí - PI,DÍVIDA CONSOLIDADA,67099525.35,Até o 1º Semestre
2025,municipio,2211209,Prefeitura Municipal de Uruçuí - PI,Precatórios (inclusive) Vencidos e Não Pagos,2658.17,Até o 1º Semestre
2025,municipio,2211209,Prefeitura Municipal de Uruçuí - PI,Disponibilidade de Caixa,-2667120.1,Até o 1º Semestre
2025,municipio,2211209,Prefeitura Municipal de Uruçuí - PI,RECEITA CORRENTE LÍQUIDA,227346166.65,Até o 1º Semestre
2025,municipio,2211209,Prefeitura Municipal de Uruçuí - PI,% da DC sobre a RCL AJUSTADA (I/VI),29.98,Até o 1º Semestre
2025,municipio,2211209,Prefeitura Municipal de Uruçuí - PI,% da DCL sobre a RCL AJUSTADA,31.17,Até o 1º Semestre
2025,municipio,2211407,Prefeitura Municipal de Várzea Grande - PI,DÍVIDA CONSOLIDADA,6418886.66,Até o 1º Semestre
2025,municipio,2211407,Prefeitura Municipal de Várzea Grande - PI,Precatórios (inclusive) Vencidos e Não Pagos,7702.72,Até o 1º Semestre
2025,municipio,2211407,Prefeitura Municipal de Várzea Grande - PI,Disponibilidade de Caixa,3072899.35,Até o 1º Semestre
2025,municipio,2211407,Prefeitura Municipal de Várzea Grande - PI,Disponibilidade de Caixa Bruta,4563644.76,Até o 1º Semestre
2025,municipio,2211407,Prefeitura Municipal de Várzea Grande - PI,RECEITA CORRENTE LÍQUIDA,35365185.56,Até o 1º Semestre
2025,municipio,2211407,Prefeitura Municipal de Várzea Grande - PI,% da DC sobre a RCL AJUSTADA (I/VI),18.28,Até o 1º Semestre
2025,municipio,2211407,Prefeitura Municipal de Várzea Grande - PI,% da DCL sobre a RCL AJUSTADA,9.5,Até o 1º Semestre
2025,municipio,2211407,Prefeitura Municipal de Várzea Grande - PI,Precatórios (Não incluídos na DC),9077.26,Até o 1º Semestre
2025,municipio,2211506,Prefeitura Municipal de Vera Mendes - PI,DÍVIDA CONSOLIDADA,1824604.23,Até o 1º Semestre
2025,municipio,2211506,Prefeitura Municipal de Vera Mendes - PI,Disponibilidade de Caixa,11095480.99,Até o 1º Semestre
2025,municipio,2211506,Prefeitura Municipal de Vera Mendes - PI,Disponibilidade de Caixa Bruta,11587039.35,Até o 1º Semestre
2025,municipio,2211506,Prefeitura Municipal de Vera Mendes - PI,RECEITA CORRENTE LÍQUIDA,40241740.66,Até o 1º Semestre
2025,municipio,2211506,Prefeitura Municipal de Vera Mendes - PI,% da DC sobre a RCL AJUSTADA (I/VI),4.53,Até o 1º Semestre
2025,municipio,2211506,Prefeitura Municipal de Vera Mendes - PI,% da DCL sobre a RCL AJUSTADA,-23.04,Até o 1º Semestre
