exercicio,periodo,relatorio,co_ibge,instituicao,uf,conta,valor,simplificado
2024,3,RGF-Municipio,2300903,APUIARES,CE,DÍVIDA CONSOLIDADA,8651532.38,False
2024,3,RGF-Municipio,2300903,APUIARES,CE,Disponibilidade de Caixa,696000.05,False
2024,3,RGF-Municipio,2300903,APUIARES,CE,Disponibilidade de Caixa Bruta,3123746.53,False
2024,3,RGF-Municipio,2300903,APUIARES,CE,RECEITA CORRENTE LÍQUIDA,66884064.94,False
2024,3,RGF-Municipio,2300903,APUIARES,CE,RECEITA CORRENTE LÍQUIDA AJUSTADA,65602687.94,False
2024,3,RGF-Municipio,2300903,APUIARES,CE,% da DC sobre a RCL AJUSTADA,13.19,False
2024,3,RGF-Municipio,2300903,APUIARES,CE,% da DCL sobre a RCL AJUSTADA,12.13,False
2024,3,RGF-Municipio,2301109,ARACATI,CE,DÍVIDA CONSOLIDADA,54717807.05,False
2024,3,RGF-Municipio,2301109,ARACATI,CE,Precatórios (inclusive) Vencidos e Não Pagos,8102.17,False
2024,3,RGF-Municipio,2301109,ARACATI,CE,Disponibilidade de Caixa,-31324313.68,False
2024,3,RGF-Municipio,2301109,ARACATI,CE,Disponibilidade de Caixa Bruta,16132868.46,False
2024,3,RGF-Municipio,2301109,ARACATI,CE,RECEITA CORRENTE LÍQUIDA,372139465.6,False
2024,3,RGF-Municipio,2301109,ARACATI,CE,RECEITA CORRENTE LÍQUIDA AJUSTADA,365539465.6,False
2024,3,RGF-Municipio,2301109,ARACATI,CE,% da DC sobre a RCL AJUSTADA,14.97,False
2024,3,RGF-Municipio,2301109,ARACATI,CE,% da DCL sobre a RCL AJUSTADA,23.54,False
2024,3,RGF-Municipio,2301109,ARACATI,CE,Precatórios (Não incluídos na DC),6936839.78,False
2024,3,RGF-Municipio,2303006,CARIDADE,CE,DÍVIDA CONSOLIDADA,59235131.31,False
2024,3,RGF-Municipio,2303006,CARIDADE,CE,Disponibilidade de Caixa,-12518866.93,False
2024,3,RGF-Municipio,2303006,CARIDADE,CE,Disponibilidade de Caixa Bruta,4656522.16,False
2024,3,RGF-Municipio,2303006,CARIDADE,CE,RECEITA CORRENTE LÍQUIDA,114432580.29,False
2024,3,RGF-Municipio,2303006,CARIDADE,CE,RECEITA CORRENTE LÍQUIDA AJUSTADA,111839096.29,False
2024,3,RGF-Municipio,2303006,CARIDADE,CE,% da DC sobre a RCL AJUSTADA,52.96,False
2024,3,RGF-Municipio,2303006,CARIDADE,CE,% da DCL sobre a RCL AJUSTADA,64.16,False
2024,3,RGF-Municipio,2304608,GENERAL SAMPAIO,CE,DÍVIDA CONSOLIDADA,8090813.93,False
2024,3,RGF-Municipio,2304608,GENERAL SAMPAIO,CE,Disponibilidade de Caixa,-954486.51,False
2024,3,RGF-Municipio,2304608,GENERAL SAMPAIO,CE,Disponibilidade de Caixa Bruta,3317536.26,False
2024,3,RGF-Municipio,2304608,GENERAL SAMPAIO,CE,RECEITA CORRENTE LÍQUIDA,57655736.4,False
2024,3,RGF-Municipio,2304608,GENERAL SAMPAIO,CE,RECEITA CORRENTE LÍQUIDA AJUSTADA,56045736.4,False
2024,3,RGF-Municipio,2304608,GENERAL SAMPAIO,CE,% da DC sobre a RCL AJUSTADA,14.44,False
2024,3,RGF-Municipio,2304608,GENERAL SAMPAIO,CE,% da DCL sobre a RCL AJUSTADA,16.14,False
2024,3,RGF-Municipio,2306504,ITAPIUNA,CE,DÍVIDA CONSOLIDADA,19562186.35,False
2024,3,RGF-Municipio,2306504,ITAPIUNA,CE,Disponibilidade de Caixa,1806980.19,False
2024,3,RGF-Municipio,2306504,ITAPIUNA,CE,Disponibilidade de Caixa Bruta,5161173.58,False
2024,3,RGF-Municipio,2306504,ITAPIUNA,CE,RECEITA CORRENTE LÍQUIDA,83520370.45,False
2024,3,RGF-Municipio,2306504,ITAPIUNA,CE,RECEITA CORRENTE LÍQUIDA AJUSTADA,82820370.45,False
2024,3,RGF-Municipio,2306504,ITAPIUNA,CE,% da DC sobre a RCL AJUSTADA,23.62,False
2024,3,RGF-Municipio,2306504,ITAPIUNA,CE,% da DCL sobre a RCL AJUSTADA,21.44,False
2024,3,RGF-Municipio,2306504,ITAPIUNA,CE,Precatórios (Não incluídos na DC),197548.02,False
2024,3,RGF-Municipio,2308500,MOMBACA,CE,DÍVIDA CONSOLIDADA,61079999.04,False
2024,3,RGF-Municipio,2308500,MOMBACA,CE,Disponibilidade de Caixa,-4173533.36,False
2024,3,RGF-Municipio,2308500,MOMBACA,CE,Disponibilidade de Caixa Bruta,10735791.94,False
2024,3,RGF-Municipio,2308500,MOMBACA,CE,RECEITA CORRENTE LÍQUIDA,171108745.58,False
2024,3,RGF-Municipio,2308500,MOMBACA,CE,RECEITA CORRENTE LÍQUIDA AJUSTADA,168309839.58,False
2024,3,RGF-Municipio,2308500,MOMBACA,CE,% da DC sobre a RCL AJUSTADA,36.29,False
2024,3,RGF-Municipio,2308500,MOMBACA,CE,% da DCL sobre a RCL AJUSTADA,38.77,False
2024,3,RGF-Municipio,2310902,PIQUET CARNEIRO,CE,DÍVIDA CONSOLIDADA,39949116.42,False
2024,3,RGF-Municipio,2310902,PIQUET CARNEIRO,CE,Disponibilidade de Caixa,4696707.68,False
2024,3,RGF-Municipio,2310902,PIQUET CARNEIRO,CE,Disponibilidade de Caixa Bruta,6406340.61,False
2024,3,RGF-Municipio,2310902,PIQUET CARNEIRO,CE,RECEITA CORRENTE LÍQUIDA,92703232.62,False
2024,3,RGF-Municipio,2310902,PIQUET CARNEIRO,CE,RECEITA CORRENTE LÍQUIDA AJUSTADA,90933232.62,False
2024,3,RGF-Municipio,2310902,PIQUET CARNEIRO,CE,% da DC sobre a RCL AJUSTADA,43.93,False
2024,3,RGF-Municipio,2310902,PIQUET CARNEIRO,CE,% da DCL sobre a RCL AJUSTADA,38.77,False
2024,3,RGF-Municipio,2313005,SOLONOPOLE,CE,DÍVIDA CONSOLIDADA,13412281.92,False
2024,3,RGF-Municipio,2313005,SOLONOPOLE,CE,Precatórios (inclusive) Vencidos e Não Pagos,30657.19,False
2024,3,RGF-Municipio,2313005,SOLONOPOLE,CE,Disponibilidade de Caixa,8585917.53,False
2024,3,RGF-Municipio,2313005,SOLONOPOLE,CE,Disponibilidade de Caixa Bruta,12248708.03,False
2024,3,RGF-Municipio,2313005,SOLONOPOLE,CE,RECEITA CORRENTE LÍQUIDA,122599197.2,False
2024,3,RGF-Municipio,2313005,SOLONOPOLE,CE,RECEITA CORRENTE LÍQUIDA AJUSTADA,119018460.2,False
2024,3,RGF-Municipio,2313005,SOLONOPOLE,CE,% da DC sobre a RCL AJUSTADA,11.27,False
2024,3,RGF-Municipio,2313005,SOLONOPOLE,CE,% da DCL sobre a RCL AJUSTADA,4.04,False
2024,3,RGF-Municipio,2313005,SOLONOPOLE,CE,Precatórios (Não incluídos na DC),105406.45,False
2024,3,RGF-Municipio,2301000,AQUIRAZ,CE,DÍVIDA CONSOLIDADA,52332456.31,False
2024,3,RGF-Municipio,2301000,AQUIRAZ,CE,Disponibilidade de Caixa,1435603.42,False
2024,3,RGF-Municipio,2301000,AQUIRAZ,CE,Disponibilidade de Caixa Bruta,40573711.95,False
2024,3,RGF-Municipio,2301000,AQUIRAZ,CE,RECEITA CORRENTE LÍQUIDA,500271647.59,False
2024,3,RGF-Municipio,2301000,AQUIRAZ,CE,RECEITA CORRENTE LÍQUIDA AJUSTADA,495821647.59,False
2024,3,RGF-Municipio,2301000,AQUIRAZ,CE,% da DC sobre a RCL AJUSTADA,10.55,False
2024,3,RGF-Municipio,2301000,AQUIRAZ,CE,% da DCL sobre a RCL AJUSTADA,10.27,False
2024,3,RGF-Municipio,2301000,AQUIRAZ,CE,Precatórios (Não incluídos na DC),2144812.79,False
2024,3,RGF-Municipio,2304657,GRACA,CE,DÍVIDA CONSOLIDADA,891809.91,False
2024,3,RGF-Municipio,2304657,GRACA,CE,Disponibilidade de Caixa,6206472.3,False
2024,3,RGF-Municipio,2304657,GRACA,CE,Disponibilidade de Caixa Bruta,10565811.2,False
2024,3,RGF-Municipio,2304657,GRACA,CE,RECEITA CORRENTE LÍQUIDA,94299198.26,False
2024,3,RGF-Municipio,2304657,GRACA,CE,RECEITA CORRENTE LÍQUIDA AJUSTADA,93299198.26,False
2024,3,RGF-Municipio,2304657,GRACA,CE,% da DC sobre a RCL AJUSTADA,0.96,False
2024,3,RGF-Municipio,2304657,GRACA,CE,% da DCL sobre a RCL AJUSTADA,-5.7,False
2024,3,RGF-Municipio,2304657,GRACA,CE,Precatórios (Não incluídos na DC),1412.0,False
2024,3,RGF-Municipio,2306553,ITAREMA,CE,DÍVIDA CONSOLIDADA,91907907.96,False
2024,3,RGF-Municipio,2306553,ITAREMA,CE,Disponibilidade de Caixa,-939159.84,False
2024,3,RGF-Municipio,2306553,ITAREMA,CE,Disponibilidade de Caixa Bruta,13215380.96,False
2024,3,RGF-Municipio,2306553,ITAREMA,CE,RECEITA CORRENTE LÍQUIDA,203967512.67,False
2024,3,RGF-Municipio,2306553,ITAREMA,CE,RECEITA CORRENTE LÍQUIDA AJUSTADA,196167512.67,False
2024,3,RGF-Municipio,2306553,ITAREMA,CE,% da DC sobre a RCL AJUSTADA,46.85,False
2024,3,RGF-Municipio,2306553,ITAREMA,CE,% da DCL sobre a RCL AJUSTADA,47.33,False
2024,3,RGF-Municipio,2308609,MONSENHOR TABOSA,CE,DÍVIDA CONSOLIDADA,25041784.31,False
2024,3,RGF-Municipio,2308609,MONSENHOR TABOSA,CE,Disponibilidade de Caixa,-3080991.99,False
2024,3,RGF-Municipio,2308609,MONSENHOR TABOSA,CE,Disponibilidade de Caixa Bruta,2383711.95,False
2024,3,RGF-Municipio,2308609,MONSENHOR TABOSA,CE,RECEITA CORRENTE LÍQUIDA,123098492.69,False
2024,3,RGF-Municipio,2308609,MONSENHOR TABOSA,CE,RECEITA CORRENTE LÍQUIDA AJUSTADA,121288492.69,False
2024,3,RGF-Municipio,2308609,MONSENHOR TABOSA,CE,% da DC sobre a RCL AJUSTADA,20.65,False
2024,3,RGF-Municipio,2308609,MONSENHOR TABOSA,CE,% da DCL sobre a RCL AJUSTADA,23.19,False
2024,3,RGF-Municipio,2310951,PIRES FERREIRA,CE,DÍVIDA CONSOLIDADA,9879591.83,False
2024,3,RGF-Municipio,2310951,PIRES FERREIRA,CE,Disponibilidade de Caixa,2066195.11,False
2024,3,RGF-Municipio,2310951,PIRES FERREIRA,CE,Disponibilidade de Caixa Bruta,9898084.39,False
2024,3,RGF-Municipio,2310951,PIRES FERREIRA,CE,RECEITA CORRENTE LÍQUIDA,62350822.88,False
2024,3,RGF-Municipio,2310951,PIRES FERREIRA,CE,RECEITA CORRENTE LÍQUIDA AJUSTADA,60810822.88,False
2024,3,RGF-Municipio,2310951,PIRES FERREIRA,CE,% da DC sobre a RCL AJUSTADA,16.25,False
2024,3,RGF-Municipio,2310951,PIRES FERREIRA,CE,% da DCL sobre a RCL AJUSTADA,12.85,False
2024,3,RGF-Municipio,2313104,TABULEIRO DO NORTE,CE,DÍVIDA CONSOLIDADA,26687820.72,False
2024,3,RGF-Municipio,2313104,TABULEIRO DO NORTE,CE,Disponibilidade de Caixa,2027640.32,False
2024,3,RGF-Municipio,2313104,TABULEIRO DO NORTE,CE,Disponibilidade de Caixa Bruta,14251899.66,False
2024,3,RGF-Municipio,2313104,TABULEIRO DO NORTE,CE,RECEITA CORRENTE LÍQUIDA,150354711.66,False
2024,3,RGF-Municipio,2313104,TABULEIRO DO NORTE,CE,RECEITA CORRENTE LÍQUIDA AJUSTADA,148663974.66,False
2024,3,RGF-Municipio,2313104,TABULEIRO DO NORTE,CE,% da DC sobre a RCL AJUSTADA,17.95,False
2024,3,RGF-Municipio,2313104,TABULEIRO DO NORTE,CE,% da DCL sobre a RCL AJUSTADA,16.59,False
2024,3,RGF-Municipio,2313104,TABULEIRO DO NORTE,CE,Precatórios (Não incluídos na DC),59878.04,False
2024,3,RGF-Municipio,2300705,ALTO SANTO,CE,DÍVIDA CONSOLIDADA,27211375.89,False
2024,3,RGF-Municipio,2300705,ALTO SANTO,CE,Disponibilidade de Caixa,395515.74,False
2024,3,RGF-Municipio,2300705,ALTO SANTO,CE,Disponibilidade de Caixa Bruta,14849199.26,False
2024,3,RGF-Municipio,2300705,ALTO SANTO,CE,RECEITA CORRENTE LÍQUIDA,95128794.29,False
2024,3,RGF-Municipio,2300705,ALTO SANTO,CE,RECEITA CORRENTE LÍQUIDA AJUSTADA,92049927.09,False
2024,3,RGF-Municipio,2300705,ALTO SANTO,CE,% da DC sobre a RCL AJUSTADA,29.56,False
2024,3,RGF-Municipio,2300705,ALTO SANTO,CE,% da DCL sobre a RCL AJUSTADA,29.13,False
2024,3,RGF-Municipio,2303204,CARIRIACU,CE,DÍVIDA CONSOLIDADA,24554760.1,False
2024,3,RGF-Municipio,2303204,CARIRIACU,CE,Disponibilidade de Caixa,5670355.14,False
2024,3,RGF-Municipio,2303204,CARIRIACU,CE,Disponibilidade de Caixa Bruta,12908670.58,False
2024,3,RGF-Municipio,2303204,CARIRIACU,CE,RECEITA CORRENTE LÍQUIDA,123673435.08,False
2024,3,RGF-Municipio,2303204,CARIRIACU,CE,RECEITA CORRENTE LÍQUIDA AJUSTADA,120544328.08,False
2024,3,RGF-Municipio,2303204,CARIRIACU,CE,% da DC sobre a RCL AJUSTADA,20.37,False
2024,3,RGF-Municipio,2303204,CARIRIACU,CE,% da DCL sobre a RCL AJUSTADA,15.67,False
2024,3,RGF-Municipio,2303204,CARIRIACU,CE,Precatórios (Não incluídos na DC),166846.45,False
2024,3,RGF-Municipio,2304707,GRANJA,CE,DÍVIDA CONSOLIDADA,67117247.93,False
2024,3,RGF-Municipio,2304707,GRANJA,CE,Disponibilidade de Caixa,1841007.32,False
2024,3,RGF-Municipio,2304707,GRANJA,CE,Disponibilidade de Caixa Bruta,16145825.15,False
2024,3,RGF-Municipio,2304707,GRANJA,CE,RECEITA CORRENTE LÍQUIDA,282965621.73,False
2024,3,RGF-Municipio,2304707,GRANJA,CE,RECEITA CORRENTE LÍQUIDA AJUSTADA,277329829.73,False
2024,3,RGF-Municipio,2304707,GRANJA,CE,% da DC sobre a RCL AJUSTADA,24.2,False
2024,3,RGF-Municipio,2304707,GRANJA,CE,% da DCL sobre a RCL AJUSTADA,23.54,False
2024,3,RGF-Municipio,2306603,ITATIRA,CE,DÍVIDA CONSOLIDADA,38748968.41,False
2024,3,RGF-Municipio,2306603,ITATIRA,CE,Disponibilidade de Caixa,6801165.28,False
2024,3,RGF-Municipio,2306603,ITATIRA,CE,Disponibilidade de Caixa Bruta,8280325.87,False
2024,3,RGF-Municipio,2306603,ITATIRA,CE,RECEITA CORRENTE LÍQUIDA,163972339.28,False
2024,3,RGF-Municipio,2306603,ITATIRA,CE,RECEITA CORRENTE LÍQUIDA AJUSTADA,163972339.28,False
2024,3,RGF-Municipio,2306603,ITATIRA,CE,% da DC sobre a RCL AJUSTADA,23.63,False
2024,3,RGF-Municipio,2306603,ITATIRA,CE,% da DCL sobre a RCL AJUSTADA,19.48,False
2024,3,RGF-Municipio,2308708,MORADA NOVA,CE,DÍVIDA CONSOLIDADA,22696066.52,False
2024,3,RGF-Municipio,2308708,MORADA NOVA,CE,Disponibilidade de Caixa,-23557431.04,False
2024,3,RGF-Municipio,2308708,MORADA NOVA,CE,Disponibilidade de Caixa Bruta,5150318.34,False
2024,3,RGF-Municipio,2308708,MORADA NOVA,CE,RECEITA CORRENTE LÍQUIDA,286489391.47,False
2024,3,RGF-Municipio,2308708,MORADA NOVA,CE,RECEITA CORRENTE LÍQUIDA AJUSTADA,284384685.36,False
2024,3,RGF-Municipio,2308708,MORADA NOVA,CE,% da DC sobre a RCL AJUSTADA,7.98,False
2024,3,RGF-Municipio,2308708,MORADA NOVA,CE,% da DCL sobre a RCL AJUSTADA,16.26,False
2024,3,RGF-Municipio,2308708,MORADA NOVA,CE,Precatórios (Não incluídos na DC),255675.12,False
2024,3,RGF-Municipio,2313203,TAMBORIL,CE,DÍVIDA CONSOLIDADA,38639516.07,False
2024,3,RGF-Municipio,2313203,TAMBORIL,CE,Disponibilidade de Caixa,-897944.86,False
2024,3,RGF-Municipio,2313203,TAMBORIL,CE,Disponibilidade de Caixa Bruta,6658016.73,False
2024,3,RGF-Municipio,2313203,TAMBORIL,CE,RECEITA CORRENTE LÍQUIDA,139750656.08,False
2024,3,RGF-Municipio,2313203,TAMBORIL,CE,RECEITA CORRENTE LÍQUIDA AJUSTADA,134350656.08,False
2024,3,RGF-Municipio,2313203,TAMBORIL,CE,% da DC sobre a RCL AJUSTADA,28.76,False
2024,3,RGF-Municipio,2313203,TAMBORIL,CE,% da DCL sobre a RCL AJUSTADA,29.43,False
2024,3,RGF-Municipio,2313203,TAMBORIL,CE,Precatórios (Não incluídos na DC),18000.0,False
2024,3,RGF-Municipio,2300804,ANTONINA DO NORTE,CE,DÍVIDA CONSOLIDADA,10712700.54,False
2024,3,RGF-Municipio,2300804,ANTONINA DO NORTE,CE,Disponibilidade de Caixa,10496200.15,False
2024,3,RGF-Municipio,2300804,ANTONINA DO NORTE,CE,Disponibilidade de Caixa Bruta,14610750.77,False
2024,3,RGF-Municipio,2300804,ANTONINA DO NORTE,CE,RECEITA CORRENTE LÍQUIDA,62081941.27,False
2024,3,RGF-Municipio,2300804,ANTONINA DO NORTE,CE,RECEITA CORRENTE LÍQUIDA AJUSTADA,59131941.27,False
2024,3,RGF-Municipio,2300804,ANTONINA DO NORTE,CE,% da DC sobre a RCL AJUSTADA,18.12,False
2024,3,RGF-Municipio,2300804,ANTONINA DO NORTE,CE,% da DCL sobre a RCL AJUSTADA,0.36,False
2024,3,RGF-Municipio,2304806,GRANJEIRO,CE,DÍVIDA CONSOLIDADA,24902824.08,False
2024,3,RGF-Municipio,2304806,GRANJEIRO,CE,Disponibilidade de Caixa,7584959.86,False
2024,3,RGF-Municipio,2304806,GRANJEIRO,CE,Disponibilidade de Caixa Bruta,9476832.97,False
2024,3,RGF-Municipio,2304806,GRANJEIRO,CE,RECEITA CORRENTE LÍQUIDA,41247551.27,False
2024,3,RGF-Municipio,2304806,GRANJEIRO,CE,RECEITA CORRENTE LÍQUIDA AJUSTADA,41247551.27,False
2024,3,RGF-Municipio,2304806,GRANJEIRO,CE,% da DC sobre a RCL AJUSTADA,60.37,False
2024,3,RGF-Municipio,2304806,GRANJEIRO,CE,% da DCL sobre a RCL AJUSTADA,41.98,False
2024,3,RGF-Municipio,2306702,JAGUARETAMA,CE,DÍVIDA CONSOLIDADA,38687575.84,False
2024,3,RGF-Municipio,2306702,JAGUARETAMA,CE,Disponibilidade de Caixa,9968771.75,False
2024,3,RGF-Municipio,2306702,JAGUARETAMA,CE,Disponibilidade de Caixa Bruta,13317295.47,False
2024,3,RGF-Municipio,2306702,JAGUARETAMA,CE,RECEITA CORRENTE LÍQUIDA,106550948.33,False
2024,3,RGF-Municipio,2306702,JAGUARETAMA,CE,RECEITA CORRENTE LÍQUIDA AJUSTADA,105174714.61,False
2024,3,RGF-Municipio,2306702,JAGUARETAMA,CE,% da DC sobre a RCL AJUSTADA,36.78,False
2024,3,RGF-Municipio,2306702,JAGUARETAMA,CE,% da DCL sobre a RCL AJUSTADA,27.31,False
2024,3,RGF-Municipio,2306702,JAGUARETAMA,CE,Precatórios (Não incluídos na DC),1592019.0,False
2024,3,RGF-Municipio,2311108,PORTEIRAS,CE,DÍVIDA CONSOLIDADA,6739100.63,False
2024,3,RGF-Municipio,2311108,PORTEIRAS,CE,Disponibilidade de Caixa,6776229.25,False
2024,3,RGF-Municipio,2311108,PORTEIRAS,CE,Disponibilidade de Caixa Bruta,7203081.96,False
2024,3,RGF-Municipio,2311108,PORTEIRAS,CE,RECEITA CORRENTE LÍQUIDA,98770684.16,False
2024,3,RGF-Municipio,2311108,PORTEIRAS,CE,RECEITA CORRENTE LÍQUIDA AJUSTADA,98770684.16,False
2024,3,RGF-Municipio,2311108,PORTEIRAS,CE,% da DC sobre a RCL AJUSTADA,6.82,False
2024,3,RGF-Municipio,2311108,PORTEIRAS,CE,% da DCL sobre a RCL AJUSTADA,-0.04,False
2024,3,RGF-Municipio,2313252,TARRAFAS,CE,DÍVIDA CONSOLIDADA,29394167.83,False
2024,3,RGF-Municipio,2313252,TARRAFAS,CE,Disponibilidade de Caixa,-2415450.79,False
2024,3,RGF-Municipio,2313252,TARRAFAS,CE,Disponibilidade de Caixa Bruta,876064.74,False
2024,3,RGF-Municipio,2313252,TARRAFAS,CE,RECEITA CORRENTE LÍQUIDA,41430793.62,False
2024,3,RGF-Municipio,2313252,TARRAFAS,CE,RECEITA CORRENTE LÍQUIDA AJUSTADA,41138930.62,False
2024,3,RGF-Municipio,2313252,TARRAFAS,CE,% da DC sobre a RCL AJUSTADA,71.45,False
2024,3,RGF-Municipio,2313252,TARRAFAS,CE,% da DCL sobre a RCL AJUSTADA,77.32,False
2024,3,RGF-Municipio,2300754,AMONTADA,CE,DÍVIDA CONSOLIDADA,29191478.71,False
2024,3,RGF-Municipio,2300754,AMONTADA,CE,Precatórios (inclusive) Vencidos e Não Pagos,659669.32,False
2024,3,RGF-Municipio,2300754,AMONTADA,CE,Disponibilidade de Caixa,-10318366.7,False
2024,3,RGF-Municipio,2300754,AMONTADA,CE,Disponibilidade de Caixa Bruta,17924166.29,False
2024,3,RGF-Municipio,2300754,AMONTADA,CE,RECEITA CORRENTE LÍQUIDA,227764617.49,False
2024,3,RGF-Municipio,2300754,AMONTADA,CE,RECEITA CORRENTE LÍQUIDA AJUSTADA,226764617.49,False
2024,3,RGF-Municipio,2300754,AMONTADA,CE,% da DC sobre a RCL AJUSTADA,12.87,False
2024,3,RGF-Municipio,2300754,AMONTADA,CE,% da DCL sobre a RCL AJUSTADA,15.26,False
2024,3,RGF-Municipio,2300754,AMONTADA,CE,Precatórios (Não incluídos na DC),0.0,False
2024,3,RGF-Municipio,2303402,CARNAUBAL,CE,Disponibilidade de Caixa,-5296545.3,False
2024,3,RGF-Municipio,2303402,CARNAUBAL,CE,Disponibilidade de Caixa Bruta,7843428.84,False
2024,3,RGF-Municipio,2303402,CARNAUBAL,CE,RECEITA CORRENTE LÍQUIDA,100875186.38,False
2024,3,RGF-Municipio,2303402,CARNAUBAL,CE,RECEITA CORRENTE LÍQUIDA AJUSTADA,100550186.38,False
2024,3,RGF-Municipio,2303402,CARNAUBAL,CE,% da DCL sobre a RCL AJUSTADA,5.27,False
2024,3,RGF-Municipio,2303402,CARNAUBAL,CE,Precatórios (Não incluídos na DC),23899.78,False
2024,3,RGF-Municipio,2304905,GROAIRAS,CE,DÍVIDA CONSOLIDADA,10241035.46,False
2024,3,RGF-Municipio,2304905,GROAIRAS,CE,Precatórios (inclusive) Vencidos e Não Pagos,127013.76,False
2024,3,RGF-Municipio,2304905,GROAIRAS,CE,Disponibilidade de Caixa,2816967.17,False
2024,3,RGF-Municipio,2304905,GROAIRAS,CE,Disponibilidade de Caixa Bruta,4426507.85,False
2024,3,RGF-Municipio,2304905,GROAIRAS,CE,RECEITA CORRENTE LÍQUIDA,65276198.5,False
2024,3,RGF-Municipio,2304905,GROAIRAS,CE,RECEITA CORRENTE LÍQUIDA AJUSTADA,65276198.5,False
2024,3,RGF-Municipio,2304905,GROAIRAS,CE,% da DC sobre a RCL AJUSTADA,15.69,False
2024,3,RGF-Municipio,2304905,GROAIRAS,CE,% da DCL sobre a RCL AJUSTADA,11.37,False
2024,3,RGF-Municipio,2306801,JAGUARIBARA,CE,DÍVIDA CONSOLIDADA,18669999.9,False
2024,3,RGF-Municipio,2306801,JAGUARIBARA,CE,Disponibilidade de Caixa,311961.21,False
2024,3,RGF-Municipio,2306801,JAGUARIBARA,CE,Disponibilidade de Caixa Bruta,5974838.39,False
2024,3,RGF-Municipio,2306801,JAGUARIBARA,CE,RECEITA CORRENTE LÍQUIDA,78624527.99,False
2024,3,RGF-Municipio,2306801,JAGUARIBARA,CE,RECEITA CORRENTE LÍQUIDA AJUSTADA,76145423.99,False
2024,3,RGF-Municipio,2306801,JAGUARIBARA,CE,% da DC sobre a RCL AJUSTADA,24.52,False
2024,3,RGF-Municipio,2306801,JAGUARIBARA,CE,% da DCL sobre a RCL AJUSTADA,24.1,False
2024,3,RGF-Municipio,2308906,MORRINHOS,CE,DÍVIDA CONSOLIDADA,6020445.68,False
2024,3,RGF-Municipio,2308906,MORRINHOS,CE,Disponibilidade de Caixa,830687.18,False
2024,3,RGF-Municipio,2308906,MORRINHOS,CE,Disponibilidade de Caixa Bruta,9165475.7,False
2024,3,RGF-Municipio,2308906,MORRINHOS,CE,RECEITA CORRENTE LÍQUIDA,106418022.41,False
2024,3,RGF-Municipio,2308906,MORRINHOS,CE,RECEITA CORRENTE LÍQUIDA AJUSTADA,102268049.41,False
2024,3,RGF-Municipio,2308906,MORRINHOS,CE,% da DC sobre a RCL AJUSTADA,5.89,False
2024,3,RGF-Municipio,2308906,MORRINHOS,CE,% da DCL sobre a RCL AJUSTADA,5.06,False
2024,3,RGF-Municipio,2311207,POTENGI,CE,DÍVIDA CONSOLIDADA,7836605.02,False
2024,3,RGF-Municipio,2311207,POTENGI,CE,Disponibilidade de Caixa,-4843041.54,False
2024,3,RGF-Municipio,2311207,POTENGI,CE,Disponibilidade de Caixa Bruta,2822787.27,False
2024,3,RGF-Municipio,2311207,POTENGI,CE,RECEITA CORRENTE LÍQUIDA,52691757.9,False
2024,3,RGF-Municipio,2311207,POTENGI,CE,RECEITA CORRENTE LÍQUIDA AJUSTADA,52691757.9,False
2024,3,RGF-Municipio,2311207,POTENGI,CE,% da DC sobre a RCL AJUSTADA,14.87,False
2024,3,RGF-Municipio,2311207,POTENGI,CE,% da DCL sobre a RCL AJUSTADA,24.06,False
2024,3,RGF-Municipio,2313302,TAUA,CE,DÍVIDA CONSOLIDADA,67208080.62,False
2024,3,RGF-Municipio,2313302,TAUA,CE,Disponibilidade de Caixa,79345381.07,False
2024,3,RGF-Municipio,2313302,TAUA,CE,Disponibilidade de Caixa Bruta,113011596.85,False
2024,3,RGF-Municipio,2313302,TAUA,CE,RECEITA CORRENTE LÍQUIDA,381243108.87,False
2024,3,RGF-Municipio,2313302,TAUA,CE,RECEITA CORRENTE LÍQUIDA AJUSTADA,344128184.87,False
2024,3,RGF-Municipio,2313302,TAUA,CE,% da DC sobre a RCL AJUSTADA,19.53,False
2024,3,RGF-Municipio,2313302,TAUA,CE,% da DCL sobre a RCL AJUSTADA,-3.53,False
2024,3,RGF-Municipio,2313302,TAUA,CE,Precatórios (Não incluídos na DC),458848.12,False
2024,3,RGF-Municipio,2300606,ALTANEIRA,CE,DÍVIDA CONSOLIDADA,11143451.9,False
2024,3,RGF-Municipio,2300606,ALTANEIRA,CE,Disponibilidade de Caixa,-1608437.0,False
2024,3,RGF-Municipio,2300606,ALTANEIRA,CE,Disponibilidade de Caixa Bruta,4979805.24,False
2024,3,RGF-Municipio,2300606,ALTANEIRA,CE,RECEITA CORRENTE LÍQUIDA,56081757.95,False
2024,3,RGF-Municipio,2300606,ALTANEIRA,CE,RECEITA CORRENTE LÍQUIDA AJUSTADA,54215496.19,False
2024,3,RGF-Municipio,2300606,ALTANEIRA,CE,% da DC sobre a RCL AJUSTADA,20.55,False
2024,3,RGF-Municipio,2300606,ALTANEIRA,CE,% da DCL sobre a RCL AJUSTADA,23.52,False
2024,3,RGF-Municipio,2301208,ARACOIABA,CE,DÍVIDA CONSOLIDADA,44426310.47,False
2024,3,RGF-Municipio,2301208,ARACOIABA,CE,Disponibilidade de Caixa,-928864.63,False
2024,3,RGF-Municipio,2301208,ARACOIABA,CE,Disponibilidade de Caixa Bruta,7129073.43,False
2024,3,RGF-Municipio,2301208,ARACOIABA,CE,RECEITA CORRENTE LÍQUIDA,185007812.85,False
2024,3,RGF-Municipio,2301208,ARACOIABA,CE,RECEITA CORRENTE LÍQUIDA AJUSTADA,158504781.85,False
2024,3,RGF-Municipio,2301208,ARACOIABA,CE,% da DC sobre a RCL AJUSTADA,28.03,False
2024,3,RGF-Municipio,2301208,ARACOIABA,CE,% da DCL sobre a RCL AJUSTADA,28.61,False
2024,3,RGF-Municipio,2303501,CASCAVEL,CE,DÍVIDA CONSOLIDADA,93948688.3,False
2024,3,RGF-Municipio,2303501,CASCAVEL,CE,Disponibilidade de Caixa Bruta,9191006.17,False
2024,3,RGF-Municipio,2303501,CASCAVEL,CE,RECEITA CORRENTE LÍQUIDA,351682141.57,False
2024,3,RGF-Municipio,2303501,CASCAVEL,CE,RECEITA CORRENTE LÍQUIDA AJUSTADA,347467537.57,False
2024,3,RGF-Municipio,2303501,CASCAVEL,CE,% da DC sobre a RCL AJUSTADA,27.04,False
2024,3,RGF-Municipio,2303501,CASCAVEL,CE,% da DCL sobre a RCL AJUSTADA,27.04,False
2024,3,RGF-Municipio,2303501,CASCAVEL,CE,Precatórios (Não incluídos na DC),3612554.74,False
2024,3,RGF-Municipio,2304954,GUAIUBA,CE,DÍVIDA CONSOLIDADA,19933342.96,False
2024,3,RGF-Municipio,2304954,GUAIUBA,CE,Disponibilidade de Caixa,6576746.21,False
2024,3,RGF-Municipio,2304954,GUAIUBA,CE,Disponibilidade de Caixa Bruta,14073578.24,False
2024,3,RGF-Municipio,2304954,GUAIUBA,CE,RECEITA CORRENTE LÍQUIDA,121463424.56,False
2024,3,RGF-Municipio,2304954,GUAIUBA,CE,RECEITA CORRENTE LÍQUIDA AJUSTADA,117283424.56,False
2024,3,RGF-Municipio,2304954,GUAIUBA,CE,% da DC sobre a RCL AJUSTADA,17.0,False
2024,3,RGF-Municipio,2304954,GUAIUBA,CE,% da DCL sobre a RCL AJUSTADA,11.33,False
2024,3,RGF-Municipio,2304954,GUAIUBA,CE,Precatórios (Não incluídos na DC),25784.6,False
2024,3,RGF-Municipio,2311231,POTIRETAMA,CE,DÍVIDA CONSOLIDADA,13534342.85,False
2024,3,RGF-Municipio,2311231,POTIRETAMA,CE,Precatórios (inclusive) Vencidos e Não Pagos,0.0,False
2024,3,RGF-Municipio,2311231,POTIRETAMA,CE,Disponibilidade de Caixa,-202306.69,False
2024,3,RGF-Municipio,2311231,POTIRETAMA,CE,Disponibilidade de Caixa Bruta,7170492.55,False
2024,3,RGF-Municipio,2311231,POTIRETAMA,CE,RECEITA CORRENTE LÍQUIDA,52215572.13,False
2024,3,RGF-Municipio,2311231,POTIRETAMA,CE,RECEITA CORRENTE LÍQUIDA AJUSTADA,51015572.13,False
2024,3,RGF-Municipio,2311231,POTIRETAMA,CE,% da DC sobre a RCL AJUSTADA,26.53,False
2024,3,RGF-Municipio,2311231,POTIRETAMA,CE,% da DCL sobre a RCL AJUSTADA,26.85,False
2024,3,RGF-Municipio,2311231,POTIRETAMA,CE,Precatórios (Não incluídos na DC),0.0,False
2024,3,RGF-Municipio,2313351,TEJUCUOCA,CE,DÍVIDA CONSOLIDADA,13298319.35,False
2024,3,RGF-Municipio,2313351,TEJUCUOCA,CE,Disponibilidade de Caixa,14089615.53,False
2024,3,RGF-Municipio,2313351,TEJUCUOCA,CE,Disponibilidade de Caixa Bruta,20770392.47,False
2024,3,RGF-Municipio,2313351,TEJUCUOCA,CE,RECEITA CORRENTE LÍQUIDA,120242726.11,False
2024,3,RGF-Municipio,2313351,TEJUCUOCA,CE,RECEITA CORRENTE LÍQUIDA AJUSTADA,119342726.11,False
2024,3,RGF-Municipio,2313351,TEJUCUOCA,CE,% da DC sobre a RCL AJUSTADA,11.14,False
2024,3,RGF-Municipio,2313351,TEJUCUOCA,CE,% da DCL sobre a RCL AJUSTADA,-0.66,False
2024,3,RGF-Municipio,2300507,ALCANTARAS,CE,DÍVIDA CONSOLIDADA,4069797.71,False
2024,3,RGF-Municipio,2300507,ALCANTARAS,CE,Disponibilidade de Caixa,3991063.92,False
2024,3,RGF-Municipio,2300507,ALCANTARAS,CE,Disponibilidade de Caixa Bruta,3991063.92,False
2024,3,RGF-Municipio,2300507,ALCANTARAS,CE,RECEITA CORRENTE LÍQUIDA,64053080.06,False
2024,3,RGF-Municipio,2300507,ALCANTARAS,CE,RECEITA CORRENTE LÍQUIDA AJUSTADA,61813080.06,False
2024,3,RGF-Municipio,2300507,ALCANTARAS,CE,% da DC sobre a RCL AJUSTADA,6.58,False
2024,3,RGF-Municipio,2300507,ALCANTARAS,CE,% da DCL sobre a RCL AJUSTADA,0.13,False
2024,3,RGF-Municipio,2303600,CATARINA,CE,DÍVIDA CONSOLIDADA,41545586.84,False
2024,3,RGF-Municipio,2303600,CATARINA,CE,Disponibilidade de Caixa,5527909.09,False
2024,3,RGF-Municipio,2303600,CATARINA,CE,Disponibilidade de Caixa Bruta,10508056.77,False
2024,3,RGF-Municipio,2303600,CATARINA,CE,RECEITA CORRENTE LÍQUIDA,69019843.23,False
2024,3,RGF-Municipio,2303600,CATARINA,CE,RECEITA CORRENTE LÍQUIDA AJUSTADA,69019843.23,False
2024,3,RGF-Municipio,2303600,CATARINA,CE,% da DC sobre a RCL AJUSTADA,60.19,False
2024,3,RGF-Municipio,2303600,CATARINA,CE,% da DCL sobre a RCL AJUSTADA,52.18,False
2024,3,RGF-Municipio,2305001,GUARACIABA DO NORTE,CE,DÍVIDA CONSOLIDADA,28986006.68,False
2024,3,RGF-Municipio,2305001,GUARACIABA DO NORTE,CE,Disponibilidade de Caixa,5773749.37,False
2024,3,RGF-Municipio,2305001,GUARACIABA DO NORTE,CE,Disponibilidade de Caixa Bruta,8286289.8,False
2024,3,RGF-Municipio,2305001,GUARACIABA DO NORTE,CE,RECEITA CORRENTE LÍQUIDA,199556215.63,False
2024,3,RGF-Municipio,2305001,GUARACIABA DO NORTE,CE,RECEITA CORRENTE LÍQUIDA AJUSTADA,198506215.63,False
2024,3,RGF-Municipio,2305001,GUARACIABA DO NORTE,CE,% da DC sobre a RCL AJUSTADA,14.6,False
2024,3,RGF-Municipio,2305001,GUARACIABA DO NORTE,CE,% da DCL sobre a RCL AJUSTADA,11.69,False
2024,3,RGF-Municipio,2305001,GUARACIABA DO NORTE,CE,Precatórios (Não incluídos na DC),16403.4,False
2024,3,RGF-Municipio,2307007,JAGUARUANA,CE,DÍVIDA CONSOLIDADA,96758568.36,False
2024,3,RGF-Municipio,2307007,JAGUARUANA,CE,Precatórios (inclusive) Vencidos e Não Pagos,955424.47,False
2024,3,RGF-Municipio,2307007,JAGUARUANA,CE,Disponibilidade de Caixa,2825963.08,False
2024,3,RGF-Municipio,2307007,JAGUARUANA,CE,Disponibilidade de Caixa Bruta,13736982.94,False
2024,3,RGF-Municipio,2307007,JAGUARUANA,CE,RECEITA CORRENTE LÍQUIDA,157924713.42,False
2024,3,RGF-Municipio,2307007,JAGUARUANA,CE,RECEITA CORRENTE LÍQUIDA AJUSTADA,156424713.42,False
2024,3,RGF-Municipio,2307007,JAGUARUANA,CE,% da DC sobre a RCL AJUSTADA,61.86,False
2024,3,RGF-Municipio,2307007,JAGUARUANA,CE,% da DCL sobre a RCL AJUSTADA,59.98,False
2024,3,RGF-Municipio,2309102,MULUNGU,CE,DÍVIDA CONSOLIDADA,15355173.22,False
2024,3,RGF-Municipio,2309102,MULUNGU,CE,Disponibilidade de Caixa,-2106776.6,False
2024,3,RGF-Municipio,2309102,MULUNGU,CE,Disponibilidade de Caixa Bruta,3138916.3,False
2024,3,RGF-Municipio,2309102,MULUNGU,CE,RECEITA CORRENTE LÍQUIDA,66244830.25,False
2024,3,RGF-Municipio,2309102,MULUNGU,CE,RECEITA CORRENTE LÍQUIDA AJUSTADA,63094830.25,False
2024,3,RGF-Municipio,2309102,MULUNGU,CE,% da DC sobre a RCL AJUSTADA,24.34,False
2024,3,RGF-Municipio,2309102,MULUNGU,CE,% da DCL sobre a RCL AJUSTADA,27.68,False
2024,3,RGF-Municipio,2313401,TIANGUA,CE,DÍVIDA CONSOLIDADA,25009312.59,False
2024,3,RGF-Municipio,2313401,TIANGUA,CE,Disponibilidade de Caixa,16735378.51,False
2024,3,RGF-Municipio,2313401,TIANGUA,CE,Disponibilidade de Caixa Bruta,31937799.66,False
2024,3,RGF-Municipio,2313401,TIANGUA,CE,RECEITA CORRENTE LÍQUIDA,387762043.4,False
2024,3,RGF-Municipio,2313401,TIANGUA,CE,RECEITA CORRENTE LÍQUIDA AJUSTADA,384403625.4,False
2024,3,RGF-Municipio,2313401,TIANGUA,CE,% da DC sobre a RCL AJUSTADA,6.51,False
2024,3,RGF-Municipio,2313401,TIANGUA,CE,% da DCL sobre a RCL AJUSTADA,2.15,False
2024,3,RGF-Municipio,2313401,TIANGUA,CE,Precatórios (Não incluídos na DC),36013581.25,False
2024,3,RGF-Municipio,2300408,AIUABA,CE,DÍVIDA CONSOLIDADA,10384006.21,False
2024,3,RGF-Municipio,2300408,AIUABA,CE,Disponibilidade de Caixa,3183019.08,False
2024,3,RGF-Municipio,2300408,AIUABA,CE,Disponibilidade de Caixa Bruta,3880220.07,False
2024,3,RGF-Municipio,2300408,AIUABA,CE,RECEITA CORRENTE LÍQUIDA,74303502.08,False
2024,3,RGF-Municipio,2300408,AIUABA,CE,RECEITA CORRENTE LÍQUIDA AJUSTADA,73903678.08,False
2024,3,RGF-Municipio,2300408,AIUABA,CE,% da DC sobre a RCL AJUSTADA,14.05,False
2024,3,RGF-Municipio,2300408,AIUABA,CE,% da DCL sobre a RCL AJUSTADA,9.74,False
2024,3,RGF-Municipio,2301307,ARARIPE,CE,DÍVIDA CONSOLIDADA,22720411.0,False
2024,3,RGF-Municipio,2301307,ARARIPE,CE,Precatórios (inclusive) Vencidos e Não Pagos,17988.3,False
2024,3,RGF-Municipio,2301307,ARARIPE,CE,Disponibilidade de Caixa,-14220490.4,False
2024,3,RGF-Municipio,2301307,ARARIPE,CE,Disponibilidade de Caixa Bruta,3672452.59,False
2024,3,RGF-Municipio,2301307,ARARIPE,CE,RECEITA CORRENTE LÍQUIDA,107862977.6,False
2024,3,RGF-Municipio,2301307,ARARIPE,CE,RECEITA CORRENTE LÍQUIDA AJUSTADA,106362977.6,False
2024,3,RGF-Municipio,2301307,ARARIPE,CE,% da DC sobre a RCL AJUSTADA,21.36,False
2024,3,RGF-Municipio,2301307,ARARIPE,CE,% da DCL sobre a RCL AJUSTADA,34.73,False
2024,3,RGF-Municipio,2303659,CATUNDA,CE,DÍVIDA CONSOLIDADA,25074706.45,False
2024,3,RGF-Municipio,2303659,CATUNDA,CE,Disponibilidade de Caixa,-355721.06,False
2024,3,RGF-Municipio,2303659,CATUNDA,CE,Disponibilidade de Caixa Bruta,10041984.51,False
2024,3,RGF-Municipio,2303659,CATUNDA,CE,RECEITA CORRENTE LÍQUIDA,87930898.3,False
2024,3,RGF-Municipio,2303659,CATUNDA,CE,RECEITA CORRENTE LÍQUIDA AJUSTADA,87207995.22,False
2024,3,RGF-Municipio,2303659,CATUNDA,CE,% da DC sobre a RCL AJUSTADA,28.75,False
2024,3,RGF-Municipio,2303659,CATUNDA,CE,% da DCL sobre a RCL AJUSTADA,29.16,False
2024,3,RGF-Municipio,2305100,GUARAMIRANGA,CE,DÍVIDA CONSOLIDADA,14600183.65,False
2024,3,RGF-Municipio,2305100,GUARAMIRANGA,CE,Disponibilidade de Caixa,3009306.58,False
2024,3,RGF-Municipio,2305100,GUARAMIRANGA,CE,Disponibilidade de Caixa Bruta,5319289.8,False
2024,3,RGF-Municipio,2305100,GUARAMIRANGA,CE,RECEITA CORRENTE LÍQUIDA,48086033.89,False
2024,3,RGF-Municipio,2305100,GUARAMIRANGA,CE,RECEITA CORRENTE LÍQUIDA AJUSTADA,47086033.89,False
2024,3,RGF-Municipio,2305100,GUARAMIRANGA,CE,% da DC sobre a RCL AJUSTADA,31.01,False
2024,3,RGF-Municipio,2305100,GUARAMIRANGA,CE,% da DCL sobre a RCL AJUSTADA,24.62,False
2024,3,RGF-Municipio,2307106,JARDIM,CE,DÍVIDA CONSOLIDADA,40806194.84,False
2024,3,RGF-Municipio,2307106,JARDIM,CE,Precatórios (inclusive) Vencidos e Não Pagos,5.0,False
2024,3,RGF-Municipio,2307106,JARDIM,CE,Disponibilidade de Caixa,1267096.72,False
2024,3,RGF-Municipio,2307106,JARDIM,CE,Disponibilidade de Caixa Bruta,7819642.11,False
2024,3,RGF-Municipio,2307106,JARDIM,CE,RECEITA CORRENTE LÍQUIDA,119705666.93,False
2024,3,RGF-Municipio,2307106,JARDIM,CE,RECEITA CORRENTE LÍQUIDA AJUSTADA,119555666.93,False
2024,3,RGF-Municipio,2307106,JARDIM,CE,% da DC sobre a RCL AJUSTADA,34.13,False
2024,3,RGF-Municipio,2307106,JARDIM,CE,% da DCL sobre a RCL AJUSTADA,33.07,False
2024,3,RGF-Municipio,2307106,JARDIM,CE,Precatórios (Não incluídos na DC),171197.69,False
2024,3,RGF-Municipio,2309201,NOVA OLINDA,CE,DÍVIDA CONSOLIDADA,10248023.22,False
2024,3,RGF-Municipio,2309201,NOVA OLINDA,CE,Disponibilidade de Caixa,7989698.39,False
2024,3,RGF-Municipio,2309201,NOVA OLINDA,CE,Disponibilidade de Caixa Bruta,10696785.34,False
2024,3,RGF-Municipio,2309201,NOVA OLINDA,CE,RECEITA CORRENTE LÍQUIDA,82917711.4,False
2024,3,RGF-Municipio,2309201,NOVA OLINDA,CE,RECEITA CORRENTE LÍQUIDA AJUSTADA,79417711.4,False
2024,3,RGF-Municipio,2309201,NOVA OLINDA,CE,% da DC sobre a RCL AJUSTADA,12.9,False
2024,3,RGF-Municipio,2309201,NOVA OLINDA,CE,% da DCL sobre a RCL AJUSTADA,2.84,False
2024,3,RGF-Municipio,2309201,NOVA OLINDA,CE,Precatórios (Não incluídos na DC),30808.5,False
2024,3,RGF-Municipio,2311306,QUIXADA,CE,DÍVIDA CONSOLIDADA,34672590.13,False
2024,3,RGF-Municipio,2311306,QUIXADA,CE,Precatórios (inclusive) Vencidos e Não Pagos,9597855.09,False
2024,3,RGF-Municipio,2311306,QUIXADA,CE,Disponibilidade de Caixa,-1560328.28,False
2024,3,RGF-Municipio,2311306,QUIXADA,CE,Disponibilidade de Caixa Bruta,20194482.01,False
2024,3,RGF-Municipio,2311306,QUIXADA,CE,RECEITA CORRENTE LÍQUIDA,371567100.15,False
2024,3,RGF-Municipio,2311306,QUIXADA,CE,RECEITA CORRENTE LÍQUIDA AJUSTADA,366029207.15,False
2024,3,RGF-Municipio,2311306,QUIXADA,CE,% da DC sobre a RCL AJUSTADA,9.47,False
2024,3,RGF-Municipio,2311306,QUIXADA,CE,% da DCL sobre a RCL AJUSTADA,9.9,False
2024,3,RGF-Municipio,2311306,QUIXADA,CE,Precatórios (Não incluídos na DC),15676.46,False
2024,3,RGF-Municipio,2313500,TRAIRI,CE,DÍVIDA CONSOLIDADA,16141206.98,False
2024,3,RGF-Municipio,2313500,TRAIRI,CE,Disponibilidade de Caixa,4670627.02,False
2024,3,RGF-Municipio,2313500,TRAIRI,CE,Disponibilidade de Caixa Bruta,39806840.15,False
2024,3,RGF-Municipio,2313500,TRAIRI,CE,RECEITA CORRENTE LÍQUIDA,280219195.8,False
2024,3,RGF-Municipio,2313500,TRAIRI,CE,RECEITA CORRENTE LÍQUIDA AJUSTADA,279667195.8,False
2024,3,RGF-Municipio,2313500,TRAIRI,CE,% da DC sobre a RCL AJUSTADA,5.77,False
2024,3,RGF-Municipio,2313500,TRAIRI,CE,% da DCL sobre a RCL AJUSTADA,4.1,False
2024,3,RGF-Municipio,2313500,TRAIRI,CE,Precatórios (Não incluídos na DC),31401187.27,False
2024,3,RGF-Municipio,2301406,ARATUBA,CE,DÍVIDA CONSOLIDADA,9886113.34,False
2024,3,RGF-Municipio,2301406,ARATUBA,CE,Disponibilidade de Caixa,3302533.91,False
2024,3,RGF-Municipio,2301406,ARATUBA,CE,Disponibilidade de Caixa Bruta,9165734.09,False
2024,3,RGF-Municipio,2301406,ARATUBA,CE,RECEITA CORRENTE LÍQUIDA,76584927.63,False
2024,3,RGF-Municipio,2301406,ARATUBA,CE,RECEITA CORRENTE LÍQUIDA AJUSTADA,74984927.63,False
2024,3,RGF-Municipio,2301406,ARATUBA,CE,% da DC sobre a RCL AJUSTADA,13.18,False
2024,3,RGF-Municipio,2301406,ARATUBA,CE,% da DCL sobre a RCL AJUSTADA,8.78,False
2024,3,RGF-Municipio,2300309,ACOPIARA,CE,DÍVIDA CONSOLIDADA,78324568.18,False
2024,3,RGF-Municipio,2300309,ACOPIARA,CE,Disponibilidade de Caixa,-37641360.14,False
2024,3,RGF-Municipio,2300309,ACOPIARA,CE,Disponibilidade de Caixa Bruta,5549377.41,False
2024,3,RGF-Municipio,2300309,ACOPIARA,CE,RECEITA CORRENTE LÍQUIDA,201153063.63,False
2024,3,RGF-Municipio,2300309,ACOPIARA,CE,RECEITA CORRENTE LÍQUIDA AJUSTADA,201153063.63,False
2024,3,RGF-Municipio,2300309,ACOPIARA,CE,% da DC sobre a RCL AJUSTADA,38.94,False
2024,3,RGF-Municipio,2300309,ACOPIARA,CE,% da DCL sobre a RCL AJUSTADA,57.63,False
2024,3,RGF-Municipio,2303709,CAUCAIA,CE,DÍVIDA CONSOLIDADA,377259559.08,False
2024,3,RGF-Municipio,2303709,CAUCAIA,CE,Disponibilidade de Caixa,-111607722.0,False
2024,3,RGF-Municipio,2303709,CAUCAIA,CE,Disponibilidade de Caixa Bruta,69318010.49,False
2024,3,RGF-Municipio,2303709,CAUCAIA,CE,RECEITA CORRENTE LÍQUIDA,1374850715.56,False
2024,3,RGF-Municipio,2303709,CAUCAIA,CE,RECEITA CORRENTE LÍQUIDA AJUSTADA,1374850715.56,False
2024,3,RGF-Municipio,2303709,CAUCAIA,CE,% da DC sobre a RCL AJUSTADA,27.44,False
2024,3,RGF-Municipio,2303709,CAUCAIA,CE,% da DCL sobre a RCL AJUSTADA,35.56,False
2024,3,RGF-Municipio,2305209,HIDROLANDIA,CE,DÍVIDA CONSOLIDADA,5658134.1,False
2024,3,RGF-Municipio,2305209,HIDROLANDIA,CE,Disponibilidade de Caixa,2370923.93,False
2024,3,RGF-Municipio,2305209,HIDROLANDIA,CE,Disponibilidade de Caixa Bruta,5919044.81,False
2024,3,RGF-Municipio,2305209,HIDROLANDIA,CE,RECEITA CORRENTE LÍQUIDA,87410632.3,False
2024,3,RGF-Municipio,2305209,HIDROLANDIA,CE,RECEITA CORRENTE LÍQUIDA AJUSTADA,87410632.3,False
2024,3,RGF-Municipio,2305209,HIDROLANDIA,CE,% da DC sobre a RCL AJUSTADA,6.47,False
2024,3,RGF-Municipio,2305209,HIDROLANDIA,CE,% da DCL sobre a RCL AJUSTADA,3.76,False
2024,3,RGF-Municipio,2307205,JATI,CE,DÍVIDA CONSOLIDADA,9335692.44,False
2024,3,RGF-Municipio,2307205,JATI,CE,Disponibilidade de Caixa,1073700.42,False
2024,3,RGF-Municipio,2307205,JATI,CE,Disponibilidade de Caixa Bruta,2016151.53,False
2024,3,RGF-Municipio,2307205,JATI,CE,RECEITA CORRENTE LÍQUIDA,49621859.05,False
2024,3,RGF-Municipio,2307205,JATI,CE,RECEITA CORRENTE LÍQUIDA AJUSTADA,49621859.05,False
2024,3,RGF-Municipio,2307205,JATI,CE,% da DC sobre a RCL AJUSTADA,18.81,False
2024,3,RGF-Municipio,2307205,JATI,CE,% da DCL sobre a RCL AJUSTADA,16.65,False
2024,3,RGF-Municipio,2309300,NOVA RUSSAS,CE,DÍVIDA CONSOLIDADA,21299019.66,False
2024,3,RGF-Municipio,2309300,NOVA RUSSAS,CE,Disponibilidade de Caixa,11182123.58,False
2024,3,RGF-Municipio,2309300,NOVA RUSSAS,CE,Disponibilidade de Caixa Bruta,30734313.55,False
2024,3,RGF-Municipio,2309300,NOVA RUSSAS,CE,RECEITA CORRENTE LÍQUIDA,169990862.0,False
2024,3,RGF-Municipio,2309300,NOVA RUSSAS,CE,RECEITA CORRENTE LÍQUIDA AJUSTADA,168990862.0,False
2024,3,RGF-Municipio,2309300,NOVA RUSSAS,CE,% da DC sobre a RCL AJUSTADA,12.6,False
2024,3,RGF-Municipio,2309300,NOVA RUSSAS,CE,% da DCL sobre a RCL AJUSTADA,5.99,False
2024,3,RGF-Municipio,2311355,QUIXELO,CE,DÍVIDA CONSOLIDADA,5905425.56,False
2024,3,RGF-Municipio,2311355,QUIXELO,CE,Disponibilidade de Caixa,5255555.81,False
2024,3,RGF-Municipio,2311355,QUIXELO,CE,Disponibilidade de Caixa Bruta,9821218.9,False
2024,3,RGF-Municipio,2311355,QUIXELO,CE,RECEITA CORRENTE LÍQUIDA,91823040.45,False
2024,3,RGF-Municipio,2311355,QUIXELO,CE,RECEITA CORRENTE LÍQUIDA AJUSTADA,90323040.45,False
2024,3,RGF-Municipio,2311355,QUIXELO,CE,% da DC sobre a RCL AJUSTADA,6.54,False
2024,3,RGF-Municipio,2311355,QUIXELO,CE,% da DCL sobre a RCL AJUSTADA,0.72,False
2024,3,RGF-Municipio,2313559,TURURU,CE,DÍVIDA CONSOLIDADA,10967237.62,False
2024,3,RGF-Municipio,2313559,TURURU,CE,Precatórios (inclusive) Vencidos e Não Pagos,28960.33,False
2024,3,RGF-Municipio,2313559,TURURU,CE,Disponibilidade de Caixa,1392902.9,False
2024,3,RGF-Municipio,2313559,TURURU,CE,Disponibilidade de Caixa Bruta,4007287.57,False
2024,3,RGF-Municipio,2313559,TURURU,CE,RECEITA CORRENTE LÍQUIDA,86791166.25,False
2024,3,RGF-Municipio,2313559,TURURU,CE,RECEITA CORRENTE LÍQUIDA AJUSTADA,86791166.25,False
2024,3,RGF-Municipio,2313559,TURURU,CE,% da DC sobre a RCL AJUSTADA,12.64,False
2024,3,RGF-Municipio,2313559,TURURU,CE,% da DCL sobre a RCL AJUSTADA,11.03,False
2024,3,RGF-Municipio,2300200,ACARAU,CE,DÍVIDA CONSOLIDADA,107052156.37,False
2024,3,RGF-Municipio,2300200,ACARAU,CE,Disponibilidade de Caixa,9929603.85,False
2024,3,RGF-Municipio,2300200,ACARAU,CE,Disponibilidade de Caixa Bruta,36107606.64,False
2024,3,RGF-Municipio,2300200,ACARAU,CE,RECEITA CORRENTE LÍQUIDA,314604299.43,False
2024,3,RGF-Municipio,2300200,ACARAU,CE,RECEITA CORRENTE LÍQUIDA AJUSTADA,302671976.43,False
2024,3,RGF-Municipio,2300200,ACARAU,CE,% da DC sobre a RCL AJUSTADA,35.37,False
2024,3,RGF-Municipio,2300200,ACARAU,CE,% da DCL sobre a RCL AJUSTADA,32.09,False
2024,3,RGF-Municipio,2303808,CEDRO,CE,DÍVIDA CONSOLIDADA,28195667.36,False
2024,3,RGF-Municipio,2303808,CEDRO,CE,Disponibilidade de Caixa,-550607.64,False
2024,3,RGF-Municipio,2303808,CEDRO,CE,Disponibilidade de Caixa Bruta,5111491.47,False
2024,3,RGF-Municipio,2303808,CEDRO,CE,RECEITA CORRENTE LÍQUIDA,103484691.97,False
2024,3,RGF-Municipio,2303808,CEDRO,CE,RECEITA CORRENTE LÍQUIDA AJUSTADA,102654691.97,False
2024,3,RGF-Municipio,2303808,CEDRO,CE,% da DC sobre a RCL AJUSTADA,27.47,False
2024,3,RGF-Municipio,2303808,CEDRO,CE,% da DCL sobre a RCL AJUSTADA,28.0,False
2024,3,RGF-Municipio,2305233,HORIZONTE,CE,DÍVIDA CONSOLIDADA,119001934.93,False
2024,3,RGF-Municipio,2305233,HORIZONTE,CE,Precatórios (inclusive) Vencidos e Não Pagos,1521442.0,False
2024,3,RGF-Municipio,2305233,HORIZONTE,CE,Disponibilidade de Caixa,44395847.52,False
2024,3,RGF-Municipio,2305233,HORIZONTE,CE,Disponibilidade de Caixa Bruta,53846704.24,False
2024,3,RGF-Municipio,2305233,HORIZONTE,CE,RECEITA CORRENTE LÍQUIDA,409476090.63,False
2024,3,RGF-Municipio,2305233,HORIZONTE,CE,RECEITA CORRENTE LÍQUIDA AJUSTADA,396602411.63,False
2024,3,RGF-Municipio,2305233,HORIZONTE,CE,% da DC sobre a RCL AJUSTADA,30.01,False
2024,3,RGF-Municipio,2305233,HORIZONTE,CE,% da DCL sobre a RCL AJUSTADA,18.8,False
2024,3,RGF-Municipio,2307254,JIJOCA DE JERICOACOARA,CE,DÍVIDA CONSOLIDADA,39420617.72,False
2024,3,RGF-Municipio,2307254,JIJOCA DE JERICOACOARA,CE,Precatórios (inclusive) Vencidos e Não Pagos,386535.19,False
2024,3,RGF-Municipio,2307254,JIJOCA DE JERICOACOARA,CE,Disponibilidade de Caixa,-7835029.23,False
2024,3,RGF-Municipio,2307254,JIJOCA DE JERICOACOARA,CE,Disponibilidade de Caixa Bruta,5788637.18,False
2024,3,RGF-Municipio,2307254,JIJOCA DE JERICOACOARA,CE,RECEITA CORRENTE LÍQUIDA,192041224.43,False
2024,3,RGF-Municipio,2307254,JIJOCA DE JERICOACOARA,CE,RECEITA CORRENTE LÍQUIDA AJUSTADA,190271224.43,False
2024,3,RGF-Municipio,2307254,JIJOCA DE JERICOACOARA,CE,% da DC sobre a RCL AJUSTADA,20.72,False
2024,3,RGF-Municipio,2307254,JIJOCA DE JERICOACOARA,CE,% da DCL sobre a RCL AJUSTADA,24.83,False
2024,3,RGF-Municipio,2307254,JIJOCA DE JERICOACOARA,CE,Precatórios (Não incluídos na DC),11355.7,False
2024,3,RGF-Municipio,2309409,NOVO ORIENTE,CE,DÍVIDA CONSOLIDADA,41284818.52,False
2024,3,RGF-Municipio,2309409,NOVO ORIENTE,CE,Disponibilidade de Caixa,10533016.03,False
2024,3,RGF-Municipio,2309409,NOVO ORIENTE,CE,Disponibilidade de Caixa Bruta,19551162.78,False
2024,3,RGF-Municipio,2309409,NOVO ORIENTE,CE,RECEITA CORRENTE LÍQUIDA,160588269.94,False
2024,3,RGF-Municipio,2309409,NOVO ORIENTE,CE,RECEITA CORRENTE LÍQUIDA AJUSTADA,152689710.94,False
2024,3,RGF-Municipio,2309409,NOVO ORIENTE,CE,% da DC sobre a RCL AJUSTADA,27.04,False
2024,3,RGF-Municipio,2309409,NOVO ORIENTE,CE,% da DCL sobre a RCL AJUSTADA,20.14,False
2024,3,RGF-Municipio,2309409,NOVO ORIENTE,CE,Precatórios (Não incluídos na DC),810.0,False
2024,3,RGF-Municipio,2311405,QUIXERAMOBIM,CE,DÍVIDA CONSOLIDADA,95326450.41,False
2024,3,RGF-Municipio,2311405,QUIXERAMOBIM,CE,Disponibilidade de Caixa,-28351126.55,False
2024,3,RGF-Municipio,2311405,QUIXERAMOBIM,CE,Disponibilidade de Caixa Bruta,35397615.64,False
2024,3,RGF-Municipio,2311405,QUIXERAMOBIM,CE,RECEITA CORRENTE LÍQUIDA,421519357.28,False
2024,3,RGF-Municipio,2311405,QUIXERAMOBIM,CE,RECEITA CORRENTE LÍQUIDA AJUSTADA,419417014.28,False
2024,3,RGF-Municipio,2311405,QUIXERAMOBIM,CE,% da DC sobre a RCL AJUSTADA,22.73,False
2024,3,RGF-Municipio,2311405,QUIXERAMOBIM,CE,% da DCL sobre a RCL AJUSTADA,29.49,False
2024,3,RGF-Municipio,2311405,QUIXERAMOBIM,CE,Precatórios (Não incluídos na DC),21049.35,False
2024,3,RGF-Municipio,2313609,UBAJARA,CE,DÍVIDA CONSOLIDADA,33974480.91,False
2024,3,RGF-Municipio,2313609,UBAJARA,CE,Disponibilidade de Caixa,4603239.33,False
2024,3,RGF-Municipio,2313609,UBAJARA,CE,Disponibilidade de Caixa Bruta,12535025.66,False
2024,3,RGF-Municipio,2313609,UBAJARA,CE,RECEITA CORRENTE LÍQUIDA,165076005.06,False
2024,3,RGF-Municipio,2313609,UBAJARA,CE,RECEITA CORRENTE LÍQUIDA AJUSTADA,162690202.06,False
2024,3,RGF-Municipio,2313609,UBAJARA,CE,% da DC sobre a RCL AJUSTADA,20.88,False
2024,3,RGF-Municipio,2313609,UBAJARA,CE,% da DCL sobre a RCL AJUSTADA,18.04,False
2024,3,RGF-Municipio,2313609,UBAJARA,CE,Precatórios (Não incluídos na DC),624812.17,False
2024,3,RGF-Municipio,2300150,ACARAPE,CE,DÍVIDA CONSOLIDADA,29516911.84,False
2024,3,RGF-Municipio,2300150,ACARAPE,CE,Disponibilidade de Caixa,4739796.49,False
2024,3,RGF-Municipio,2300150,ACARAPE,CE,Disponibilidade de Caixa Bruta,12370539.6,False
2024,3,RGF-Municipio,2300150,ACARAPE,CE,RECEITA CORRENTE LÍQUIDA,85169639.15,False
2024,3,RGF-Municipio,2300150,ACARAPE,CE,RECEITA CORRENTE LÍQUIDA AJUSTADA,84369639.15,False
2024,3,RGF-Municipio,2300150,ACARAPE,CE,% da DC sobre a RCL AJUSTADA,34.99,False
2024,3,RGF-Municipio,2300150,ACARAPE,CE,% da DCL sobre a RCL AJUSTADA,29.37,False
2024,3,RGF-Municipio,2301604,ASSARE,CE,DÍVIDA CONSOLIDADA,25261274.59,False
2024,3,RGF-Municipio,2301604,ASSARE,CE,Disponibilidade de Caixa,11002820.34,False
2024,3,RGF-Municipio,2301604,ASSARE,CE,Disponibilidade de Caixa Bruta,15362676.41,False
2024,3,RGF-Municipio,2301604,ASSARE,CE,RECEITA CORRENTE LÍQUIDA,115786162.69,False
2024,3,RGF-Municipio,2301604,ASSARE,CE,RECEITA CORRENTE LÍQUIDA AJUSTADA,111836162.69,False
2024,3,RGF-Municipio,2301604,ASSARE,CE,% da DC sobre a RCL AJUSTADA,22.59,False
2024,3,RGF-Municipio,2301604,ASSARE,CE,% da DCL sobre a RCL AJUSTADA,12.75,False
2024,3,RGF-Municipio,2303907,CHAVAL,CE,DÍVIDA CONSOLIDADA,20909810.31,False
2024,3,RGF-Municipio,2303907,CHAVAL,CE,Disponibilidade de Caixa,384052.97,False
2024,3,RGF-Municipio,2303907,CHAVAL,CE,Disponibilidade de Caixa Bruta,4714882.98,False
2024,3,RGF-Municipio,2303907,CHAVAL,CE,RECEITA CORRENTE LÍQUIDA,73957041.08,False
2024,3,RGF-Municipio,2303907,CHAVAL,CE,RECEITA CORRENTE LÍQUIDA AJUSTADA,73457041.08,False
2024,3,RGF-Municipio,2303907,CHAVAL,CE,% da DC sobre a RCL AJUSTADA,28.47,False
2024,3,RGF-Municipio,2303907,CHAVAL,CE,% da DCL sobre a RCL AJUSTADA,27.94,False
2024,3,RGF-Municipio,2305266,IBARETAMA,CE,DÍVIDA CONSOLIDADA,25171151.85,False
2024,3,RGF-Municipio,2305266,IBARETAMA,CE,Disponibilidade de Caixa,908805.54,False
2024,3,RGF-Municipio,2305266,IBARETAMA,CE,Disponibilidade de Caixa Bruta,7075176.68,False
2024,3,RGF-Municipio,2305266,IBARETAMA,CE,RECEITA CORRENTE LÍQUIDA,70998501.62,False
2024,3,RGF-Municipio,2305266,IBARETAMA,CE,RECEITA CORRENTE LÍQUIDA AJUSTADA,70998501.62,False
2024,3,RGF-Municipio,2305266,IBARETAMA,CE,% da DC sobre a RCL AJUSTADA,35.45,False
2024,3,RGF-Municipio,2305266,IBARETAMA,CE,% da DCL sobre a RCL AJUSTADA,34.17,False
2024,3,RGF-Municipio,2305266,IBARETAMA,CE,Precatórios (Não incluídos na DC),93503.15,False
2024,3,RGF-Municipio,2307304,JUAZEIRO DO NORTE,CE,DÍVIDA CONSOLIDADA,592558289.53,False
2024,3,RGF-Municipio,2307304,JUAZEIRO DO NORTE,CE,Disponibilidade de Caixa,-13311329.25,False
2024,3,RGF-Municipio,2307304,JUAZEIRO DO NORTE,CE,Disponibilidade de Caixa Bruta,55406456.16,False
2024,3,RGF-Municipio,2307304,JUAZEIRO DO NORTE,CE,RECEITA CORRENTE LÍQUIDA,960072874.16,False
2024,3,RGF-Municipio,2307304,JUAZEIRO DO NORTE,CE,RECEITA CORRENTE LÍQUIDA AJUSTADA,953292874.16,False
2024,3,RGF-Municipio,2307304,JUAZEIRO DO NORTE,CE,% da DC sobre a RCL AJUSTADA,62.16,False
2024,3,RGF-Municipio,2307304,JUAZEIRO DO NORTE,CE,% da DCL sobre a RCL AJUSTADA,63.56,False
2024,3,RGF-Municipio,2307304,JUAZEIRO DO NORTE,CE,Precatórios (Não incluídos na DC),398116.98,False
2024,3,RGF-Municipio,2309458,OCARA,CE,DÍVIDA CONSOLIDADA,30426817.39,False
2024,3,RGF-Municipio,2309458,OCARA,CE,Disponibilidade de Caixa,-1918188.86,False
2024,3,RGF-Municipio,2309458,OCARA,CE,Disponibilidade de Caixa Bruta,5014120.31,False
2024,3,RGF-Municipio,2309458,OCARA,CE,RECEITA CORRENTE LÍQUIDA,112842921.24,False
2024,3,RGF-Municipio,2309458,OCARA,CE,RECEITA CORRENTE LÍQUIDA AJUSTADA,111542921.24,False
2024,3,RGF-Municipio,2309458,OCARA,CE,% da DC sobre a RCL AJUSTADA,27.28,False
2024,3,RGF-Municipio,2309458,OCARA,CE,% da DCL sobre a RCL AJUSTADA,28.99,False
2024,3,RGF-Municipio,2311504,QUIXERE,CE,DÍVIDA CONSOLIDADA,5776079.74,False
2024,3,RGF-Municipio,2311504,QUIXERE,CE,Disponibilidade de Caixa,15752538.56,False
2024,3,RGF-Municipio,2311504,QUIXERE,CE,Disponibilidade de Caixa Bruta,23685133.69,False
2024,3,RGF-Municipio,2311504,QUIXERE,CE,RECEITA CORRENTE LÍQUIDA,119224877.28,False
2024,3,RGF-Municipio,2311504,QUIXERE,CE,RECEITA CORRENTE LÍQUIDA AJUSTADA,117024877.28,False
2024,3,RGF-Municipio,2311504,QUIXERE,CE,% da DC sobre a RCL AJUSTADA,4.94,False
2024,3,RGF-Municipio,2311504,QUIXERE,CE,% da DCL sobre a RCL AJUSTADA,-8.53,False
2024,3,RGF-Municipio,2311504,QUIXERE,CE,Precatórios (Não incluídos na DC),913.35,False
2024,3,RGF-Municipio,2313708,UMARI,CE,DÍVIDA CONSOLIDADA,21747114.47,False
2024,3,RGF-Municipio,2313708,UMARI,CE,Disponibilidade de Caixa,-2316585.2,False
2024,3,RGF-Municipio,2313708,UMARI,CE,Disponibilidade de Caixa Bruta,2905892.6,False
2024,3,RGF-Municipio,2313708,UMARI,CE,RECEITA CORRENTE LÍQUIDA,45025625.43,False
2024,3,RGF-Municipio,2313708,UMARI,CE,RECEITA CORRENTE LÍQUIDA AJUSTADA,43369388.43,False
2024,3,RGF-Municipio,2313708,UMARI,CE,% da DC sobre a RCL AJUSTADA,50.14,False
2024,3,RGF-Municipio,2313708,UMARI,CE,% da DCL sobre a RCL AJUSTADA,55.43,False
2024,3,RGF-Municipio,2301703,AURORA,CE,DÍVIDA CONSOLIDADA,19753051.89,False
2024,3,RGF-Municipio,2301703,AURORA,CE,Disponibilidade de Caixa,-1352755.13,False
2024,3,RGF-Municipio,2301703,AURORA,CE,Disponibilidade de Caixa Bruta,5195873.53,False
2024,3,RGF-Municipio,2301703,AURORA,CE,RECEITA CORRENTE LÍQUIDA,97050353.85,False
2024,3,RGF-Municipio,2301703,AURORA,CE,RECEITA CORRENTE LÍQUIDA AJUSTADA,95451525.85,False
2024,3,RGF-Municipio,2301703,AURORA,CE,% da DC sobre a RCL AJUSTADA,20.69,False
2024,3,RGF-Municipio,2301703,AURORA,CE,% da DCL sobre a RCL AJUSTADA,22.11,False
2024,3,RGF-Municipio,2301703,AURORA,CE,Precatórios (Não incluídos na DC),31347.0,False
2024,3,RGF-Municipio,2303931,CHORO,CE,DÍVIDA CONSOLIDADA,40234732.35,False
2024,3,RGF-Municipio,2303931,CHORO,CE,Disponibilidade de Caixa,5583806.75,False
2024,3,RGF-Municipio,2303931,CHORO,CE,Disponibilidade de Caixa Bruta,15581506.47,False
2024,3,RGF-Municipio,2303931,CHORO,CE,RECEITA CORRENTE LÍQUIDA,75132024.58,False
2024,3,RGF-Municipio,2303931,CHORO,CE,RECEITA CORRENTE LÍQUIDA AJUSTADA,74832024.58,False
2024,3,RGF-Municipio,2303931,CHORO,CE,% da DC sobre a RCL AJUSTADA,53.77,False
2024,3,RGF-Municipio,2303931,CHORO,CE,% da DCL sobre a RCL AJUSTADA,46.3,False
2024,3,RGF-Municipio,2303931,CHORO,CE,Precatórios (Não incluídos na DC),722090.69,False
2024,3,RGF-Municipio,2305308,IBIAPINA,CE,DÍVIDA CONSOLIDADA,7998641.28,False
2024,3,RGF-Municipio,2305308,IBIAPINA,CE,Disponibilidade de Caixa,-4779457.96,False
2024,3,RGF-Municipio,2305308,IBIAPINA,CE,Disponibilidade de Caixa Bruta,5706207.62,False
2024,3,RGF-Municipio,2305308,IBIAPINA,CE,RECEITA CORRENTE LÍQUIDA,129948943.26,False
2024,3,RGF-Municipio,2305308,IBIAPINA,CE,RECEITA CORRENTE LÍQUIDA AJUSTADA,125951238.26,False
2024,3,RGF-Municipio,2305308,IBIAPINA,CE,% da DC sobre a RCL AJUSTADA,6.35,False
2024,3,RGF-Municipio,2305308,IBIAPINA,CE,% da DCL sobre a RCL AJUSTADA,10.14,False
2024,3,RGF-Municipio,2307403,JUCAS,CE,DÍVIDA CONSOLIDADA,41214212.01,False
2024,3,RGF-Municipio,2307403,JUCAS,CE,Precatórios (inclusive) Vencidos e Não Pagos,404100.15,False
2024,3,RGF-Municipio,2307403,JUCAS,CE,Disponibilidade de Caixa,838398.34,False
2024,3,RGF-Municipio,2307403,JUCAS,CE,Disponibilidade de Caixa Bruta,6334328.73,False
2024,3,RGF-Municipio,2307403,JUCAS,CE,RECEITA CORRENTE LÍQUIDA,126677403.67,False
2024,3,RGF-Municipio,2307403,JUCAS,CE,RECEITA CORRENTE LÍQUIDA AJUSTADA,126377403.67,False
2024,3,RGF-Municipio,2307403,JUCAS,CE,% da DC sobre a RCL AJUSTADA,32.61,False
2024,3,RGF-Municipio,2307403,JUCAS,CE,% da DCL sobre a RCL AJUSTADA,31.95,False
2024,3,RGF-Municipio,2311603,REDENCAO,CE,DÍVIDA CONSOLIDADA,90255821.49,False
2024,3,RGF-Municipio,2311603,REDENCAO,CE,Disponibilidade de Caixa,-654182.05,False
2024,3,RGF-Municipio,2311603,REDENCAO,CE,Disponibilidade de Caixa Bruta,7477295.35,False
2024,3,RGF-Municipio,2311603,REDENCAO,CE,RECEITA CORRENTE LÍQUIDA,140305626.12,False
2024,3,RGF-Municipio,2311603,REDENCAO,CE,RECEITA CORRENTE LÍQUIDA AJUSTADA,135955626.12,False
2024,3,RGF-Municipio,2311603,REDENCAO,CE,% da DC sobre a RCL AJUSTADA,66.39,False
2024,3,RGF-Municipio,2311603,REDENCAO,CE,% da DCL sobre a RCL AJUSTADA,66.87,False
2024,3,RGF-Municipio,2313757,UMIRIM,CE,DÍVIDA CONSOLIDADA,30740794.21,False
2024,3,RGF-Municipio,2313757,UMIRIM,CE,Disponibilidade de Caixa,-10661562.16,False
2024,3,RGF-Municipio,2313757,UMIRIM,CE,Disponibilidade de Caixa Bruta,3411638.67,False
2024,3,RGF-Municipio,2313757,UMIRIM,CE,RECEITA CORRENTE LÍQUIDA,93630714.45,False
2024,3,RGF-Municipio,2313757,UMIRIM,CE,RECEITA CORRENTE LÍQUIDA AJUSTADA,93630714.45,False
2024,3,RGF-Municipio,2313757,UMIRIM,CE,% da DC sobre a RCL AJUSTADA,32.83,False
2024,3,RGF-Municipio,2313757,UMIRIM,CE,% da DCL sobre a RCL AJUSTADA,44.22,False
2024,3,RGF-Municipio,2300101,ABAIARA,CE,DÍVIDA CONSOLIDADA,16610753.03,False
2024,3,RGF-Municipio,2300101,ABAIARA,CE,Disponibilidade de Caixa,1515588.3,False
2024,3,RGF-Municipio,2300101,ABAIARA,CE,Disponibilidade de Caixa Bruta,4048206.73,False
2024,3,RGF-Municipio,2300101,ABAIARA,CE,RECEITA CORRENTE LÍQUIDA,53797337.12,False
2024,3,RGF-Municipio,2300101,ABAIARA,CE,RECEITA CORRENTE LÍQUIDA AJUSTADA,53226628.5,False
2024,3,RGF-Municipio,2300101,ABAIARA,CE,% da DC sobre a RCL AJUSTADA,31.21,False
2024,3,RGF-Municipio,2300101,ABAIARA,CE,% da DCL sobre a RCL AJUSTADA,28.36,False
2024,3,RGF-Municipio,2301802,BAIXIO,CE,DÍVIDA CONSOLIDADA,27125526.06,False
2024,3,RGF-Municipio,2301802,BAIXIO,CE,Disponibilidade de Caixa,-544090.8,False
2024,3,RGF-Municipio,2301802,BAIXIO,CE,Disponibilidade de Caixa Bruta,3662333.72,False
2024,3,RGF-Municipio,2301802,BAIXIO,CE,RECEITA CORRENTE LÍQUIDA,39848322.14,False
2024,3,RGF-Municipio,2301802,BAIXIO,CE,RECEITA CORRENTE LÍQUIDA AJUSTADA,39350322.14,False
2024,3,RGF-Municipio,2301802,BAIXIO,CE,% da DC sobre a RCL AJUSTADA,68.93,False
2024,3,RGF-Municipio,2301802,BAIXIO,CE,% da DCL sobre a RCL AJUSTADA,70.32,False
2024,3,RGF-Municipio,2303956,CHOROZINHO,CE,DÍVIDA CONSOLIDADA,55093184.99,False
2024,3,RGF-Municipio,2303956,CHOROZINHO,CE,Disponibilidade de Caixa,10132757.8,False
2024,3,RGF-Municipio,2303956,CHOROZINHO,CE,Disponibilidade de Caixa Bruta,20734484.04,False
2024,3,RGF-Municipio,2303956,CHOROZINHO,CE,RECEITA CORRENTE LÍQUIDA,108582859.13,False
2024,3,RGF-Municipio,2303956,CHOROZINHO,CE,RECEITA CORRENTE LÍQUIDA AJUSTADA,105482859.13,False
2024,3,RGF-Municipio,2303956,CHOROZINHO,CE,% da DC sobre a RCL AJUSTADA,52.23,False
2024,3,RGF-Municipio,2303956,CHOROZINHO,CE,% da DCL sobre a RCL AJUSTADA,42.62,False
2024,3,RGF-Municipio,2303956,CHOROZINHO,CE,Precatórios (Não incluídos na DC),6934.35,False
2024,3,RGF-Municipio,2305332,IBICUITINGA,CE,DÍVIDA CONSOLIDADA,28887438.62,False
2024,3,RGF-Municipio,2305332,IBICUITINGA,CE,Disponibilidade de Caixa,2100892.75,False
2024,3,RGF-Municipio,2305332,IBICUITINGA,CE,Disponibilidade de Caixa Bruta,13247802.03,False
2024,3,RGF-Municipio,2305332,IBICUITINGA,CE,RECEITA CORRENTE LÍQUIDA,80766906.41,False
2024,3,RGF-Municipio,2305332,IBICUITINGA,CE,RECEITA CORRENTE LÍQUIDA AJUSTADA,79766906.41,False
2024,3,RGF-Municipio,2305332,IBICUITINGA,CE,% da DC sobre a RCL AJUSTADA,36.21,False
2024,3,RGF-Municipio,2305332,IBICUITINGA,CE,% da DCL sobre a RCL AJUSTADA,33.58,False
2024,3,RGF-Municipio,2305332,IBICUITINGA,CE,Precatórios (Não incluídos na DC),3855847.42,False
2024,3,RGF-Municipio,2307502,LAVRAS DA MANGABEIRA,CE,DÍVIDA CONSOLIDADA,31496432.79,False
2024,3,RGF-Municipio,2307502,LAVRAS DA MANGABEIRA,CE,Disponibilidade de Caixa,14028289.39,False
2024,3,RGF-Municipio,2307502,LAVRAS DA MANGABEIRA,CE,Disponibilidade de Caixa Bruta,18774186.32,False
2024,3,RGF-Municipio,2307502,LAVRAS DA MANGABEIRA,CE,RECEITA CORRENTE LÍQUIDA,127810463.56,False
2024,3,RGF-Municipio,2307502,LAVRAS DA MANGABEIRA,CE,RECEITA CORRENTE LÍQUIDA AJUSTADA,126551755.17,False
2024,3,RGF-Municipio,2307502,LAVRAS DA MANGABEIRA,CE,% da DC sobre a RCL AJUSTADA,24.89,False
2024,3,RGF-Municipio,2307502,LAVRAS DA MANGABEIRA,CE,% da DCL sobre a RCL AJUSTADA,13.76,False
2024,3,RGF-Municipio,2307502,LAVRAS DA MANGABEIRA,CE,Precatórios (Não incluídos na DC),7874.66,False
2024,3,RGF-Municipio,2309607,PACAJUS,CE,DÍVIDA CONSOLIDADA,137084955.17,False
2024,3,RGF-Municipio,2309607,PACAJUS,CE,Disponibilidade de Caixa,-43791573.58,False
2024,3,RGF-Municipio,2309607,PACAJUS,CE,Disponibilidade de Caixa Bruta,4763132.35,False
2024,3,RGF-Municipio,2309607,PACAJUS,CE,RECEITA CORRENTE LÍQUIDA,266920725.57,False
2024,3,RGF-Municipio,2309607,PACAJUS,CE,RECEITA CORRENTE LÍQUIDA AJUSTADA,266920725.57,False
2024,3,RGF-Municipio,2309607,PACAJUS,CE,% da DC sobre a RCL AJUSTADA,51.36,False
2024,3,RGF-Municipio,2309607,PACAJUS,CE,% da DCL sobre a RCL AJUSTADA,67.76,False
2024,3,RGF-Municipio,2309607,PACAJUS,CE,Precatórios (Não incluídos na DC),357206.26,False
2024,3,RGF-Municipio,2311702,RERIUTABA,CE,DÍVIDA CONSOLIDADA,24447269.39,False
2024,3,RGF-Municipio,2311702,RERIUTABA,CE,Disponibilidade de Caixa,-7652581.1,False
2024,3,RGF-Municipio,2311702,RERIUTABA,CE,Disponibilidade de Caixa Bruta,12252602.77,False
2024,3,RGF-Municipio,2311702,RERIUTABA,CE,RECEITA CORRENTE LÍQUIDA,110146418.88,False
2024,3,RGF-Municipio,2311702,RERIUTABA,CE,RECEITA CORRENTE LÍQUIDA AJUSTADA,108666418.88,False
2024,3,RGF-Municipio,2311702,RERIUTABA,CE,% da DC sobre a RCL AJUSTADA,22.5,False
2024,3,RGF-Municipio,2311702,RERIUTABA,CE,% da DCL sobre a RCL AJUSTADA,29.54,False
2024,3,RGF-Municipio,2311702,RERIUTABA,CE,Precatórios (Não incluídos na DC),529121.9,False
2024,3,RGF-Municipio,2313807,URUBURETAMA,CE,DÍVIDA CONSOLIDADA,53435646.31,False
2024,3,RGF-Municipio,2313807,URUBURETAMA,CE,Disponibilidade de Caixa,39708.29,False
2024,3,RGF-Municipio,2313807,URUBURETAMA,CE,Disponibilidade de Caixa Bruta,4796789.79,False
2024,3,RGF-Municipio,2313807,URUBURETAMA,CE,RECEITA CORRENTE LÍQUIDA,116753713.45,False
2024,3,RGF-Municipio,2313807,URUBURETAMA,CE,RECEITA CORRENTE LÍQUIDA AJUSTADA,113353713.45,False
2024,3,RGF-Municipio,2313807,URUBURETAMA,CE,% da DC sobre a RCL AJUSTADA,47.14,False
2024,3,RGF-Municipio,2313807,URUBURETAMA,CE,% da DCL sobre a RCL AJUSTADA,47.11,False
2024,3,RGF-Municipio,2305357,ICAPUI,CE,DÍVIDA CONSOLIDADA,70268671.06,False
2024,3,RGF-Municipio,2305357,ICAPUI,CE,Disponibilidade de Caixa Bruta,7193735.26,False
2024,3,RGF-Municipio,2305357,ICAPUI,CE,RECEITA CORRENTE LÍQUIDA,128551767.17,False
2024,3,RGF-Municipio,2305357,ICAPUI,CE,RECEITA CORRENTE LÍQUIDA AJUSTADA,126815691.17,False
2024,3,RGF-Municipio,2305357,ICAPUI,CE,% da DC sobre a RCL AJUSTADA,55.41,False
2024,3,RGF-Municipio,2305357,ICAPUI,CE,% da DCL sobre a RCL AJUSTADA,55.41,False
2024,3,RGF-Municipio,2305357,ICAPUI,CE,Precatórios (Não incluídos na DC),226893.64,False
2024,3,RGF-Municipio,2301851,BANABUIU,CE,DÍVIDA CONSOLIDADA,39201559.19,False
2024,3,RGF-Municipio,2301851,BANABUIU,CE,Disponibilidade de Caixa,-2528030.41,False
2024,3,RGF-Municipio,2301851,BANABUIU,CE,Disponibilidade de Caixa Bruta,6793096.87,False
2024,3,RGF-Municipio,2301851,BANABUIU,CE,RECEITA CORRENTE LÍQUIDA,104826773.62,False
2024,3,RGF-Municipio,2301851,BANABUIU,CE,RECEITA CORRENTE LÍQUIDA AJUSTADA,103976773.62,False
2024,3,RGF-Municipio,2301851,BANABUIU,CE,% da DC sobre a RCL AJUSTADA,37.7,False
2024,3,RGF-Municipio,2301851,BANABUIU,CE,% da DCL sobre a RCL AJUSTADA,40.13,False
2024,3,RGF-Municipio,2307601,LIMOEIRO DO NORTE,CE,DÍVIDA CONSOLIDADA,67340323.14,False
2024,3,RGF-Municipio,2307601,LIMOEIRO DO NORTE,CE,Disponibilidade de Caixa,-14912244.88,False
2024,3,RGF-Municipio,2307601,LIMOEIRO DO NORTE,CE,Disponibilidade de Caixa Bruta,14270845.06,False
2024,3,RGF-Municipio,2307601,LIMOEIRO DO NORTE,CE,RECEITA CORRENTE LÍQUIDA,264920695.49,False
2024,3,RGF-Municipio,2307601,LIMOEIRO DO NORTE,CE,RECEITA CORRENTE LÍQUIDA AJUSTADA,263420695.49,False
2024,3,RGF-Municipio,2307601,LIMOEIRO DO NORTE,CE,% da DC sobre a RCL AJUSTADA,25.56,False
2024,3,RGF-Municipio,2307601,LIMOEIRO DO NORTE,CE,% da DCL sobre a RCL AJUSTADA,31.22,False
2024,3,RGF-Municipio,2307601,LIMOEIRO DO NORTE,CE,Precatórios (Não incluídos na DC),30428.62,False
2024,3,RGF-Municipio,2309706,PACATUBA,CE,DÍVIDA CONSOLIDADA,135367878.8,False
2024,3,RGF-Municipio,2309706,PACATUBA,CE,Disponibilidade de Caixa,-28234891.97,False
2024,3,RGF-Municipio,2309706,PACATUBA,CE,Disponibilidade de Caixa Bruta,12462821.74,False
2024,3,RGF-Municipio,2309706,PACATUBA,CE,RECEITA CORRENTE LÍQUIDA,324134238.14,False
2024,3,RGF-Municipio,2309706,PACATUBA,CE,RECEITA CORRENTE LÍQUIDA AJUSTADA,317286064.14,False
2024,3,RGF-Municipio,2309706,PACATUBA,CE,% da DC sobre a RCL AJUSTADA,42.66,False
2024,3,RGF-Municipio,2309706,PACATUBA,CE,% da DCL sobre a RCL AJUSTADA,51.56,False
2024,3,RGF-Municipio,2311801,RUSSAS,CE,DÍVIDA CONSOLIDADA,29166936.99,False
2024,3,RGF-Municipio,2311801,RUSSAS,CE,Disponibilidade de Caixa,27857784.87,False
2024,3,RGF-Municipio,2311801,RUSSAS,CE,Disponibilidade de Caixa Bruta,35243659.36,False
2024,3,RGF-Municipio,2311801,RUSSAS,CE,RECEITA CORRENTE LÍQUIDA,353769215.25,False
2024,3,RGF-Municipio,2311801,RUSSAS,CE,RECEITA CORRENTE LÍQUIDA AJUSTADA,346708645.25,False
2024,3,RGF-Municipio,2311801,RUSSAS,CE,% da DC sobre a RCL AJUSTADA,8.41,False
2024,3,RGF-Municipio,2311801,RUSSAS,CE,% da DCL sobre a RCL AJUSTADA,0.38,False
2024,3,RGF-Municipio,2311801,RUSSAS,CE,Precatórios (Não incluídos na DC),29005.58,False
2024,3,RGF-Municipio,2301901,BARBALHA,CE,DÍVIDA CONSOLIDADA,43334711.84,False
2024,3,RGF-Municipio,2301901,BARBALHA,CE,Disponibilidade de Caixa,26774312.78,False
2024,3,RGF-Municipio,2301901,BARBALHA,CE,Disponibilidade de Caixa Bruta,48415130.48,False
2024,3,RGF-Municipio,2301901,BARBALHA,CE,RECEITA CORRENTE LÍQUIDA,485047742.54,False
2024,3,RGF-Municipio,2301901,BARBALHA,CE,RECEITA CORRENTE LÍQUIDA AJUSTADA,483022742.54,False
2024,3,RGF-Municipio,2301901,BARBALHA,CE,% da DC sobre a RCL AJUSTADA,8.97,False
2024,3,RGF-Municipio,2301901,BARBALHA,CE,% da DCL sobre a RCL AJUSTADA,3.39,False
2024,3,RGF-Municipio,2304103,CRATEUS,CE,DÍVIDA CONSOLIDADA,51542643.32,False
2024,3,RGF-Municipio,2304103,CRATEUS,CE,Disponibilidade de Caixa,23515455.27,False
2024,3,RGF-Municipio,2304103,CRATEUS,CE,Disponibilidade de Caixa Bruta,36850782.16,False
2024,3,RGF-Municipio,2304103,CRATEUS,CE,RECEITA CORRENTE LÍQUIDA,361911381.75,False
2024,3,RGF-Municipio,2304103,CRATEUS,CE,RECEITA CORRENTE LÍQUIDA AJUSTADA,358386674.75,False
2024,3,RGF-Municipio,2304103,CRATEUS,CE,% da DC sobre a RCL AJUSTADA,14.38,False
2024,3,RGF-Municipio,2304103,CRATEUS,CE,% da DCL sobre a RCL AJUSTADA,7.82,False
2024,3,RGF-Municipio,2305407,ICO,CE,DÍVIDA CONSOLIDADA,105329246.73,False
2024,3,RGF-Municipio,2305407,ICO,CE,Disponibilidade de Caixa,20521697.64,False
2024,3,RGF-Municipio,2305407,ICO,CE,Disponibilidade de Caixa Bruta,39476208.42,False
2024,3,RGF-Municipio,2305407,ICO,CE,RECEITA CORRENTE LÍQUIDA,291886757.04,False
2024,3,RGF-Municipio,2305407,ICO,CE,RECEITA CORRENTE LÍQUIDA AJUSTADA,290686757.04,False
2024,3,RGF-Municipio,2305407,ICO,CE,% da DC sobre a RCL AJUSTADA,36.23,False
2024,3,RGF-Municipio,2305407,ICO,CE,% da DCL sobre a RCL AJUSTADA,29.17,False
2024,3,RGF-Municipio,2307635,MADALENA,CE,DÍVIDA CONSOLIDADA,24025275.5,False
2024,3,RGF-Municipio,2307635,MADALENA,CE,Disponibilidade de Caixa,-3681389.75,False
2024,3,RGF-Municipio,2307635,MADALENA,CE,Disponibilidade de Caixa Bruta,5235980.48,False
2024,3,RGF-Municipio,2307635,MADALENA,CE,RECEITA CORRENTE LÍQUIDA,111109521.1,False
2024,3,RGF-Municipio,2307635,MADALENA,CE,RECEITA CORRENTE LÍQUIDA AJUSTADA,110009521.1,False
2024,3,RGF-Municipio,2307635,MADALENA,CE,% da DC sobre a RCL AJUSTADA,21.84,False
2024,3,RGF-Municipio,2307635,MADALENA,CE,% da DCL sobre a RCL AJUSTADA,25.19,False
2024,3,RGF-Municipio,2309805,PACOTI,CE,DÍVIDA CONSOLIDADA,7418580.8,False
2024,3,RGF-Municipio,2309805,PACOTI,CE,Disponibilidade de Caixa,262537.81,False
2024,3,RGF-Municipio,2309805,PACOTI,CE,Disponibilidade de Caixa Bruta,6933485.77,False
2024,3,RGF-Municipio,2309805,PACOTI,CE,RECEITA CORRENTE LÍQUIDA,63605194.36,False
2024,3,RGF-Municipio,2309805,PACOTI,CE,RECEITA CORRENTE LÍQUIDA AJUSTADA,62605194.36,False
2024,3,RGF-Municipio,2309805,PACOTI,CE,% da DC sobre a RCL AJUSTADA,11.85,False
2024,3,RGF-Municipio,2309805,PACOTI,CE,% da DCL sobre a RCL AJUSTADA,11.43,False
2024,3,RGF-Municipio,2311900,SABOEIRO,CE,DÍVIDA CONSOLIDADA,21485923.76,False
2024,3,RGF-Municipio,2311900,SABOEIRO,CE,Disponibilidade de Caixa,-2943301.45,False
2024,3,RGF-Municipio,2311900,SABOEIRO,CE,Disponibilidade de Caixa Bruta,5149105.34,False
2024,3,RGF-Municipio,2311900,SABOEIRO,CE,RECEITA CORRENTE LÍQUIDA,75371845.66,False
2024,3,RGF-Municipio,2311900,SABOEIRO,CE,RECEITA CORRENTE LÍQUIDA AJUSTADA,75371845.66,False
2024,3,RGF-Municipio,2311900,SABOEIRO,CE,% da DC sobre a RCL AJUSTADA,28.51,False
2024,3,RGF-Municipio,2311900,SABOEIRO,CE,% da DCL sobre a RCL AJUSTADA,32.41,False
2024,3,RGF-Municipio,2301950,BARREIRA,CE,DÍVIDA CONSOLIDADA,44535673.62,False
2024,3,RGF-Municipio,2301950,BARREIRA,CE,Disponibilidade de Caixa,-2230213.25,False
2024,3,RGF-Municipio,2301950,BARREIRA,CE,Disponibilidade de Caixa Bruta,2739966.4,False
2024,3,RGF-Municipio,2301950,BARREIRA,CE,RECEITA CORRENTE LÍQUIDA,110119175.99,False
2024,3,RGF-Municipio,2301950,BARREIRA,CE,RECEITA CORRENTE LÍQUIDA AJUSTADA,108369175.99,False
2024,3,RGF-Municipio,2301950,BARREIRA,CE,% da DC sobre a RCL AJUSTADA,41.1,False
2024,3,RGF-Municipio,2301950,BARREIRA,CE,% da DCL sobre a RCL AJUSTADA,43.15,False
2024,3,RGF-Municipio,2304202,CRATO,CE,DÍVIDA CONSOLIDADA,65948171.86,False
2024,3,RGF-Municipio,2304202,CRATO,CE,Disponibilidade de Caixa,49177700.94,False
2024,3,RGF-Municipio,2304202,CRATO,CE,Disponibilidade de Caixa Bruta,68447527.52,False
2024,3,RGF-Municipio,2304202,CRATO,CE,RECEITA CORRENTE LÍQUIDA,556889881.37,False
2024,3,RGF-Municipio,2304202,CRATO,CE,RECEITA CORRENTE LÍQUIDA AJUSTADA,550079144.37,False
2024,3,RGF-Municipio,2304202,CRATO,CE,% da DC sobre a RCL AJUSTADA,11.99,False
2024,3,RGF-Municipio,2304202,CRATO,CE,% da DCL sobre a RCL AJUSTADA,3.05,False
2024,3,RGF-Municipio,2305506,IGUATU,CE,DÍVIDA CONSOLIDADA,127784607.46,False
2024,3,RGF-Municipio,2305506,IGUATU,CE,Disponibilidade de Caixa,-52502204.22,False
2024,3,RGF-Municipio,2305506,IGUATU,CE,Disponibilidade de Caixa Bruta,44690193.56,False
2024,3,RGF-Municipio,2305506,IGUATU,CE,RECEITA CORRENTE LÍQUIDA,469515863.19,False
2024,3,RGF-Municipio,2305506,IGUATU,CE,RECEITA CORRENTE LÍQUIDA AJUSTADA,469515577.54,False
2024,3,RGF-Municipio,2305506,IGUATU,CE,% da DC sobre a RCL AJUSTADA,27.22,False
2024,3,RGF-Municipio,2305506,IGUATU,CE,% da DCL sobre a RCL AJUSTADA,38.4,False
2024,3,RGF-Municipio,2307650,MARACANAU,CE,DÍVIDA CONSOLIDADA,557676307.72,False
2024,3,RGF-Municipio,2307650,MARACANAU,CE,Precatórios (inclusive) Vencidos e Não Pagos,130000.4,False
2024,3,RGF-Municipio,2307650,MARACANAU,CE,Disponibilidade de Caixa,173668388.57,False
2024,3,RGF-Municipio,2307650,MARACANAU,CE,Disponibilidade de Caixa Bruta,263659606.14,False
2024,3,RGF-Municipio,2307650,MARACANAU,CE,RECEITA CORRENTE LÍQUIDA,1291248928.75,False
2024,3,RGF-Municipio,2307650,MARACANAU,CE,RECEITA CORRENTE LÍQUIDA AJUSTADA,1283323087.75,False
2024,3,RGF-Municipio,2307650,MARACANAU,CE,% da DC sobre a RCL AJUSTADA,43.46,False
2024,3,RGF-Municipio,2307650,MARACANAU,CE,% da DCL sobre a RCL AJUSTADA,27.7,False
2024,3,RGF-Municipio,2307650,MARACANAU,CE,Precatórios (Não incluídos na DC),372260.99,False
2024,3,RGF-Municipio,2309904,PACUJA,CE,DÍVIDA CONSOLIDADA,15883291.13,False
2024,3,RGF-Municipio,2309904,PACUJA,CE,Disponibilidade de Caixa,-3196957.18,False
2024,3,RGF-Municipio,2309904,PACUJA,CE,Disponibilidade de Caixa Bruta,2876333.2,False
2024,3,RGF-Municipio,2309904,PACUJA,CE,RECEITA CORRENTE LÍQUIDA,49725106.23,False
2024,3,RGF-Municipio,2309904,PACUJA,CE,RECEITA CORRENTE LÍQUIDA AJUSTADA,49475106.23,False
2024,3,RGF-Municipio,2309904,PACUJA,CE,% da DC sobre a RCL AJUSTADA,32.1,False
2024,3,RGF-Municipio,2309904,PACUJA,CE,% da DCL sobre a RCL AJUSTADA,38.57,False
2024,3,RGF-Municipio,2309904,PACUJA,CE,Precatórios (Não incluídos na DC),37488.71,False
2024,3,RGF-Municipio,2311959,SALITRE,CE,DÍVIDA CONSOLIDADA,27570022.43,False
2024,3,RGF-Municipio,2311959,SALITRE,CE,Disponibilidade de Caixa,-7706597.35,False
2024,3,RGF-Municipio,2311959,SALITRE,CE,Disponibilidade de Caixa Bruta,2440380.32,False
2024,3,RGF-Municipio,2311959,SALITRE,CE,RECEITA CORRENTE LÍQUIDA,97130432.19,False
2024,3,RGF-Municipio,2311959,SALITRE,CE,RECEITA CORRENTE LÍQUIDA AJUSTADA,97130432.19,False
2024,3,RGF-Municipio,2311959,SALITRE,CE,% da DC sobre a RCL AJUSTADA,28.38,False
2024,3,RGF-Municipio,2311959,SALITRE,CE,% da DCL sobre a RCL AJUSTADA,36.32,False
2024,3,RGF-Municipio,2314003,VARZEA ALEGRE,CE,DÍVIDA CONSOLIDADA,56127132.8,False
2024,3,RGF-Municipio,2314003,VARZEA ALEGRE,CE,Disponibilidade de Caixa,12158182.56,False
2024,3,RGF-Municipio,2314003,VARZEA ALEGRE,CE,Disponibilidade de Caixa Bruta,18074338.88,False
2024,3,RGF-Municipio,2314003,VARZEA ALEGRE,CE,RECEITA CORRENTE LÍQUIDA,180183236.16,False
2024,3,RGF-Municipio,2314003,VARZEA ALEGRE,CE,RECEITA CORRENTE LÍQUIDA AJUSTADA,174877578.16,False
2024,3,RGF-Municipio,2314003,VARZEA ALEGRE,CE,% da DC sobre a RCL AJUSTADA,32.1,False
2024,3,RGF-Municipio,2314003,VARZEA ALEGRE,CE,% da DCL sobre a RCL AJUSTADA,25.14,False
2024,3,RGF-Municipio,2302008,BARRO,CE,DÍVIDA CONSOLIDADA,42407845.23,False
2024,3,RGF-Municipio,2302008,BARRO,CE,Disponibilidade de Caixa,-5531954.3,False
2024,3,RGF-Municipio,2302008,BARRO,CE,Disponibilidade de Caixa Bruta,2542693.71,False
2024,3,RGF-Municipio,2302008,BARRO,CE,RECEITA CORRENTE LÍQUIDA,87530398.59,False
2024,3,RGF-Municipio,2302008,BARRO,CE,RECEITA CORRENTE LÍQUIDA AJUSTADA,85966333.4,False
2024,3,RGF-Municipio,2302008,BARRO,CE,% da DC sobre a RCL AJUSTADA,49.33,False
2024,3,RGF-Municipio,2302008,BARRO,CE,% da DCL sobre a RCL AJUSTADA,55.77,False
2024,3,RGF-Municipio,2302008,BARRO,CE,Precatórios (Não incluídos na DC),5708.86,False
2024,3,RGF-Municipio,2304236,CROATA,CE,DÍVIDA CONSOLIDADA,14821718.91,False
2024,3,RGF-Municipio,2304236,CROATA,CE,Disponibilidade de Caixa,14441699.95,False
2024,3,RGF-Municipio,2304236,CROATA,CE,Disponibilidade de Caixa Bruta,14441699.95,False
2024,3,RGF-Municipio,2304236,CROATA,CE,RECEITA CORRENTE LÍQUIDA,121522330.88,False
2024,3,RGF-Municipio,2304236,CROATA,CE,RECEITA CORRENTE LÍQUIDA AJUSTADA,121122330.88,False
2024,3,RGF-Municipio,2304236,CROATA,CE,% da DC sobre a RCL AJUSTADA,12.24,False
2024,3,RGF-Municipio,2304236,CROATA,CE,% da DCL sobre a RCL AJUSTADA,0.31,False
2024,3,RGF-Municipio,2305605,INDEPENDENCIA,CE,Disponibilidade de Caixa,5140055.02,False
2024,3,RGF-Municipio,2305605,INDEPENDENCIA,CE,Disponibilidade de Caixa Bruta,8691787.82,False
2024,3,RGF-Municipio,2305605,INDEPENDENCIA,CE,RECEITA CORRENTE LÍQUIDA,102239304.54,False
2024,3,RGF-Municipio,2305605,INDEPENDENCIA,CE,RECEITA CORRENTE LÍQUIDA AJUSTADA,101889304.54,False
2024,3,RGF-Municipio,2305605,INDEPENDENCIA,CE,% da DCL sobre a RCL AJUSTADA,-5.04,False
2024,3,RGF-Municipio,2307700,MARANGUAPE,CE,DÍVIDA CONSOLIDADA,34563015.91,False
2024,3,RGF-Municipio,2307700,MARANGUAPE,CE,Disponibilidade de Caixa,25770864.3,False
2024,3,RGF-Municipio,2307700,MARANGUAPE,CE,Disponibilidade de Caixa Bruta,56667055.71,False
2024,3,RGF-Municipio,2307700,MARANGUAPE,CE,RECEITA CORRENTE LÍQUIDA,427715593.65,False
2024,3,RGF-Municipio,2307700,MARANGUAPE,CE,RECEITA CORRENTE LÍQUIDA AJUSTADA,420016544.65,False
2024,3,RGF-Municipio,2307700,MARANGUAPE,CE,% da DC sobre a RCL AJUSTADA,8.23,False
2024,3,RGF-Municipio,2307700,MARANGUAPE,CE,% da DCL sobre a RCL AJUSTADA,2.09,False
2024,3,RGF-Municipio,2310001,PALHANO,CE,DÍVIDA CONSOLIDADA,17359353.62,False
2024,3,RGF-Municipio,2310001,PALHANO,CE,Disponibilidade de Caixa,-6826319.54,False
2024,3,RGF-Municipio,2310001,PALHANO,CE,Disponibilidade de Caixa Bruta,2438343.14,False
2024,3,RGF-Municipio,2310001,PALHANO,CE,RECEITA CORRENTE LÍQUIDA,46313034.34,False
2024,3,RGF-Municipio,2310001,PALHANO,CE,RECEITA CORRENTE LÍQUIDA AJUSTADA,44102506.34,False
2024,3,RGF-Municipio,2310001,PALHANO,CE,% da DC sobre a RCL AJUSTADA,39.36,False
2024,3,RGF-Municipio,2310001,PALHANO,CE,% da DCL sobre a RCL AJUSTADA,54.84,False
2024,3,RGF-Municipio,2312205,SANTA QUITERIA,CE,DÍVIDA CONSOLIDADA,102267846.87,False
2024,3,RGF-Municipio,2312205,SANTA QUITERIA,CE,Disponibilidade de Caixa,-11978650.03,False
2024,3,RGF-Municipio,2312205,SANTA QUITERIA,CE,Disponibilidade de Caixa Bruta,7532050.46,False
2024,3,RGF-Municipio,2312205,SANTA QUITERIA,CE,RECEITA CORRENTE LÍQUIDA,184302462.35,False
2024,3,RGF-Municipio,2312205,SANTA QUITERIA,CE,RECEITA CORRENTE LÍQUIDA AJUSTADA,183908160.35,False
2024,3,RGF-Municipio,2312205,SANTA QUITERIA,CE,% da DC sobre a RCL AJUSTADA,55.61,False
2024,3,RGF-Municipio,2312205,SANTA QUITERIA,CE,% da DCL sobre a RCL AJUSTADA,62.12,False
2024,3,RGF-Municipio,2314102,VICOSA DO CEARA,CE,DÍVIDA CONSOLIDADA,9302484.26,False
2024,3,RGF-Municipio,2314102,VICOSA DO CEARA,CE,Disponibilidade de Caixa,26811670.67,False
2024,3,RGF-Municipio,2314102,VICOSA DO CEARA,CE,Disponibilidade de Caixa Bruta,52346979.4,False
2024,3,RGF-Municipio,2314102,VICOSA DO CEARA,CE,RECEITA CORRENTE LÍQUIDA,276121716.74,False
2024,3,RGF-Municipio,2314102,VICOSA DO CEARA,CE,RECEITA CORRENTE LÍQUIDA AJUSTADA,276121716.74,False
2024,3,RGF-Municipio,2314102,VICOSA DO CEARA,CE,% da DC sobre a RCL AJUSTADA,3.37,False
2024,3,RGF-Municipio,2314102,VICOSA DO CEARA,CE,% da DCL sobre a RCL AJUSTADA,-6.37,False
2024,3,RGF-Municipio,2302057,BARROQUINHA,CE,DÍVIDA CONSOLIDADA,12381401.72,False
2024,3,RGF-Municipio,2302057,BARROQUINHA,CE,Disponibilidade de Caixa,1219585.24,False
2024,3,RGF-Municipio,2302057,BARROQUINHA,CE,Disponibilidade de Caixa Bruta,8545615.83,False
2024,3,RGF-Municipio,2302057,BARROQUINHA,CE,RECEITA CORRENTE LÍQUIDA,84646736.72,False
2024,3,RGF-Municipio,2302057,BARROQUINHA,CE,RECEITA CORRENTE LÍQUIDA AJUSTADA,83896736.72,False
2024,3,RGF-Municipio,2302057,BARROQUINHA,CE,% da DC sobre a RCL AJUSTADA,14.76,False
2024,3,RGF-Municipio,2302057,BARROQUINHA,CE,% da DCL sobre a RCL AJUSTADA,13.3,False
2024,3,RGF-Municipio,2304251,CRUZ,CE,DÍVIDA CONSOLIDADA,15044680.75,False
2024,3,RGF-Municipio,2304251,CRUZ,CE,Precatórios (inclusive) Vencidos e Não Pagos,0.0,False
2024,3,RGF-Municipio,2304251,CRUZ,CE,Disponibilidade de Caixa,26841507.83,False
2024,3,RGF-Municipio,2304251,CRUZ,CE,Disponibilidade de Caixa Bruta,34223513.13,False
2024,3,RGF-Municipio,2304251,CRUZ,CE,RECEITA CORRENTE LÍQUIDA,172953939.46,False
2024,3,RGF-Municipio,2304251,CRUZ,CE,RECEITA CORRENTE LÍQUIDA AJUSTADA,170253939.46,False
2024,3,RGF-Municipio,2304251,CRUZ,CE,% da DC sobre a RCL AJUSTADA,8.84,False
2024,3,RGF-Municipio,2304251,CRUZ,CE,% da DCL sobre a RCL AJUSTADA,-6.93,False
2024,3,RGF-Municipio,2304251,CRUZ,CE,Precatórios (Não incluídos na DC),0.0,False
2024,3,RGF-Municipio,2305654,IPAPORANGA,CE,DÍVIDA CONSOLIDADA,268217.42,False
2024,3,RGF-Municipio,2305654,IPAPORANGA,CE,Disponibilidade de Caixa,-6553722.47,False
2024,3,RGF-Municipio,2305654,IPAPORANGA,CE,RECEITA CORRENTE LÍQUIDA,78531423.02,False
2024,3,RGF-Municipio,2305654,IPAPORANGA,CE,RECEITA CORRENTE LÍQUIDA AJUSTADA,78528000.61,False
2024,3,RGF-Municipio,2305654,IPAPORANGA,CE,% da DC sobre a RCL AJUSTADA,0.34,False
2024,3,RGF-Municipio,2305654,IPAPORANGA,CE,% da DCL sobre a RCL AJUSTADA,8.69,False
2024,3,RGF-Municipio,2305654,IPAPORANGA,CE,Precatórios (Não incluídos na DC),1000.0,False
2024,3,RGF-Municipio,2307809,MARCO,CE,DÍVIDA CONSOLIDADA,5124695.62,False
2024,3,RGF-Municipio,2307809,MARCO,CE,Disponibilidade de Caixa,2104952.28,False
2024,3,RGF-Municipio,2307809,MARCO,CE,Disponibilidade de Caixa Bruta,22414607.19,False
2024,3,RGF-Municipio,2307809,MARCO,CE,RECEITA CORRENTE LÍQUIDA,146212925.88,False
2024,3,RGF-Municipio,2307809,MARCO,CE,RECEITA CORRENTE LÍQUIDA AJUSTADA,144135525.88,False
2024,3,RGF-Municipio,2307809,MARCO,CE,% da DC sobre a RCL AJUSTADA,3.56,False
2024,3,RGF-Municipio,2307809,MARCO,CE,% da DCL sobre a RCL AJUSTADA,2.1,False
2024,3,RGF-Municipio,2310100,PALMACIA,CE,DÍVIDA CONSOLIDADA,28643000.7,False
2024,3,RGF-Municipio,2310100,PALMACIA,CE,Disponibilidade de Caixa,-3000741.03,False
2024,3,RGF-Municipio,2310100,PALMACIA,CE,Disponibilidade de Caixa Bruta,3003930.78,False
2024,3,RGF-Municipio,2310100,PALMACIA,CE,RECEITA CORRENTE LÍQUIDA,59160654.8,False
2024,3,RGF-Municipio,2310100,PALMACIA,CE,RECEITA CORRENTE LÍQUIDA AJUSTADA,57760654.8,False
2024,3,RGF-Municipio,2310100,PALMACIA,CE,% da DC sobre a RCL AJUSTADA,49.59,False
2024,3,RGF-Municipio,2310100,PALMACIA,CE,% da DCL sobre a RCL AJUSTADA,54.78,False
2024,3,RGF-Municipio,2312007,SANTANA DO ACARAU,CE,DÍVIDA CONSOLIDADA,44381414.77,False
2024,3,RGF-Municipio,2312007,SANTANA DO ACARAU,CE,Disponibilidade de Caixa,4884820.28,False
2024,3,RGF-Municipio,2312007,SANTANA DO ACARAU,CE,Disponibilidade de Caixa Bruta,14836878.26,False
2024,3,RGF-Municipio,2312007,SANTANA DO ACARAU,CE,RECEITA CORRENTE LÍQUIDA,124904976.72,False
2024,3,RGF-Municipio,2312007,SANTANA DO ACARAU,CE,RECEITA CORRENTE LÍQUIDA AJUSTADA,123286665.72,False
2024,3,RGF-Municipio,2312007,SANTANA DO ACARAU,CE,% da DC sobre a RCL AJUSTADA,36.0,False
2024,3,RGF-Municipio,2312007,SANTANA DO ACARAU,CE,% da DCL sobre a RCL AJUSTADA,31.98,False
2024,3,RGF-Municipio,2304269,DEPUTADO IRAPUAN PINHEIRO,CE,DÍVIDA CONSOLIDADA,9619275.11,False
2024,3,RGF-Municipio,2304269,DEPUTADO IRAPUAN PINHEIRO,CE,Disponibilidade de Caixa,8892994.79,False
2024,3,RGF-Municipio,2304269,DEPUTADO IRAPUAN PINHEIRO,CE,Disponibilidade de Caixa Bruta,12957809.81,False
2024,3,RGF-Municipio,2304269,DEPUTADO IRAPUAN PINHEIRO,CE,RECEITA CORRENTE LÍQUIDA,67965503.99,False
2024,3,RGF-Municipio,2304269,DEPUTADO IRAPUAN PINHEIRO,CE,RECEITA CORRENTE LÍQUIDA AJUSTADA,65980119.99,False
2024,3,RGF-Municipio,2304269,DEPUTADO IRAPUAN PINHEIRO,CE,% da DC sobre a RCL AJUSTADA,14.58,False
2024,3,RGF-Municipio,2304269,DEPUTADO IRAPUAN PINHEIRO,CE,% da DCL sobre a RCL AJUSTADA,1.1,False
2024,3,RGF-Municipio,2305704,IPAUMIRIM,CE,DÍVIDA CONSOLIDADA,7871363.29,False
2024,3,RGF-Municipio,2305704,IPAUMIRIM,CE,Disponibilidade de Caixa,3704850.01,False
2024,3,RGF-Municipio,2305704,IPAUMIRIM,CE,Disponibilidade de Caixa Bruta,5417511.53,False
2024,3,RGF-Municipio,2305704,IPAUMIRIM,CE,RECEITA CORRENTE LÍQUIDA,65939865.84,False
2024,3,RGF-Municipio,2305704,IPAUMIRIM,CE,RECEITA CORRENTE LÍQUIDA AJUSTADA,63568888.29,False
2024,3,RGF-Municipio,2305704,IPAUMIRIM,CE,% da DC sobre a RCL AJUSTADA,12.38,False
2024,3,RGF-Municipio,2305704,IPAUMIRIM,CE,% da DCL sobre a RCL AJUSTADA,6.55,False
2024,3,RGF-Municipio,2305704,IPAUMIRIM,CE,Precatórios (Não incluídos na DC),5205883.73,False
2024,3,RGF-Municipio,2307908,MARTINOPOLE,CE,DÍVIDA CONSOLIDADA,9168661.38,False
2024,3,RGF-Municipio,2307908,MARTINOPOLE,CE,Disponibilidade de Caixa,-466649.11,False
2024,3,RGF-Municipio,2307908,MARTINOPOLE,CE,Disponibilidade de Caixa Bruta,4268200.79,False
2024,3,RGF-Municipio,2307908,MARTINOPOLE,CE,RECEITA CORRENTE LÍQUIDA,71867317.14,False
2024,3,RGF-Municipio,2307908,MARTINOPOLE,CE,RECEITA CORRENTE LÍQUIDA AJUSTADA,71867317.14,False
2024,3,RGF-Municipio,2307908,MARTINOPOLE,CE,% da DC sobre a RCL AJUSTADA,12.76,False
2024,3,RGF-Municipio,2307908,MARTINOPOLE,CE,% da DCL sobre a RCL AJUSTADA,13.41,False
2024,3,RGF-Municipio,2310209,PARACURU,CE,DÍVIDA CONSOLIDADA,69592546.22,False
2024,3,RGF-Municipio,2310209,PARACURU,CE,Precatórios (inclusive) Vencidos e Não Pagos,187225.58,False
2024,3,RGF-Municipio,2310209,PARACURU,CE,Disponibilidade de Caixa,-26847457.65,False
2024,3,RGF-Municipio,2310209,PARACURU,CE,Disponibilidade de Caixa Bruta,6610842.41,False
2024,3,RGF-Municipio,2310209,PARACURU,CE,RECEITA CORRENTE LÍQUIDA,186512123.02,False
2024,3,RGF-Municipio,2310209,PARACURU,CE,RECEITA CORRENTE LÍQUIDA AJUSTADA,185562123.02,False
2024,3,RGF-Municipio,2310209,PARACURU,CE,% da DC sobre a RCL AJUSTADA,37.5,False
2024,3,RGF-Municipio,2310209,PARACURU,CE,% da DCL sobre a RCL AJUSTADA,51.97,False
2024,3,RGF-Municipio,2310209,PARACURU,CE,Precatórios (Não incluídos na DC),77763.58,False
2024,3,RGF-Municipio,2312106,SANTANA DO CARIRI,CE,DÍVIDA CONSOLIDADA,25451938.88,False
2024,3,RGF-Municipio,2312106,SANTANA DO CARIRI,CE,Disponibilidade de Caixa,26030805.41,False
2024,3,RGF-Municipio,2312106,SANTANA DO CARIRI,CE,Disponibilidade de Caixa Bruta,45622361.15,False
2024,3,RGF-Municipio,2312106,SANTANA DO CARIRI,CE,RECEITA CORRENTE LÍQUIDA,85150234.19,False
2024,3,RGF-Municipio,2312106,SANTANA DO CARIRI,CE,RECEITA CORRENTE LÍQUIDA AJUSTADA,85150234.19,False
2024,3,RGF-Municipio,2312106,SANTANA DO CARIRI,CE,% da DC sobre a RCL AJUSTADA,29.89,False
2024,3,RGF-Municipio,2312106,SANTANA DO CARIRI,CE,% da DCL sobre a RCL AJUSTADA,-0.68,False
2024,3,RGF-Municipio,2302206,BEBERIBE,CE,DÍVIDA CONSOLIDADA,33359367.5,False
2024,3,RGF-Municipio,2302206,BEBERIBE,CE,Disponibilidade de Caixa,7994285.55,False
2024,3,RGF-Municipio,2302206,BEBERIBE,CE,Disponibilidade de Caixa Bruta,30166048.04,False
2024,3,RGF-Municipio,2302206,BEBERIBE,CE,RECEITA CORRENTE LÍQUIDA,248517769.5,False
2024,3,RGF-Municipio,2302206,BEBERIBE,CE,RECEITA CORRENTE LÍQUIDA AJUSTADA,246258986.5,False
2024,3,RGF-Municipio,2302206,BEBERIBE,CE,% da DC sobre a RCL AJUSTADA,13.55,False
2024,3,RGF-Municipio,2302206,BEBERIBE,CE,% da DCL sobre a RCL AJUSTADA,10.3,False
2024,3,RGF-Municipio,2302206,BEBERIBE,CE,Precatórios (Não incluídos na DC),6865405.46,False
2024,3,RGF-Municipio,2304277,ERERE,CE,DÍVIDA CONSOLIDADA,6660512.3,False
2024,3,RGF-Municipio,2304277,ERERE,CE,Disponibilidade de Caixa,2099126.97,False
2024,3,RGF-Municipio,2304277,ERERE,CE,Disponibilidade de Caixa Bruta,4250026.81,False
2024,3,RGF-Municipio,2304277,ERERE,CE,RECEITA CORRENTE LÍQUIDA,44467872.68,False
2024,3,RGF-Municipio,2304277,ERERE,CE,RECEITA CORRENTE LÍQUIDA AJUSTADA,43967872.68,False
2024,3,RGF-Municipio,2304277,ERERE,CE,% da DC sobre a RCL AJUSTADA,15.15,False
2024,3,RGF-Municipio,2304277,ERERE,CE,% da DCL sobre a RCL AJUSTADA,10.37,False
2024,3,RGF-Municipio,2305803,IPU,CE,DÍVIDA CONSOLIDADA,3015998.64,False
2024,3,RGF-Municipio,2305803,IPU,CE,Disponibilidade de Caixa,92463178.01,False
2024,3,RGF-Municipio,2305803,IPU,CE,Disponibilidade de Caixa Bruta,92463178.01,False
2024,3,RGF-Municipio,2305803,IPU,CE,RECEITA CORRENTE LÍQUIDA,224954418.53,False
2024,3,RGF-Municipio,2305803,IPU,CE,RECEITA CORRENTE LÍQUIDA AJUSTADA,224954418.53,False
2024,3,RGF-Municipio,2305803,IPU,CE,% da DC sobre a RCL AJUSTADA,1.34,False
2024,3,RGF-Municipio,2305803,IPU,CE,% da DCL sobre a RCL AJUSTADA,-39.76,False
2024,3,RGF-Municipio,2308005,MASSAPE,CE,DÍVIDA CONSOLIDADA,13559841.83,False
2024,3,RGF-Municipio,2308005,MASSAPE,CE,Disponibilidade de Caixa,-904688.28,False
2024,3,RGF-Municipio,2308005,MASSAPE,CE,Disponibilidade de Caixa Bruta,5603892.35,False
2024,3,RGF-Municipio,2308005,MASSAPE,CE,RECEITA CORRENTE LÍQUIDA,187267066.85,False
2024,3,RGF-Municipio,2308005,MASSAPE,CE,RECEITA CORRENTE LÍQUIDA AJUSTADA,185887066.85,False
2024,3,RGF-Municipio,2308005,MASSAPE,CE,% da DC sobre a RCL AJUSTADA,7.29,False
2024,3,RGF-Municipio,2308005,MASSAPE,CE,% da DCL sobre a RCL AJUSTADA,7.78,False
2024,3,RGF-Municipio,2308005,MASSAPE,CE,Precatórios (Não incluídos na DC),21290.51,False
2024,3,RGF-Municipio,2310258,PARAIPABA,CE,DÍVIDA CONSOLIDADA,23566608.13,False
2024,3,RGF-Municipio,2310258,PARAIPABA,CE,Disponibilidade de Caixa,-3241922.36,False
2024,3,RGF-Municipio,2310258,PARAIPABA,CE,Disponibilidade de Caixa Bruta,13737210.8,False
2024,3,RGF-Municipio,2310258,PARAIPABA,CE,RECEITA CORRENTE LÍQUIDA,172928520.52,False
2024,3,RGF-Municipio,2310258,PARAIPABA,CE,RECEITA CORRENTE LÍQUIDA AJUSTADA,168853520.52,False
2024,3,RGF-Municipio,2310258,PARAIPABA,CE,% da DC sobre a RCL AJUSTADA,13.96,False
2024,3,RGF-Municipio,2310258,PARAIPABA,CE,% da DCL sobre a RCL AJUSTADA,15.88,False
2024,3,RGF-Municipio,2312304,SAO BENEDITO,CE,DÍVIDA CONSOLIDADA,58952179.04,False
2024,3,RGF-Municipio,2312304,SAO BENEDITO,CE,Disponibilidade de Caixa,10925517.18,False
2024,3,RGF-Municipio,2312304,SAO BENEDITO,CE,Disponibilidade de Caixa Bruta,22302363.39,False
2024,3,RGF-Municipio,2312304,SAO BENEDITO,CE,RECEITA CORRENTE LÍQUIDA,214011779.05,False
2024,3,RGF-Municipio,2312304,SAO BENEDITO,CE,RECEITA CORRENTE LÍQUIDA AJUSTADA,207504834.05,False
2024,3,RGF-Municipio,2312304,SAO BENEDITO,CE,% da DC sobre a RCL AJUSTADA,28.41,False
2024,3,RGF-Municipio,2312304,SAO BENEDITO,CE,% da DCL sobre a RCL AJUSTADA,23.14,False
2024,3,RGF-Municipio,2312304,SAO BENEDITO,CE,Precatórios (Não incluídos na DC),48751.17,False
2024,3,RGF-Municipio,2302305,BELA CRUZ,CE,DÍVIDA CONSOLIDADA,66140258.9,False
2024,3,RGF-Municipio,2302305,BELA CRUZ,CE,Disponibilidade de Caixa,-7162070.9,False
2024,3,RGF-Municipio,2302305,BELA CRUZ,CE,Disponibilidade de Caixa Bruta,6460410.54,False
2024,3,RGF-Municipio,2302305,BELA CRUZ,CE,RECEITA CORRENTE LÍQUIDA,130925574.1,False
2024,3,RGF-Municipio,2302305,BELA CRUZ,CE,RECEITA CORRENTE LÍQUIDA AJUSTADA,129425574.1,False
2024,3,RGF-Municipio,2302305,BELA CRUZ,CE,% da DC sobre a RCL AJUSTADA,51.1,False
2024,3,RGF-Municipio,2302305,BELA CRUZ,CE,% da DCL sobre a RCL AJUSTADA,56.64,False
2024,3,RGF-Municipio,2304285,EUSEBIO,CE,DÍVIDA CONSOLIDADA,87514345.19,False
2024,3,RGF-Municipio,2304285,EUSEBIO,CE,Disponibilidade de Caixa,238034016.19,False
2024,3,RGF-Municipio,2304285,EUSEBIO,CE,Disponibilidade de Caixa Bruta,321575441.14,False
2024,3,RGF-Municipio,2304285,EUSEBIO,CE,RECEITA CORRENTE LÍQUIDA,624430910.29,False
2024,3,RGF-Municipio,2304285,EUSEBIO,CE,RECEITA CORRENTE LÍQUIDA AJUSTADA,624430910.29,False
2024,3,RGF-Municipio,2304285,EUSEBIO,CE,% da DC sobre a RCL AJUSTADA,14.02,False
2024,3,RGF-Municipio,2304285,EUSEBIO,CE,% da DCL sobre a RCL AJUSTADA,-24.11,False
2024,3,RGF-Municipio,2305902,IPUEIRAS,CE,DÍVIDA CONSOLIDADA,20364834.88,False
2024,3,RGF-Municipio,2305902,IPUEIRAS,CE,Disponibilidade de Caixa,4548672.47,False
2024,3,RGF-Municipio,2305902,IPUEIRAS,CE,Disponibilidade de Caixa Bruta,11254562.62,False
2024,3,RGF-Municipio,2305902,IPUEIRAS,CE,RECEITA CORRENTE LÍQUIDA,177981967.47,False
2024,3,RGF-Municipio,2305902,IPUEIRAS,CE,RECEITA CORRENTE LÍQUIDA AJUSTADA,177981967.47,False
2024,3,RGF-Municipio,2305902,IPUEIRAS,CE,% da DC sobre a RCL AJUSTADA,11.44,False
2024,3,RGF-Municipio,2305902,IPUEIRAS,CE,% da DCL sobre a RCL AJUSTADA,8.82,False
2024,3,RGF-Municipio,2308104,MAURITI,CE,DÍVIDA CONSOLIDADA,36881887.28,False
2024,3,RGF-Municipio,2308104,MAURITI,CE,Disponibilidade de Caixa,4831748.01,False
2024,3,RGF-Municipio,2308104,MAURITI,CE,Disponibilidade de Caixa Bruta,14489076.88,False
2024,3,RGF-Municipio,2308104,MAURITI,CE,RECEITA CORRENTE LÍQUIDA,223557228.28,False
2024,3,RGF-Municipio,2308104,MAURITI,CE,RECEITA CORRENTE LÍQUIDA AJUSTADA,220487228.28,False
2024,3,RGF-Municipio,2308104,MAURITI,CE,% da DC sobre a RCL AJUSTADA,16.73,False
2024,3,RGF-Municipio,2308104,MAURITI,CE,% da DCL sobre a RCL AJUSTADA,14.54,False
2024,3,RGF-Municipio,2312403,SAO GONCALO DO AMARANTE,CE,DÍVIDA CONSOLIDADA,163250053.92,False
2024,3,RGF-Municipio,2312403,SAO GONCALO DO AMARANTE,CE,Disponibilidade de Caixa,35147411.21,False
2024,3,RGF-Municipio,2312403,SAO GONCALO DO AMARANTE,CE,Disponibilidade de Caixa Bruta,39928899.97,False
2024,3,RGF-Municipio,2312403,SAO GONCALO DO AMARANTE,CE,RECEITA CORRENTE LÍQUIDA,617815543.84,False
2024,3,RGF-Municipio,2312403,SAO GONCALO DO AMARANTE,CE,RECEITA CORRENTE LÍQUIDA AJUSTADA,615519483.84,False
2024,3,RGF-Municipio,2312403,SAO GONCALO DO AMARANTE,CE,% da DC sobre a RCL AJUSTADA,26.52,False
2024,3,RGF-Municipio,2312403,SAO GONCALO DO AMARANTE,CE,% da DCL sobre a RCL AJUSTADA,20.81,False
2024,3,RGF-Municipio,2312403,SAO GONCALO DO AMARANTE,CE,Precatórios (Não incluídos na DC),7030.43,False
2024,3,RGF-Municipio,2302404,BOA VIAGEM,CE,DÍVIDA CONSOLIDADA,44651999.99,False
2024,3,RGF-Municipio,2302404,BOA VIAGEM,CE,Disponibilidade de Caixa,10978779.15,False
2024,3,RGF-Municipio,2302404,BOA VIAGEM,CE,Disponibilidade de Caixa Bruta,34702213.79,False
2024,3,RGF-Municipio,2302404,BOA VIAGEM,CE,RECEITA CORRENTE LÍQUIDA,259491896.6,False
2024,3,RGF-Municipio,2302404,BOA VIAGEM,CE,RECEITA CORRENTE LÍQUIDA AJUSTADA,249062291.6,False
2024,3,RGF-Municipio,2302404,BOA VIAGEM,CE,% da DC sobre a RCL AJUSTADA,17.93,False
2024,3,RGF-Municipio,2302404,BOA VIAGEM,CE,% da DCL sobre a RCL AJUSTADA,13.52,False
2024,3,RGF-Municipio,2302404,BOA VIAGEM,CE,Precatórios (Não incluídos na DC),388535.5,False
2024,3,RGF-Municipio,2304301,FARIAS BRITO,CE,DÍVIDA CONSOLIDADA,6476888.4,False
2024,3,RGF-Municipio,2304301,FARIAS BRITO,CE,Disponibilidade de Caixa,13500215.92,False
2024,3,RGF-Municipio,2304301,FARIAS BRITO,CE,Disponibilidade de Caixa Bruta,16529972.07,False
2024,3,RGF-Municipio,2304301,FARIAS BRITO,CE,RECEITA CORRENTE LÍQUIDA,98581975.57,False
2024,3,RGF-Municipio,2304301,FARIAS BRITO,CE,RECEITA CORRENTE LÍQUIDA AJUSTADA,97081975.57,False
2024,3,RGF-Municipio,2304301,FARIAS BRITO,CE,% da DC sobre a RCL AJUSTADA,6.67,False
2024,3,RGF-Municipio,2304301,FARIAS BRITO,CE,% da DCL sobre a RCL AJUSTADA,-7.23,False
2024,3,RGF-Municipio,2306009,IRACEMA,CE,DÍVIDA CONSOLIDADA,25424616.48,False
2024,3,RGF-Municipio,2306009,IRACEMA,CE,Precatórios (inclusive) Vencidos e Não Pagos,208760.81,False
2024,3,RGF-Municipio,2306009,IRACEMA,CE,Disponibilidade de Caixa,-4616344.32,False
2024,3,RGF-Municipio,2306009,IRACEMA,CE,Disponibilidade de Caixa Bruta,6461136.68,False
2024,3,RGF-Municipio,2306009,IRACEMA,CE,RECEITA CORRENTE LÍQUIDA,81736358.85,False
2024,3,RGF-Municipio,2306009,IRACEMA,CE,RECEITA CORRENTE LÍQUIDA AJUSTADA,79536358.85,False
2024,3,RGF-Municipio,2306009,IRACEMA,CE,% da DC sobre a RCL AJUSTADA,31.97,False
2024,3,RGF-Municipio,2306009,IRACEMA,CE,% da DCL sobre a RCL AJUSTADA,37.68,False
2024,3,RGF-Municipio,2308203,MERUOCA,CE,DÍVIDA CONSOLIDADA,11874861.22,False
2024,3,RGF-Municipio,2308203,MERUOCA,CE,Disponibilidade de Caixa,-3400664.22,False
2024,3,RGF-Municipio,2308203,MERUOCA,CE,Disponibilidade de Caixa Bruta,10103603.62,False
2024,3,RGF-Municipio,2308203,MERUOCA,CE,RECEITA CORRENTE LÍQUIDA,99116183.59,False
2024,3,RGF-Municipio,2308203,MERUOCA,CE,RECEITA CORRENTE LÍQUIDA AJUSTADA,96443101.59,False
2024,3,RGF-Municipio,2308203,MERUOCA,CE,% da DC sobre a RCL AJUSTADA,12.31,False
2024,3,RGF-Municipio,2308203,MERUOCA,CE,% da DCL sobre a RCL AJUSTADA,15.84,False
2024,3,RGF-Municipio,2310407,PARAMOTI,CE,DÍVIDA CONSOLIDADA,13846687.34,False
2024,3,RGF-Municipio,2310407,PARAMOTI,CE,Disponibilidade de Caixa,2651803.0,False
2024,3,RGF-Municipio,2310407,PARAMOTI,CE,Disponibilidade de Caixa Bruta,9766689.28,False
2024,3,RGF-Municipio,2310407,PARAMOTI,CE,RECEITA CORRENTE LÍQUIDA,65650338.6,False
2024,3,RGF-Municipio,2310407,PARAMOTI,CE,RECEITA CORRENTE LÍQUIDA AJUSTADA,64650338.6,False
2024,3,RGF-Municipio,2310407,PARAMOTI,CE,% da DC sobre a RCL AJUSTADA,21.42,False
2024,3,RGF-Municipio,2310407,PARAMOTI,CE,% da DCL sobre a RCL AJUSTADA,17.32,False
2024,3,RGF-Municipio,2312502,SAO JOAO DO JAGUARIBE,CE,DÍVIDA CONSOLIDADA,2321231.46,False
2024,3,RGF-Municipio,2312502,SAO JOAO DO JAGUARIBE,CE,Disponibilidade de Caixa,4016101.79,False
2024,3,RGF-Municipio,2312502,SAO JOAO DO JAGUARIBE,CE,Disponibilidade de Caixa Bruta,7441835.94,False
2024,3,RGF-Municipio,2312502,SAO JOAO DO JAGUARIBE,CE,RECEITA CORRENTE LÍQUIDA,38690784.07,False
2024,3,RGF-Municipio,2312502,SAO JOAO DO JAGUARIBE,CE,RECEITA CORRENTE LÍQUIDA AJUSTADA,38440784.07,False
2024,3,RGF-Municipio,2312502,SAO JOAO DO JAGUARIBE,CE,% da DC sobre a RCL AJUSTADA,6.04,False
2024,3,RGF-Municipio,2312502,SAO JOAO DO JAGUARIBE,CE,% da DCL sobre a RCL AJUSTADA,-4.41,False
2024,3,RGF-Municipio,2302503,BREJO SANTO,CE,DÍVIDA CONSOLIDADA,7631140.95,False
2024,3,RGF-Municipio,2302503,BREJO SANTO,CE,Disponibilidade de Caixa,32281844.27,False
2024,3,RGF-Municipio,2302503,BREJO SANTO,CE,Disponibilidade de Caixa Bruta,64834056.48,False
2024,3,RGF-Municipio,2302503,BREJO SANTO,CE,RECEITA CORRENTE LÍQUIDA,306004773.16,False
2024,3,RGF-Municipio,2302503,BREJO SANTO,CE,RECEITA CORRENTE LÍQUIDA AJUSTADA,302264273.16,False
2024,3,RGF-Municipio,2302503,BREJO SANTO,CE,% da DC sobre a RCL AJUSTADA,2.52,False
2024,3,RGF-Municipio,2302503,BREJO SANTO,CE,% da DCL sobre a RCL AJUSTADA,-8.16,False
2024,3,RGF-Municipio,2304350,FORQUILHA,CE,DÍVIDA CONSOLIDADA,22010293.79,False
2024,3,RGF-Municipio,2304350,FORQUILHA,CE,Disponibilidade de Caixa,-2245467.29,False
2024,3,RGF-Municipio,2304350,FORQUILHA,CE,Disponibilidade de Caixa Bruta,10884175.26,False
2024,3,RGF-Municipio,2304350,FORQUILHA,CE,RECEITA CORRENTE LÍQUIDA,128515416.77,False
2024,3,RGF-Municipio,2304350,FORQUILHA,CE,RECEITA CORRENTE LÍQUIDA AJUSTADA,126740416.77,False
2024,3,RGF-Municipio,2304350,FORQUILHA,CE,% da DC sobre a RCL AJUSTADA,17.37,False
2024,3,RGF-Municipio,2304350,FORQUILHA,CE,% da DCL sobre a RCL AJUSTADA,19.14,False
2024,3,RGF-Municipio,2304350,FORQUILHA,CE,Precatórios (Não incluídos na DC),982940.61,False
2024,3,RGF-Municipio,2306108,IRAUCUBA,CE,DÍVIDA CONSOLIDADA,17983597.5,False
2024,3,RGF-Municipio,2306108,IRAUCUBA,CE,Disponibilidade de Caixa,9965824.95,False
2024,3,RGF-Municipio,2306108,IRAUCUBA,CE,Disponibilidade de Caixa Bruta,18418188.06,False
2024,3,RGF-Municipio,2306108,IRAUCUBA,CE,RECEITA CORRENTE LÍQUIDA,136524884.07,False
2024,3,RGF-Municipio,2306108,IRAUCUBA,CE,RECEITA CORRENTE LÍQUIDA AJUSTADA,134249884.07,False
2024,3,RGF-Municipio,2306108,IRAUCUBA,CE,% da DC sobre a RCL AJUSTADA,13.4,False
2024,3,RGF-Municipio,2306108,IRAUCUBA,CE,% da DCL sobre a RCL AJUSTADA,5.94,False
2024,3,RGF-Municipio,2308302,MILAGRES,CE,DÍVIDA CONSOLIDADA,7613064.95,False
2024,3,RGF-Municipio,2308302,MILAGRES,CE,Disponibilidade de Caixa,63544427.85,False
2024,3,RGF-Municipio,2308302,MILAGRES,CE,Disponibilidade de Caixa Bruta,73392758.25,False
2024,3,RGF-Municipio,2308302,MILAGRES,CE,RECEITA CORRENTE LÍQUIDA,145818748.53,False
2024,3,RGF-Municipio,2308302,MILAGRES,CE,RECEITA CORRENTE LÍQUIDA AJUSTADA,145818748.53,False
2024,3,RGF-Municipio,2308302,MILAGRES,CE,% da DC sobre a RCL AJUSTADA,5.22,False
2024,3,RGF-Municipio,2308302,MILAGRES,CE,% da DCL sobre a RCL AJUSTADA,-38.36,False
2024,3,RGF-Municipio,2310506,PEDRA BRANCA,CE,DÍVIDA CONSOLIDADA,63472921.08,False
2024,3,RGF-Municipio,2310506,PEDRA BRANCA,CE,Disponibilidade de Caixa,10951760.12,False
2024,3,RGF-Municipio,2310506,PEDRA BRANCA,CE,Disponibilidade de Caixa Bruta,23249794.19,False
2024,3,RGF-Municipio,2310506,PEDRA BRANCA,CE,RECEITA CORRENTE LÍQUIDA,193843388.5,False
2024,3,RGF-Municipio,2310506,PEDRA BRANCA,CE,RECEITA CORRENTE LÍQUIDA AJUSTADA,190493388.5,False
2024,3,RGF-Municipio,2310506,PEDRA BRANCA,CE,% da DC sobre a RCL AJUSTADA,33.32,False
2024,3,RGF-Municipio,2310506,PEDRA BRANCA,CE,% da DCL sobre a RCL AJUSTADA,27.57,False
2024,3,RGF-Municipio,2312601,SAO LUIS DO CURU,CE,DÍVIDA CONSOLIDADA,11598457.53,False
2024,3,RGF-Municipio,2312601,SAO LUIS DO CURU,CE,Disponibilidade de Caixa,-2229347.89,False
2024,3,RGF-Municipio,2312601,SAO LUIS DO CURU,CE,Disponibilidade de Caixa Bruta,1644147.12,False
2024,3,RGF-Municipio,2312601,SAO LUIS DO CURU,CE,RECEITA CORRENTE LÍQUIDA,54020675.81,False
2024,3,RGF-Municipio,2312601,SAO LUIS DO CURU,CE,RECEITA CORRENTE LÍQUIDA AJUSTADA,53713850.81,False
2024,3,RGF-Municipio,2312601,SAO LUIS DO CURU,CE,% da DC sobre a RCL AJUSTADA,21.59,False
2024,3,RGF-Municipio,2312601,SAO LUIS DO CURU,CE,% da DCL sobre a RCL AJUSTADA,25.74,False
2024,3,RGF-Municipio,2302602,CAMOCIM,CE,DÍVIDA CONSOLIDADA,42720552.31,False
2024,3,RGF-Municipio,2302602,CAMOCIM,CE,Disponibilidade de Caixa,-2230729.46,False
2024,3,RGF-Municipio,2302602,CAMOCIM,CE,Disponibilidade de Caixa Bruta,21761649.74,False
2024,3,RGF-Municipio,2302602,CAMOCIM,CE,RECEITA CORRENTE LÍQUIDA,283494188.42,False
2024,3,RGF-Municipio,2302602,CAMOCIM,CE,RECEITA CORRENTE LÍQUIDA AJUSTADA,277051359.42,False
2024,3,RGF-Municipio,2302602,CAMOCIM,CE,% da DC sobre a RCL AJUSTADA,15.42,False
2024,3,RGF-Municipio,2302602,CAMOCIM,CE,% da DCL sobre a RCL AJUSTADA,16.22,False
2024,3,RGF-Municipio,2304400,FORTALEZA,CE,DÍVIDA CONSOLIDADA,4658074778.19,False
2024,3,RGF-Municipio,2304400,FORTALEZA,CE,Precatórios (inclusive) Vencidos e Não Pagos,172269649.11,False
2024,3,RGF-Municipio,2304400,FORTALEZA,CE,Disponibilidade de Caixa,636685527.23,False
2024,3,RGF-Municipio,2304400,FORTALEZA,CE,Disponibilidade de Caixa Bruta,697047803.72,False
2024,3,RGF-Municipio,2304400,FORTALEZA,CE,RECEITA CORRENTE LÍQUIDA,11438382522.36,False
2024,3,RGF-Municipio,2304400,FORTALEZA,CE,RECEITA CORRENTE LÍQUIDA AJUSTADA,11408948416.36,False
2024,3,RGF-Municipio,2304400,FORTALEZA,CE,% da DC sobre a RCL AJUSTADA,40.83,False
2024,3,RGF-Municipio,2304400,FORTALEZA,CE,% da DCL sobre a RCL AJUSTADA,34.84,False
2024,3,RGF-Municipio,2306207,ITAICABA,CE,DÍVIDA CONSOLIDADA,18191879.52,False
2024,3,RGF-Municipio,2306207,ITAICABA,CE,Disponibilidade de Caixa,365752.45,False
2024,3,RGF-Municipio,2306207,ITAICABA,CE,Disponibilidade de Caixa Bruta,2558111.0,False
2024,3,RGF-Municipio,2306207,ITAICABA,CE,RECEITA CORRENTE LÍQUIDA,42328053.98,False
2024,3,RGF-Municipio,2306207,ITAICABA,CE,RECEITA CORRENTE LÍQUIDA AJUSTADA,41028053.98,False
2024,3,RGF-Municipio,2306207,ITAICABA,CE,% da DC sobre a RCL AJUSTADA,44.34,False
2024,3,RGF-Municipio,2306207,ITAICABA,CE,% da DCL sobre a RCL AJUSTADA,43.32,False
2024,3,RGF-Municipio,2308351,MILHA,CE,DÍVIDA CONSOLIDADA,18088604.44,False
2024,3,RGF-Municipio,2308351,MILHA,CE,Disponibilidade de Caixa,5587231.13,False
2024,3,RGF-Municipio,2308351,MILHA,CE,Disponibilidade de Caixa Bruta,9881924.88,False
2024,3,RGF-Municipio,2308351,MILHA,CE,RECEITA CORRENTE LÍQUIDA,86816779.72,False
2024,3,RGF-Municipio,2308351,MILHA,CE,RECEITA CORRENTE LÍQUIDA AJUSTADA,83509911.72,False
2024,3,RGF-Municipio,2308351,MILHA,CE,% da DC sobre a RCL AJUSTADA,21.66,False
2024,3,RGF-Municipio,2308351,MILHA,CE,% da DCL sobre a RCL AJUSTADA,14.97,False
2024,3,RGF-Municipio,2310605,PENAFORTE,CE,DÍVIDA CONSOLIDADA,19566757.69,False
2024,3,RGF-Municipio,2310605,PENAFORTE,CE,Disponibilidade de Caixa,-7061618.83,False
2024,3,RGF-Municipio,2310605,PENAFORTE,CE,Disponibilidade de Caixa Bruta,2021529.58,False
2024,3,RGF-Municipio,2310605,PENAFORTE,CE,RECEITA CORRENTE LÍQUIDA,50086725.2,False
2024,3,RGF-Municipio,2310605,PENAFORTE,CE,RECEITA CORRENTE LÍQUIDA AJUSTADA,47905323.84,False
2024,3,RGF-Municipio,2310605,PENAFORTE,CE,% da DC sobre a RCL AJUSTADA,40.84,False
2024,3,RGF-Municipio,2310605,PENAFORTE,CE,% da DCL sobre a RCL AJUSTADA,55.59,False
2024,3,RGF-Municipio,2312700,SENADOR POMPEU,CE,DÍVIDA CONSOLIDADA,27448461.08,False
2024,3,RGF-Municipio,2312700,SENADOR POMPEU,CE,Disponibilidade de Caixa,11124007.76,False
2024,3,RGF-Municipio,2312700,SENADOR POMPEU,CE,Disponibilidade de Caixa Bruta,13656215.2,False
2024,3,RGF-Municipio,2312700,SENADOR POMPEU,CE,RECEITA CORRENTE LÍQUIDA,117775096.79,False
2024,3,RGF-Municipio,2312700,SENADOR POMPEU,CE,RECEITA CORRENTE LÍQUIDA AJUSTADA,115475096.79,False
2024,3,RGF-Municipio,2312700,SENADOR POMPEU,CE,% da DC sobre a RCL AJUSTADA,23.77,False
2024,3,RGF-Municipio,2312700,SENADOR POMPEU,CE,% da DCL sobre a RCL AJUSTADA,14.14,False
2024,3,RGF-Municipio,2312700,SENADOR POMPEU,CE,Precatórios (Não incluídos na DC),5563876.15,False
2024,3,RGF-Municipio,2302701,CAMPOS SALES,CE,DÍVIDA CONSOLIDADA,2040563.85,False
2024,3,RGF-Municipio,2302701,CAMPOS SALES,CE,Disponibilidade de Caixa,4623611.33,False
2024,3,RGF-Municipio,2302701,CAMPOS SALES,CE,Disponibilidade de Caixa Bruta,4623611.33,False
2024,3,RGF-Municipio,2302701,CAMPOS SALES,CE,RECEITA CORRENTE LÍQUIDA,109145924.27,False
2024,3,RGF-Municipio,2302701,CAMPOS SALES,CE,RECEITA CORRENTE LÍQUIDA AJUSTADA,109145924.27,False
2024,3,RGF-Municipio,2302701,CAMPOS SALES,CE,% da DC sobre a RCL AJUSTADA,1.87,False
2024,3,RGF-Municipio,2302701,CAMPOS SALES,CE,% da DCL sobre a RCL AJUSTADA,-2.37,False
2024,3,RGF-Municipio,2304459,FORTIM,CE,DÍVIDA CONSOLIDADA,26782999.81,False
2024,3,RGF-Municipio,2304459,FORTIM,CE,Disponibilidade de Caixa,-3742861.6,False
2024,3,RGF-Municipio,2304459,FORTIM,CE,Disponibilidade de Caixa Bruta,6763308.92,False
2024,3,RGF-Municipio,2304459,FORTIM,CE,RECEITA CORRENTE LÍQUIDA,97222424.7,False
2024,3,RGF-Municipio,2304459,FORTIM,CE,RECEITA CORRENTE LÍQUIDA AJUSTADA,95122424.7,False
2024,3,RGF-Municipio,2304459,FORTIM,CE,% da DC sobre a RCL AJUSTADA,28.16,False
2024,3,RGF-Municipio,2304459,FORTIM,CE,% da DCL sobre a RCL AJUSTADA,32.09,False
2024,3,RGF-Municipio,2306256,ITAITINGA,CE,DÍVIDA CONSOLIDADA,7830252.75,False
2024,3,RGF-Municipio,2306256,ITAITINGA,CE,Disponibilidade de Caixa,4548907.02,False
2024,3,RGF-Municipio,2306256,ITAITINGA,CE,Disponibilidade de Caixa Bruta,30423320.16,False
2024,3,RGF-Municipio,2306256,ITAITINGA,CE,RECEITA CORRENTE LÍQUIDA,301271769.01,False
2024,3,RGF-Municipio,2306256,ITAITINGA,CE,RECEITA CORRENTE LÍQUIDA AJUSTADA,300271769.01,False
2024,3,RGF-Municipio,2306256,ITAITINGA,CE,% da DC sobre a RCL AJUSTADA,2.61,False
2024,3,RGF-Municipio,2306256,ITAITINGA,CE,% da DCL sobre a RCL AJUSTADA,1.09,False
2024,3,RGF-Municipio,2306256,ITAITINGA,CE,Precatórios (Não incluídos na DC),2572570.29,False
2024,3,RGF-Municipio,2308377,MIRAIMA,CE,DÍVIDA CONSOLIDADA,14652782.82,False
2024,3,RGF-Municipio,2308377,MIRAIMA,CE,Disponibilidade de Caixa,-520329.36,False
2024,3,RGF-Municipio,2308377,MIRAIMA,CE,Disponibilidade de Caixa Bruta,3727088.95,False
2024,3,RGF-Municipio,2308377,MIRAIMA,CE,RECEITA CORRENTE LÍQUIDA,71299942.06,False
2024,3,RGF-Municipio,2308377,MIRAIMA,CE,RECEITA CORRENTE LÍQUIDA AJUSTADA,70399942.06,False
2024,3,RGF-Municipio,2308377,MIRAIMA,CE,% da DC sobre a RCL AJUSTADA,20.81,False
2024,3,RGF-Municipio,2308377,MIRAIMA,CE,% da DCL sobre a RCL AJUSTADA,21.5,False
2024,3,RGF-Municipio,2310704,PENTECOSTE,CE,DÍVIDA CONSOLIDADA,26814685.53,False
2024,3,RGF-Municipio,2310704,PENTECOSTE,CE,Disponibilidade de Caixa,3050310.4,False
2024,3,RGF-Municipio,2310704,PENTECOSTE,CE,Disponibilidade de Caixa Bruta,5215727.82,False
2024,3,RGF-Municipio,2310704,PENTECOSTE,CE,RECEITA CORRENTE LÍQUIDA,163225171.67,False
2024,3,RGF-Municipio,2310704,PENTECOSTE,CE,RECEITA CORRENTE LÍQUIDA AJUSTADA,163225171.67,False
2024,3,RGF-Municipio,2310704,PENTECOSTE,CE,% da DC sobre a RCL AJUSTADA,16.43,False
2024,3,RGF-Municipio,2310704,PENTECOSTE,CE,% da DCL sobre a RCL AJUSTADA,14.56,False
2024,3,RGF-Municipio,2302800,CANINDE,CE,DÍVIDA CONSOLIDADA,198432837.13,False
2024,3,RGF-Municipio,2302800,CANINDE,CE,Disponibilidade de Caixa,-46941560.95,False
2024,3,RGF-Municipio,2302800,CANINDE,CE,Disponibilidade de Caixa Bruta,10330512.49,False
2024,3,RGF-Municipio,2302800,CANINDE,CE,RECEITA CORRENTE LÍQUIDA,372110591.55,False
2024,3,RGF-Municipio,2302800,CANINDE,CE,RECEITA CORRENTE LÍQUIDA AJUSTADA,371190591.55,False
2024,3,RGF-Municipio,2302800,CANINDE,CE,% da DC sobre a RCL AJUSTADA,53.46,False
2024,3,RGF-Municipio,2302800,CANINDE,CE,% da DCL sobre a RCL AJUSTADA,66.1,False
2024,3,RGF-Municipio,2302800,CANINDE,CE,Precatórios (Não incluídos na DC),399783.24,False
2024,3,RGF-Municipio,2304509,FRECHEIRINHA,CE,DÍVIDA CONSOLIDADA,19142359.54,False
2024,3,RGF-Municipio,2304509,FRECHEIRINHA,CE,Disponibilidade de Caixa,-1086697.15,False
2024,3,RGF-Municipio,2304509,FRECHEIRINHA,CE,Disponibilidade de Caixa Bruta,2579752.8,False
2024,3,RGF-Municipio,2304509,FRECHEIRINHA,CE,RECEITA CORRENTE LÍQUIDA,90653887.77,False
2024,3,RGF-Municipio,2304509,FRECHEIRINHA,CE,RECEITA CORRENTE LÍQUIDA AJUSTADA,89613887.77,False
2024,3,RGF-Municipio,2304509,FRECHEIRINHA,CE,% da DC sobre a RCL AJUSTADA,21.36,False
2024,3,RGF-Municipio,2304509,FRECHEIRINHA,CE,% da DCL sobre a RCL AJUSTADA,22.57,False
2024,3,RGF-Municipio,2304509,FRECHEIRINHA,CE,Precatórios (Não incluídos na DC),10080.0,False
2024,3,RGF-Municipio,2306306,ITAPAJE,CE,DÍVIDA CONSOLIDADA,21676170.06,False
2024,3,RGF-Municipio,2306306,ITAPAJE,CE,Disponibilidade de Caixa,8138597.5,False
2024,3,RGF-Municipio,2306306,ITAPAJE,CE,Disponibilidade de Caixa Bruta,24977102.39,False
2024,3,RGF-Municipio,2306306,ITAPAJE,CE,RECEITA CORRENTE LÍQUIDA,211283557.89,False
2024,3,RGF-Municipio,2306306,ITAPAJE,CE,RECEITA CORRENTE LÍQUIDA AJUSTADA,211283557.89,False
2024,3,RGF-Municipio,2306306,ITAPAJE,CE,% da DC sobre a RCL AJUSTADA,10.26,False
2024,3,RGF-Municipio,2306306,ITAPAJE,CE,% da DCL sobre a RCL AJUSTADA,6.41,False
2024,3,RGF-Municipio,2306306,ITAPAJE,CE,Precatórios (Não incluídos na DC),1032.6,False
2024,3,RGF-Municipio,2308401,MISSAO VELHA,CE,DÍVIDA CONSOLIDADA,119506288.82,False
2024,3,RGF-Municipio,2308401,MISSAO VELHA,CE,Disponibilidade de Caixa,1370185.63,False
2024,3,RGF-Municipio,2308401,MISSAO VELHA,CE,Disponibilidade de Caixa Bruta,11062230.49,False
2024,3,RGF-Municipio,2308401,MISSAO VELHA,CE,RECEITA CORRENTE LÍQUIDA,163890910.85,False
2024,3,RGF-Municipio,2308401,MISSAO VELHA,CE,RECEITA CORRENTE LÍQUIDA AJUSTADA,155487207.85,False
2024,3,RGF-Municipio,2308401,MISSAO VELHA,CE,% da DC sobre a RCL AJUSTADA,76.86,False
2024,3,RGF-Municipio,2308401,MISSAO VELHA,CE,% da DCL sobre a RCL AJUSTADA,75.98,False
2024,3,RGF-Municipio,2308401,MISSAO VELHA,CE,Precatórios (Não incluídos na DC),39945.89,False
2024,3,RGF-Municipio,2310803,PEREIRO,CE,DÍVIDA CONSOLIDADA,460038.05,False
2024,3,RGF-Municipio,2310803,PEREIRO,CE,Disponibilidade de Caixa,11133755.61,False
2024,3,RGF-Municipio,2310803,PEREIRO,CE,Disponibilidade de Caixa Bruta,13644611.89,False
2024,3,RGF-Municipio,2310803,PEREIRO,CE,RECEITA CORRENTE LÍQUIDA,103087083.27,False
2024,3,RGF-Municipio,2310803,PEREIRO,CE,RECEITA CORRENTE LÍQUIDA AJUSTADA,102441083.27,False
2024,3,RGF-Municipio,2310803,PEREIRO,CE,% da DC sobre a RCL AJUSTADA,0.45,False
2024,3,RGF-Municipio,2310803,PEREIRO,CE,% da DCL sobre a RCL AJUSTADA,-10.42,False
2024,3,RGF-Municipio,2312908,SOBRAL,CE,DÍVIDA CONSOLIDADA,263621295.76,False
2024,3,RGF-Municipio,2312908,SOBRAL,CE,Disponibilidade de Caixa,32991775.57,False
2024,3,RGF-Municipio,2312908,SOBRAL,CE,Disponibilidade de Caixa Bruta,48463345.98,False
2024,3,RGF-Municipio,2312908,SOBRAL,CE,RECEITA CORRENTE LÍQUIDA,1295316000.11,False
2024,3,RGF-Municipio,2312908,SOBRAL,CE,RECEITA CORRENTE LÍQUIDA AJUSTADA,1295316000.11,False
2024,3,RGF-Municipio,2312908,SOBRAL,CE,% da DC sobre a RCL AJUSTADA,20.35,False
2024,3,RGF-Municipio,2312908,SOBRAL,CE,% da DCL sobre a RCL AJUSTADA,17.8,False
2024,3,RGF-Municipio,2302909,CAPISTRANO,CE,DÍVIDA CONSOLIDADA,18630073.78,False
2024,3,RGF-Municipio,2302909,CAPISTRANO,CE,Disponibilidade de Caixa,-21956668.28,False
2024,3,RGF-Municipio,2302909,CAPISTRANO,CE,Disponibilidade de Caixa Bruta,2697778.72,False
2024,3,RGF-Municipio,2302909,CAPISTRANO,CE,RECEITA CORRENTE LÍQUIDA,81584825.35,False
2024,3,RGF-Municipio,2302909,CAPISTRANO,CE,RECEITA CORRENTE LÍQUIDA AJUSTADA,80334825.35,False
2024,3,RGF-Municipio,2302909,CAPISTRANO,CE,% da DC sobre a RCL AJUSTADA,23.19,False
2024,3,RGF-Municipio,2302909,CAPISTRANO,CE,% da DCL sobre a RCL AJUSTADA,50.52,False
2024,3,RGF-Municipio,2306405,ITAPIPOCA,CE,DÍVIDA CONSOLIDADA,212500798.04,False
2024,3,RGF-Municipio,2306405,ITAPIPOCA,CE,Disponibilidade de Caixa,-9507660.84,False
2024,3,RGF-Municipio,2306405,ITAPIPOCA,CE,Disponibilidade de Caixa Bruta,50038747.28,False
2024,3,RGF-Municipio,2306405,ITAPIPOCA,CE,RECEITA CORRENTE LÍQUIDA,709699652.08,False
2024,3,RGF-Municipio,2306405,ITAPIPOCA,CE,RECEITA CORRENTE LÍQUIDA AJUSTADA,692799652.08,False
2024,3,RGF-Municipio,2306405,ITAPIPOCA,CE,% da DC sobre a RCL AJUSTADA,30.67,False
2024,3,RGF-Municipio,2306405,ITAPIPOCA,CE,% da DCL sobre a RCL AJUSTADA,32.05,False
2024,3,RGF-Municipio,2306405,ITAPIPOCA,CE,Precatórios (Não incluídos na DC),7152022.03,False
2024,3,RGF-Municipio,2310852,PINDORETAMA,CE,DÍVIDA CONSOLIDADA,47609941.97,False
2024,3,RGF-Municipio,2310852,PINDORETAMA,CE,Disponibilidade de Caixa Bruta,9342166.66,False
2024,3,RGF-Municipio,2310852,PINDORETAMA,CE,RECEITA CORRENTE LÍQUIDA,119523382.19,False
2024,3,RGF-Municipio,2310852,PINDORETAMA,CE,RECEITA CORRENTE LÍQUIDA AJUSTADA,119083382.19,False
2024,3,RGF-Municipio,2310852,PINDORETAMA,CE,% da DC sobre a RCL AJUSTADA,39.98,False
2024,3,RGF-Municipio,2310852,PINDORETAMA,CE,% da DCL sobre a RCL AJUSTADA,39.98,False
2024,3,RGF-Municipio,2310852,PINDORETAMA,CE,Precatórios (Não incluídos na DC),534096.96,False
2024,2,RGF-Municipio,2303105,CARIRE,CE,DÍVIDA CONSOLIDADA,12157134.64,True
2024,2,RGF-Municipio,2303105,CARIRE,CE,Disponibilidade de Caixa,9765105.51,True
2024,2,RGF-Municipio,2303105,CARIRE,CE,Disponibilidade de Caixa Bruta,19195779.24,True
2024,2,RGF-Municipio,2303105,CARIRE,CE,RECEITA CORRENTE LÍQUIDA,118273830.37,True
2024,2,RGF-Municipio,2303105,CARIRE,CE,% da DC sobre a RCL AJUSTADA,10.67,True
2024,2,RGF-Municipio,2303105,CARIRE,CE,% da DCL sobre a RCL AJUSTADA,2.1,True
2024,2,RGF-Municipio,2303105,CARIRE,CE,Precatórios (Não incluídos na DC),2.7,True
2024,2,RGF-Municipio,2311009,PORANGA,CE,DÍVIDA CONSOLIDADA,36051205.54,True
2024,2,RGF-Municipio,2311009,PORANGA,CE,Precatórios (inclusive) Vencidos e Não Pagos,1356287.24,True
2024,2,RGF-Municipio,2311009,PORANGA,CE,Disponibilidade de Caixa,-4888155.07,True
2024,2,RGF-Municipio,2311009,PORANGA,CE,Disponibilidade de Caixa Bruta,1461839.93,True
2024,2,RGF-Municipio,2311009,PORANGA,CE,RECEITA CORRENTE LÍQUIDA,78684949.47,True
2024,2,RGF-Municipio,2311009,PORANGA,CE,% da DC sobre a RCL AJUSTADA,46.51,True
2024,2,RGF-Municipio,2311009,PORANGA,CE,% da DCL sobre a RCL AJUSTADA,52.81,True
2024,2,RGF-Municipio,2311009,PORANGA,CE,Precatórios (Não incluídos na DC),57363.55,True
2024,2,RGF-Municipio,2303303,CARIUS,CE,DÍVIDA CONSOLIDADA,19741849.56,True
2024,2,RGF-Municipio,2303303,CARIUS,CE,Disponibilidade de Caixa,42579275.75,True
2024,2,RGF-Municipio,2303303,CARIUS,CE,Disponibilidade de Caixa Bruta,47031183.88,True
2024,2,RGF-Municipio,2303303,CARIUS,CE,RECEITA CORRENTE LÍQUIDA,90008208.44,True
2024,2,RGF-Municipio,2303303,CARIUS,CE,% da DC sobre a RCL AJUSTADA,22.08,True
2024,2,RGF-Municipio,2303303,CARIUS,CE,% da DCL sobre a RCL AJUSTADA,-25.61,True
2024,2,RGF-Municipio,2308807,MORAUJO,CE,DÍVIDA CONSOLIDADA,26603627.24,True
2024,2,RGF-Municipio,2308807,MORAUJO,CE,Precatórios (inclusive) Vencidos e Não Pagos,8350154.11,True
2024,2,RGF-Municipio,2308807,MORAUJO,CE,Disponibilidade de Caixa,5833440.31,True
2024,2,RGF-Municipio,2308807,MORAUJO,CE,Disponibilidade de Caixa Bruta,7013741.29,True
2024,2,RGF-Municipio,2308807,MORAUJO,CE,RECEITA CORRENTE LÍQUIDA,52886843.27,True
2024,2,RGF-Municipio,2308807,MORAUJO,CE,% da DC sobre a RCL AJUSTADA,51.77,True
2024,2,RGF-Municipio,2308807,MORAUJO,CE,% da DCL sobre a RCL AJUSTADA,40.42,True
2024,2,RGF-Municipio,2306900,JAGUARIBE,CE,DÍVIDA CONSOLIDADA,36113320.25,True
2024,2,RGF-Municipio,2306900,JAGUARIBE,CE,Disponibilidade de Caixa,17671886.81,True
2024,2,RGF-Municipio,2306900,JAGUARIBE,CE,Disponibilidade de Caixa Bruta,30617451.09,True
2024,2,RGF-Municipio,2306900,JAGUARIBE,CE,RECEITA CORRENTE LÍQUIDA,218444350.43,True
2024,2,RGF-Municipio,2306900,JAGUARIBE,CE,% da DC sobre a RCL AJUSTADA,16.91,True
2024,2,RGF-Municipio,2306900,JAGUARIBE,CE,% da DCL sobre a RCL AJUSTADA,8.64,True
2024,2,RGF-Municipio,2309003,MUCAMBO,CE,DÍVIDA CONSOLIDADA,3739372.65,True
2024,2,RGF-Municipio,2309003,MUCAMBO,CE,Disponibilidade de Caixa,3087568.6,True
2024,2,RGF-Municipio,2309003,MUCAMBO,CE,Disponibilidade de Caixa Bruta,11759225.9,True
2024,2,RGF-Municipio,2309003,MUCAMBO,CE,RECEITA CORRENTE LÍQUIDA,85324271.2,True
2024,2,RGF-Municipio,2309003,MUCAMBO,CE,% da DC sobre a RCL AJUSTADA,4.4,True
2024,2,RGF-Municipio,2309003,MUCAMBO,CE,% da DCL sobre a RCL AJUSTADA,0.77,True
2024,2,RGF-Municipio,2301257,ARARENDA,CE,DÍVIDA CONSOLIDADA,3021655.02,True
2024,2,RGF-Municipio,2301257,ARARENDA,CE,Disponibilidade de Caixa,15791464.21,True
2024,2,RGF-Municipio,2301257,ARARENDA,CE,Disponibilidade de Caixa Bruta,19412317.57,True
2024,2,RGF-Municipio,2301257,ARARENDA,CE,RECEITA CORRENTE LÍQUIDA,83422800.42,True
2024,2,RGF-Municipio,2301257,ARARENDA,CE,% da DC sobre a RCL AJUSTADA,3.66,True
2024,2,RGF-Municipio,2301257,ARARENDA,CE,% da DCL sobre a RCL AJUSTADA,-15.46,True
2024,2,RGF-Municipio,2311264,QUITERIANOPOLIS,CE,DÍVIDA CONSOLIDADA,5617057.96,True
2024,2,RGF-Municipio,2311264,QUITERIANOPOLIS,CE,Disponibilidade de Caixa,19166767.19,True
2024,2,RGF-Municipio,2311264,QUITERIANOPOLIS,CE,Disponibilidade de Caixa Bruta,26854319.59,True
2024,2,RGF-Municipio,2311264,QUITERIANOPOLIS,CE,RECEITA CORRENTE LÍQUIDA,150432762.46,True
2024,2,RGF-Municipio,2311264,QUITERIANOPOLIS,CE,% da DC sobre a RCL AJUSTADA,3.73,True
2024,2,RGF-Municipio,2311264,QUITERIANOPOLIS,CE,% da DCL sobre a RCL AJUSTADA,-9.01,True
2024,2,RGF-Municipio,2301505,ARNEIROZ,CE,DÍVIDA CONSOLIDADA,11354467.05,True
2024,2,RGF-Municipio,2301505,ARNEIROZ,CE,Disponibilidade de Caixa,9199218.87,True
2024,2,RGF-Municipio,2301505,ARNEIROZ,CE,Disponibilidade de Caixa Bruta,12855457.77,True
2024,2,RGF-Municipio,2301505,ARNEIROZ,CE,RECEITA CORRENTE LÍQUIDA,42397357.03,True
2024,2,RGF-Municipio,2301505,ARNEIROZ,CE,% da DC sobre a RCL AJUSTADA,26.78,True
2024,2,RGF-Municipio,2301505,ARNEIROZ,CE,% da DCL sobre a RCL AJUSTADA,5.08,True
2024,2,RGF-Municipio,2309508,OROS,CE,DÍVIDA CONSOLIDADA,57569687.69,True
2024,2,RGF-Municipio,2309508,OROS,CE,Disponibilidade de Caixa,-7008949.41,True
2024,2,RGF-Municipio,2309508,OROS,CE,Disponibilidade de Caixa Bruta,3318271.94,True
2024,2,RGF-Municipio,2309508,OROS,CE,RECEITA CORRENTE LÍQUIDA,124304082.49,True
2024,2,RGF-Municipio,2309508,OROS,CE,% da DC sobre a RCL AJUSTADA,48.57,True
2024,2,RGF-Municipio,2309508,OROS,CE,% da DCL sobre a RCL AJUSTADA,54.48,True
2024,2,RGF-Municipio,2309508,OROS,CE,Precatórios (Não incluídos na DC),1412.0,True
2024,2,RGF-Municipio,2304004,COREAU,CE,DÍVIDA CONSOLIDADA,13091089.95,True
2024,2,RGF-Municipio,2304004,COREAU,CE,Precatórios (inclusive) Vencidos e Não Pagos,1238397.16,True
2024,2,RGF-Municipio,2304004,COREAU,CE,Disponibilidade de Caixa,10733267.16,True
2024,2,RGF-Municipio,2304004,COREAU,CE,Disponibilidade de Caixa Bruta,30600939.36,True
2024,2,RGF-Municipio,2304004,COREAU,CE,RECEITA CORRENTE LÍQUIDA,144725922.96,True
2024,2,RGF-Municipio,2304004,COREAU,CE,% da DC sobre a RCL AJUSTADA,9.3,True
2024,2,RGF-Municipio,2304004,COREAU,CE,% da DCL sobre a RCL AJUSTADA,1.68,True
2024,2,RGF-Municipio,2313906,URUOCA,CE,DÍVIDA CONSOLIDADA,35600955.51,True
2024,2,RGF-Municipio,2313906,URUOCA,CE,Disponibilidade de Caixa,5139219.68,True
2024,2,RGF-Municipio,2313906,URUOCA,CE,Disponibilidade de Caixa Bruta,14544522.55,True
2024,2,RGF-Municipio,2313906,URUOCA,CE,RECEITA CORRENTE LÍQUIDA,92916167.49,True
2024,2,RGF-Municipio,2313906,URUOCA,CE,% da DC sobre a RCL AJUSTADA,39.03,True
2024,2,RGF-Municipio,2313906,URUOCA,CE,% da DCL sobre a RCL AJUSTADA,33.4,True
2024,2,RGF-Municipio,2313955,VARJOTA,CE,DÍVIDA CONSOLIDADA,14459872.05,True
2024,2,RGF-Municipio,2313955,VARJOTA,CE,Disponibilidade de Caixa,5318960.21,True
2024,2,RGF-Municipio,2313955,VARJOTA,CE,Disponibilidade de Caixa Bruta,14442277.58,True
2024,2,RGF-Municipio,2313955,VARJOTA,CE,RECEITA CORRENTE LÍQUIDA,132437280.55,True
2024,2,RGF-Municipio,2313955,VARJOTA,CE,% da DC sobre a RCL AJUSTADA,11.68,True
2024,2,RGF-Municipio,2313955,VARJOTA,CE,% da DCL sobre a RCL AJUSTADA,7.38,True
2024,2,RGF-Municipio,2313955,VARJOTA,CE,Precatórios (Não incluídos na DC),1506.0,True
2024,2,RGF-Municipio,2302107,BATURITE,CE,DÍVIDA CONSOLIDADA,78017956.53,True
2024,2,RGF-Municipio,2302107,BATURITE,CE,Disponibilidade de Caixa,388727.29,True
2024,2,RGF-Municipio,2302107,BATURITE,CE,Disponibilidade de Caixa Bruta,8863263.74,True
2024,2,RGF-Municipio,2302107,BATURITE,CE,RECEITA CORRENTE LÍQUIDA,195179376.11,True
2024,2,RGF-Municipio,2302107,BATURITE,CE,% da DC sobre a RCL AJUSTADA,40.61,True
2024,2,RGF-Municipio,2302107,BATURITE,CE,% da DCL sobre a RCL AJUSTADA,40.41,True
2024,2,RGF-Municipio,2310308,PARAMBU,CE,DÍVIDA CONSOLIDADA,4152685.75,True
2024,2,RGF-Municipio,2310308,PARAMBU,CE,Disponibilidade de Caixa,55721031.57,True
2024,2,RGF-Municipio,2310308,PARAMBU,CE,Disponibilidade de Caixa Bruta,76844313.56,True
2024,2,RGF-Municipio,2310308,PARAMBU,CE,RECEITA CORRENTE LÍQUIDA,144038590.23,True
2024,2,RGF-Municipio,2310308,PARAMBU,CE,% da DC sobre a RCL AJUSTADA,3.14,True
2024,2,RGF-Municipio,2310308,PARAMBU,CE,% da DCL sobre a RCL AJUSTADA,-38.99,True
2024,2,RGF-Municipio,2312809,SENADOR SA,CE,DÍVIDA CONSOLIDADA,6741891.18,True
2024,2,RGF-Municipio,2312809,SENADOR SA,CE,Disponibilidade de Caixa,6685630.33,True
2024,2,RGF-Municipio,2312809,SENADOR SA,CE,Disponibilidade de Caixa Bruta,9130028.78,True
2024,2,RGF-Municipio,2312809,SENADOR SA,CE,RECEITA CORRENTE LÍQUIDA,59472416.74,True
2024,2,RGF-Municipio,2312809,SENADOR SA,CE,% da DC sobre a RCL AJUSTADA,11.53,True
2024,2,RGF-Municipio,2312809,SENADOR SA,CE,% da DCL sobre a RCL AJUSTADA,0.07,True
