exercicio,instituicao,uf,conta,valor
2019,Prefeitura Municipal de Abaiara - CE,CE,DÍVIDA CONSOLIDADA,17396852.75
2019,Prefeitura Municipal de Abaiara - CE,CE,Precatórios (inclusive) Vencidos e Não Pagos,181984.24
2019,Prefeitura Municipal de Abaiara - CE,CE,Disponibilidade de Caixa,1964552.65
2019,Prefeitura Municipal de Abaiara - CE,CE,Disponibilidade de Caixa Bruta,2763675.83
2019,Prefeitura Municipal de Abaiara - CE,CE,RECEITA CORRENTE LÍQUIDA,25977270.88
2019,Prefeitura Municipal de Acopiara - CE,CE,DÍVIDA CONSOLIDADA,41974661.0
2019,Prefeitura Municipal de Acopiara - CE,CE,Precatórios (inclusive) Vencidos e Não Pagos,227238.91
2019,Prefeitura Municipal de Acopiara - CE,CE,Disponibilidade de Caixa,49511306.04
2019,Prefeitura Municipal de Acopiara - CE,CE,Disponibilidade de Caixa Bruta,55379434.23
2019,Prefeitura Municipal de Acopiara - CE,CE,RECEITA CORRENTE LÍQUIDA,101985860.77
2019,Prefeitura Municipal de Acopiara - CE,CE,Precatórios (Não incluídos na DC),24432.41
2019,Prefeitura Municipal de Acarape - CE,CE,DÍVIDA CONSOLIDADA,47266713.72
2019,Prefeitura Municipal de Acarape - CE,CE,Disponibilidade de Caixa Bruta,1803943.69
2019,Prefeitura Municipal de Acarape - CE,CE,RECEITA CORRENTE LÍQUIDA,38699888.65
2019,Prefeitura Municipal de Acaraú - CE,CE,DÍVIDA CONSOLIDADA,10069799.97
2019,Prefeitura Municipal de Acaraú - CE,CE,Disponibilidade de Caixa,10543445.66
2019,Prefeitura Municipal de Acaraú - CE,CE,Disponibilidade de Caixa Bruta,17745250.95
2019,Prefeitura Municipal de Acaraú - CE,CE,RECEITA CORRENTE LÍQUIDA,131548368.37
2019,Prefeitura Municipal de Aiuaba - CE,CE,DÍVIDA CONSOLIDADA,15330573.79
2019,Prefeitura Municipal de Aiuaba - CE,CE,Disponibilidade de Caixa,10509852.66
2019,Prefeitura Municipal de Aiuaba - CE,CE,Disponibilidade de Caixa Bruta,11779882.34
2019,Prefeitura Municipal de Aiuaba - CE,CE,RECEITA CORRENTE LÍQUIDA,51030323.24
2019,Prefeitura Municipal de Alcântaras - CE,CE,Disponibilidade de Caixa,2526649.1
2019,Prefeitura Municipal de Alcântaras - CE,CE,Disponibilidade de Caixa Bruta,2598808.58
2019,Prefeitura Municipal de Alcântaras - CE,CE,RECEITA CORRENTE LÍQUIDA,29524008.58
2019,Prefeitura Municipal de Amontada - CE,CE,DÍVIDA CONSOLIDADA,43849184.44
2019,Prefeitura Municipal de Amontada - CE,CE,Disponibilidade de Caixa,21651092.54
2019,Prefeitura Municipal de Amontada - CE,CE,Disponibilidade de Caixa Bruta,41447268.87
2019,Prefeitura Municipal de Amontada - CE,CE,RECEITA CORRENTE LÍQUIDA,100383250.81
2019,Prefeitura Municipal de Amontada - CE,CE,Precatórios (Não incluídos na DC),35358.93
2019,Prefeitura Municipal de Alto Santo - CE,CE,DÍVIDA CONSOLIDADA,10493172.11
2019,Prefeitura Municipal de Alto Santo - CE,CE,Precatórios (inclusive) Vencidos e Não Pagos,189710.25
2019,Prefeitura Municipal de Alto Santo - CE,CE,Disponibilidade de Caixa,2832690.96
2019,Prefeitura Municipal de Alto Santo - CE,CE,Disponibilidade de Caixa Bruta,6920811.48
2019,Prefeitura Municipal de Alto Santo - CE,CE,RECEITA CORRENTE LÍQUIDA,38489952.37
2019,Prefeitura Municipal de Apuiarés - CE,CE,DÍVIDA CONSOLIDADA,7825859.06
2019,Prefeitura Municipal de Apuiarés - CE,CE,Disponibilidade de Caixa,3387021.1
2019,Prefeitura Municipal de Apuiarés - CE,CE,Disponibilidade de Caixa Bruta,4291265.9
2019,Prefeitura Municipal de Apuiarés - CE,CE,RECEITA CORRENTE LÍQUIDA,32667259.86
2019,Prefeitura Municipal de Aquiraz - CE,CE,DÍVIDA CONSOLIDADA,26581910.04
2019,Prefeitura Municipal de Aquiraz - CE,CE,Precatórios (inclusive) Vencidos e Não Pagos,1000.0
2019,Prefeitura Municipal de Aquiraz - CE,CE,Disponibilidade de Caixa,62205495.43
2019,Prefeitura Municipal de Aquiraz - CE,CE,Disponibilidade de Caixa Bruta,67176073.92
2019,Prefeitura Municipal de Aquiraz - CE,CE,RECEITA CORRENTE LÍQUIDA,250849784.28
2019,Prefeitura Municipal de Aracoiaba - CE,CE,DÍVIDA CONSOLIDADA,36232332.72
2019,Prefeitura Municipal de Aracoiaba - CE,CE,Disponibilidade de Caixa,1151561.17
2019,Prefeitura Municipal de Aracoiaba - CE,CE,Disponibilidade de Caixa Bruta,4871680.82
2019,Prefeitura Municipal de Aracoiaba - CE,CE,RECEITA CORRENTE LÍQUIDA,68792506.77
2019,Prefeitura Municipal de Aracati - CE,CE,DÍVIDA CONSOLIDADA,40290692.83
2019,Prefeitura Municipal de Aracati - CE,CE,Precatórios (inclusive) Vencidos e Não Pagos,8102.17
2019,Prefeitura Municipal de Aracati - CE,CE,Disponibilidade de Caixa,24595261.65
2019,Prefeitura Municipal de Aracati - CE,CE,Disponibilidade de Caixa Bruta,36256554.13
2019,Prefeitura Municipal de Aracati - CE,CE,RECEITA CORRENTE LÍQUIDA,191912095.37
2019,Prefeitura Municipal de Aracati - CE,CE,Precatórios (Não incluídos na DC),5456164.48
2019,Prefeitura Municipal de Araripe - CE,CE,DÍVIDA CONSOLIDADA,1835809.14
2019,Prefeitura Municipal de Araripe - CE,CE,Precatórios (inclusive) Vencidos e Não Pagos,15316.52
2019,Prefeitura Municipal de Araripe - CE,CE,Disponibilidade de Caixa,37554180.15
2019,Prefeitura Municipal de Araripe - CE,CE,Disponibilidade de Caixa Bruta,39439051.16
2019,Prefeitura Municipal de Araripe - CE,CE,RECEITA CORRENTE LÍQUIDA,56976800.8
2019,Prefeitura Municipal de Araripe - CE,CE,Precatórios (Não incluídos na DC),821.9
2019,Prefeitura Municipal de Aratuba - CE,CE,DÍVIDA CONSOLIDADA,12012086.46
2019,Prefeitura Municipal de Aratuba - CE,CE,Disponibilidade de Caixa,3513847.99
2019,Prefeitura Municipal de Aratuba - CE,CE,Disponibilidade de Caixa Bruta,5705774.64
2019,Prefeitura Municipal de Aratuba - CE,CE,RECEITA CORRENTE LÍQUIDA,30924279.67
2019,Prefeitura Municipal de Assaré - CE,CE,DÍVIDA CONSOLIDADA,1343061.89
2019,Prefeitura Municipal de Assaré - CE,CE,Disponibilidade de Caixa,1238610.19
2019,Prefeitura Municipal de Assaré - CE,CE,Disponibilidade de Caixa Bruta,1702083.04
2019,Prefeitura Municipal de Assaré - CE,CE,RECEITA CORRENTE LÍQUIDA,47508718.39
2019,Prefeitura Municipal de Banabuiú - CE,CE,DÍVIDA CONSOLIDADA,25884722.62
2019,Prefeitura Municipal de Banabuiú - CE,CE,Disponibilidade de Caixa,412850.19
2019,Prefeitura Municipal de Banabuiú - CE,CE,Disponibilidade de Caixa Bruta,3759934.85
2019,Prefeitura Municipal de Banabuiú - CE,CE,RECEITA CORRENTE LÍQUIDA,43743340.39
2019,Prefeitura Municipal de Barbalha - CE,CE,DÍVIDA CONSOLIDADA,10811760.56
2019,Prefeitura Municipal de Barbalha - CE,CE,Disponibilidade de Caixa,41063659.51
2019,Prefeitura Municipal de Barbalha - CE,CE,Disponibilidade de Caixa Bruta,43733446.29
2019,Prefeitura Municipal de Barbalha - CE,CE,RECEITA CORRENTE LÍQUIDA,209378520.6
2019,Prefeitura Municipal de Barbalha - CE,CE,Precatórios (Não incluídos na DC),29186.41
2019,Prefeitura Municipal de Barroquinha - CE,CE,DÍVIDA CONSOLIDADA,6817658.29
2019,Prefeitura Municipal de Barroquinha - CE,CE,Disponibilidade de Caixa,5168040.46
2019,Prefeitura Municipal de Barroquinha - CE,CE,Disponibilidade de Caixa Bruta,5568989.41
2019,Prefeitura Municipal de Barroquinha - CE,CE,RECEITA CORRENTE LÍQUIDA,39538097.96
2019,Prefeitura Municipal de Baturité - CE,CE,DÍVIDA CONSOLIDADA,61210269.37
2019,Prefeitura Municipal de Baturité - CE,CE,Precatórios (inclusive) Vencidos e Não Pagos,731184.59
2019,Prefeitura Municipal de Baturité - CE,CE,Disponibilidade de Caixa,1601588.01
2019,Prefeitura Municipal de Baturité - CE,CE,Disponibilidade de Caixa Bruta,4624222.54
2019,Prefeitura Municipal de Baturité - CE,CE,RECEITA CORRENTE LÍQUIDA,76074634.43
2019,Prefeitura Municipal de Barro - CE,CE,DÍVIDA CONSOLIDADA,1012259.38
2019,Prefeitura Municipal de Barro - CE,CE,Disponibilidade de Caixa Bruta,2098043.8
2019,Prefeitura Municipal de Barro - CE,CE,RECEITA CORRENTE LÍQUIDA,42162974.02
2019,Prefeitura Municipal de Barro - CE,CE,Precatórios (Não incluídos na DC),1656.37
2019,Prefeitura Municipal de Beberibe - CE,CE,DÍVIDA CONSOLIDADA,27977164.7
2019,Prefeitura Municipal de Beberibe - CE,CE,Disponibilidade de Caixa,53101088.15
2019,Prefeitura Municipal de Beberibe - CE,CE,Disponibilidade de Caixa Bruta,58058049.62
2019,Prefeitura Municipal de Beberibe - CE,CE,RECEITA CORRENTE LÍQUIDA,113307025.35
2019,Prefeitura Municipal de Boa Viagem - CE,CE,DÍVIDA CONSOLIDADA,23098059.01
2019,Prefeitura Municipal de Boa Viagem - CE,CE,Disponibilidade de Caixa,3849597.92
2019,Prefeitura Municipal de Boa Viagem - CE,CE,Disponibilidade de Caixa Bruta,14148723.76
2019,Prefeitura Municipal de Boa Viagem - CE,CE,RECEITA CORRENTE LÍQUIDA,93211288.55
2019,Prefeitura Municipal de Brejo Santo - CE,CE,DÍVIDA CONSOLIDADA,1490633.69
2019,Prefeitura Municipal de Brejo Santo - CE,CE,RECEITA CORRENTE LÍQUIDA,129299931.1
2019,Prefeitura Municipal de Bela Cruz - CE,CE,DÍVIDA CONSOLIDADA,22321096.05
2019,Prefeitura Municipal de Bela Cruz - CE,CE,Disponibilidade de Caixa Bruta,4456858.27
2019,Prefeitura Municipal de Bela Cruz - CE,CE,RECEITA CORRENTE LÍQUIDA,59004048.34
2019,Prefeitura Municipal de Bela Cruz - CE,CE,Precatórios (Não incluídos na DC),6273.46
2019,Prefeitura Municipal de Canindé - CE,CE,DÍVIDA CONSOLIDADA,75072135.79
2019,Prefeitura Municipal de Canindé - CE,CE,Disponibilidade de Caixa,14012875.76
2019,Prefeitura Municipal de Canindé - CE,CE,Disponibilidade de Caixa Bruta,29627645.84
2019,Prefeitura Municipal de Canindé - CE,CE,RECEITA CORRENTE LÍQUIDA,180195477.75
2019,Prefeitura Municipal de Canindé - CE,CE,Precatórios (Não incluídos na DC),16852.06
2019,Prefeitura Municipal de Camocim - CE,CE,DÍVIDA CONSOLIDADA,40659758.64
2019,Prefeitura Municipal de Camocim - CE,CE,Disponibilidade de Caixa,27336692.61
2019,Prefeitura Municipal de Camocim - CE,CE,Disponibilidade de Caixa Bruta,32546710.84
2019,Prefeitura Municipal de Camocim - CE,CE,RECEITA CORRENTE LÍQUIDA,134381052.56
2019,Prefeitura Municipal de Camocim - CE,CE,Precatórios (Não incluídos na DC),78.78
2019,Prefeitura Municipal de Campos Sales - CE,CE,DÍVIDA CONSOLIDADA,54260355.75
2019,Prefeitura Municipal de Campos Sales - CE,CE,Disponibilidade de Caixa,24623931.23
2019,Prefeitura Municipal de Campos Sales - CE,CE,Disponibilidade de Caixa Bruta,5742473.84
2019,Prefeitura Municipal de Campos Sales - CE,CE,RECEITA CORRENTE LÍQUIDA,54396711.82
2019,Prefeitura Municipal de Cariré - CE,CE,DÍVIDA CONSOLIDADA,6569711.34
2019,Prefeitura Municipal de Cariré - CE,CE,Disponibilidade de Caixa,20675979.31
2019,Prefeitura Municipal de Cariré - CE,CE,Disponibilidade de Caixa Bruta,10127714.02
2019,Prefeitura Municipal de Cariré - CE,CE,RECEITA CORRENTE LÍQUIDA,50026328.83
2019,Prefeitura Municipal de Capistrano - CE,CE,DÍVIDA CONSOLIDADA,13669895.59
2019,Prefeitura Municipal de Capistrano - CE,CE,Disponibilidade de Caixa,9905941.75
2019,Prefeitura Municipal de Capistrano - CE,CE,Disponibilidade de Caixa Bruta,14639712.99
2019,Prefeitura Municipal de Capistrano - CE,CE,RECEITA CORRENTE LÍQUIDA,42389176.04
2019,Prefeitura Municipal de Caridade - CE,CE,DÍVIDA CONSOLIDADA,57323702.24
2019,Prefeitura Municipal de Caridade - CE,CE,Disponibilidade de Caixa,7472152.35
2019,Prefeitura Municipal de Caridade - CE,CE,Disponibilidade de Caixa Bruta,14299616.34
2019,Prefeitura Municipal de Caridade - CE,CE,RECEITA CORRENTE LÍQUIDA,61735728.28
2019,Prefeitura Municipal de Carnaubal - CE,CE,Disponibilidade de Caixa,4162483.63
2019,Prefeitura Municipal de Carnaubal - CE,CE,Disponibilidade de Caixa Bruta,5555171.35
2019,Prefeitura Municipal de Carnaubal - CE,CE,RECEITA CORRENTE LÍQUIDA,40104812.98
2019,Prefeitura Municipal de Carnaubal - CE,CE,Precatórios (Não incluídos na DC),10000.0
2019,Prefeitura Municipal de Cascavel - CE,CE,DÍVIDA CONSOLIDADA,47859878.21
2019,Prefeitura Municipal de Cascavel - CE,CE,Disponibilidade de Caixa,9673270.36
2019,Prefeitura Municipal de Cascavel - CE,CE,Disponibilidade de Caixa Bruta,11131639.97
2019,Prefeitura Municipal de Cascavel - CE,CE,RECEITA CORRENTE LÍQUIDA,150730399.47
2019,Prefeitura Municipal de Catarina - CE,CE,DÍVIDA CONSOLIDADA,14733849.59
2019,Prefeitura Municipal de Catarina - CE,CE,Disponibilidade de Caixa,5945585.07
2019,Prefeitura Municipal de Catarina - CE,CE,Disponibilidade de Caixa Bruta,6841482.7
2019,Prefeitura Municipal de Catarina - CE,CE,RECEITA CORRENTE LÍQUIDA,40959137.77
2019,Prefeitura Municipal de Catarina - CE,CE,Precatórios (Não incluídos na DC),82644.3
2019,Prefeitura Municipal de Caucaia - CE,CE,DÍVIDA CONSOLIDADA,63702269.99
2019,Prefeitura Municipal de Caucaia - CE,CE,Disponibilidade de Caixa,2355555.9
2019,Prefeitura Municipal de Caucaia - CE,CE,Disponibilidade de Caixa Bruta,81590288.97
2019,Prefeitura Municipal de Caucaia - CE,CE,RECEITA CORRENTE LÍQUIDA,614157520.3
2019,Prefeitura Municipal de Cedro - CE,CE,DÍVIDA CONSOLIDADA,25596886.99
2019,Prefeitura Municipal de Cedro - CE,CE,Precatórios (inclusive) Vencidos e Não Pagos,71955.92
2019,Prefeitura Municipal de Cedro - CE,CE,Disponibilidade de Caixa,20279150.33
2019,Prefeitura Municipal de Cedro - CE,CE,Disponibilidade de Caixa Bruta,23284587.17
2019,Prefeitura Municipal de Cedro - CE,CE,RECEITA CORRENTE LÍQUIDA,51711760.75
2019,Prefeitura Municipal de Cedro - CE,CE,Precatórios (Não incluídos na DC),10641.91
2019,Prefeitura Municipal de Chaval - CE,CE,DÍVIDA CONSOLIDADA,17084168.01
2019,Prefeitura Municipal de Chaval - CE,CE,Disponibilidade de Caixa Bruta,1836757.72
2019,Prefeitura Municipal de Chaval - CE,CE,RECEITA CORRENTE LÍQUIDA,29027414.36
2019,Prefeitura Municipal de Chaval - CE,CE,Precatórios (Não incluídos na DC),10788.0
2019,Prefeitura Municipal de Catunda - CE,CE,DÍVIDA CONSOLIDADA,9379603.46
2019,Prefeitura Municipal de Catunda - CE,CE,Disponibilidade de Caixa Bruta,1311335.89
2019,Prefeitura Municipal de Catunda - CE,CE,RECEITA CORRENTE LÍQUIDA,27516475.05
2019,Prefeitura Municipal de Choró - CE,CE,DÍVIDA CONSOLIDADA,14188777.5
2019,Prefeitura Municipal de Choró - CE,CE,Disponibilidade de Caixa Bruta,2076844.6
2019,Prefeitura Municipal de Choró - CE,CE,RECEITA CORRENTE LÍQUIDA,31207500.43
2019,Prefeitura Municipal de Chorozinho - CE,CE,DÍVIDA CONSOLIDADA,17477108.87
2019,Prefeitura Municipal de Chorozinho - CE,CE,Precatórios (inclusive) Vencidos e Não Pagos,300.0
2019,Prefeitura Municipal de Chorozinho - CE,CE,Disponibilidade de Caixa,23043214.2
2019,Prefeitura Municipal de Chorozinho - CE,CE,Disponibilidade de Caixa Bruta,24544731.56
2019,Prefeitura Municipal de Chorozinho - CE,CE,RECEITA CORRENTE LÍQUIDA,50971391.63
2019,Prefeitura Municipal de Crateús - CE,CE,DÍVIDA CONSOLIDADA,31044502.49
2019,Prefeitura Municipal de Crateús - CE,CE,Disponibilidade de Caixa,9296495.21
2019,Prefeitura Municipal de Crateús - CE,CE,Disponibilidade de Caixa Bruta,18862531.95
2019,Prefeitura Municipal de Crateús - CE,CE,RECEITA CORRENTE LÍQUIDA,153360046.45
2019,Prefeitura Municipal de Crato - CE,CE,DÍVIDA CONSOLIDADA,32403203.6
2019,Prefeitura Municipal de Crato - CE,CE,Disponibilidade de Caixa,30725869.79
2019,Prefeitura Municipal de Crato - CE,CE,Disponibilidade de Caixa Bruta,43970320.04
2019,Prefeitura Municipal de Crato - CE,CE,RECEITA CORRENTE LÍQUIDA,268039412.49
2019,Prefeitura Municipal de Coreaú - CE,CE,DÍVIDA CONSOLIDADA,10898889.79
2019,Prefeitura Municipal de Coreaú - CE,CE,Disponibilidade de Caixa Bruta,4681518.05
2019,Prefeitura Municipal de Coreaú - CE,CE,RECEITA CORRENTE LÍQUIDA,47387871.3
2019,Prefeitura Municipal de Croatá - CE,CE,DÍVIDA CONSOLIDADA,8157262.97
2019,Prefeitura Municipal de Croatá - CE,CE,Disponibilidade de Caixa,3555078.09
2019,Prefeitura Municipal de Croatá - CE,CE,Disponibilidade de Caixa Bruta,5188788.82
2019,Prefeitura Municipal de Croatá - CE,CE,RECEITA CORRENTE LÍQUIDA,47360684.77
2019,Prefeitura Municipal de Croatá - CE,CE,Precatórios (Não incluídos na DC),17261.7
2019,Prefeitura Municipal de Cruz - CE,CE,DÍVIDA CONSOLIDADA,16999318.86
2019,Prefeitura Municipal de Cruz - CE,CE,Disponibilidade de Caixa,11487160.57
2019,Prefeitura Municipal de Cruz - CE,CE,Disponibilidade de Caixa Bruta,14210891.1
2019,Prefeitura Municipal de Cruz - CE,CE,RECEITA CORRENTE LÍQUIDA,65561626.62
2019,Prefeitura Municipal de Ererê - CE,CE,DÍVIDA CONSOLIDADA,-7431.1
2019,Prefeitura Municipal de Ererê - CE,CE,Disponibilidade de Caixa,5676848.79
2019,Prefeitura Municipal de Ererê - CE,CE,Disponibilidade de Caixa Bruta,904365.24
2019,Prefeitura Municipal de Ererê - CE,CE,RECEITA CORRENTE LÍQUIDA,20692658.32
2019,Prefeitura Municipal de Forquilha - CE,CE,DÍVIDA CONSOLIDADA,21703.19
2019,Prefeitura Municipal de Forquilha - CE,CE,Disponibilidade de Caixa,2410573.22
2019,Prefeitura Municipal de Forquilha - CE,CE,Disponibilidade de Caixa Bruta,5289548.08
2019,Prefeitura Municipal de Forquilha - CE,CE,RECEITA CORRENTE LÍQUIDA,51967337.34
2019,Prefeitura Municipal de Forquilha - CE,CE,Precatórios (Não incluídos na DC),310564.94
2019,Prefeitura Municipal de Fortaleza - CE,CE,DÍVIDA CONSOLIDADA,1366736994.08
2019,Prefeitura Municipal de Fortaleza - CE,CE,Precatórios (inclusive) Vencidos e Não Pagos,124292593.77
2019,Prefeitura Municipal de Fortaleza - CE,CE,Disponibilidade de Caixa,1509445896.81
2019,Prefeitura Municipal de Fortaleza - CE,CE,Disponibilidade de Caixa Bruta,1520684845.41
2019,Prefeitura Municipal de Fortaleza - CE,CE,RECEITA CORRENTE LÍQUIDA,6263636029.34
2019,Prefeitura Municipal de Eusébio - CE,CE,DÍVIDA CONSOLIDADA,2386144.78
2019,Prefeitura Municipal de Eusébio - CE,CE,Disponibilidade de Caixa,171096697.03
2019,Prefeitura Municipal de Eusébio - CE,CE,Disponibilidade de Caixa Bruta,180570741.67
2019,Prefeitura Municipal de Eusébio - CE,CE,RECEITA CORRENTE LÍQUIDA,296455019.95
2019,Prefeitura Municipal de Farias Brito - CE,CE,DÍVIDA CONSOLIDADA,93089.69
2019,Prefeitura Municipal de Farias Brito - CE,CE,RECEITA CORRENTE LÍQUIDA,23747804.25
2019,Prefeitura Municipal de Deputado Irapuan Pinheiro - CE,CE,DÍVIDA CONSOLIDADA,7599940.93
2019,Prefeitura Municipal de Deputado Irapuan Pinheiro - CE,CE,Disponibilidade de Caixa,6485865.01
2019,Prefeitura Municipal de Deputado Irapuan Pinheiro - CE,CE,Disponibilidade de Caixa Bruta,6850734.74
2019,Prefeitura Municipal de Deputado Irapuan Pinheiro - CE,CE,RECEITA CORRENTE LÍQUIDA,24909450.06
2019,Prefeitura Municipal de Fortim - CE,CE,DÍVIDA CONSOLIDADA,7982091.54
2019,Prefeitura Municipal de Fortim - CE,CE,Precatórios (inclusive) Vencidos e Não Pagos,275261.98
2019,Prefeitura Municipal de Fortim - CE,CE,Disponibilidade de Caixa,2161885.07
2019,Prefeitura Municipal de Fortim - CE,CE,Disponibilidade de Caixa Bruta,3790978.83
2019,Prefeitura Municipal de Fortim - CE,CE,RECEITA CORRENTE LÍQUIDA,41853993.02
2019,Prefeitura Municipal de Frecheirinha - CE,CE,DÍVIDA CONSOLIDADA,17860.59
2019,Prefeitura Municipal de Frecheirinha - CE,CE,Disponibilidade de Caixa,5804568.9
2019,Prefeitura Municipal de Frecheirinha - CE,CE,Disponibilidade de Caixa Bruta,6496452.02
2019,Prefeitura Municipal de Frecheirinha - CE,CE,RECEITA CORRENTE LÍQUIDA,42092121.31
2019,Prefeitura Municipal de General Sampaio - CE,CE,DÍVIDA CONSOLIDADA,7199883.72
2019,Prefeitura Municipal de General Sampaio - CE,CE,Disponibilidade de Caixa,12908.74
2019,Prefeitura Municipal de General Sampaio - CE,CE,Disponibilidade de Caixa Bruta,2623362.56
2019,Prefeitura Municipal de General Sampaio - CE,CE,RECEITA CORRENTE LÍQUIDA,25017331.98
2019,Prefeitura Municipal de Granja - CE,CE,DÍVIDA CONSOLIDADA,22456771.01
2019,Prefeitura Municipal de Granja - CE,CE,Disponibilidade de Caixa,1385246.13
2019,Prefeitura Municipal de Granja - CE,CE,Disponibilidade de Caixa Bruta,7633662.18
2019,Prefeitura Municipal de Granja - CE,CE,RECEITA CORRENTE LÍQUIDA,112373309.93
2019,Prefeitura Municipal de Granjeiro - CE,CE,DÍVIDA CONSOLIDADA,11805251.36
2019,Prefeitura Municipal de Granjeiro - CE,CE,Disponibilidade de Caixa,3287176.42
2019,Prefeitura Municipal de Granjeiro - CE,CE,Disponibilidade de Caixa Bruta,3801421.55
2019,Prefeitura Municipal de Granjeiro - CE,CE,RECEITA CORRENTE LÍQUIDA,18519591.36
2019,Prefeitura Municipal de Groaíras - CE,CE,DÍVIDA CONSOLIDADA,10234683.29
2019,Prefeitura Municipal de Groaíras - CE,CE,Precatórios (inclusive) Vencidos e Não Pagos,964181.87
2019,Prefeitura Municipal de Groaíras - CE,CE,Disponibilidade de Caixa,1264653.25
2019,Prefeitura Municipal de Groaíras - CE,CE,Disponibilidade de Caixa Bruta,3486496.11
2019,Prefeitura Municipal de Groaíras - CE,CE,RECEITA CORRENTE LÍQUIDA,29546020.8
2019,Prefeitura Municipal de Groaíras - CE,CE,Precatórios (Não incluídos na DC),15000.0
2019,Prefeitura Municipal de Graça - CE,CE,DÍVIDA CONSOLIDADA,415527.83
2019,Prefeitura Municipal de Graça - CE,CE,Disponibilidade de Caixa,1983473.6
2019,Prefeitura Municipal de Graça - CE,CE,Disponibilidade de Caixa Bruta,4093008.73
2019,Prefeitura Municipal de Graça - CE,CE,RECEITA CORRENTE LÍQUIDA,41522700.82
2019,Prefeitura Municipal de Guaiúba - CE,CE,DÍVIDA CONSOLIDADA,16034925.46
2019,Prefeitura Municipal de Guaiúba - CE,CE,Disponibilidade de Caixa,3686635.88
2019,Prefeitura Municipal de Guaiúba - CE,CE,Disponibilidade de Caixa Bruta,5459953.86
2019,Prefeitura Municipal de Guaiúba - CE,CE,RECEITA CORRENTE LÍQUIDA,54130353.6
2019,Prefeitura Municipal de Guaiúba - CE,CE,Precatórios (Não incluídos na DC),265.91
2019,Prefeitura Municipal de Guaramiranga - CE,CE,DÍVIDA CONSOLIDADA,11729092.76
2019,Prefeitura Municipal de Guaramiranga - CE,CE,Precatórios (inclusive) Vencidos e Não Pagos,12373.89
2019,Prefeitura Municipal de Guaramiranga - CE,CE,Disponibilidade de Caixa,7353478.11
2019,Prefeitura Municipal de Guaramiranga - CE,CE,Disponibilidade de Caixa Bruta,8424928.28
2019,Prefeitura Municipal de Guaramiranga - CE,CE,RECEITA CORRENTE LÍQUIDA,23512160.22
2019,Prefeitura Municipal de Guaraciaba do Norte - CE,CE,DÍVIDA CONSOLIDADA,28524727.77
2019,Prefeitura Municipal de Guaraciaba do Norte - CE,CE,Disponibilidade de Caixa,18721031.71
2019,Prefeitura Municipal de Guaraciaba do Norte - CE,CE,Disponibilidade de Caixa Bruta,20547710.74
2019,Prefeitura Municipal de Guaraciaba do Norte - CE,CE,RECEITA CORRENTE LÍQUIDA,85863158.27
2019,Prefeitura Municipal de Horizonte - CE,CE,DÍVIDA CONSOLIDADA,35467892.16
2019,Prefeitura Municipal de Horizonte - CE,CE,Precatórios (inclusive) Vencidos e Não Pagos,3962960.61
2019,Prefeitura Municipal de Horizonte - CE,CE,Disponibilidade de Caixa,19341821.84
2019,Prefeitura Municipal de Horizonte - CE,CE,Disponibilidade de Caixa Bruta,22912841.92
2019,Prefeitura Municipal de Horizonte - CE,CE,RECEITA CORRENTE LÍQUIDA,181565122.16
2019,Prefeitura Municipal de Hidrolândia - CE,CE,DÍVIDA CONSOLIDADA,6960776.54
2019,Prefeitura Municipal de Hidrolândia - CE,CE,Disponibilidade de Caixa Bruta,3181798.28
2019,Prefeitura Municipal de Hidrolândia - CE,CE,RECEITA CORRENTE LÍQUIDA,41302262.44
2019,Prefeitura Municipal de Ibaretama - CE,CE,DÍVIDA CONSOLIDADA,10979557.25
2019,Prefeitura Municipal de Ibaretama - CE,CE,Disponibilidade de Caixa Bruta,2905539.3
2019,Prefeitura Municipal de Ibaretama - CE,CE,RECEITA CORRENTE LÍQUIDA,28998760.28
2019,Prefeitura Municipal de Ibiapina - CE,CE,DÍVIDA CONSOLIDADA,5283156.05
2019,Prefeitura Municipal de Ibiapina - CE,CE,Disponibilidade de Caixa,6146451.75
2019,Prefeitura Municipal de Ibiapina - CE,CE,Disponibilidade de Caixa Bruta,7095842.58
2019,Prefeitura Municipal de Ibiapina - CE,CE,RECEITA CORRENTE LÍQUIDA,58534140.73
2019,Prefeitura Municipal de Ibiapina - CE,CE,Precatórios (Não incluídos na DC),21808.27
2019,Prefeitura Municipal de Icapuí - CE,CE,DÍVIDA CONSOLIDADA,46922723.5
2019,Prefeitura Municipal de Icapuí - CE,CE,Disponibilidade de Caixa,3118806.68
2019,Prefeitura Municipal de Icapuí - CE,CE,Disponibilidade de Caixa Bruta,8589656.69
2019,Prefeitura Municipal de Icapuí - CE,CE,RECEITA CORRENTE LÍQUIDA,69859256.04
2019,Prefeitura Municipal de Ibicuitinga - CE,CE,DÍVIDA CONSOLIDADA,20116336.43
2019,Prefeitura Municipal de Ibicuitinga - CE,CE,Disponibilidade de Caixa,2056429.63
2019,Prefeitura Municipal de Ibicuitinga - CE,CE,Disponibilidade de Caixa Bruta,4919440.16
2019,Prefeitura Municipal de Ibicuitinga - CE,CE,RECEITA CORRENTE LÍQUIDA,34920219.91
2019,Prefeitura Municipal de Iguatu - CE,CE,DÍVIDA CONSOLIDADA,91563756.73
2019,Prefeitura Municipal de Iguatu - CE,CE,Disponibilidade de Caixa,18911374.84
2019,Prefeitura Municipal de Iguatu - CE,CE,Disponibilidade de Caixa Bruta,18911374.84
2019,Prefeitura Municipal de Iguatu - CE,CE,RECEITA CORRENTE LÍQUIDA,226935220.82
2019,Prefeitura Municipal de Independência - CE,CE,Disponibilidade de Caixa,4233452.6
2019,Prefeitura Municipal de Independência - CE,CE,Disponibilidade de Caixa Bruta,8140782.0
2019,Prefeitura Municipal de Independência - CE,CE,RECEITA CORRENTE LÍQUIDA,42272235.0
2019,Prefeitura Municipal de Independência - CE,CE,Precatórios (Não incluídos na DC),45494.7
2019,Prefeitura Municipal de Icó - CE,CE,DÍVIDA CONSOLIDADA,78555679.13
2019,Prefeitura Municipal de Icó - CE,CE,Disponibilidade de Caixa,21053606.22
2019,Prefeitura Municipal de Icó - CE,CE,Disponibilidade de Caixa Bruta,48001126.37
2019,Prefeitura Municipal de Icó - CE,CE,RECEITA CORRENTE LÍQUIDA,133719025.82
2019,Prefeitura Municipal de Ipu - CE,CE,Disponibilidade de Caixa,60749333.47
2019,Prefeitura Municipal de Ipu - CE,CE,Disponibilidade de Caixa Bruta,50968213.62
2019,Prefeitura Municipal de Ipu - CE,CE,RECEITA CORRENTE LÍQUIDA,93365222.37
2019,Prefeitura Municipal de Ipueiras - CE,CE,DÍVIDA CONSOLIDADA,7204912.87
2019,Prefeitura Municipal de Ipueiras - CE,CE,Disponibilidade de Caixa,3134297.9
2019,Prefeitura Municipal de Ipueiras - CE,CE,Disponibilidade de Caixa Bruta,7220312.01
2019,Prefeitura Municipal de Ipueiras - CE,CE,RECEITA CORRENTE LÍQUIDA,79589648.44
2019,Prefeitura Municipal de Ipaumirim - CE,CE,DÍVIDA CONSOLIDADA,6984935.37
2019,Prefeitura Municipal de Ipaumirim - CE,CE,Disponibilidade de Caixa,322329.11
2019,Prefeitura Municipal de Ipaumirim - CE,CE,Disponibilidade de Caixa Bruta,2369627.54
2019,Prefeitura Municipal de Ipaumirim - CE,CE,RECEITA CORRENTE LÍQUIDA,27447672.31
2019,Prefeitura Municipal de Ipaumirim - CE,CE,Precatórios (Não incluídos na DC),2507010.67
2019,Prefeitura Municipal de Iracema - CE,CE,DÍVIDA CONSOLIDADA,20788937.41
2019,Prefeitura Municipal de Iracema - CE,CE,Precatórios (inclusive) Vencidos e Não Pagos,255803.47
2019,Prefeitura Municipal de Iracema - CE,CE,Disponibilidade de Caixa,7900023.39
2019,Prefeitura Municipal de Iracema - CE,CE,Disponibilidade de Caixa Bruta,8789906.62
2019,Prefeitura Municipal de Iracema - CE,CE,RECEITA CORRENTE LÍQUIDA,41941900.48
2019,Prefeitura Municipal de Itaiçaba - CE,CE,DÍVIDA CONSOLIDADA,18497800.6
2019,Prefeitura Municipal de Itaiçaba - CE,CE,Disponibilidade de Caixa,3281456.43
2019,Prefeitura Municipal de Itaiçaba - CE,CE,Disponibilidade de Caixa Bruta,4149723.36
2019,Prefeitura Municipal de Itaiçaba - CE,CE,RECEITA CORRENTE LÍQUIDA,21609734.99
2019,Prefeitura Municipal de Itaitinga - CE,CE,DÍVIDA CONSOLIDADA,11090826.86
2019,Prefeitura Municipal de Itaitinga - CE,CE,Disponibilidade de Caixa,3035422.4
2019,Prefeitura Municipal de Itaitinga - CE,CE,Disponibilidade de Caixa Bruta,10643957.12
2019,Prefeitura Municipal de Itaitinga - CE,CE,RECEITA CORRENTE LÍQUIDA,93791165.55
2019,Prefeitura Municipal de Irauçuba - CE,CE,DÍVIDA CONSOLIDADA,20418653.04
2019,Prefeitura Municipal de Irauçuba - CE,CE,Disponibilidade de Caixa,39250648.45
2019,Prefeitura Municipal de Irauçuba - CE,CE,Disponibilidade de Caixa Bruta,41192552.96
2019,Prefeitura Municipal de Irauçuba - CE,CE,RECEITA CORRENTE LÍQUIDA,56018654.2
2019,Prefeitura Municipal de Irauçuba - CE,CE,Precatórios (Não incluídos na DC),13137.42
2019,Prefeitura Municipal de Itapajé - CE,CE,DÍVIDA CONSOLIDADA,12445456.38
2019,Prefeitura Municipal de Itapajé - CE,CE,Disponibilidade de Caixa,65070487.9
2019,Prefeitura Municipal de Itapajé - CE,CE,Disponibilidade de Caixa Bruta,71275873.4
2019,Prefeitura Municipal de Itapajé - CE,CE,RECEITA CORRENTE LÍQUIDA,99163115.56
2019,Prefeitura Municipal de Itapipoca - CE,CE,DÍVIDA CONSOLIDADA,57269919.98
2019,Prefeitura Municipal de Itapipoca - CE,CE,Disponibilidade de Caixa,22202730.33
2019,Prefeitura Municipal de Itapipoca - CE,CE,Disponibilidade de Caixa Bruta,25746834.04
2019,Prefeitura Municipal de Itapipoca - CE,CE,RECEITA CORRENTE LÍQUIDA,265533732.14
2019,Prefeitura Municipal de Itarema - CE,CE,DÍVIDA CONSOLIDADA,12581929.94
2019,Prefeitura Municipal de Itarema - CE,CE,Disponibilidade de Caixa Bruta,6736512.91
2019,Prefeitura Municipal de Itarema - CE,CE,RECEITA CORRENTE LÍQUIDA,110712000.5
2019,Prefeitura Municipal de Jaguaretama - CE,CE,DÍVIDA CONSOLIDADA,35459006.72
2019,Prefeitura Municipal de Jaguaretama - CE,CE,Precatórios (inclusive) Vencidos e Não Pagos,1312969.87
2019,Prefeitura Municipal de Jaguaretama - CE,CE,Disponibilidade de Caixa,15968667.55
2019,Prefeitura Municipal de Jaguaretama - CE,CE,Disponibilidade de Caixa Bruta,18012306.09
2019,Prefeitura Municipal de Jaguaretama - CE,CE,RECEITA CORRENTE LÍQUIDA,51937824.88
2019,Prefeitura Municipal de Itapiúna - CE,CE,DÍVIDA CONSOLIDADA,24899713.78
2019,Prefeitura Municipal de Itapiúna - CE,CE,Disponibilidade de Caixa,13929662.14
2019,Prefeitura Municipal de Itapiúna - CE,CE,Disponibilidade de Caixa Bruta,18654254.65
2019,Prefeitura Municipal de Itapiúna - CE,CE,RECEITA CORRENTE LÍQUIDA,41538740.39
2019,Prefeitura Municipal de Itapiúna - CE,CE,Precatórios (Não incluídos na DC),36850.14
2019,Prefeitura Municipal de Jaguaribara - CE,CE,DÍVIDA CONSOLIDADA,15454045.64
2019,Prefeitura Municipal de Jaguaribara - CE,CE,Disponibilidade de Caixa,2071479.66
2019,Prefeitura Municipal de Jaguaribara - CE,CE,Disponibilidade de Caixa Bruta,3670906.75
2019,Prefeitura Municipal de Jaguaribara - CE,CE,RECEITA CORRENTE LÍQUIDA,30941742.72
2019,Prefeitura Municipal de Jaguaruana - CE,CE,DÍVIDA CONSOLIDADA,36574453.11
2019,Prefeitura Municipal de Jaguaruana - CE,CE,Disponibilidade de Caixa,3842572.47
2019,Prefeitura Municipal de Jaguaruana - CE,CE,Disponibilidade de Caixa Bruta,6992948.59
2019,Prefeitura Municipal de Jaguaruana - CE,CE,RECEITA CORRENTE LÍQUIDA,66124834.33
2019,Prefeitura Municipal de Jardim - CE,CE,DÍVIDA CONSOLIDADA,4442422.36
2019,Prefeitura Municipal de Jardim - CE,CE,Precatórios (inclusive) Vencidos e Não Pagos,34717.09
2019,Prefeitura Municipal de Jardim - CE,CE,Disponibilidade de Caixa,2412270.03
2019,Prefeitura Municipal de Jardim - CE,CE,Disponibilidade de Caixa Bruta,6804965.23
2019,Prefeitura Municipal de Jardim - CE,CE,RECEITA CORRENTE LÍQUIDA,58723911.11
2019,Prefeitura Municipal de Jardim - CE,CE,Precatórios (Não incluídos na DC),479852.34
2019,Prefeitura Municipal de Jati - CE,CE,DÍVIDA CONSOLIDADA,3796777.48
2019,Prefeitura Municipal de Jati - CE,CE,Disponibilidade de Caixa,4816861.24
2019,Prefeitura Municipal de Jati - CE,CE,Disponibilidade de Caixa Bruta,4816861.24
2019,Prefeitura Municipal de Jati - CE,CE,RECEITA CORRENTE LÍQUIDA,26594404.34
2019,Prefeitura Municipal de Jijoca de Jericoacoara - CE,CE,DÍVIDA CONSOLIDADA,9977184.97
2019,Prefeitura Municipal de Jijoca de Jericoacoara - CE,CE,Disponibilidade de Caixa,3135601.47
2019,Prefeitura Municipal de Jijoca de Jericoacoara - CE,CE,Disponibilidade de Caixa Bruta,6425196.73
2019,Prefeitura Municipal de Jijoca de Jericoacoara - CE,CE,RECEITA CORRENTE LÍQUIDA,73690446.27
2019,Prefeitura Municipal de Jijoca de Jericoacoara - CE,CE,Precatórios (Não incluídos na DC),809.78
2019,Prefeitura Municipal de Jucás - CE,CE,DÍVIDA CONSOLIDADA,23635711.98
2019,Prefeitura Municipal de Jucás - CE,CE,Precatórios (inclusive) Vencidos e Não Pagos,7770.74
2019,Prefeitura Municipal de Jucás - CE,CE,Disponibilidade de Caixa,22514373.29
2019,Prefeitura Municipal de Jucás - CE,CE,Disponibilidade de Caixa Bruta,26116051.02
2019,Prefeitura Municipal de Jucás - CE,CE,RECEITA CORRENTE LÍQUIDA,76801026.91
2019,Prefeitura Municipal de Juazeiro do Norte - CE,CE,DÍVIDA CONSOLIDADA,151372042.38
2019,Prefeitura Municipal de Juazeiro do Norte - CE,CE,Disponibilidade de Caixa,342367100.9
2019,Prefeitura Municipal de Juazeiro do Norte - CE,CE,Disponibilidade de Caixa Bruta,378123736.35
2019,Prefeitura Municipal de Juazeiro do Norte - CE,CE,RECEITA CORRENTE LÍQUIDA,515122491.2
2019,Prefeitura Municipal de Juazeiro do Norte - CE,CE,Precatórios (Não incluídos na DC),114916.27
2019,Prefeitura Municipal de Madalena - CE,CE,DÍVIDA CONSOLIDADA,19239423.73
2019,Prefeitura Municipal de Madalena - CE,CE,Disponibilidade de Caixa Bruta,1516582.52
2019,Prefeitura Municipal de Madalena - CE,CE,RECEITA CORRENTE LÍQUIDA,39591513.6
2019,Prefeitura Municipal de Lavras da Mangabeira - CE,CE,DÍVIDA CONSOLIDADA,27344663.81
2019,Prefeitura Municipal de Lavras da Mangabeira - CE,CE,Disponibilidade de Caixa,8438671.3
2019,Prefeitura Municipal de Lavras da Mangabeira - CE,CE,Disponibilidade de Caixa Bruta,11379512.11
2019,Prefeitura Municipal de Lavras da Mangabeira - CE,CE,RECEITA CORRENTE LÍQUIDA,71126965.03
2019,Prefeitura Municipal de Limoeiro do Norte - CE,CE,DÍVIDA CONSOLIDADA,78419937.14
2019,Prefeitura Municipal de Limoeiro do Norte - CE,CE,Disponibilidade de Caixa,10137606.75
2019,Prefeitura Municipal de Limoeiro do Norte - CE,CE,Disponibilidade de Caixa Bruta,31934919.07
2019,Prefeitura Municipal de Limoeiro do Norte - CE,CE,RECEITA CORRENTE LÍQUIDA,137232731.98
2019,Prefeitura Municipal de Limoeiro do Norte - CE,CE,Precatórios (Não incluídos na DC),61910.05
2019,Prefeitura Municipal de Maranguape - CE,CE,DÍVIDA CONSOLIDADA,10684357.9
2019,Prefeitura Municipal de Maranguape - CE,CE,Disponibilidade de Caixa,71921155.5
2019,Prefeitura Municipal de Maranguape - CE,CE,Disponibilidade de Caixa Bruta,84476421.1
2019,Prefeitura Municipal de Maranguape - CE,CE,RECEITA CORRENTE LÍQUIDA,192684632.12
2019,Prefeitura Municipal de Maracanaú - CE,CE,DÍVIDA CONSOLIDADA,164670904.73
2019,Prefeitura Municipal de Maracanaú - CE,CE,Disponibilidade de Caixa,164692169.9
2019,Prefeitura Municipal de Maracanaú - CE,CE,Disponibilidade de Caixa Bruta,167063707.29
2019,Prefeitura Municipal de Maracanaú - CE,CE,RECEITA CORRENTE LÍQUIDA,673948464.11
2019,Prefeitura Municipal de Maracanaú - CE,CE,Precatórios (Não incluídos na DC),458612.86
2019,Prefeitura Municipal de Martinópole - CE,CE,DÍVIDA CONSOLIDADA,4421040.06
2019,Prefeitura Municipal de Martinópole - CE,CE,Disponibilidade de Caixa Bruta,1914527.67
2019,Prefeitura Municipal de Martinópole - CE,CE,RECEITA CORRENTE LÍQUIDA,28097494.67
2019,Prefeitura Municipal de Martinópole - CE,CE,Precatórios (Não incluídos na DC),935.48
2019,Prefeitura Municipal de Mauriti - CE,CE,DÍVIDA CONSOLIDADA,10877810.58
2019,Prefeitura Municipal de Mauriti - CE,CE,Disponibilidade de Caixa,6418641.49
2019,Prefeitura Municipal de Mauriti - CE,CE,Disponibilidade de Caixa Bruta,9161850.99
2019,Prefeitura Municipal de Mauriti - CE,CE,RECEITA CORRENTE LÍQUIDA,90056043.69
2019,Prefeitura Municipal de Massapê - CE,CE,DÍVIDA CONSOLIDADA,5122495.72
2019,Prefeitura Municipal de Massapê - CE,CE,Disponibilidade de Caixa,8853254.49
2019,Prefeitura Municipal de Massapê - CE,CE,Disponibilidade de Caixa Bruta,12894025.27
2019,Prefeitura Municipal de Massapê - CE,CE,RECEITA CORRENTE LÍQUIDA,67747100.53
2019,Prefeitura Municipal de Milagres - CE,CE,DÍVIDA CONSOLIDADA,2385740.88
2019,Prefeitura Municipal de Milagres - CE,CE,RECEITA CORRENTE LÍQUIDA,57727269.2
2019,Prefeitura Municipal de Meruoca - CE,CE,DÍVIDA CONSOLIDADA,5007742.13
2019,Prefeitura Municipal de Meruoca - CE,CE,Disponibilidade de Caixa,110278.84
2019,Prefeitura Municipal de Meruoca - CE,CE,Disponibilidade de Caixa Bruta,2624671.83
2019,Prefeitura Municipal de Meruoca - CE,CE,RECEITA CORRENTE LÍQUIDA,38877578.29
2019,Prefeitura Municipal de Miraíma - CE,CE,DÍVIDA CONSOLIDADA,10448556.04
2019,Prefeitura Municipal de Miraíma - CE,CE,Disponibilidade de Caixa,961394.27
2019,Prefeitura Municipal de Miraíma - CE,CE,Disponibilidade de Caixa Bruta,1576277.5
2019,Prefeitura Municipal de Miraíma - CE,CE,RECEITA CORRENTE LÍQUIDA,29791732.3
2019,Prefeitura Municipal de Missão Velha - CE,CE,DÍVIDA CONSOLIDADA,39390574.67
2019,Prefeitura Municipal de Missão Velha - CE,CE,RECEITA CORRENTE LÍQUIDA,81836133.43
2019,Prefeitura Municipal de Mombaça - CE,CE,DÍVIDA CONSOLIDADA,51293926.74
2019,Prefeitura Municipal de Mombaça - CE,CE,Disponibilidade de Caixa,2979397.46
2019,Prefeitura Municipal de Mombaça - CE,CE,Disponibilidade de Caixa Bruta,5509327.52
2019,Prefeitura Municipal de Mombaça - CE,CE,RECEITA CORRENTE LÍQUIDA,78719830.45
2019,Prefeitura Municipal de Monsenhor Tabosa - CE,CE,DÍVIDA CONSOLIDADA,-11602333.42
2019,Prefeitura Municipal de Monsenhor Tabosa - CE,CE,Disponibilidade de Caixa,637536.78
2019,Prefeitura Municipal de Monsenhor Tabosa - CE,CE,Disponibilidade de Caixa Bruta,4577746.26
2019,Prefeitura Municipal de Monsenhor Tabosa - CE,CE,RECEITA CORRENTE LÍQUIDA,46339508.95
2019,Prefeitura Municipal de Morrinhos - CE,CE,DÍVIDA CONSOLIDADA,8774562.25
2019,Prefeitura Municipal de Morrinhos - CE,CE,Disponibilidade de Caixa,5519682.4
2019,Prefeitura Municipal de Morrinhos - CE,CE,Disponibilidade de Caixa Bruta,7243084.38
2019,Prefeitura Municipal de Morrinhos - CE,CE,RECEITA CORRENTE LÍQUIDA,45267811.93
2019,Prefeitura Municipal de Morada Nova - CE,CE,DÍVIDA CONSOLIDADA,45414615.68
2019,Prefeitura Municipal de Morada Nova - CE,CE,Disponibilidade de Caixa,57562755.38
2019,Prefeitura Municipal de Morada Nova - CE,CE,Disponibilidade de Caixa Bruta,61219871.06
2019,Prefeitura Municipal de Morada Nova - CE,CE,RECEITA CORRENTE LÍQUIDA,181515568.64
2019,Prefeitura Municipal de Nova Russas - CE,CE,DÍVIDA CONSOLIDADA,3403616.27
2019,Prefeitura Municipal de Nova Russas - CE,CE,Disponibilidade de Caixa,560834.41
2019,Prefeitura Municipal de Nova Russas - CE,CE,Disponibilidade de Caixa Bruta,6811449.58
2019,Prefeitura Municipal de Nova Russas - CE,CE,RECEITA CORRENTE LÍQUIDA,68465668.85
2019,Prefeitura Municipal de Nova Russas - CE,CE,Precatórios (Não incluídos na DC),29123.45
2019,Prefeitura Municipal de Mulungu - CE,CE,DÍVIDA CONSOLIDADA,16365384.12
2019,Prefeitura Municipal de Mulungu - CE,CE,Disponibilidade de Caixa Bruta,3699376.48
2019,Prefeitura Municipal de Mulungu - CE,CE,RECEITA CORRENTE LÍQUIDA,27751331.98
2019,Prefeitura Municipal de Ocara - CE,CE,DÍVIDA CONSOLIDADA,19047440.84
2019,Prefeitura Municipal de Ocara - CE,CE,Disponibilidade de Caixa,50418192.97
2019,Prefeitura Municipal de Ocara - CE,CE,Disponibilidade de Caixa Bruta,54357273.75
2019,Prefeitura Municipal de Ocara - CE,CE,RECEITA CORRENTE LÍQUIDA,61234924.72
2019,Prefeitura Municipal de Ocara - CE,CE,Precatórios (Não incluídos na DC),5619.38
2019,Prefeitura Municipal de Novo Oriente - CE,CE,DÍVIDA CONSOLIDADA,34628840.2
2019,Prefeitura Municipal de Novo Oriente - CE,CE,Precatórios (inclusive) Vencidos e Não Pagos,200552.78
2019,Prefeitura Municipal de Novo Oriente - CE,CE,Disponibilidade de Caixa,3079636.83
2019,Prefeitura Municipal de Novo Oriente - CE,CE,Disponibilidade de Caixa Bruta,6800547.14
2019,Prefeitura Municipal de Novo Oriente - CE,CE,RECEITA CORRENTE LÍQUIDA,61507420.0
2019,Prefeitura Municipal de Pacajus - CE,CE,DÍVIDA CONSOLIDADA,61337700.47
2019,Prefeitura Municipal de Pacajus - CE,CE,Disponibilidade de Caixa,36887039.17
2019,Prefeitura Municipal de Pacajus - CE,CE,Disponibilidade de Caixa Bruta,44559772.84
2019,Prefeitura Municipal de Pacajus - CE,CE,RECEITA CORRENTE LÍQUIDA,131326969.77
2019,Prefeitura Municipal de Pacatuba - CE,CE,DÍVIDA CONSOLIDADA,27298516.69
2019,Prefeitura Municipal de Pacatuba - CE,CE,Disponibilidade de Caixa Bruta,7455049.91
2019,Prefeitura Municipal de Pacatuba - CE,CE,RECEITA CORRENTE LÍQUIDA,150909539.31
2019,Prefeitura Municipal de Pacoti - CE,CE,DÍVIDA CONSOLIDADA,4639344.42
2019,Prefeitura Municipal de Pacoti - CE,CE,Disponibilidade de Caixa Bruta,2029566.24
2019,Prefeitura Municipal de Pacoti - CE,CE,RECEITA CORRENTE LÍQUIDA,28269875.47
2019,Prefeitura Municipal de Pacujá - CE,CE,DÍVIDA CONSOLIDADA,15448399.47
2019,Prefeitura Municipal de Pacujá - CE,CE,Disponibilidade de Caixa,6412794.8
2019,Prefeitura Municipal de Pacujá - CE,CE,Disponibilidade de Caixa Bruta,7491811.15
2019,Prefeitura Municipal de Pacujá - CE,CE,RECEITA CORRENTE LÍQUIDA,22941585.78
2019,Prefeitura Municipal de Paracuru - CE,CE,DÍVIDA CONSOLIDADA,48896212.97
2019,Prefeitura Municipal de Paracuru - CE,CE,Disponibilidade de Caixa,9972860.48
2019,Prefeitura Municipal de Paracuru - CE,CE,Disponibilidade de Caixa Bruta,12087628.92
2019,Prefeitura Municipal de Paracuru - CE,CE,RECEITA CORRENTE LÍQUIDA,86477950.67
2019,Prefeitura Municipal de Palhano - CE,CE,DÍVIDA CONSOLIDADA,31689039.22
2019,Prefeitura Municipal de Palhano - CE,CE,Disponibilidade de Caixa Bruta,1770619.12
2019,Prefeitura Municipal de Palhano - CE,CE,RECEITA CORRENTE LÍQUIDA,24023824.36
2019,Prefeitura Municipal de Paraipaba - CE,CE,DÍVIDA CONSOLIDADA,24275912.21
2019,Prefeitura Municipal de Paraipaba - CE,CE,Precatórios (inclusive) Vencidos e Não Pagos,67079.05
2019,Prefeitura Municipal de Paraipaba - CE,CE,Disponibilidade de Caixa,7269706.7
2019,Prefeitura Municipal de Paraipaba - CE,CE,Disponibilidade de Caixa Bruta,9041682.58
2019,Prefeitura Municipal de Paraipaba - CE,CE,RECEITA CORRENTE LÍQUIDA,79641129.12
2019,Prefeitura Municipal de Palmácia - CE,CE,DÍVIDA CONSOLIDADA,21555063.28
2019,Prefeitura Municipal de Palmácia - CE,CE,Disponibilidade de Caixa,2039148.52
2019,Prefeitura Municipal de Palmácia - CE,CE,Disponibilidade de Caixa Bruta,2899554.59
2019,Prefeitura Municipal de Palmácia - CE,CE,RECEITA CORRENTE LÍQUIDA,27095334.74
2019,Prefeitura Municipal de Paramoti - CE,CE,DÍVIDA CONSOLIDADA,11198296.92
2019,Prefeitura Municipal de Paramoti - CE,CE,Disponibilidade de Caixa,1658275.52
2019,Prefeitura Municipal de Paramoti - CE,CE,Disponibilidade de Caixa Bruta,4491435.29
2019,Prefeitura Municipal de Paramoti - CE,CE,RECEITA CORRENTE LÍQUIDA,26720595.69
2019,Prefeitura Municipal de Pentecoste - CE,CE,DÍVIDA CONSOLIDADA,29430188.95
2019,Prefeitura Municipal de Pentecoste - CE,CE,Disponibilidade de Caixa,2618631.27
2019,Prefeitura Municipal de Pentecoste - CE,CE,Disponibilidade de Caixa Bruta,6004068.23
2019,Prefeitura Municipal de Pentecoste - CE,CE,RECEITA CORRENTE LÍQUIDA,80376077.54
2019,Prefeitura Municipal de Penaforte - CE,CE,DÍVIDA CONSOLIDADA,255882.63
2019,Prefeitura Municipal de Penaforte - CE,CE,RECEITA CORRENTE LÍQUIDA,11983633.92
2019,Prefeitura Municipal de Pindoretama - CE,CE,Disponibilidade de Caixa,2693110.54
2019,Prefeitura Municipal de Pindoretama - CE,CE,Disponibilidade de Caixa Bruta,4098807.58
2019,Prefeitura Municipal de Pindoretama - CE,CE,RECEITA CORRENTE LÍQUIDA,52677255.23
2019,Prefeitura Municipal de Piquet Carneiro - CE,CE,DÍVIDA CONSOLIDADA,8075386.21
2019,Prefeitura Municipal de Piquet Carneiro - CE,CE,Disponibilidade de Caixa,9676438.75
2019,Prefeitura Municipal de Piquet Carneiro - CE,CE,Disponibilidade de Caixa Bruta,10742179.47
2019,Prefeitura Municipal de Piquet Carneiro - CE,CE,RECEITA CORRENTE LÍQUIDA,47074449.71
2019,Prefeitura Municipal de Pires Ferreira - CE,CE,DÍVIDA CONSOLIDADA,409683.29
2019,Prefeitura Municipal de Pires Ferreira - CE,CE,Disponibilidade de Caixa,2228173.57
2019,Prefeitura Municipal de Pires Ferreira - CE,CE,Disponibilidade de Caixa Bruta,3457870.03
2019,Prefeitura Municipal de Pires Ferreira - CE,CE,RECEITA CORRENTE LÍQUIDA,26400551.03
2019,Prefeitura Municipal de Pires Ferreira - CE,CE,Precatórios (Não incluídos na DC),1115.7
2019,Prefeitura Municipal de Potengi - CE,CE,DÍVIDA CONSOLIDADA,10575457.84
2019,Prefeitura Municipal de Potengi - CE,CE,Disponibilidade de Caixa Bruta,1968489.74
2019,Prefeitura Municipal de Potengi - CE,CE,RECEITA CORRENTE LÍQUIDA,25068049.3
2019,Prefeitura Municipal de Porteiras - CE,CE,DÍVIDA CONSOLIDADA,1731734.68
2019,Prefeitura Municipal de Porteiras - CE,CE,Disponibilidade de Caixa,10867740.95
2019,Prefeitura Municipal de Porteiras - CE,CE,Disponibilidade de Caixa Bruta,11808979.94
2019,Prefeitura Municipal de Porteiras - CE,CE,RECEITA CORRENTE LÍQUIDA,43795205.6
2019,Prefeitura Municipal de Quixadá - CE,CE,DÍVIDA CONSOLIDADA,42098644.93
2019,Prefeitura Municipal de Quixadá - CE,CE,Precatórios (inclusive) Vencidos e Não Pagos,154692.12
2019,Prefeitura Municipal de Quixadá - CE,CE,Disponibilidade de Caixa,1519037.85
2019,Prefeitura Municipal de Quixadá - CE,CE,Disponibilidade de Caixa Bruta,16722724.64
2019,Prefeitura Municipal de Quixadá - CE,CE,RECEITA CORRENTE LÍQUIDA,168764334.63
2019,Prefeitura Municipal de Quixadá - CE,CE,Precatórios (Não incluídos na DC),60738.69
2019,Prefeitura Municipal de Quixelô - CE,CE,DÍVIDA CONSOLIDADA,6584257.08
2019,Prefeitura Municipal de Quixelô - CE,CE,Disponibilidade de Caixa Bruta,2728794.5
2019,Prefeitura Municipal de Quixelô - CE,CE,RECEITA CORRENTE LÍQUIDA,37431959.89
2019,Prefeitura Municipal de Potiretama - CE,CE,DÍVIDA CONSOLIDADA,9957837.97
2019,Prefeitura Municipal de Potiretama - CE,CE,Disponibilidade de Caixa Bruta,4136399.64
2019,Prefeitura Municipal de Potiretama - CE,CE,RECEITA CORRENTE LÍQUIDA,21862376.69
2019,Prefeitura Municipal de Reriutaba - CE,CE,DÍVIDA CONSOLIDADA,13933458.84
2019,Prefeitura Municipal de Reriutaba - CE,CE,Disponibilidade de Caixa Bruta,4740235.88
2019,Prefeitura Municipal de Reriutaba - CE,CE,RECEITA CORRENTE LÍQUIDA,46506610.43
2019,Prefeitura Municipal de Quixeramobim - CE,CE,DÍVIDA CONSOLIDADA,80003508.44
2019,Prefeitura Municipal de Quixeramobim - CE,CE,Disponibilidade de Caixa,10715124.97
2019,Prefeitura Municipal de Quixeramobim - CE,CE,Disponibilidade de Caixa Bruta,23845481.77
2019,Prefeitura Municipal de Quixeramobim - CE,CE,RECEITA CORRENTE LÍQUIDA,169931737.85
2019,Prefeitura Municipal de Redenção - CE,CE,DÍVIDA CONSOLIDADA,22435173.71
2019,Prefeitura Municipal de Redenção - CE,CE,Disponibilidade de Caixa,7352131.72
2019,Prefeitura Municipal de Redenção - CE,CE,Disponibilidade de Caixa Bruta,14012972.33
2019,Prefeitura Municipal de Redenção - CE,CE,RECEITA CORRENTE LÍQUIDA,65875699.37
2019,Prefeitura Municipal de Russas - CE,CE,DÍVIDA CONSOLIDADA,28170036.19
2019,Prefeitura Municipal de Russas - CE,CE,Disponibilidade de Caixa,17096680.38
2019,Prefeitura Municipal de Russas - CE,CE,Disponibilidade de Caixa Bruta,20849060.75
2019,Prefeitura Municipal de Russas - CE,CE,RECEITA CORRENTE LÍQUIDA,156477791.87
2019,Prefeitura Municipal de Santana do Acaraú - CE,CE,DÍVIDA CONSOLIDADA,40223412.07
2019,Prefeitura Municipal de Santana do Acaraú - CE,CE,Disponibilidade de Caixa,5908809.72
2019,Prefeitura Municipal de Santana do Acaraú - CE,CE,Disponibilidade de Caixa Bruta,9930202.02
2019,Prefeitura Municipal de Santana do Acaraú - CE,CE,RECEITA CORRENTE LÍQUIDA,60103878.64
2019,Prefeitura Municipal de Saboeiro - CE,CE,DÍVIDA CONSOLIDADA,19205424.02
2019,Prefeitura Municipal de Saboeiro - CE,CE,Disponibilidade de Caixa,1189918.11
2019,Prefeitura Municipal de Saboeiro - CE,CE,Disponibilidade de Caixa Bruta,3769268.42
2019,Prefeitura Municipal de Saboeiro - CE,CE,RECEITA CORRENTE LÍQUIDA,37236956.28
2019,Prefeitura Municipal de Santana do Cariri - CE,CE,DÍVIDA CONSOLIDADA,17040748.94
2019,Prefeitura Municipal de Santana do Cariri - CE,CE,Disponibilidade de Caixa,15989851.68
2019,Prefeitura Municipal de Santana do Cariri - CE,CE,Disponibilidade de Caixa Bruta,19592484.74
2019,Prefeitura Municipal de Santana do Cariri - CE,CE,RECEITA CORRENTE LÍQUIDA,42206058.27
2019,Prefeitura Municipal de Santana do Cariri - CE,CE,Precatórios (Não incluídos na DC),30.29
2019,Prefeitura Municipal de São Benedito - CE,CE,DÍVIDA CONSOLIDADA,18460252.68
2019,Prefeitura Municipal de São Benedito - CE,CE,Disponibilidade de Caixa,21995586.17
2019,Prefeitura Municipal de São Benedito - CE,CE,Disponibilidade de Caixa Bruta,9722210.02
2019,Prefeitura Municipal de São Benedito - CE,CE,RECEITA CORRENTE LÍQUIDA,101176948.15
2019,Prefeitura Municipal de São Gonçalo do Amarante - CE,CE,DÍVIDA CONSOLIDADA,41454931.71
2019,Prefeitura Municipal de São Gonçalo do Amarante - CE,CE,Disponibilidade de Caixa,142150830.42
2019,Prefeitura Municipal de São Gonçalo do Amarante - CE,CE,Disponibilidade de Caixa Bruta,145759817.96
2019,Prefeitura Municipal de São Gonçalo do Amarante - CE,CE,RECEITA CORRENTE LÍQUIDA,236300875.28
2019,Prefeitura Municipal de Santa Quitéria - CE,CE,DÍVIDA CONSOLIDADA,6029922.22
2019,Prefeitura Municipal de Santa Quitéria - CE,CE,Disponibilidade de Caixa,27767744.25
2019,Prefeitura Municipal de Santa Quitéria - CE,CE,Disponibilidade de Caixa Bruta,39125375.96
2019,Prefeitura Municipal de Santa Quitéria - CE,CE,RECEITA CORRENTE LÍQUIDA,88533302.5
2019,Prefeitura Municipal de São João do Jaguaribe - CE,CE,DÍVIDA CONSOLIDADA,3474822.47
2019,Prefeitura Municipal de São João do Jaguaribe - CE,CE,Disponibilidade de Caixa,2061596.77
2019,Prefeitura Municipal de São João do Jaguaribe - CE,CE,Disponibilidade de Caixa Bruta,2170089.79
2019,Prefeitura Municipal de São João do Jaguaribe - CE,CE,RECEITA CORRENTE LÍQUIDA,21184167.33
2019,Prefeitura Municipal de Sobral - CE,CE,DÍVIDA CONSOLIDADA,28495221.37
2019,Prefeitura Municipal de Sobral - CE,CE,Disponibilidade de Caixa,98273885.05
2019,Prefeitura Municipal de Sobral - CE,CE,Disponibilidade de Caixa Bruta,122568605.94
2019,Prefeitura Municipal de Sobral - CE,CE,RECEITA CORRENTE LÍQUIDA,634213775.08
2019,Prefeitura Municipal de São Luís do Curu - CE,CE,DÍVIDA CONSOLIDADA,6342296.28
2019,Prefeitura Municipal de São Luís do Curu - CE,CE,Disponibilidade de Caixa,4218301.88
2019,Prefeitura Municipal de São Luís do Curu - CE,CE,Disponibilidade de Caixa Bruta,5464454.75
2019,Prefeitura Municipal de São Luís do Curu - CE,CE,RECEITA CORRENTE LÍQUIDA,28247872.91
2019,Prefeitura Municipal de Senador Sá - CE,CE,DÍVIDA CONSOLIDADA,6584984.14
2019,Prefeitura Municipal de Senador Sá - CE,CE,Disponibilidade de Caixa,861581.84
2019,Prefeitura Municipal de Senador Sá - CE,CE,Disponibilidade de Caixa Bruta,1601015.79
2019,Prefeitura Municipal de Senador Sá - CE,CE,RECEITA CORRENTE LÍQUIDA,19126084.64
2019,Prefeitura Municipal de Senador Pompeu - CE,CE,DÍVIDA CONSOLIDADA,23532187.78
2019,Prefeitura Municipal de Senador Pompeu - CE,CE,Disponibilidade de Caixa,2822939.14
2019,Prefeitura Municipal de Senador Pompeu - CE,CE,Disponibilidade de Caixa Bruta,4603574.92
2019,Prefeitura Municipal de Senador Pompeu - CE,CE,RECEITA CORRENTE LÍQUIDA,51088720.12
2019,Prefeitura Municipal de Senador Pompeu - CE,CE,Precatórios (Não incluídos na DC),300022.55
2019,Prefeitura Municipal de Solonópole - CE,CE,DÍVIDA CONSOLIDADA,14133788.66
2019,Prefeitura Municipal de Solonópole - CE,CE,Precatórios (inclusive) Vencidos e Não Pagos,30657.19
2019,Prefeitura Municipal de Solonópole - CE,CE,Disponibilidade de Caixa,18021540.13
2019,Prefeitura Municipal de Solonópole - CE,CE,Disponibilidade de Caixa Bruta,20920432.69
2019,Prefeitura Municipal de Solonópole - CE,CE,RECEITA CORRENTE LÍQUIDA,46327967.12
2019,Prefeitura Municipal de Solonópole - CE,CE,Precatórios (Não incluídos na DC),129181.72
2019,Prefeitura Municipal de Tabuleiro do Norte - CE,CE,DÍVIDA CONSOLIDADA,24876305.36
2019,Prefeitura Municipal de Tabuleiro do Norte - CE,CE,Precatórios (inclusive) Vencidos e Não Pagos,586901.72
2019,Prefeitura Municipal de Tabuleiro do Norte - CE,CE,Disponibilidade de Caixa,8622048.41
2019,Prefeitura Municipal de Tabuleiro do Norte - CE,CE,Disponibilidade de Caixa Bruta,11373680.12
2019,Prefeitura Municipal de Tabuleiro do Norte - CE,CE,RECEITA CORRENTE LÍQUIDA,59520512.02
2019,Prefeitura Municipal de Tianguá - CE,CE,DÍVIDA CONSOLIDADA,23002018.25
2019,Prefeitura Municipal de Tianguá - CE,CE,Disponibilidade de Caixa,11192279.71
2019,Prefeitura Municipal de Tianguá - CE,CE,Disponibilidade de Caixa Bruta,27973563.16
2019,Prefeitura Municipal de Tianguá - CE,CE,RECEITA CORRENTE LÍQUIDA,168415024.1
2019,Prefeitura Municipal de Tauá - CE,CE,DÍVIDA CONSOLIDADA,37073483.5
2019,Prefeitura Municipal de Tauá - CE,CE,Precatórios (inclusive) Vencidos e Não Pagos,397810.87
2019,Prefeitura Municipal de Tauá - CE,CE,Disponibilidade de Caixa,67026496.63
2019,Prefeitura Municipal de Tauá - CE,CE,Disponibilidade de Caixa Bruta,81596378.52
2019,Prefeitura Municipal de Tauá - CE,CE,RECEITA CORRENTE LÍQUIDA,132320629.76
2019,Prefeitura Municipal de Tauá - CE,CE,Precatórios (Não incluídos na DC),1760.0
2019,Prefeitura Municipal de Tarrafas - CE,CE,DÍVIDA CONSOLIDADA,16129705.97
2019,Prefeitura Municipal de Tarrafas - CE,CE,Disponibilidade de Caixa,365611.09
2019,Prefeitura Municipal de Tarrafas - CE,CE,Disponibilidade de Caixa Bruta,859136.78
2019,Prefeitura Municipal de Tarrafas - CE,CE,RECEITA CORRENTE LÍQUIDA,19775411.16
2019,Prefeitura Municipal de Tejuçuoca - CE,CE,DÍVIDA CONSOLIDADA,7258713.36
2019,Prefeitura Municipal de Tejuçuoca - CE,CE,Disponibilidade de Caixa,5501194.12
2019,Prefeitura Municipal de Tejuçuoca - CE,CE,Disponibilidade de Caixa Bruta,7776696.32
2019,Prefeitura Municipal de Tejuçuoca - CE,CE,RECEITA CORRENTE LÍQUIDA,47725763.01
2019,Prefeitura Municipal de Trairi - CE,CE,DÍVIDA CONSOLIDADA,20151190.06
2019,Prefeitura Municipal de Trairi - CE,CE,Disponibilidade de Caixa,13373685.31
2019,Prefeitura Municipal de Trairi - CE,CE,Disponibilidade de Caixa Bruta,15114779.27
2019,Prefeitura Municipal de Trairi - CE,CE,RECEITA CORRENTE LÍQUIDA,125767815.83
2019,Prefeitura Municipal de Trairi - CE,CE,Precatórios (Não incluídos na DC),32176602.64
2019,Prefeitura Municipal de Tururu - CE,CE,DÍVIDA CONSOLIDADA,15021808.99
2019,Prefeitura Municipal de Tururu - CE,CE,Disponibilidade de Caixa,7538035.49
2019,Prefeitura Municipal de Tururu - CE,CE,Disponibilidade de Caixa Bruta,8690562.69
2019,Prefeitura Municipal de Tururu - CE,CE,RECEITA CORRENTE LÍQUIDA,36425607.97
2019,Prefeitura Municipal de Umari - CE,CE,DÍVIDA CONSOLIDADA,9432132.4
2019,Prefeitura Municipal de Umari - CE,CE,Disponibilidade de Caixa,396678.27
2019,Prefeitura Municipal de Umari - CE,CE,Disponibilidade de Caixa Bruta,1000023.14
2019,Prefeitura Municipal de Umari - CE,CE,RECEITA CORRENTE LÍQUIDA,18896212.25
2019,Prefeitura Municipal de Ubajara - CE,CE,DÍVIDA CONSOLIDADA,2961991.62
2019,Prefeitura Municipal de Ubajara - CE,CE,Disponibilidade de Caixa,23888497.58
2019,Prefeitura Municipal de Ubajara - CE,CE,Disponibilidade de Caixa Bruta,26807761.8
2019,Prefeitura Municipal de Ubajara - CE,CE,RECEITA CORRENTE LÍQUIDA,78078478.57
2019,Prefeitura Municipal de Umirim - CE,CE,DÍVIDA CONSOLIDADA,15173411.58
2019,Prefeitura Municipal de Umirim - CE,CE,Disponibilidade de Caixa Bruta,2502897.59
2019,Prefeitura Municipal de Umirim - CE,CE,RECEITA CORRENTE LÍQUIDA,43174248.55
2019,Prefeitura Municipal de Uruburetama - CE,CE,DÍVIDA CONSOLIDADA,37537903.51
2019,Prefeitura Municipal de Uruburetama - CE,CE,Disponibilidade de Caixa Bruta,2803914.74
2019,Prefeitura Municipal de Uruburetama - CE,CE,RECEITA CORRENTE LÍQUIDA,47913230.47
2019,Prefeitura Municipal de Uruburetama - CE,CE,Precatórios (Não incluídos na DC),576.29
2019,Prefeitura Municipal de Uruoca - CE,CE,DÍVIDA CONSOLIDADA,10348494.69
2019,Prefeitura Municipal de Uruoca - CE,CE,Disponibilidade de Caixa,3325171.69
2019,Prefeitura Municipal de Uruoca - CE,CE,Disponibilidade de Caixa Bruta,4733752.52
2019,Prefeitura Municipal de Uruoca - CE,CE,RECEITA CORRENTE LÍQUIDA,38425059.88
2019,Prefeitura Municipal de Varjota - CE,CE,DÍVIDA CONSOLIDADA,2946205.38
2019,Prefeitura Municipal de Varjota - CE,CE,Disponibilidade de Caixa,1136560.54
2019,Prefeitura Municipal de Varjota - CE,CE,Disponibilidade de Caixa Bruta,3461602.6
2019,Prefeitura Municipal de Varjota - CE,CE,RECEITA CORRENTE LÍQUIDA,46175529.46
2019,Prefeitura Municipal de Várzea Alegre - CE,CE,DÍVIDA CONSOLIDADA,25935225.3
2019,Prefeitura Municipal de Várzea Alegre - CE,CE,Disponibilidade de Caixa,4669112.98
2019,Prefeitura Municipal de Várzea Alegre - CE,CE,Disponibilidade de Caixa Bruta,9627197.11
2019,Prefeitura Municipal de Várzea Alegre - CE,CE,RECEITA CORRENTE LÍQUIDA,80114808.99
2020,Prefeitura Municipal de Abaiara - CE,CE,DÍVIDA CONSOLIDADA,17328364.69
2020,Prefeitura Municipal de Abaiara - CE,CE,Precatórios (inclusive) Vencidos e Não Pagos,150925.93
2020,Prefeitura Municipal de Abaiara - CE,CE,Disponibilidade de Caixa,1813120.85
2020,Prefeitura Municipal de Abaiara - CE,CE,Disponibilidade de Caixa Bruta,2516420.95
2020,Prefeitura Municipal de Abaiara - CE,CE,RECEITA CORRENTE LÍQUIDA,29303061.7
2020,Prefeitura Municipal de Abaiara - CE,CE,% da DC sobre a RCL AJUSTADA (I/VI),60.47
2020,Prefeitura Municipal de Abaiara - CE,CE,% da DCL sobre a RCL AJUSTADA,54.13
2020,Prefeitura Municipal de Acaraú - CE,CE,DÍVIDA CONSOLIDADA,9058989.75
2020,Prefeitura Municipal de Acaraú - CE,CE,Disponibilidade de Caixa,13023112.58
2020,Prefeitura Municipal de Acaraú - CE,CE,Disponibilidade de Caixa Bruta,23393181.7
2019,Prefeitura Municipal de Viçosa do Ceará - CE,CE,DÍVIDA CONSOLIDADA,1344177.22
2019,Prefeitura Municipal de Viçosa do Ceará - CE,CE,Precatórios (inclusive) Vencidos e Não Pagos,19438.09
2019,Prefeitura Municipal de Viçosa do Ceará - CE,CE,Disponibilidade de Caixa,104426665.49
2019,Prefeitura Municipal de Viçosa do Ceará - CE,CE,Disponibilidade de Caixa Bruta,105644998.85
2019,Prefeitura Municipal de Viçosa do Ceará - CE,CE,RECEITA CORRENTE LÍQUIDA,131450020.06
2019,Prefeitura Municipal de Viçosa do Ceará - CE,CE,Precatórios (Não incluídos na DC),2665.0
2020,Prefeitura Municipal de Aiuaba - CE,CE,DÍVIDA CONSOLIDADA,15457631.81
2020,Prefeitura Municipal de Aiuaba - CE,CE,Disponibilidade de Caixa,8939468.51
2020,Prefeitura Municipal de Aiuaba - CE,CE,Disponibilidade de Caixa Bruta,9721951.63
2020,Prefeitura Municipal de Aiuaba - CE,CE,RECEITA CORRENTE LÍQUIDA,43515621.51
2020,Prefeitura Municipal de Aiuaba - CE,CE,% da DC sobre a RCL AJUSTADA (I/VI),35.52
2020,Prefeitura Municipal de Aiuaba - CE,CE,% da DCL sobre a RCL AJUSTADA,14.98
2020,Prefeitura Municipal de Acarape - CE,CE,DÍVIDA CONSOLIDADA,39009964.06
2020,Prefeitura Municipal de Acarape - CE,CE,Disponibilidade de Caixa Bruta,2717889.28
2020,Prefeitura Municipal de Acarape - CE,CE,RECEITA CORRENTE LÍQUIDA,43569409.82
2020,Prefeitura Municipal de Acarape - CE,CE,% da DC sobre a RCL AJUSTADA (I/VI),89.54
2020,Prefeitura Municipal de Acarape - CE,CE,% da DCL sobre a RCL AJUSTADA,89.54
2020,Prefeitura Municipal de Acopiara - CE,CE,DÍVIDA CONSOLIDADA,40919028.91
2020,Prefeitura Municipal de Acopiara - CE,CE,Precatórios (inclusive) Vencidos e Não Pagos,690397.33
2020,Prefeitura Municipal de Acopiara - CE,CE,Disponibilidade de Caixa Bruta,3691301.59
2020,Prefeitura Municipal de Acopiara - CE,CE,RECEITA CORRENTE LÍQUIDA,114753702.11
2020,Prefeitura Municipal de Acopiara - CE,CE,% da DC sobre a RCL AJUSTADA (I/VI),35.66
2020,Prefeitura Municipal de Acopiara - CE,CE,% da DCL sobre a RCL AJUSTADA,35.66
2020,Prefeitura Municipal de Acopiara - CE,CE,Precatórios (Não incluídos na DC),15818.21
2020,Prefeitura Municipal de Amontada - CE,CE,DÍVIDA CONSOLIDADA,50622371.95
2020,Prefeitura Municipal de Amontada - CE,CE,Disponibilidade de Caixa,16204342.54
2020,Prefeitura Municipal de Amontada - CE,CE,Disponibilidade de Caixa Bruta,38253391.48
2020,Prefeitura Municipal de Amontada - CE,CE,RECEITA CORRENTE LÍQUIDA,132152982.05
2020,Prefeitura Municipal de Amontada - CE,CE,% da DC sobre a RCL AJUSTADA (I/VI),38.51
2020,Prefeitura Municipal de Amontada - CE,CE,% da DCL sobre a RCL AJUSTADA,26.0
2020,Prefeitura Municipal de Amontada - CE,CE,Precatórios (Não incluídos na DC),35358.93
2020,Prefeitura Municipal de Alto Santo - CE,CE,DÍVIDA CONSOLIDADA,9550984.97
2020,Prefeitura Municipal de Alto Santo - CE,CE,Precatórios (inclusive) Vencidos e Não Pagos,189710.25
2020,Prefeitura Municipal de Alto Santo - CE,CE,Disponibilidade de Caixa Bruta,4693863.94
2020,Prefeitura Municipal de Alto Santo - CE,CE,RECEITA CORRENTE LÍQUIDA,46150818.53
2020,Prefeitura Municipal de Alto Santo - CE,CE,% da DC sobre a RCL AJUSTADA (I/VI),21.33
2020,Prefeitura Municipal de Alto Santo - CE,CE,% da DCL sobre a RCL AJUSTADA,19.62
2020,Prefeitura Municipal de Apuiarés - CE,CE,DÍVIDA CONSOLIDADA,7943666.05
2020,Prefeitura Municipal de Apuiarés - CE,CE,Disponibilidade de Caixa,3702384.14
2020,Prefeitura Municipal de Apuiarés - CE,CE,Disponibilidade de Caixa Bruta,5396694.31
2020,Prefeitura Municipal de Apuiarés - CE,CE,RECEITA CORRENTE LÍQUIDA,34064146.06
2020,Prefeitura Municipal de Apuiarés - CE,CE,% da DC sobre a RCL AJUSTADA (I/VI),23.58
2020,Prefeitura Municipal de Apuiarés - CE,CE,% da DCL sobre a RCL AJUSTADA,12.59
2020,Prefeitura Municipal de Aracati - CE,CE,DÍVIDA CONSOLIDADA,19380224.77
2020,Prefeitura Municipal de Aracati - CE,CE,Precatórios (inclusive) Vencidos e Não Pagos,8102.17
2020,Prefeitura Municipal de Aracati - CE,CE,Disponibilidade de Caixa,51529539.02
2020,Prefeitura Municipal de Aracati - CE,CE,Disponibilidade de Caixa Bruta,62904893.84
2020,Prefeitura Municipal de Aracati - CE,CE,Precatórios (Não incluídos na DC),8143645.99
2020,Prefeitura Municipal de Aquiraz - CE,CE,DÍVIDA CONSOLIDADA,27689179.92
2020,Prefeitura Municipal de Aquiraz - CE,CE,Precatórios (inclusive) Vencidos e Não Pagos,677298.72
2020,Prefeitura Municipal de Aquiraz - CE,CE,Disponibilidade de Caixa,40151682.01
2020,Prefeitura Municipal de Aquiraz - CE,CE,Disponibilidade de Caixa Bruta,44082716.19
2020,Prefeitura Municipal de Aquiraz - CE,CE,RECEITA CORRENTE LÍQUIDA,255530084.59
2020,Prefeitura Municipal de Aquiraz - CE,CE,% da DC sobre a RCL AJUSTADA (I/VI),10.87
2020,Prefeitura Municipal de Aquiraz - CE,CE,% da DCL sobre a RCL AJUSTADA,-4.95
2020,Prefeitura Municipal de Aracoiaba - CE,CE,DÍVIDA CONSOLIDADA,37300967.16
2020,Prefeitura Municipal de Aracoiaba - CE,CE,Disponibilidade de Caixa,2722933.72
2020,Prefeitura Municipal de Aracoiaba - CE,CE,Disponibilidade de Caixa Bruta,11611621.17
2020,Prefeitura Municipal de Aracoiaba - CE,CE,RECEITA CORRENTE LÍQUIDA,70603513.91
2020,Prefeitura Municipal de Aracoiaba - CE,CE,% da DC sobre a RCL AJUSTADA (I/VI),53.64
2020,Prefeitura Municipal de Aracoiaba - CE,CE,% da DCL sobre a RCL AJUSTADA,49.72
2020,Prefeitura Municipal de Assaré - CE,CE,DÍVIDA CONSOLIDADA,1498522.83
2020,Prefeitura Municipal de Assaré - CE,CE,Disponibilidade de Caixa,2623658.54
2020,Prefeitura Municipal de Assaré - CE,CE,Disponibilidade de Caixa Bruta,3106615.44
2020,Prefeitura Municipal de Assaré - CE,CE,RECEITA CORRENTE LÍQUIDA,52333678.07
2020,Prefeitura Municipal de Assaré - CE,CE,% da DC sobre a RCL AJUSTADA (I/VI),2.89
2020,Prefeitura Municipal de Assaré - CE,CE,% da DCL sobre a RCL AJUSTADA,-2.17
2020,Prefeitura Municipal de Araripe - CE,CE,DÍVIDA CONSOLIDADA,11219794.53
2020,Prefeitura Municipal de Araripe - CE,CE,Precatórios (inclusive) Vencidos e Não Pagos,20094.95
2020,Prefeitura Municipal de Araripe - CE,CE,Disponibilidade de Caixa,2630228.4
2020,Prefeitura Municipal de Araripe - CE,CE,Disponibilidade de Caixa Bruta,5680470.61
2020,Prefeitura Municipal de Araripe - CE,CE,RECEITA CORRENTE LÍQUIDA,59576201.15
2020,Prefeitura Municipal de Araripe - CE,CE,% da DC sobre a RCL AJUSTADA (I/VI),18.83
2020,Prefeitura Municipal de Araripe - CE,CE,% da DCL sobre a RCL AJUSTADA,14.42
2020,Prefeitura Municipal de Aratuba - CE,CE,DÍVIDA CONSOLIDADA,11479535.58
2020,Prefeitura Municipal de Aratuba - CE,CE,Disponibilidade de Caixa,2487792.92
2020,Prefeitura Municipal de Aratuba - CE,CE,Disponibilidade de Caixa Bruta,4357463.42
2020,Prefeitura Municipal de Aratuba - CE,CE,RECEITA CORRENTE LÍQUIDA,33270695.64
2020,Prefeitura Municipal de Aratuba - CE,CE,% da DC sobre a RCL AJUSTADA (I/VI),35.24
2020,Prefeitura Municipal de Aratuba - CE,CE,% da DCL sobre a RCL AJUSTADA,27.61
2020,Prefeitura Municipal de Baixio - CE,CE,DÍVIDA CONSOLIDADA,12196800.19
2020,Prefeitura Municipal de Baixio - CE,CE,Disponibilidade de Caixa,1109085.03
2020,Prefeitura Municipal de Baixio - CE,CE,Disponibilidade de Caixa Bruta,1663302.77
2020,Prefeitura Municipal de Baixio - CE,CE,RECEITA CORRENTE LÍQUIDA,21777353.82
2020,Prefeitura Municipal de Baixio - CE,CE,% da DC sobre a RCL AJUSTADA (I/VI),56.66
2020,Prefeitura Municipal de Baixio - CE,CE,% da DCL sobre a RCL AJUSTADA,51.51
2020,Prefeitura Municipal de Aurora - CE,CE,DÍVIDA CONSOLIDADA,51489545.93
2020,Prefeitura Municipal de Aurora - CE,CE,Disponibilidade de Caixa,2388888.41
2020,Prefeitura Municipal de Aurora - CE,CE,Disponibilidade de Caixa Bruta,3892161.77
2020,Prefeitura Municipal de Aurora - CE,CE,RECEITA CORRENTE LÍQUIDA,56619420.69
2020,Prefeitura Municipal de Aurora - CE,CE,% da DC sobre a RCL AJUSTADA (I/VI),90.94
2020,Prefeitura Municipal de Aurora - CE,CE,% da DCL sobre a RCL AJUSTADA,86.72
2020,Prefeitura Municipal de Banabuiú - CE,CE,DÍVIDA CONSOLIDADA,27803169.24
2020,Prefeitura Municipal de Banabuiú - CE,CE,Disponibilidade de Caixa,3064863.12
2020,Prefeitura Municipal de Banabuiú - CE,CE,Disponibilidade de Caixa Bruta,6076339.51
2020,Prefeitura Municipal de Banabuiú - CE,CE,RECEITA CORRENTE LÍQUIDA,51384262.18
2020,Prefeitura Municipal de Banabuiú - CE,CE,% da DC sobre a RCL AJUSTADA (I/VI),54.11
2020,Prefeitura Municipal de Banabuiú - CE,CE,% da DCL sobre a RCL AJUSTADA,48.14
2020,Prefeitura Municipal de Barbalha - CE,CE,DÍVIDA CONSOLIDADA,15980143.9
2020,Prefeitura Municipal de Barbalha - CE,CE,Disponibilidade de Caixa,36298975.12
2020,Prefeitura Municipal de Barbalha - CE,CE,Disponibilidade de Caixa Bruta,41093222.77
2020,Prefeitura Municipal de Barbalha - CE,CE,Precatórios (Não incluídos na DC),100338.06
2020,Prefeitura Municipal de Barro - CE,CE,DÍVIDA CONSOLIDADA,13175929.5
2020,Prefeitura Municipal de Barro - CE,CE,Disponibilidade de Caixa,61625.03
2020,Prefeitura Municipal de Barro - CE,CE,Disponibilidade de Caixa Bruta,2917919.58
2020,Prefeitura Municipal de Barro - CE,CE,RECEITA CORRENTE LÍQUIDA,45956262.29
2020,Prefeitura Municipal de Barro - CE,CE,% da DC sobre a RCL AJUSTADA (I/VI),28.92
2020,Prefeitura Municipal de Barro - CE,CE,% da DCL sobre a RCL AJUSTADA,28.79
2020,Prefeitura Municipal de Barro - CE,CE,Precatórios (Não incluídos na DC),1656.37
2020,Prefeitura Municipal de Beberibe - CE,CE,DÍVIDA CONSOLIDADA,19309134.06
2020,Prefeitura Municipal de Beberibe - CE,CE,Disponibilidade de Caixa,9048348.85
2020,Prefeitura Municipal de Beberibe - CE,CE,Disponibilidade de Caixa Bruta,13039861.29
2020,Prefeitura Municipal de Barroquinha - CE,CE,DÍVIDA CONSOLIDADA,6427462.94
2020,Prefeitura Municipal de Barroquinha - CE,CE,Disponibilidade de Caixa,5510794.58
2020,Prefeitura Municipal de Barroquinha - CE,CE,Disponibilidade de Caixa Bruta,5749882.14
2020,Prefeitura Municipal de Barroquinha - CE,CE,RECEITA CORRENTE LÍQUIDA,41234464.56
2020,Prefeitura Municipal de Barroquinha - CE,CE,% da DC sobre a RCL AJUSTADA (I/VI),15.59
2020,Prefeitura Municipal de Barroquinha - CE,CE,% da DCL sobre a RCL AJUSTADA,2.22
2020,Prefeitura Municipal de Bela Cruz - CE,CE,DÍVIDA CONSOLIDADA,20546750.71
2020,Prefeitura Municipal de Bela Cruz - CE,CE,Disponibilidade de Caixa Bruta,7241691.82
2020,Prefeitura Municipal de Bela Cruz - CE,CE,RECEITA CORRENTE LÍQUIDA,63074066.7
2020,Prefeitura Municipal de Bela Cruz - CE,CE,% da DC sobre a RCL AJUSTADA (I/VI),32.84
2020,Prefeitura Municipal de Bela Cruz - CE,CE,% da DCL sobre a RCL AJUSTADA,32.83
2020,Prefeitura Municipal de Bela Cruz - CE,CE,Precatórios (Não incluídos na DC),6568.6
2020,Prefeitura Municipal de Baturité - CE,CE,DÍVIDA CONSOLIDADA,59726356.43
2020,Prefeitura Municipal de Baturité - CE,CE,Precatórios (inclusive) Vencidos e Não Pagos,191195.83
2020,Prefeitura Municipal de Baturité - CE,CE,Disponibilidade de Caixa,1554755.54
2020,Prefeitura Municipal de Baturité - CE,CE,Disponibilidade de Caixa Bruta,4664768.41
2020,Prefeitura Municipal de Baturité - CE,CE,RECEITA CORRENTE LÍQUIDA,81388057.96
2020,Prefeitura Municipal de Baturité - CE,CE,% da DC sobre a RCL AJUSTADA (I/VI),73.95
2020,Prefeitura Municipal de Baturité - CE,CE,% da DCL sobre a RCL AJUSTADA,71.96
2020,Prefeitura Municipal de Boa Viagem - CE,CE,DÍVIDA CONSOLIDADA,20219687.1
2020,Prefeitura Municipal de Boa Viagem - CE,CE,Disponibilidade de Caixa,8595452.11
2020,Prefeitura Municipal de Boa Viagem - CE,CE,Disponibilidade de Caixa Bruta,14089884.55
2020,Prefeitura Municipal de Boa Viagem - CE,CE,RECEITA CORRENTE LÍQUIDA,110578426.31
2020,Prefeitura Municipal de Boa Viagem - CE,CE,% da DC sobre a RCL AJUSTADA (I/VI),18.29
2020,Prefeitura Municipal de Boa Viagem - CE,CE,% da DCL sobre a RCL AJUSTADA,10.51
2020,Prefeitura Municipal de Boa Viagem - CE,CE,Precatórios (Não incluídos na DC),90467.43
2020,Prefeitura Municipal de Camocim - CE,CE,DÍVIDA CONSOLIDADA,39343291.19
2020,Prefeitura Municipal de Camocim - CE,CE,Disponibilidade de Caixa,18869594.58
2020,Prefeitura Municipal de Camocim - CE,CE,Disponibilidade de Caixa Bruta,27110166.22
2020,Prefeitura Municipal de Camocim - CE,CE,RECEITA CORRENTE LÍQUIDA,141310161.05
2020,Prefeitura Municipal de Camocim - CE,CE,% da DC sobre a RCL AJUSTADA (I/VI),28.08
2020,Prefeitura Municipal de Camocim - CE,CE,% da DCL sobre a RCL AJUSTADA,14.61
2020,Prefeitura Municipal de Camocim - CE,CE,Precatórios (Não incluídos na DC),20.08
2020,Prefeitura Municipal de Campos Sales - CE,CE,Disponibilidade de Caixa,16450013.12
2020,Prefeitura Municipal de Campos Sales - CE,CE,Disponibilidade de Caixa Bruta,5470718.92
2020,Prefeitura Municipal de Campos Sales - CE,CE,RECEITA CORRENTE LÍQUIDA,60016035.28
2020,Prefeitura Municipal de Campos Sales - CE,CE,% da DCL sobre a RCL AJUSTADA,-27.41
2020,Prefeitura Municipal de Brejo Santo - CE,CE,DÍVIDA CONSOLIDADA,1490633.69
2020,Prefeitura Municipal de Brejo Santo - CE,CE,RECEITA CORRENTE LÍQUIDA,146465867.82
2020,Prefeitura Municipal de Brejo Santo - CE,CE,% da DC sobre a RCL AJUSTADA (I/VI),1.02
2020,Prefeitura Municipal de Brejo Santo - CE,CE,% da DCL sobre a RCL AJUSTADA,-26.0
2020,Prefeitura Municipal de Canindé - CE,CE,DÍVIDA CONSOLIDADA,87234936.18
2020,Prefeitura Municipal de Canindé - CE,CE,Precatórios (inclusive) Vencidos e Não Pagos,11205.0
2020,Prefeitura Municipal de Canindé - CE,CE,Disponibilidade de Caixa Bruta,14701025.77
2020,Prefeitura Municipal de Canindé - CE,CE,RECEITA CORRENTE LÍQUIDA,164417070.38
2020,Prefeitura Municipal de Canindé - CE,CE,% da DC sobre a RCL AJUSTADA (I/VI),53.14
2020,Prefeitura Municipal de Canindé - CE,CE,% da DCL sobre a RCL AJUSTADA,53.14
2020,Prefeitura Municipal de Canindé - CE,CE,Precatórios (Não incluídos na DC),20184.74
2020,Prefeitura Municipal de Capistrano - CE,CE,DÍVIDA CONSOLIDADA,21539607.31
2020,Prefeitura Municipal de Capistrano - CE,CE,Disponibilidade de Caixa Bruta,2966632.27
2020,Prefeitura Municipal de Capistrano - CE,CE,RECEITA CORRENTE LÍQUIDA,46882855.44
2020,Prefeitura Municipal de Capistrano - CE,CE,% da DC sobre a RCL AJUSTADA (I/VI),46.96
2020,Prefeitura Municipal de Capistrano - CE,CE,% da DCL sobre a RCL AJUSTADA,46.96
2020,Prefeitura Municipal de Caririaçu - CE,CE,DÍVIDA CONSOLIDADA,22721311.67
2020,Prefeitura Municipal de Caririaçu - CE,CE,Disponibilidade de Caixa Bruta,6022457.88
2020,Prefeitura Municipal de Caririaçu - CE,CE,RECEITA CORRENTE LÍQUIDA,67856601.78
2020,Prefeitura Municipal de Caririaçu - CE,CE,% da DC sobre a RCL AJUSTADA (I/VI),34.89
2020,Prefeitura Municipal de Caririaçu - CE,CE,% da DCL sobre a RCL AJUSTADA,34.89
2020,Prefeitura Municipal de Caririaçu - CE,CE,Precatórios (Não incluídos na DC),130605.46
2020,Prefeitura Municipal de Cariré - CE,CE,DÍVIDA CONSOLIDADA,6074512.33
2020,Prefeitura Municipal de Cariré - CE,CE,Disponibilidade de Caixa,13604014.09
2020,Prefeitura Municipal de Cariré - CE,CE,Disponibilidade de Caixa Bruta,10364922.08
2020,Prefeitura Municipal de Cariré - CE,CE,RECEITA CORRENTE LÍQUIDA,50955757.21
2020,Prefeitura Municipal de Cariré - CE,CE,% da DC sobre a RCL AJUSTADA (I/VI),11.92
2020,Prefeitura Municipal de Cariré - CE,CE,% da DCL sobre a RCL AJUSTADA,-14.78
2020,Prefeitura Municipal de Carnaubal - CE,CE,Disponibilidade de Caixa,5702898.37
2020,Prefeitura Municipal de Carnaubal - CE,CE,Disponibilidade de Caixa Bruta,7320790.34
2020,Prefeitura Municipal de Carnaubal - CE,CE,RECEITA CORRENTE LÍQUIDA,45235833.2
2020,Prefeitura Municipal de Carnaubal - CE,CE,% da DCL sobre a RCL AJUSTADA,-12.93
2020,Prefeitura Municipal de Caridade - CE,CE,DÍVIDA CONSOLIDADA,34984927.07
2020,Prefeitura Municipal de Caridade - CE,CE,Disponibilidade de Caixa,5387762.97
2020,Prefeitura Municipal de Caridade - CE,CE,Disponibilidade de Caixa Bruta,14928979.86
2020,Prefeitura Municipal de Caridade - CE,CE,RECEITA CORRENTE LÍQUIDA,50050705.17
2020,Prefeitura Municipal de Caridade - CE,CE,% da DC sobre a RCL AJUSTADA (I/VI),69.9
2020,Prefeitura Municipal de Caridade - CE,CE,% da DCL sobre a RCL AJUSTADA,59.13
2020,Prefeitura Municipal de Catarina - CE,CE,DÍVIDA CONSOLIDADA,13245210.29
2020,Prefeitura Municipal de Catarina - CE,CE,Disponibilidade de Caixa,5316417.31
2020,Prefeitura Municipal de Catarina - CE,CE,Disponibilidade de Caixa Bruta,5851940.25
2020,Prefeitura Municipal de Catarina - CE,CE,RECEITA CORRENTE LÍQUIDA,41043173.96
2020,Prefeitura Municipal de Catarina - CE,CE,% da DC sobre a RCL AJUSTADA (I/VI),35.23
2020,Prefeitura Municipal de Catarina - CE,CE,% da DCL sobre a RCL AJUSTADA,21.09
2020,Prefeitura Municipal de Caucaia - CE,CE,DÍVIDA CONSOLIDADA,126243789.26
2020,Prefeitura Municipal de Caucaia - CE,CE,Disponibilidade de Caixa,142087458.37
2020,Prefeitura Municipal de Caucaia - CE,CE,Disponibilidade de Caixa Bruta,204823636.82
2020,Prefeitura Municipal de Caucaia - CE,CE,RECEITA CORRENTE LÍQUIDA,816106710.9
2020,Prefeitura Municipal de Caucaia - CE,CE,% da DC sobre a RCL AJUSTADA (I/VI),15.72
2020,Prefeitura Municipal de Caucaia - CE,CE,% da DCL sobre a RCL AJUSTADA,-1.97
2020,Prefeitura Municipal de Cascavel - CE,CE,DÍVIDA CONSOLIDADA,56651446.28
2020,Prefeitura Municipal de Cascavel - CE,CE,Disponibilidade de Caixa,10648164.61
2020,Prefeitura Municipal de Cascavel - CE,CE,Disponibilidade de Caixa Bruta,13275738.49
2020,Prefeitura Municipal de Cascavel - CE,CE,RECEITA CORRENTE LÍQUIDA,165530261.09
2020,Prefeitura Municipal de Cascavel - CE,CE,% da DC sobre a RCL AJUSTADA (I/VI),34.87
2020,Prefeitura Municipal de Cascavel - CE,CE,% da DCL sobre a RCL AJUSTADA,28.2
2020,Prefeitura Municipal de Cascavel - CE,CE,Precatórios (Não incluídos na DC),767.25
2020,Prefeitura Municipal de Cedro - CE,CE,DÍVIDA CONSOLIDADA,58955.92
2020,Prefeitura Municipal de Cedro - CE,CE,Precatórios (inclusive) Vencidos e Não Pagos,58955.92
2020,Prefeitura Municipal de Cedro - CE,CE,Disponibilidade de Caixa,20362383.34
2020,Prefeitura Municipal de Cedro - CE,CE,Disponibilidade de Caixa Bruta,23440104.93
2020,Prefeitura Municipal de Cedro - CE,CE,RECEITA CORRENTE LÍQUIDA,56115704.1
2020,Prefeitura Municipal de Cedro - CE,CE,% da DC sobre a RCL AJUSTADA (I/VI),0.11
2020,Prefeitura Municipal de Cedro - CE,CE,% da DCL sobre a RCL AJUSTADA,-36.31
2020,Prefeitura Municipal de Cedro - CE,CE,Precatórios (Não incluídos na DC),21179.42
2020,Prefeitura Municipal de Catunda - CE,CE,DÍVIDA CONSOLIDADA,8816127.71
2020,Prefeitura Municipal de Catunda - CE,CE,Disponibilidade de Caixa Bruta,1530571.82
2020,Prefeitura Municipal de Catunda - CE,CE,RECEITA CORRENTE LÍQUIDA,37017581.06
2020,Prefeitura Municipal de Catunda - CE,CE,% da DC sobre a RCL AJUSTADA (I/VI),24.01
2020,Prefeitura Municipal de Catunda - CE,CE,% da DCL sobre a RCL AJUSTADA,24.01
2020,Prefeitura Municipal de Choró - CE,CE,DÍVIDA CONSOLIDADA,16719898.01
2020,Prefeitura Municipal de Choró - CE,CE,Disponibilidade de Caixa Bruta,1854379.91
2020,Prefeitura Municipal de Choró - CE,CE,RECEITA CORRENTE LÍQUIDA,33389085.73
2020,Prefeitura Municipal de Choró - CE,CE,% da DC sobre a RCL AJUSTADA (I/VI),52.76
2020,Prefeitura Municipal de Choró - CE,CE,% da DCL sobre a RCL AJUSTADA,51.43
2020,Prefeitura Municipal de Chaval - CE,CE,DÍVIDA CONSOLIDADA,16046554.06
2020,Prefeitura Municipal de Chaval - CE,CE,Disponibilidade de Caixa Bruta,1556024.37
2020,Prefeitura Municipal de Coreaú - CE,CE,DÍVIDA CONSOLIDADA,10561894.09
2020,Prefeitura Municipal de Coreaú - CE,CE,Disponibilidade de Caixa Bruta,4430922.72
2020,Prefeitura Municipal de Coreaú - CE,CE,RECEITA CORRENTE LÍQUIDA,54840248.52
2020,Prefeitura Municipal de Coreaú - CE,CE,% da DC sobre a RCL AJUSTADA (I/VI),19.44
2020,Prefeitura Municipal de Coreaú - CE,CE,% da DCL sobre a RCL AJUSTADA,19.44
2020,Prefeitura Municipal de Chorozinho - CE,CE,DÍVIDA CONSOLIDADA,15541858.58
2020,Prefeitura Municipal de Chorozinho - CE,CE,Precatórios (inclusive) Vencidos e Não Pagos,300.0
2020,Prefeitura Municipal de Chorozinho - CE,CE,Disponibilidade de Caixa,8611860.75
2020,Prefeitura Municipal de Chorozinho - CE,CE,Disponibilidade de Caixa Bruta,10370600.05
2020,Prefeitura Municipal de Chorozinho - CE,CE,RECEITA CORRENTE LÍQUIDA,55480895.87
2020,Prefeitura Municipal de Chorozinho - CE,CE,% da DC sobre a RCL AJUSTADA (I/VI),28.32
2020,Prefeitura Municipal de Chorozinho - CE,CE,% da DCL sobre a RCL AJUSTADA,12.63
2020,Prefeitura Municipal de Crateús - CE,CE,DÍVIDA CONSOLIDADA,30859632.22
2020,Prefeitura Municipal de Crateús - CE,CE,Disponibilidade de Caixa,60679335.93
2020,Prefeitura Municipal de Crateús - CE,CE,Disponibilidade de Caixa Bruta,74225636.02
2020,Prefeitura Municipal de Crateús - CE,CE,RECEITA CORRENTE LÍQUIDA,221569201.17
2020,Prefeitura Municipal de Crateús - CE,CE,% da DC sobre a RCL AJUSTADA (I/VI),13.93
2020,Prefeitura Municipal de Crateús - CE,CE,% da DCL sobre a RCL AJUSTADA,-13.46
2020,Prefeitura Municipal de Cruz - CE,CE,DÍVIDA CONSOLIDADA,17612654.69
2020,Prefeitura Municipal de Cruz - CE,CE,Disponibilidade de Caixa,13600654.05
2020,Prefeitura Municipal de Cruz - CE,CE,Disponibilidade de Caixa Bruta,16683215.96
2020,Prefeitura Municipal de Cruz - CE,CE,RECEITA CORRENTE LÍQUIDA,73914667.48
2020,Prefeitura Municipal de Cruz - CE,CE,% da DC sobre a RCL AJUSTADA (I/VI),24.1
2020,Prefeitura Municipal de Cruz - CE,CE,% da DCL sobre a RCL AJUSTADA,5.43
2020,Prefeitura Municipal de Ererê - CE,CE,DÍVIDA CONSOLIDADA,10850732.54
2020,Prefeitura Municipal de Ererê - CE,CE,Disponibilidade de Caixa,3611693.24
2020,Prefeitura Municipal de Ererê - CE,CE,Disponibilidade de Caixa Bruta,912580.87
2020,Prefeitura Municipal de Ererê - CE,CE,RECEITA CORRENTE LÍQUIDA,20898573.54
2020,Prefeitura Municipal de Ererê - CE,CE,% da DC sobre a RCL AJUSTADA (I/VI),51.92
2020,Prefeitura Municipal de Ererê - CE,CE,% da DCL sobre a RCL AJUSTADA,34.64
2020,Prefeitura Municipal de Crato - CE,CE,DÍVIDA CONSOLIDADA,29592596.02
2020,Prefeitura Municipal de Crato - CE,CE,Disponibilidade de Caixa,31149545.96
2020,Prefeitura Municipal de Crato - CE,CE,Disponibilidade de Caixa Bruta,46550004.88
2020,Prefeitura Municipal de Crato - CE,CE,RECEITA CORRENTE LÍQUIDA,294341322.23
2020,Prefeitura Municipal de Crato - CE,CE,% da DC sobre a RCL AJUSTADA (I/VI),10.16
2020,Prefeitura Municipal de Crato - CE,CE,% da DCL sobre a RCL AJUSTADA,-0.53
2020,Prefeitura Municipal de Croatá - CE,CE,DÍVIDA CONSOLIDADA,12978645.48
2020,Prefeitura Municipal de Croatá - CE,CE,Disponibilidade de Caixa,5375652.3
2020,Prefeitura Municipal de Croatá - CE,CE,Disponibilidade de Caixa Bruta,6813298.94
2020,Prefeitura Municipal de Croatá - CE,CE,RECEITA CORRENTE LÍQUIDA,49613650.91
2020,Prefeitura Municipal de Croatá - CE,CE,% da DC sobre a RCL AJUSTADA (I/VI),26.16
2020,Prefeitura Municipal de Croatá - CE,CE,% da DCL sobre a RCL AJUSTADA,15.32
2020,Prefeitura Municipal de Croatá - CE,CE,Precatórios (Não incluídos na DC),13183.26
2020,Prefeitura Municipal de Deputado Irapuan Pinheiro - CE,CE,DÍVIDA CONSOLIDADA,4292976.61
2020,Prefeitura Municipal de Deputado Irapuan Pinheiro - CE,CE,Disponibilidade de Caixa,5498921.82
2020,Prefeitura Municipal de Deputado Irapuan Pinheiro - CE,CE,Disponibilidade de Caixa Bruta,5974680.33
2020,Prefeitura Municipal de Eusébio - CE,CE,DÍVIDA CONSOLIDADA,1683224.97
2020,Prefeitura Municipal de Eusébio - CE,CE,Disponibilidade de Caixa,180145177.01
2020,Prefeitura Municipal de Eusébio - CE,CE,Disponibilidade de Caixa Bruta,182309305.7
2020,Prefeitura Municipal de Eusébio - CE,CE,RECEITA CORRENTE LÍQUIDA,320448202.72
2020,Prefeitura Municipal de Eusébio - CE,CE,% da DC sobre a RCL AJUSTADA (I/VI),0.53
2020,Prefeitura Municipal de Eusébio - CE,CE,% da DCL sobre a RCL AJUSTADA,-55.69
2020,Prefeitura Municipal de Fortaleza - CE,CE,DÍVIDA CONSOLIDADA,2430768095.59
2020,Prefeitura Municipal de Fortaleza - CE,CE,Precatórios (inclusive) Vencidos e Não Pagos,112003003.71
2020,Prefeitura Municipal de Fortaleza - CE,CE,Disponibilidade de Caixa,1594124985.92
2020,Prefeitura Municipal de Fortaleza - CE,CE,Disponibilidade de Caixa Bruta,1604773129.72
2020,Prefeitura Municipal de Fortaleza - CE,CE,RECEITA CORRENTE LÍQUIDA,7020441110.53
2020,Prefeitura Municipal de Fortaleza - CE,CE,% da DC sobre a RCL AJUSTADA (I/VI),34.72
2020,Prefeitura Municipal de Fortaleza - CE,CE,% da DCL sobre a RCL AJUSTADA,11.9
2020,Prefeitura Municipal de Frecheirinha - CE,CE,DÍVIDA CONSOLIDADA,7592644.44
2020,Prefeitura Municipal de Frecheirinha - CE,CE,Disponibilidade de Caixa,4183577.84
2020,Prefeitura Municipal de Frecheirinha - CE,CE,Disponibilidade de Caixa Bruta,4761494.52
2020,Prefeitura Municipal de Frecheirinha - CE,CE,RECEITA CORRENTE LÍQUIDA,43378845.09
2020,Prefeitura Municipal de Frecheirinha - CE,CE,% da DC sobre a RCL AJUSTADA (I/VI),17.5
2020,Prefeitura Municipal de Frecheirinha - CE,CE,% da DCL sobre a RCL AJUSTADA,7.86
2020,Prefeitura Municipal de Frecheirinha - CE,CE,Precatórios (Não incluídos na DC),600.0
2020,Prefeitura Municipal de Farias Brito - CE,CE,DÍVIDA CONSOLIDADA,93089.6
2020,Prefeitura Municipal de Farias Brito - CE,CE,RECEITA CORRENTE LÍQUIDA,62506791.07
2020,Prefeitura Municipal de Farias Brito - CE,CE,% da DC sobre a RCL AJUSTADA (I/VI),0.15
2020,Prefeitura Municipal de Farias Brito - CE,CE,% da DCL sobre a RCL AJUSTADA,-14.49
2020,Prefeitura Municipal de Fortim - CE,CE,DÍVIDA CONSOLIDADA,8265297.83
2020,Prefeitura Municipal de Fortim - CE,CE,Precatórios (inclusive) Vencidos e Não Pagos,218786.48
2020,Prefeitura Municipal de Fortim - CE,CE,Disponibilidade de Caixa,23817577.59
2020,Prefeitura Municipal de Fortim - CE,CE,Disponibilidade de Caixa Bruta,26162972.01
2020,Prefeitura Municipal de Fortim - CE,CE,RECEITA CORRENTE LÍQUIDA,50028211.94
2020,Prefeitura Municipal de Fortim - CE,CE,% da DC sobre a RCL AJUSTADA (I/VI),16.52
2020,Prefeitura Municipal de Fortim - CE,CE,% da DCL sobre a RCL AJUSTADA,-31.41
2020,Prefeitura Municipal de Fortim - CE,CE,Precatórios (Não incluídos na DC),4309.56
2020,Prefeitura Municipal de General Sampaio - CE,CE,DÍVIDA CONSOLIDADA,11834559.21
2020,Prefeitura Municipal de General Sampaio - CE,CE,Disponibilidade de Caixa Bruta,1475788.09
2020,Prefeitura Municipal de General Sampaio - CE,CE,RECEITA CORRENTE LÍQUIDA,23255204.92
2020,Prefeitura Municipal de General Sampaio - CE,CE,% da DC sobre a RCL AJUSTADA (I/VI),51.56
2020,Prefeitura Municipal de General Sampaio - CE,CE,% da DCL sobre a RCL AJUSTADA,51.56
2020,Prefeitura Municipal de Graça - CE,CE,Disponibilidade de Caixa,3159706.96
2020,Prefeitura Municipal de Graça - CE,CE,Disponibilidade de Caixa Bruta,3956999.77
2020,Prefeitura Municipal de Graça - CE,CE,RECEITA CORRENTE LÍQUIDA,42479089.0
2020,Prefeitura Municipal de Graça - CE,CE,% da DCL sobre a RCL AJUSTADA,-7.44
2020,Prefeitura Municipal de Granjeiro - CE,CE,DÍVIDA CONSOLIDADA,11597262.11
2020,Prefeitura Municipal de Granjeiro - CE,CE,Disponibilidade de Caixa,2754403.26
2020,Prefeitura Municipal de Granjeiro - CE,CE,Disponibilidade de Caixa Bruta,3113867.66
2020,Prefeitura Municipal de Granjeiro - CE,CE,RECEITA CORRENTE LÍQUIDA,21236534.02
2020,Prefeitura Municipal de Granjeiro - CE,CE,% da DC sobre a RCL AJUSTADA (I/VI),54.61
2020,Prefeitura Municipal de Granjeiro - CE,CE,% da DCL sobre a RCL AJUSTADA,41.64
2020,Prefeitura Municipal de Guaiúba - CE,CE,DÍVIDA CONSOLIDADA,14743976.72
2020,Prefeitura Municipal de Guaiúba - CE,CE,Disponibilidade de Caixa,2404879.35
2020,Prefeitura Municipal de Guaiúba - CE,CE,Disponibilidade de Caixa Bruta,5098296.26
2020,Prefeitura Municipal de Guaiúba - CE,CE,RECEITA CORRENTE LÍQUIDA,58599490.55
2020,Prefeitura Municipal de Guaiúba - CE,CE,% da DC sobre a RCL AJUSTADA (I/VI),25.16
2020,Prefeitura Municipal de Guaiúba - CE,CE,% da DCL sobre a RCL AJUSTADA,20.94
2020,Prefeitura Municipal de Guaiúba - CE,CE,Precatórios (Não incluídos na DC),265.91
2020,Prefeitura Municipal de Guaraciaba do Norte - CE,CE,DÍVIDA CONSOLIDADA,27397877.59
2020,Prefeitura Municipal de Guaraciaba do Norte - CE,CE,Disponibilidade de Caixa,19410508.85
2020,Prefeitura Municipal de Guaraciaba do Norte - CE,CE,Disponibilidade de Caixa Bruta,21140133.16
2020,Prefeitura Municipal de Guaraciaba do Norte - CE,CE,RECEITA CORRENTE LÍQUIDA,86050069.4
2020,Prefeitura Municipal de Guaraciaba do Norte - CE,CE,% da DC sobre a RCL AJUSTADA (I/VI),32.03
2020,Prefeitura Municipal de Guaraciaba do Norte - CE,CE,% da DCL sobre a RCL AJUSTADA,9.34
2020,Prefeitura Municipal de Guaraciaba do Norte - CE,CE,Precatórios (Não incluídos na DC),6468.02
2020,Prefeitura Municipal de Granja - CE,CE,DÍVIDA CONSOLIDADA,17871637.67
2020,Prefeitura Municipal de Granja - CE,CE,Disponibilidade de Caixa,5215124.99
2020,Prefeitura Municipal de Granja - CE,CE,Disponibilidade de Caixa Bruta,11290385.74
2020,Prefeitura Municipal de Granja - CE,CE,RECEITA CORRENTE LÍQUIDA,123490060.81
2020,Prefeitura Municipal de Granja - CE,CE,% da DC sobre a RCL AJUSTADA (I/VI),15.21
2020,Prefeitura Municipal de Granja - CE,CE,% da DCL sobre a RCL AJUSTADA,10.77
2020,Prefeitura Municipal de Guaramiranga - CE,CE,DÍVIDA CONSOLIDADA,15100849.42
2020,Prefeitura Municipal de Guaramiranga - CE,CE,Precatórios (inclusive) Vencidos e Não Pagos,29285.87
2020,Prefeitura Municipal de Guaramiranga - CE,CE,Disponibilidade de Caixa,6861792.54
2020,Prefeitura Municipal de Guaramiranga - CE,CE,Disponibilidade de Caixa Bruta,8040773.07
2020,Prefeitura Municipal de Guaramiranga - CE,CE,RECEITA CORRENTE LÍQUIDA,24593925.63
2020,Prefeitura Municipal de Guaramiranga - CE,CE,% da DC sobre a RCL AJUSTADA (I/VI),63.18
2020,Prefeitura Municipal de Guaramiranga - CE,CE,% da DCL sobre a RCL AJUSTADA,32.7
2020,Prefeitura Municipal de Hidrolândia - CE,CE,DÍVIDA CONSOLIDADA,6960776.54
2020,Prefeitura Municipal de Hidrolândia - CE,CE,Disponibilidade de Caixa Bruta,3181798.28
2020,Prefeitura Municipal de Hidrolândia - CE,CE,RECEITA CORRENTE LÍQUIDA,41302262.44
2020,Prefeitura Municipal de Hidrolândia - CE,CE,% da DC sobre a RCL AJUSTADA (I/VI),16.85
2020,Prefeitura Municipal de Hidrolândia - CE,CE,% da DCL sobre a RCL AJUSTADA,15.69
2020,Prefeitura Municipal de Ibicuitinga - CE,CE,DÍVIDA CONSOLIDADA,19796803.54
2020,Prefeitura Municipal de Ibicuitinga - CE,CE,Disponibilidade de Caixa,1640078.69
2020,Prefeitura Municipal de Ibicuitinga - CE,CE,Disponibilidade de Caixa Bruta,3655407.98
2020,Prefeitura Municipal de Ibicuitinga - CE,CE,RECEITA CORRENTE LÍQUIDA,38549390.08
2020,Prefeitura Municipal de Ibicuitinga - CE,CE,% da DC sobre a RCL AJUSTADA (I/VI),52.58
2020,Prefeitura Municipal de Ibicuitinga - CE,CE,% da DCL sobre a RCL AJUSTADA,46.73
2020,Prefeitura Municipal de Ibicuitinga - CE,CE,Precatórios (Não incluídos na DC),3017.61
2020,Prefeitura Municipal de Horizonte - CE,CE,DÍVIDA CONSOLIDADA,36560339.07
2020,Prefeitura Municipal de Horizonte - CE,CE,Precatórios (inclusive) Vencidos e Não Pagos,1334682.79
2020,Prefeitura Municipal de Horizonte - CE,CE,Disponibilidade de Caixa,25728926.99
2020,Prefeitura Municipal de Horizonte - CE,CE,Disponibilidade de Caixa Bruta,31424990.48
2020,Prefeitura Municipal de Horizonte - CE,CE,RECEITA CORRENTE LÍQUIDA,220954574.66
2020,Prefeitura Municipal de Horizonte - CE,CE,% da DC sobre a RCL AJUSTADA (I/VI),16.71
2020,Prefeitura Municipal de Horizonte - CE,CE,% da DCL sobre a RCL AJUSTADA,4.95
2020,Prefeitura Municipal de Ibaretama - CE,CE,DÍVIDA CONSOLIDADA,22531808.84
2020,Prefeitura Municipal de Ibaretama - CE,CE,Disponibilidade de Caixa Bruta,3195550.91
2020,Prefeitura Municipal de Ibaretama - CE,CE,RECEITA CORRENTE LÍQUIDA,31844324.06
2020,Prefeitura Municipal de Ibaretama - CE,CE,% da DC sobre a RCL AJUSTADA (I/VI),70.76
2020,Prefeitura Municipal de Ibaretama - CE,CE,% da DCL sobre a RCL AJUSTADA,70.76
2020,Prefeitura Municipal de Icapuí - CE,CE,DÍVIDA CONSOLIDADA,47396500.64
2020,Prefeitura Municipal de Icapuí - CE,CE,Disponibilidade de Caixa,248710.08
2020,Prefeitura Municipal de Icapuí - CE,CE,Disponibilidade de Caixa Bruta,6693144.99
2020,Prefeitura Municipal de Icapuí - CE,CE,RECEITA CORRENTE LÍQUIDA,75251375.55
2020,Prefeitura Municipal de Icapuí - CE,CE,% da DC sobre a RCL AJUSTADA (I/VI),64.09
2020,Prefeitura Municipal de Icapuí - CE,CE,% da DCL sobre a RCL AJUSTADA,63.74
2020,Prefeitura Municipal de Icó - CE,CE,DÍVIDA CONSOLIDADA,80736317.67
2020,Prefeitura Municipal de Icó - CE,CE,Disponibilidade de Caixa,7808084.7
2020,Prefeitura Municipal de Icó - CE,CE,Disponibilidade de Caixa Bruta,34488435.02
2020,Prefeitura Municipal de Icó - CE,CE,RECEITA CORRENTE LÍQUIDA,135469926.22
2020,Prefeitura Municipal de Icó - CE,CE,% da DC sobre a RCL AJUSTADA (I/VI),60.26
2020,Prefeitura Municipal de Icó - CE,CE,% da DCL sobre a RCL AJUSTADA,54.44
2020,Prefeitura Municipal de Independência - CE,CE,Disponibilidade de Caixa,5571841.74
2020,Prefeitura Municipal de Independência - CE,CE,Disponibilidade de Caixa Bruta,8291662.13
2020,Prefeitura Municipal de Independência - CE,CE,RECEITA CORRENTE LÍQUIDA,52450818.09
2020,Prefeitura Municipal de Independência - CE,CE,% da DCL sobre a RCL AJUSTADA,-10.62
2020,Prefeitura Municipal de Ipu - CE,CE,Disponibilidade de Caixa,49767804.16
2020,Prefeitura Municipal de Ipu - CE,CE,Disponibilidade de Caixa Bruta,54687205.0
2020,Prefeitura Municipal de Ipu - CE,CE,RECEITA CORRENTE LÍQUIDA,102070662.76
2020,Prefeitura Municipal de Ipu - CE,CE,% da DCL sobre a RCL AJUSTADA,-48.76
2020,Prefeitura Municipal de Iguatu - CE,CE,DÍVIDA CONSOLIDADA,80931889.29
2020,Prefeitura Municipal de Iguatu - CE,CE,Disponibilidade de Caixa,21722017.29
2020,Prefeitura Municipal de Iguatu - CE,CE,Disponibilidade de Caixa Bruta,21722017.29
2020,Prefeitura Municipal de Iguatu - CE,CE,RECEITA CORRENTE LÍQUIDA,246235862.88
2020,Prefeitura Municipal de Iguatu - CE,CE,% da DC sobre a RCL AJUSTADA (I/VI),32.87
2020,Prefeitura Municipal de Iguatu - CE,CE,% da DCL sobre a RCL AJUSTADA,24.05
2020,Prefeitura Municipal de Ipaumirim - CE,CE,DÍVIDA CONSOLIDADA,6898384.85
2020,Prefeitura Municipal de Ipaumirim - CE,CE,Disponibilidade de Caixa Bruta,1433634.32
2020,Prefeitura Municipal de Ipaumirim - CE,CE,RECEITA CORRENTE LÍQUIDA,28384999.53
2020,Prefeitura Municipal de Ipaumirim - CE,CE,% da DC sobre a RCL AJUSTADA (I/VI),24.3
2020,Prefeitura Municipal de Ipaumirim - CE,CE,% da DCL sobre a RCL AJUSTADA,24.3
2020,Prefeitura Municipal de Ipaumirim - CE,CE,Precatórios (Não incluídos na DC),1198346.1
2020,Prefeitura Municipal de Itaiçaba - CE,CE,DÍVIDA CONSOLIDADA,18344810.8
2020,Prefeitura Municipal de Itaiçaba - CE,CE,Disponibilidade de Caixa,3678973.71
2020,Prefeitura Municipal de Itaiçaba - CE,CE,Disponibilidade de Caixa Bruta,4536338.01
2020,Prefeitura Municipal de Irauçuba - CE,CE,DÍVIDA CONSOLIDADA,20434342.92
2020,Prefeitura Municipal de Irauçuba - CE,CE,Disponibilidade de Caixa,7931865.96
2020,Prefeitura Municipal de Irauçuba - CE,CE,Disponibilidade de Caixa Bruta,9328351.42
2020,Prefeitura Municipal de Irauçuba - CE,CE,RECEITA CORRENTE LÍQUIDA,62962515.86
2020,Prefeitura Municipal de Irauçuba - CE,CE,% da DC sobre a RCL AJUSTADA (I/VI),32.45
2020,Prefeitura Municipal de Irauçuba - CE,CE,% da DCL sobre a RCL AJUSTADA,19.8
2020,Prefeitura Municipal de Irauçuba - CE,CE,Precatórios (Não incluídos na DC),13137.42
2020,Prefeitura Municipal de Ipueiras - CE,CE,DÍVIDA CONSOLIDADA,2897517.81
2020,Prefeitura Municipal de Ipueiras - CE,CE,Disponibilidade de Caixa,6534623.25
2020,Prefeitura Municipal de Ipueiras - CE,CE,Disponibilidade de Caixa Bruta,9980268.11
2020,Prefeitura Municipal de Ipueiras - CE,CE,RECEITA CORRENTE LÍQUIDA,85581975.52
2020,Prefeitura Municipal de Ipueiras - CE,CE,% da DC sobre a RCL AJUSTADA (I/VI),3.45
2020,Prefeitura Municipal de Ipueiras - CE,CE,% da DCL sobre a RCL AJUSTADA,-4.46
2020,Prefeitura Municipal de Iracema - CE,CE,DÍVIDA CONSOLIDADA,20688356.06
2020,Prefeitura Municipal de Iracema - CE,CE,Precatórios (inclusive) Vencidos e Não Pagos,182871.47
2020,Prefeitura Municipal de Iracema - CE,CE,Disponibilidade de Caixa,9208015.25
2020,Prefeitura Municipal de Iracema - CE,CE,Disponibilidade de Caixa Bruta,10927880.9
2020,Prefeitura Municipal de Iracema - CE,CE,RECEITA CORRENTE LÍQUIDA,44175739.83
2020,Prefeitura Municipal de Iracema - CE,CE,% da DC sobre a RCL AJUSTADA (I/VI),50.51
2020,Prefeitura Municipal de Iracema - CE,CE,% da DCL sobre a RCL AJUSTADA,28.01
2020,Prefeitura Municipal de Itapajé - CE,CE,DÍVIDA CONSOLIDADA,28969780.74
2020,Prefeitura Municipal de Itapajé - CE,CE,Disponibilidade de Caixa,28799717.21
2020,Prefeitura Municipal de Itapajé - CE,CE,Disponibilidade de Caixa Bruta,36716936.72
2020,Prefeitura Municipal de Itapajé - CE,CE,RECEITA CORRENTE LÍQUIDA,107411890.25
2020,Prefeitura Municipal de Itapajé - CE,CE,% da DC sobre a RCL AJUSTADA (I/VI),27.41
2020,Prefeitura Municipal de Itapajé - CE,CE,% da DCL sobre a RCL AJUSTADA,0.16
2020,Prefeitura Municipal de Itaitinga - CE,CE,DÍVIDA CONSOLIDADA,10237044.35
2020,Prefeitura Municipal de Itaitinga - CE,CE,Disponibilidade de Caixa,6830848.97
2020,Prefeitura Municipal de Itaitinga - CE,CE,Disponibilidade de Caixa Bruta,12664009.87
2020,Prefeitura Municipal de Itaitinga - CE,CE,RECEITA CORRENTE LÍQUIDA,104162701.83
2020,Prefeitura Municipal de Itaitinga - CE,CE,% da DC sobre a RCL AJUSTADA (I/VI),9.83
2020,Prefeitura Municipal de Itaitinga - CE,CE,% da DCL sobre a RCL AJUSTADA,3.27
2020,Prefeitura Municipal de Itapiúna - CE,CE,DÍVIDA CONSOLIDADA,24553763.19
2020,Prefeitura Municipal de Itapiúna - CE,CE,Disponibilidade de Caixa,13602162.53
2020,Prefeitura Municipal de Itapiúna - CE,CE,Disponibilidade de Caixa Bruta,18122101.34
2020,Prefeitura Municipal de Itapiúna - CE,CE,Precatórios (Não incluídos na DC),41786.66
2020,Prefeitura Municipal de Itapipoca - CE,CE,DÍVIDA CONSOLIDADA,54976298.8
2020,Prefeitura Municipal de Itapipoca - CE,CE,Disponibilidade de Caixa,20502634.42
2020,Prefeitura Municipal de Itapipoca - CE,CE,Disponibilidade de Caixa Bruta,26419245.56
2020,Prefeitura Municipal de Itapipoca - CE,CE,RECEITA CORRENTE LÍQUIDA,291255937.68
2020,Prefeitura Municipal de Itapipoca - CE,CE,% da DC sobre a RCL AJUSTADA (I/VI),18.92
2020,Prefeitura Municipal de Itapipoca - CE,CE,% da DCL sobre a RCL AJUSTADA,11.74
2020,Prefeitura Municipal de Itarema - CE,CE,DÍVIDA CONSOLIDADA,19753561.98
2020,Prefeitura Municipal de Itarema - CE,CE,Disponibilidade de Caixa,625551.41
2020,Prefeitura Municipal de Itarema - CE,CE,Disponibilidade de Caixa Bruta,8948062.11
2020,Prefeitura Municipal de Itarema - CE,CE,RECEITA CORRENTE LÍQUIDA,129316732.1
2020,Prefeitura Municipal de Itarema - CE,CE,% da DC sobre a RCL AJUSTADA (I/VI),16.26
2020,Prefeitura Municipal de Itarema - CE,CE,% da DCL sobre a RCL AJUSTADA,15.74
2020,Prefeitura Municipal de Itatira - CE,CE,DÍVIDA CONSOLIDADA,29552001.97
2020,Prefeitura Municipal de Itatira - CE,CE,Disponibilidade de Caixa,2177629.22
2020,Prefeitura Municipal de Itatira - CE,CE,Disponibilidade de Caixa Bruta,2957466.33
2020,Prefeitura Municipal de Itatira - CE,CE,RECEITA CORRENTE LÍQUIDA,66659159.51
2020,Prefeitura Municipal de Itatira - CE,CE,% da DC sobre a RCL AJUSTADA (I/VI),44.33
2020,Prefeitura Municipal de Itatira - CE,CE,% da DCL sobre a RCL AJUSTADA,41.06
2020,Prefeitura Municipal de Jardim - CE,CE,DÍVIDA CONSOLIDADA,30997458.03
2020,Prefeitura Municipal de Jardim - CE,CE,Precatórios (inclusive) Vencidos e Não Pagos,20897.81
2020,Prefeitura Municipal de Jardim - CE,CE,Disponibilidade de Caixa,2555737.64
2020,Prefeitura Municipal de Jardim - CE,CE,Disponibilidade de Caixa Bruta,6912900.92
2020,Prefeitura Municipal de Jardim - CE,CE,RECEITA CORRENTE LÍQUIDA,61933074.44
2020,Prefeitura Municipal de Jardim - CE,CE,% da DC sobre a RCL AJUSTADA (I/VI),50.05
2020,Prefeitura Municipal de Jardim - CE,CE,% da DCL sobre a RCL AJUSTADA,45.92
2020,Prefeitura Municipal de Jardim - CE,CE,Precatórios (Não incluídos na DC),482758.04
2020,Prefeitura Municipal de Jaguaruana - CE,CE,DÍVIDA CONSOLIDADA,42117616.94
2020,Prefeitura Municipal de Jaguaruana - CE,CE,Disponibilidade de Caixa,1937943.69
2020,Prefeitura Municipal de Jaguaruana - CE,CE,Disponibilidade de Caixa Bruta,4041867.63
2020,Prefeitura Municipal de Jaguaretama - CE,CE,DÍVIDA CONSOLIDADA,34036033.93
2020,Prefeitura Municipal de Jaguaretama - CE,CE,Precatórios (inclusive) Vencidos e Não Pagos,929286.8
2020,Prefeitura Municipal de Jaguaretama - CE,CE,Disponibilidade de Caixa,21817846.78
2020,Prefeitura Municipal de Jaguaretama - CE,CE,Disponibilidade de Caixa Bruta,22732262.15
2020,Prefeitura Municipal de Jaguaretama - CE,CE,RECEITA CORRENTE LÍQUIDA,48495440.72
2020,Prefeitura Municipal de Jaguaretama - CE,CE,% da DC sobre a RCL AJUSTADA (I/VI),74.42
2020,Prefeitura Municipal de Jaguaretama - CE,CE,% da DCL sobre a RCL AJUSTADA,25.42
2020,Prefeitura Municipal de Jaguaribara - CE,CE,DÍVIDA CONSOLIDADA,15537646.95
2020,Prefeitura Municipal de Jaguaribara - CE,CE,Disponibilidade de Caixa,4024697.54
2020,Prefeitura Municipal de Jaguaribara - CE,CE,Disponibilidade de Caixa Bruta,5651914.76
2020,Prefeitura Municipal de Jijoca de Jericoacoara - CE,CE,DÍVIDA CONSOLIDADA,9197878.26
2020,Prefeitura Municipal de Jijoca de Jericoacoara - CE,CE,Disponibilidade de Caixa,4631995.28
2020,Prefeitura Municipal de Jijoca de Jericoacoara - CE,CE,Disponibilidade de Caixa Bruta,9089704.53
2020,Prefeitura Municipal de Jijoca de Jericoacoara - CE,CE,Precatórios (Não incluídos na DC),809.78
2020,Prefeitura Municipal de Juazeiro do Norte - CE,CE,DÍVIDA CONSOLIDADA,175419956.84
2020,Prefeitura Municipal de Juazeiro do Norte - CE,CE,Disponibilidade de Caixa,59200224.45
2020,Prefeitura Municipal de Juazeiro do Norte - CE,CE,Disponibilidade de Caixa Bruta,100765094.95
2020,Prefeitura Municipal de Juazeiro do Norte - CE,CE,RECEITA CORRENTE LÍQUIDA,545836783.33
2020,Prefeitura Municipal de Juazeiro do Norte - CE,CE,% da DC sobre a RCL AJUSTADA (I/VI),32.43
2020,Prefeitura Municipal de Juazeiro do Norte - CE,CE,% da DCL sobre a RCL AJUSTADA,21.49
2020,Prefeitura Municipal de Juazeiro do Norte - CE,CE,Precatórios (Não incluídos na DC),114916.27
2020,Prefeitura Municipal de Jucás - CE,CE,DÍVIDA CONSOLIDADA,23049541.11
2020,Prefeitura Municipal de Jucás - CE,CE,Precatórios (inclusive) Vencidos e Não Pagos,13131.63
2020,Prefeitura Municipal de Jucás - CE,CE,Disponibilidade de Caixa,19316443.93
2020,Prefeitura Municipal de Jucás - CE,CE,Disponibilidade de Caixa Bruta,24837175.1
2020,Prefeitura Municipal de Jucás - CE,CE,Precatórios (Não incluídos na DC),1700.82
2020,Prefeitura Municipal de Jati - CE,CE,DÍVIDA CONSOLIDADA,3796777.48
2020,Prefeitura Municipal de Jati - CE,CE,Disponibilidade de Caixa,4025974.06
2020,Prefeitura Municipal de Jati - CE,CE,Disponibilidade de Caixa Bruta,4025974.06
2020,Prefeitura Municipal de Jati - CE,CE,RECEITA CORRENTE LÍQUIDA,31007373.35
2020,Prefeitura Municipal de Jati - CE,CE,% da DC sobre a RCL AJUSTADA (I/VI),12.24
2020,Prefeitura Municipal de Jati - CE,CE,% da DCL sobre a RCL AJUSTADA,-0.74
2020,Prefeitura Municipal de Maracanaú - CE,CE,DÍVIDA CONSOLIDADA,127106397.66
2020,Prefeitura Municipal de Maracanaú - CE,CE,Disponibilidade de Caixa,102383038.64
2020,Prefeitura Municipal de Maracanaú - CE,CE,Disponibilidade de Caixa Bruta,104022013.35
2020,Prefeitura Municipal de Maracanaú - CE,CE,RECEITA CORRENTE LÍQUIDA,711667511.6
2020,Prefeitura Municipal de Maracanaú - CE,CE,% da DC sobre a RCL AJUSTADA (I/VI),18.11
2020,Prefeitura Municipal de Maracanaú - CE,CE,% da DCL sobre a RCL AJUSTADA,3.52
2020,Prefeitura Municipal de Maracanaú - CE,CE,Precatórios (Não incluídos na DC),1745054.18
2020,Prefeitura Municipal de Maranguape - CE,CE,DÍVIDA CONSOLIDADA,8382764.26
2020,Prefeitura Municipal de Maranguape - CE,CE,Disponibilidade de Caixa,59813708.02
2020,Prefeitura Municipal de Maranguape - CE,CE,Disponibilidade de Caixa Bruta,73102598.37
2020,Prefeitura Municipal de Maranguape - CE,CE,RECEITA CORRENTE LÍQUIDA,207818690.52
2020,Prefeitura Municipal de Maranguape - CE,CE,% da DC sobre a RCL AJUSTADA (I/VI),4.03
2020,Prefeitura Municipal de Maranguape - CE,CE,% da DCL sobre a RCL AJUSTADA,-24.75
2020,Prefeitura Municipal de Limoeiro do Norte - CE,CE,DÍVIDA CONSOLIDADA,77356561.81
2020,Prefeitura Municipal de Limoeiro do Norte - CE,CE,Disponibilidade de Caixa,15760404.22
2020,Prefeitura Municipal de Limoeiro do Norte - CE,CE,Disponibilidade de Caixa Bruta,32902252.97
2020,Prefeitura Municipal de Limoeiro do Norte - CE,CE,RECEITA CORRENTE LÍQUIDA,137687048.93
2020,Prefeitura Municipal de Limoeiro do Norte - CE,CE,% da DC sobre a RCL AJUSTADA (I/VI),57.37
2020,Prefeitura Municipal de Limoeiro do Norte - CE,CE,% da DCL sobre a RCL AJUSTADA,45.68
2020,Prefeitura Municipal de Limoeiro do Norte - CE,CE,Precatórios (Não incluídos na DC),31567.51
2020,Prefeitura Municipal de Madalena - CE,CE,DÍVIDA CONSOLIDADA,19514217.25
2020,Prefeitura Municipal de Madalena - CE,CE,Disponibilidade de Caixa Bruta,2545605.35
2020,Prefeitura Municipal de Madalena - CE,CE,RECEITA CORRENTE LÍQUIDA,46141920.38
2020,Prefeitura Municipal de Madalena - CE,CE,% da DC sobre a RCL AJUSTADA (I/VI),43.04
2020,Prefeitura Municipal de Madalena - CE,CE,% da DCL sobre a RCL AJUSTADA,43.04
2020,Prefeitura Municipal de Lavras da Mangabeira - CE,CE,DÍVIDA CONSOLIDADA,34319875.39
2020,Prefeitura Municipal de Lavras da Mangabeira - CE,CE,Disponibilidade de Caixa,6594302.35
2020,Prefeitura Municipal de Lavras da Mangabeira - CE,CE,Disponibilidade de Caixa Bruta,8368806.84
2020,Prefeitura Municipal de Lavras da Mangabeira - CE,CE,RECEITA CORRENTE LÍQUIDA,66800256.65
2020,Prefeitura Municipal de Lavras da Mangabeira - CE,CE,% da DC sobre a RCL AJUSTADA (I/VI),54.14
2020,Prefeitura Municipal de Lavras da Mangabeira - CE,CE,% da DCL sobre a RCL AJUSTADA,43.73
2020,Prefeitura Municipal de Martinópole - CE,CE,DÍVIDA CONSOLIDADA,4297420.46
2020,Prefeitura Municipal de Martinópole - CE,CE,Disponibilidade de Caixa,1001394.95
2020,Prefeitura Municipal de Martinópole - CE,CE,Disponibilidade de Caixa Bruta,2713953.26
2020,Prefeitura Municipal de Martinópole - CE,CE,Precatórios (Não incluídos na DC),11228.11
2020,Prefeitura Municipal de Massapê - CE,CE,DÍVIDA CONSOLIDADA,18288267.76
2020,Prefeitura Municipal de Massapê - CE,CE,Disponibilidade de Caixa,9307045.52
2020,Prefeitura Municipal de Massapê - CE,CE,Disponibilidade de Caixa Bruta,13132732.33
2020,Prefeitura Municipal de Massapê - CE,CE,RECEITA CORRENTE LÍQUIDA,73202185.13
2020,Prefeitura Municipal de Massapê - CE,CE,% da DC sobre a RCL AJUSTADA (I/VI),25.18
2020,Prefeitura Municipal de Massapê - CE,CE,% da DCL sobre a RCL AJUSTADA,12.37
2020,Prefeitura Municipal de Mauriti - CE,CE,DÍVIDA CONSOLIDADA,10237585.67
2020,Prefeitura Municipal de Mauriti - CE,CE,Disponibilidade de Caixa,11144350.73
2020,Prefeitura Municipal de Mauriti - CE,CE,Disponibilidade de Caixa Bruta,13395415.8
2020,Prefeitura Municipal de Mauriti - CE,CE,RECEITA CORRENTE LÍQUIDA,94822633.11
2020,Prefeitura Municipal de Mauriti - CE,CE,% da DC sobre a RCL AJUSTADA (I/VI),10.83
2020,Prefeitura Municipal de Mauriti - CE,CE,% da DCL sobre a RCL AJUSTADA,-0.96
2020,Prefeitura Municipal de Milagres - CE,CE,DÍVIDA CONSOLIDADA,2743365.59
2020,Prefeitura Municipal de Milagres - CE,CE,Disponibilidade de Caixa,23107789.34
2020,Prefeitura Municipal de Milagres - CE,CE,Disponibilidade de Caixa Bruta,23107789.34
2020,Prefeitura Municipal de Milagres - CE,CE,RECEITA CORRENTE LÍQUIDA,59169040.89
2020,Prefeitura Municipal de Milagres - CE,CE,% da DC sobre a RCL AJUSTADA (I/VI),4.64
2020,Prefeitura Municipal de Milagres - CE,CE,% da DCL sobre a RCL AJUSTADA,-34.42
2020,Prefeitura Municipal de Miraíma - CE,CE,DÍVIDA CONSOLIDADA,12331058.7
2020,Prefeitura Municipal de Miraíma - CE,CE,Disponibilidade de Caixa,1101424.11
2020,Prefeitura Municipal de Miraíma - CE,CE,Disponibilidade de Caixa Bruta,1687266.4
2020,Prefeitura Municipal de Missão Velha - CE,CE,DÍVIDA CONSOLIDADA,39390574.67
2020,Prefeitura Municipal de Missão Velha - CE,CE,RECEITA CORRENTE LÍQUIDA,85518456.77
2020,Prefeitura Municipal de Missão Velha - CE,CE,% da DC sobre a RCL AJUSTADA (I/VI),46.06
2020,Prefeitura Municipal de Missão Velha - CE,CE,% da DCL sobre a RCL AJUSTADA,40.27
2020,Prefeitura Municipal de Mombaça - CE,CE,DÍVIDA CONSOLIDADA,51782687.23
2020,Prefeitura Municipal de Mombaça - CE,CE,Disponibilidade de Caixa,7251854.79
2020,Prefeitura Municipal de Mombaça - CE,CE,Disponibilidade de Caixa Bruta,9441508.17
2020,Prefeitura Municipal de Mombaça - CE,CE,RECEITA CORRENTE LÍQUIDA,95854975.85
2020,Prefeitura Municipal de Mombaça - CE,CE,% da DC sobre a RCL AJUSTADA (I/VI),54.02
2020,Prefeitura Municipal de Mombaça - CE,CE,% da DCL sobre a RCL AJUSTADA,46.45
2020,Prefeitura Municipal de Mombaça - CE,CE,Precatórios (Não incluídos na DC),20000.0
2020,Prefeitura Municipal de Monsenhor Tabosa - CE,CE,Disponibilidade de Caixa,785136.09
2020,Prefeitura Municipal de Monsenhor Tabosa - CE,CE,Disponibilidade de Caixa Bruta,2041320.0
2020,Prefeitura Municipal de Monsenhor Tabosa - CE,CE,RECEITA CORRENTE LÍQUIDA,41699042.81
2020,Prefeitura Municipal de Monsenhor Tabosa - CE,CE,% da DCL sobre a RCL AJUSTADA,-1.88
2020,Prefeitura Municipal de Morada Nova - CE,CE,DÍVIDA CONSOLIDADA,39043017.75
2020,Prefeitura Municipal de Morada Nova - CE,CE,Disponibilidade de Caixa,25348770.11
2020,Prefeitura Municipal de Morada Nova - CE,CE,Disponibilidade de Caixa Bruta,29370654.78
2020,Prefeitura Municipal de Morada Nova - CE,CE,RECEITA CORRENTE LÍQUIDA,155600861.21
2020,Prefeitura Municipal de Morada Nova - CE,CE,% da DC sobre a RCL AJUSTADA (I/VI),25.4
2020,Prefeitura Municipal de Morada Nova - CE,CE,% da DCL sobre a RCL AJUSTADA,8.91
2020,Prefeitura Municipal de Morrinhos - CE,CE,DÍVIDA CONSOLIDADA,8782853.7
2020,Prefeitura Municipal de Morrinhos - CE,CE,Disponibilidade de Caixa,4631523.92
2020,Prefeitura Municipal de Morrinhos - CE,CE,Disponibilidade de Caixa Bruta,6288033.83
2020,Prefeitura Municipal de Morrinhos - CE,CE,Precatórios (Não incluídos na DC),7023.93
2020,Prefeitura Municipal de Nova Russas - CE,CE,DÍVIDA CONSOLIDADA,3453520.23
2020,Prefeitura Municipal de Nova Russas - CE,CE,Disponibilidade de Caixa,3860949.72
2020,Prefeitura Municipal de Nova Russas - CE,CE,Disponibilidade de Caixa Bruta,9643553.52
2020,Prefeitura Municipal de Nova Russas - CE,CE,RECEITA CORRENTE LÍQUIDA,75639049.82
2020,Prefeitura Municipal de Nova Russas - CE,CE,% da DC sobre a RCL AJUSTADA (I/VI),4.58
2020,Prefeitura Municipal de Nova Russas - CE,CE,% da DCL sobre a RCL AJUSTADA,-0.54
2020,Prefeitura Municipal de Nova Russas - CE,CE,Precatórios (Não incluídos na DC),29123.45
2020,Prefeitura Municipal de Mulungu - CE,CE,DÍVIDA CONSOLIDADA,16022461.0
2020,Prefeitura Municipal de Mulungu - CE,CE,Disponibilidade de Caixa Bruta,2025988.15
2020,Prefeitura Municipal de Mulungu - CE,CE,RECEITA CORRENTE LÍQUIDA,28645543.55
2020,Prefeitura Municipal de Mulungu - CE,CE,% da DC sobre a RCL AJUSTADA (I/VI),58.92
2020,Prefeitura Municipal de Mulungu - CE,CE,% da DCL sobre a RCL AJUSTADA,58.92
2020,Prefeitura Municipal de Nova Olinda - CE,CE,DÍVIDA CONSOLIDADA,10433811.61
2020,Prefeitura Municipal de Nova Olinda - CE,CE,Disponibilidade de Caixa,5106980.61
2020,Prefeitura Municipal de Nova Olinda - CE,CE,Disponibilidade de Caixa Bruta,5376619.97
2020,Prefeitura Municipal de Nova Olinda - CE,CE,RECEITA CORRENTE LÍQUIDA,43100464.99
2020,Prefeitura Municipal de Nova Olinda - CE,CE,% da DC sobre a RCL AJUSTADA (I/VI),24.38
2020,Prefeitura Municipal de Nova Olinda - CE,CE,% da DCL sobre a RCL AJUSTADA,12.45
2020,Prefeitura Municipal de Nova Olinda - CE,CE,Precatórios (Não incluídos na DC),9515.82
2020,Prefeitura Municipal de Novo Oriente - CE,CE,DÍVIDA CONSOLIDADA,34724459.71
2020,Prefeitura Municipal de Novo Oriente - CE,CE,Precatórios (inclusive) Vencidos e Não Pagos,200552.78
2020,Prefeitura Municipal de Novo Oriente - CE,CE,Disponibilidade de Caixa,4049924.53
2020,Prefeitura Municipal de Novo Oriente - CE,CE,Disponibilidade de Caixa Bruta,7628211.66
2020,Prefeitura Municipal de Novo Oriente - CE,CE,RECEITA CORRENTE LÍQUIDA,68964463.7
2020,Prefeitura Municipal de Novo Oriente - CE,CE,% da DC sobre a RCL AJUSTADA (I/VI),51.89
2020,Prefeitura Municipal de Novo Oriente - CE,CE,% da DCL sobre a RCL AJUSTADA,45.17
2020,Prefeitura Municipal de Ocara - CE,CE,DÍVIDA CONSOLIDADA,15900685.41
2020,Prefeitura Municipal de Ocara - CE,CE,Disponibilidade de Caixa Bruta,4241891.77
2020,Prefeitura Municipal de Ocara - CE,CE,RECEITA CORRENTE LÍQUIDA,63042734.21
2020,Prefeitura Municipal de Ocara - CE,CE,% da DC sobre a RCL AJUSTADA (I/VI),26.01
2020,Prefeitura Municipal de Ocara - CE,CE,% da DCL sobre a RCL AJUSTADA,25.99
2020,Prefeitura Municipal de Pacajus - CE,CE,DÍVIDA CONSOLIDADA,53981406.72
2020,Prefeitura Municipal de Pacajus - CE,CE,Disponibilidade de Caixa Bruta,6702594.81
2020,Prefeitura Municipal de Pacatuba - CE,CE,DÍVIDA CONSOLIDADA,26873634.22
2020,Prefeitura Municipal de Pacatuba - CE,CE,Disponibilidade de Caixa Bruta,4173814.68
2020,Prefeitura Municipal de Pacatuba - CE,CE,RECEITA CORRENTE LÍQUIDA,158035171.89
2020,Prefeitura Municipal de Pacatuba - CE,CE,% da DC sobre a RCL AJUSTADA (I/VI),17.0
2020,Prefeitura Municipal de Pacatuba - CE,CE,% da DCL sobre a RCL AJUSTADA,17.0
2020,Prefeitura Municipal de Pacoti - CE,CE,DÍVIDA CONSOLIDADA,4253287.65
2020,Prefeitura Municipal de Pacoti - CE,CE,Disponibilidade de Caixa Bruta,3133068.12
2020,Prefeitura Municipal de Pacoti - CE,CE,RECEITA CORRENTE LÍQUIDA,32417360.34
2020,Prefeitura Municipal de Pacoti - CE,CE,% da DC sobre a RCL AJUSTADA (I/VI),13.12
2020,Prefeitura Municipal de Pacoti - CE,CE,% da DCL sobre a RCL AJUSTADA,13.12
2020,Prefeitura Municipal de Palmácia - CE,CE,DÍVIDA CONSOLIDADA,21441356.88
2020,Prefeitura Municipal de Palmácia - CE,CE,Disponibilidade de Caixa,7967423.54
2020,Prefeitura Municipal de Palmácia - CE,CE,Disponibilidade de Caixa Bruta,9345659.06
2020,Prefeitura Municipal de Palmácia - CE,CE,RECEITA CORRENTE LÍQUIDA,30044129.75
2020,Prefeitura Municipal de Palmácia - CE,CE,% da DC sobre a RCL AJUSTADA (I/VI),72.57
2020,Prefeitura Municipal de Palmácia - CE,CE,% da DCL sobre a RCL AJUSTADA,38.48
2020,Prefeitura Municipal de Palhano - CE,CE,DÍVIDA CONSOLIDADA,32010628.19
2020,Prefeitura Municipal de Palhano - CE,CE,Disponibilidade de Caixa Bruta,1705015.3
2020,Prefeitura Municipal de Palhano - CE,CE,RECEITA CORRENTE LÍQUIDA,24816770.67
2020,Prefeitura Municipal de Palhano - CE,CE,% da DC sobre a RCL AJUSTADA (I/VI),128.99
2020,Prefeitura Municipal de Palhano - CE,CE,% da DCL sobre a RCL AJUSTADA,128.99
2020,Prefeitura Municipal de Pacujá - CE,CE,DÍVIDA CONSOLIDADA,15335578.47
2020,Prefeitura Municipal de Pacujá - CE,CE,Disponibilidade de Caixa,6170269.68
2020,Prefeitura Municipal de Pacujá - CE,CE,Disponibilidade de Caixa Bruta,7064041.22
2020,Prefeitura Municipal de Paraipaba - CE,CE,DÍVIDA CONSOLIDADA,23192431.44
2020,Prefeitura Municipal de Paraipaba - CE,CE,Precatórios (inclusive) Vencidos e Não Pagos,67079.05
2020,Prefeitura Municipal de Paraipaba - CE,CE,Disponibilidade de Caixa,3216330.08
2020,Prefeitura Municipal de Paraipaba - CE,CE,Disponibilidade de Caixa Bruta,4823721.17
2020,Prefeitura Municipal de Paraipaba - CE,CE,RECEITA CORRENTE LÍQUIDA,81798353.83
2020,Prefeitura Municipal de Paraipaba - CE,CE,% da DC sobre a RCL AJUSTADA (I/VI),28.56
2020,Prefeitura Municipal de Paraipaba - CE,CE,% da DCL sobre a RCL AJUSTADA,24.57
2020,Prefeitura Municipal de Paramoti - CE,CE,DÍVIDA CONSOLIDADA,11561179.59
2020,Prefeitura Municipal de Paramoti - CE,CE,Disponibilidade de Caixa,431135.69
2020,Prefeitura Municipal de Paramoti - CE,CE,Disponibilidade de Caixa Bruta,2946365.1
2020,Prefeitura Municipal de Pedra Branca - CE,CE,DÍVIDA CONSOLIDADA,64888144.23
2020,Prefeitura Municipal de Pedra Branca - CE,CE,Disponibilidade de Caixa,4077593.78
2020,Prefeitura Municipal de Pedra Branca - CE,CE,Disponibilidade de Caixa Bruta,9482912.06
2020,Prefeitura Municipal de Pedra Branca - CE,CE,Precatórios (Não incluídos na DC),7860.0
2020,Prefeitura Municipal de Paracuru - CE,CE,DÍVIDA CONSOLIDADA,48280363.97
2020,Prefeitura Municipal de Paracuru - CE,CE,Disponibilidade de Caixa,4603399.54
2020,Prefeitura Municipal de Paracuru - CE,CE,Disponibilidade de Caixa Bruta,7288778.33
2020,Prefeitura Municipal de Paracuru - CE,CE,RECEITA CORRENTE LÍQUIDA,86612543.26
2020,Prefeitura Municipal de Paracuru - CE,CE,% da DC sobre a RCL AJUSTADA (I/VI),55.94
2020,Prefeitura Municipal de Paracuru - CE,CE,% da DCL sobre a RCL AJUSTADA,50.35
2020,Prefeitura Municipal de Pentecoste - CE,CE,DÍVIDA CONSOLIDADA,27635872.33
2020,Prefeitura Municipal de Pentecoste - CE,CE,Disponibilidade de Caixa,7636587.22
2020,Prefeitura Municipal de Pentecoste - CE,CE,Disponibilidade de Caixa Bruta,11290989.77
2020,Prefeitura Municipal de Pentecoste - CE,CE,RECEITA CORRENTE LÍQUIDA,93107666.36
2020,Prefeitura Municipal de Pentecoste - CE,CE,% da DC sobre a RCL AJUSTADA (I/VI),30.67
2020,Prefeitura Municipal de Pentecoste - CE,CE,% da DCL sobre a RCL AJUSTADA,22.19
2020,Prefeitura Municipal de Penaforte - CE,CE,DÍVIDA CONSOLIDADA,255882.63
2020,Prefeitura Municipal de Penaforte - CE,CE,Disponibilidade de Caixa,1966420.93
2020,Prefeitura Municipal de Penaforte - CE,CE,Disponibilidade de Caixa Bruta,1966420.93
2020,Prefeitura Municipal de Penaforte - CE,CE,RECEITA CORRENTE LÍQUIDA,30058433.04
2020,Prefeitura Municipal de Penaforte - CE,CE,% da DC sobre a RCL AJUSTADA (I/VI),0.85
2020,Prefeitura Municipal de Penaforte - CE,CE,% da DCL sobre a RCL AJUSTADA,-5.69
2020,Prefeitura Municipal de Pindoretama - CE,CE,Disponibilidade de Caixa,3555312.59
2020,Prefeitura Municipal de Pindoretama - CE,CE,Disponibilidade de Caixa Bruta,5236365.16
2020,Prefeitura Municipal de Pindoretama - CE,CE,RECEITA CORRENTE LÍQUIDA,58700885.06
2020,Prefeitura Municipal de Pindoretama - CE,CE,% da DCL sobre a RCL AJUSTADA,-6.06
2020,Prefeitura Municipal de Piquet Carneiro - CE,CE,DÍVIDA CONSOLIDADA,14708348.66
2020,Prefeitura Municipal de Piquet Carneiro - CE,CE,Disponibilidade de Caixa,8241806.84
2020,Prefeitura Municipal de Piquet Carneiro - CE,CE,Disponibilidade de Caixa Bruta,9414800.7
2020,Prefeitura Municipal de Piquet Carneiro - CE,CE,RECEITA CORRENTE LÍQUIDA,41578991.51
2020,Prefeitura Municipal de Piquet Carneiro - CE,CE,% da DC sobre a RCL AJUSTADA (I/VI),36.51
2020,Prefeitura Municipal de Piquet Carneiro - CE,CE,% da DCL sobre a RCL AJUSTADA,16.05
2020,Prefeitura Municipal de Porteiras - CE,CE,DÍVIDA CONSOLIDADA,1743593.3
2020,Prefeitura Municipal de Porteiras - CE,CE,Disponibilidade de Caixa,12260370.69
2020,Prefeitura Municipal de Porteiras - CE,CE,Disponibilidade de Caixa Bruta,13448571.32
2020,Prefeitura Municipal de Porteiras - CE,CE,RECEITA CORRENTE LÍQUIDA,44557486.84
2020,Prefeitura Municipal de Porteiras - CE,CE,% da DC sobre a RCL AJUSTADA (I/VI),3.91
2020,Prefeitura Municipal de Porteiras - CE,CE,% da DCL sobre a RCL AJUSTADA,-23.6
2020,Prefeitura Municipal de Potiretama - CE,CE,DÍVIDA CONSOLIDADA,11661091.69
2020,Prefeitura Municipal de Potiretama - CE,CE,Disponibilidade de Caixa Bruta,3433567.04
2020,Prefeitura Municipal de Potiretama - CE,CE,RECEITA CORRENTE LÍQUIDA,24412460.18
2020,Prefeitura Municipal de Potiretama - CE,CE,% da DC sobre a RCL AJUSTADA (I/VI),48.63
2020,Prefeitura Municipal de Potiretama - CE,CE,% da DCL sobre a RCL AJUSTADA,48.63
2020,Prefeitura Municipal de Quixelô - CE,CE,DÍVIDA CONSOLIDADA,6455020.09
2020,Prefeitura Municipal de Quixelô - CE,CE,Disponibilidade de Caixa,1722797.6
2020,Prefeitura Municipal de Quixelô - CE,CE,Disponibilidade de Caixa Bruta,4743488.76
2020,Prefeitura Municipal de Quixelô - CE,CE,RECEITA CORRENTE LÍQUIDA,42748022.81
2020,Prefeitura Municipal de Quixelô - CE,CE,% da DC sobre a RCL AJUSTADA (I/VI),15.88
2020,Prefeitura Municipal de Quixelô - CE,CE,% da DCL sobre a RCL AJUSTADA,11.64
2020,Prefeitura Municipal de Quixeramobim - CE,CE,DÍVIDA CONSOLIDADA,82823740.17
2020,Prefeitura Municipal de Quixeramobim - CE,CE,Disponibilidade de Caixa,4356778.6
2020,Prefeitura Municipal de Quixeramobim - CE,CE,Disponibilidade de Caixa Bruta,11955870.22
2020,Prefeitura Municipal de Quixeramobim - CE,CE,Precatórios (Não incluídos na DC),6000.0
2020,Prefeitura Municipal de Quixadá - CE,CE,DÍVIDA CONSOLIDADA,43349192.89
2020,Prefeitura Municipal de Quixadá - CE,CE,Precatórios (inclusive) Vencidos e Não Pagos,154692.12
2020,Prefeitura Municipal de Quixadá - CE,CE,Disponibilidade de Caixa Bruta,10315769.41
2020,Prefeitura Municipal de Quixadá - CE,CE,RECEITA CORRENTE LÍQUIDA,180398324.06
2020,Prefeitura Municipal de Quixadá - CE,CE,% da DC sobre a RCL AJUSTADA (I/VI),24.03
2020,Prefeitura Municipal de Quixadá - CE,CE,% da DCL sobre a RCL AJUSTADA,24.03
2020,Prefeitura Municipal de Quixadá - CE,CE,Precatórios (Não incluídos na DC),58703.48
2020,Prefeitura Municipal de Quixeré - CE,CE,DÍVIDA CONSOLIDADA,6847615.89
2020,Prefeitura Municipal de Quixeré - CE,CE,Disponibilidade de Caixa,10260618.46
2020,Prefeitura Municipal de Quixeré - CE,CE,Disponibilidade de Caixa Bruta,11087248.92
2020,Prefeitura Municipal de Quixeré - CE,CE,RECEITA CORRENTE LÍQUIDA,59207190.51
2020,Prefeitura Municipal de Quixeré - CE,CE,% da DC sobre a RCL AJUSTADA (I/VI),11.8
2020,Prefeitura Municipal de Quixeré - CE,CE,% da DCL sobre a RCL AJUSTADA,-5.89
2020,Prefeitura Municipal de Reriutaba - CE,CE,DÍVIDA CONSOLIDADA,13670886.51
2020,Prefeitura Municipal de Reriutaba - CE,CE,Disponibilidade de Caixa Bruta,4707681.18
2020,Prefeitura Municipal de Reriutaba - CE,CE,RECEITA CORRENTE LÍQUIDA,47539330.75
2020,Prefeitura Municipal de Reriutaba - CE,CE,% da DC sobre a RCL AJUSTADA (I/VI),30.43
2020,Prefeitura Municipal de Reriutaba - CE,CE,% da DCL sobre a RCL AJUSTADA,30.43
2020,Prefeitura Municipal de Russas - CE,CE,DÍVIDA CONSOLIDADA,23356919.27
2020,Prefeitura Municipal de Russas - CE,CE,Disponibilidade de Caixa,15287949.62
2020,Prefeitura Municipal de Russas - CE,CE,Disponibilidade de Caixa Bruta,21070015.0
2020,Prefeitura Municipal de Russas - CE,CE,RECEITA CORRENTE LÍQUIDA,172205013.05
2020,Prefeitura Municipal de Russas - CE,CE,% da DC sobre a RCL AJUSTADA (I/VI),13.56
2020,Prefeitura Municipal de Russas - CE,CE,% da DCL sobre a RCL AJUSTADA,4.68
2020,Prefeitura Municipal de Russas - CE,CE,Precatórios (Não incluídos na DC),836.7
2020,Prefeitura Municipal de Saboeiro - CE,CE,DÍVIDA CONSOLIDADA,19525325.28
2020,Prefeitura Municipal de Saboeiro - CE,CE,Disponibilidade de Caixa,6440473.72
2020,Prefeitura Municipal de Saboeiro - CE,CE,Disponibilidade de Caixa Bruta,9351757.62
2020,Prefeitura Municipal de Saboeiro - CE,CE,RECEITA CORRENTE LÍQUIDA,47030383.07
2020,Prefeitura Municipal de Saboeiro - CE,CE,% da DC sobre a RCL AJUSTADA (I/VI),42.19
2020,Prefeitura Municipal de Saboeiro - CE,CE,% da DCL sobre a RCL AJUSTADA,28.27
2020,Prefeitura Municipal de Santa Quitéria - CE,CE,DÍVIDA CONSOLIDADA,27100439.56
2020,Prefeitura Municipal de Santa Quitéria - CE,CE,Disponibilidade de Caixa,9254791.74
2020,Prefeitura Municipal de Santa Quitéria - CE,CE,Disponibilidade de Caixa Bruta,18329999.03
2020,Prefeitura Municipal de Santa Quitéria - CE,CE,RECEITA CORRENTE LÍQUIDA,99000771.99
2020,Prefeitura Municipal de Santa Quitéria - CE,CE,% da DC sobre a RCL AJUSTADA (I/VI),28.86
2020,Prefeitura Municipal de Santa Quitéria - CE,CE,% da DCL sobre a RCL AJUSTADA,19.0
2020,Prefeitura Municipal de Salitre - CE,CE,DÍVIDA CONSOLIDADA,8246197.85
2020,Prefeitura Municipal de Salitre - CE,CE,Disponibilidade de Caixa Bruta,4361447.69
2020,Prefeitura Municipal de Salitre - CE,CE,RECEITA CORRENTE LÍQUIDA,50678871.51
2020,Prefeitura Municipal de Salitre - CE,CE,% da DC sobre a RCL AJUSTADA (I/VI),16.27
2020,Prefeitura Municipal de Salitre - CE,CE,% da DCL sobre a RCL AJUSTADA,16.27
2020,Prefeitura Municipal de Santana do Acaraú - CE,CE,DÍVIDA CONSOLIDADA,40058414.6
2020,Prefeitura Municipal de Santana do Acaraú - CE,CE,Disponibilidade de Caixa,4625961.06
2020,Prefeitura Municipal de Santana do Acaraú - CE,CE,Disponibilidade de Caixa Bruta,8713568.45
2020,Prefeitura Municipal de Santana do Cariri - CE,CE,DÍVIDA CONSOLIDADA,16508396.74
2020,Prefeitura Municipal de Santana do Cariri - CE,CE,Disponibilidade de Caixa Bruta,4553547.87
2020,Prefeitura Municipal de Santana do Cariri - CE,CE,RECEITA CORRENTE LÍQUIDA,44614822.43
2020,Prefeitura Municipal de Santana do Cariri - CE,CE,% da DC sobre a RCL AJUSTADA (I/VI),37.51
2020,Prefeitura Municipal de Santana do Cariri - CE,CE,% da DCL sobre a RCL AJUSTADA,37.51
2020,Prefeitura Municipal de São Benedito - CE,CE,DÍVIDA CONSOLIDADA,17896722.4
2020,Prefeitura Municipal de São Benedito - CE,CE,Disponibilidade de Caixa,18041061.64
2020,Prefeitura Municipal de São Benedito - CE,CE,Disponibilidade de Caixa Bruta,5968128.36
2020,Prefeitura Municipal de São Benedito - CE,CE,RECEITA CORRENTE LÍQUIDA,100865712.83
2020,Prefeitura Municipal de São Benedito - CE,CE,% da DC sobre a RCL AJUSTADA (I/VI),17.74
2020,Prefeitura Municipal de São Benedito - CE,CE,% da DCL sobre a RCL AJUSTADA,-0.14
2020,Prefeitura Municipal de São Luís do Curu - CE,CE,DÍVIDA CONSOLIDADA,7818473.63
2020,Prefeitura Municipal de São Luís do Curu - CE,CE,Disponibilidade de Caixa,3189074.79
2020,Prefeitura Municipal de São Luís do Curu - CE,CE,Disponibilidade de Caixa Bruta,4651564.26
2020,Prefeitura Municipal de São Luís do Curu - CE,CE,RECEITA CORRENTE LÍQUIDA,29223589.88
2020,Prefeitura Municipal de São Luís do Curu - CE,CE,% da DC sobre a RCL AJUSTADA (I/VI),27.22
2020,Prefeitura Municipal de São Luís do Curu - CE,CE,% da DCL sobre a RCL AJUSTADA,16.12
2020,Prefeitura Municipal de São Gonçalo do Amarante - CE,CE,DÍVIDA CONSOLIDADA,35071314.17
2020,Prefeitura Municipal de São Gonçalo do Amarante - CE,CE,Disponibilidade de Caixa,86852312.45
2020,Prefeitura Municipal de São Gonçalo do Amarante - CE,CE,Disponibilidade de Caixa Bruta,90005685.56
2020,Prefeitura Municipal de Senador Sá - CE,CE,DÍVIDA CONSOLIDADA,5659305.89
2020,Prefeitura Municipal de Senador Sá - CE,CE,Disponibilidade de Caixa,142564.45
2020,Prefeitura Municipal de Senador Sá - CE,CE,Disponibilidade de Caixa Bruta,1537538.75
2020,Prefeitura Municipal de Senador Sá - CE,CE,RECEITA CORRENTE LÍQUIDA,20840058.54
2020,Prefeitura Municipal de Senador Sá - CE,CE,% da DC sobre a RCL AJUSTADA (I/VI),27.16
2020,Prefeitura Municipal de Senador Sá - CE,CE,% da DCL sobre a RCL AJUSTADA,26.47
2020,Prefeitura Municipal de São João do Jaguaribe - CE,CE,DÍVIDA CONSOLIDADA,3371135.48
2020,Prefeitura Municipal de São João do Jaguaribe - CE,CE,Disponibilidade de Caixa,2336351.81
2020,Prefeitura Municipal de São João do Jaguaribe - CE,CE,Disponibilidade de Caixa Bruta,2509024.17
2020,Prefeitura Municipal de São João do Jaguaribe - CE,CE,RECEITA CORRENTE LÍQUIDA,22947559.24
2020,Prefeitura Municipal de São João do Jaguaribe - CE,CE,% da DC sobre a RCL AJUSTADA (I/VI),14.69
2020,Prefeitura Municipal de São João do Jaguaribe - CE,CE,% da DCL sobre a RCL AJUSTADA,4.51
2020,Prefeitura Municipal de Senador Pompeu - CE,CE,DÍVIDA CONSOLIDADA,27620874.06
2020,Prefeitura Municipal de Senador Pompeu - CE,CE,Disponibilidade de Caixa,7186170.69
2020,Prefeitura Municipal de Senador Pompeu - CE,CE,Disponibilidade de Caixa Bruta,9263193.21
2020,Prefeitura Municipal de Senador Pompeu - CE,CE,Precatórios (Não incluídos na DC),340766.74
2020,Prefeitura Municipal de Solonópole - CE,CE,DÍVIDA CONSOLIDADA,14850649.05
2020,Prefeitura Municipal de Solonópole - CE,CE,Precatórios (inclusive) Vencidos e Não Pagos,30657.19
2020,Prefeitura Municipal de Solonópole - CE,CE,Disponibilidade de Caixa,5107643.1
2020,Prefeitura Municipal de Solonópole - CE,CE,Disponibilidade de Caixa Bruta,7667287.99
2020,Prefeitura Municipal de Solonópole - CE,CE,RECEITA CORRENTE LÍQUIDA,52298258.65
2020,Prefeitura Municipal de Solonópole - CE,CE,% da DC sobre a RCL AJUSTADA (I/VI),28.76
2020,Prefeitura Municipal de Solonópole - CE,CE,% da DCL sobre a RCL AJUSTADA,18.85
2020,Prefeitura Municipal de Solonópole - CE,CE,Precatórios (Não incluídos na DC),129181.72
2020,Prefeitura Municipal de Sobral - CE,CE,DÍVIDA CONSOLIDADA,54242970.44
2020,Prefeitura Municipal de Sobral - CE,CE,Disponibilidade de Caixa,115707339.54
2020,Prefeitura Municipal de Sobral - CE,CE,Disponibilidade de Caixa Bruta,154969778.3
2020,Prefeitura Municipal de Sobral - CE,CE,RECEITA CORRENTE LÍQUIDA,681945844.82
2020,Prefeitura Municipal de Sobral - CE,CE,% da DC sobre a RCL AJUSTADA (I/VI),8.15
2020,Prefeitura Municipal de Sobral - CE,CE,% da DCL sobre a RCL AJUSTADA,-9.23
2020,Prefeitura Municipal de Tarrafas - CE,CE,DÍVIDA CONSOLIDADA,15085775.71
2020,Prefeitura Municipal de Tarrafas - CE,CE,Disponibilidade de Caixa,827091.31
2020,Prefeitura Municipal de Tarrafas - CE,CE,Disponibilidade de Caixa Bruta,1513328.31
2020,Prefeitura Municipal de Tarrafas - CE,CE,RECEITA CORRENTE LÍQUIDA,24384483.78
2020,Prefeitura Municipal de Tarrafas - CE,CE,% da DC sobre a RCL AJUSTADA (I/VI),61.87
2020,Prefeitura Municipal de Tarrafas - CE,CE,% da DCL sobre a RCL AJUSTADA,58.47
2020,Prefeitura Municipal de Tabuleiro do Norte - CE,CE,DÍVIDA CONSOLIDADA,24367196.0
2020,Prefeitura Municipal de Tabuleiro do Norte - CE,CE,Precatórios (inclusive) Vencidos e Não Pagos,478186.26
2020,Prefeitura Municipal de Tabuleiro do Norte - CE,CE,Disponibilidade de Caixa,9318739.62
2020,Prefeitura Municipal de Tabuleiro do Norte - CE,CE,Disponibilidade de Caixa Bruta,11101658.75
2020,Prefeitura Municipal de Tabuleiro do Norte - CE,CE,RECEITA CORRENTE LÍQUIDA,66254464.28
2020,Prefeitura Municipal de Tabuleiro do Norte - CE,CE,% da DC sobre a RCL AJUSTADA (I/VI),37.0
2020,Prefeitura Municipal de Tabuleiro do Norte - CE,CE,% da DCL sobre a RCL AJUSTADA,22.47
2020,Prefeitura Municipal de Tejuçuoca - CE,CE,DÍVIDA CONSOLIDADA,16674339.06
2020,Prefeitura Municipal de Tejuçuoca - CE,CE,Disponibilidade de Caixa,4441788.61
2020,Prefeitura Municipal de Tejuçuoca - CE,CE,Disponibilidade de Caixa Bruta,7659463.11
2020,Prefeitura Municipal de Tejuçuoca - CE,CE,RECEITA CORRENTE LÍQUIDA,49332950.0
2020,Prefeitura Municipal de Tejuçuoca - CE,CE,% da DC sobre a RCL AJUSTADA (I/VI),34.15
2020,Prefeitura Municipal de Tejuçuoca - CE,CE,% da DCL sobre a RCL AJUSTADA,25.05
2020,Prefeitura Municipal de Tianguá - CE,CE,DÍVIDA CONSOLIDADA,9863402.66
2020,Prefeitura Municipal de Tianguá - CE,CE,Precatórios (inclusive) Vencidos e Não Pagos,1099236.22
2020,Prefeitura Municipal de Tianguá - CE,CE,Disponibilidade de Caixa,27705260.5
2020,Prefeitura Municipal de Tianguá - CE,CE,Disponibilidade de Caixa Bruta,45328996.2
2020,Prefeitura Municipal de Tianguá - CE,CE,RECEITA CORRENTE LÍQUIDA,187650204.22
2020,Prefeitura Municipal de Tianguá - CE,CE,% da DC sobre a RCL AJUSTADA (I/VI),5.26
2020,Prefeitura Municipal de Tianguá - CE,CE,% da DCL sobre a RCL AJUSTADA,-9.59
2020,Prefeitura Municipal de Tianguá - CE,CE,Precatórios (Não incluídos na DC),2306878.08
2020,Prefeitura Municipal de Tauá - CE,CE,DÍVIDA CONSOLIDADA,35759655.0
2020,Prefeitura Municipal de Tauá - CE,CE,Precatórios (inclusive) Vencidos e Não Pagos,397810.87
2020,Prefeitura Municipal de Tauá - CE,CE,Disponibilidade de Caixa,71452477.22
2020,Prefeitura Municipal de Tauá - CE,CE,Disponibilidade de Caixa Bruta,89042436.03
2020,Prefeitura Municipal de Tauá - CE,CE,RECEITA CORRENTE LÍQUIDA,142541615.24
2020,Prefeitura Municipal de Tauá - CE,CE,% da DC sobre a RCL AJUSTADA (I/VI),25.31
2020,Prefeitura Municipal de Tauá - CE,CE,% da DCL sobre a RCL AJUSTADA,-25.56
2020,Prefeitura Municipal de Trairi - CE,CE,DÍVIDA CONSOLIDADA,21408286.95
2020,Prefeitura Municipal de Trairi - CE,CE,Disponibilidade de Caixa,13083383.94
2020,Prefeitura Municipal de Trairi - CE,CE,Disponibilidade de Caixa Bruta,15119009.04
2020,Prefeitura Municipal de Trairi - CE,CE,Precatórios (Não incluídos na DC),31762010.7
2020,Prefeitura Municipal de Tururu - CE,CE,DÍVIDA CONSOLIDADA,15810701.78
2020,Prefeitura Municipal de Tururu - CE,CE,Disponibilidade de Caixa,4334489.99
2020,Prefeitura Municipal de Tururu - CE,CE,Disponibilidade de Caixa Bruta,5800975.4
2020,Prefeitura Municipal de Tururu - CE,CE,RECEITA CORRENTE LÍQUIDA,37575524.27
2020,Prefeitura Municipal de Tururu - CE,CE,% da DC sobre a RCL AJUSTADA (I/VI),42.51
2020,Prefeitura Municipal de Tururu - CE,CE,% da DCL sobre a RCL AJUSTADA,30.85
2020,Prefeitura Municipal de Umari - CE,CE,DÍVIDA CONSOLIDADA,9136379.23
2020,Prefeitura Municipal de Umari - CE,CE,Disponibilidade de Caixa Bruta,890354.72
2020,Prefeitura Municipal de Umari - CE,CE,RECEITA CORRENTE LÍQUIDA,20352575.95
2020,Prefeitura Municipal de Umari - CE,CE,% da DC sobre a RCL AJUSTADA (I/VI),44.89
2020,Prefeitura Municipal de Umari - CE,CE,% da DCL sobre a RCL AJUSTADA,44.78
2020,Prefeitura Municipal de Ubajara - CE,CE,DÍVIDA CONSOLIDADA,2513620.27
2020,Prefeitura Municipal de Ubajara - CE,CE,Disponibilidade de Caixa,22057779.28
2020,Prefeitura Municipal de Ubajara - CE,CE,Disponibilidade de Caixa Bruta,26134741.65
2020,Prefeitura Municipal de Ubajara - CE,CE,RECEITA CORRENTE LÍQUIDA,82099597.87
2020,Prefeitura Municipal de Ubajara - CE,CE,% da DC sobre a RCL AJUSTADA (I/VI),3.11
2020,Prefeitura Municipal de Ubajara - CE,CE,% da DCL sobre a RCL AJUSTADA,-24.18
2020,Prefeitura Municipal de Umirim - CE,CE,DÍVIDA CONSOLIDADA,14765625.79
2020,Prefeitura Municipal de Umirim - CE,CE,Disponibilidade de Caixa,1460584.47
2020,Prefeitura Municipal de Umirim - CE,CE,Disponibilidade de Caixa Bruta,3487797.5
2020,Prefeitura Municipal de Uruburetama - CE,CE,DÍVIDA CONSOLIDADA,40790089.69
2020,Prefeitura Municipal de Uruburetama - CE,CE,Disponibilidade de Caixa,357484.0
2020,Prefeitura Municipal de Uruburetama - CE,CE,Disponibilidade de Caixa Bruta,3109269.23
2020,Prefeitura Municipal de Uruburetama - CE,CE,RECEITA CORRENTE LÍQUIDA,49886170.61
2020,Prefeitura Municipal de Uruburetama - CE,CE,% da DC sobre a RCL AJUSTADA (I/VI),81.77
2020,Prefeitura Municipal de Uruburetama - CE,CE,% da DCL sobre a RCL AJUSTADA,81.05
2020,Prefeitura Municipal de Uruoca - CE,CE,DÍVIDA CONSOLIDADA,9971217.39
2020,Prefeitura Municipal de Uruoca - CE,CE,Disponibilidade de Caixa,10809479.73
2020,Prefeitura Municipal de Uruoca - CE,CE,Disponibilidade de Caixa Bruta,12524136.02
2020,Prefeitura Municipal de Uruoca - CE,CE,RECEITA CORRENTE LÍQUIDA,47062998.9
2020,Prefeitura Municipal de Uruoca - CE,CE,% da DC sobre a RCL AJUSTADA (I/VI),21.19
2020,Prefeitura Municipal de Uruoca - CE,CE,% da DCL sobre a RCL AJUSTADA,-1.78
2020,Prefeitura Municipal de Várzea Alegre - CE,CE,DÍVIDA CONSOLIDADA,24535632.85
2020,Prefeitura Municipal de Várzea Alegre - CE,CE,Disponibilidade de Caixa,7937292.19
2020,Prefeitura Municipal de Várzea Alegre - CE,CE,Disponibilidade de Caixa Bruta,12929408.84
2020,Prefeitura Municipal de Várzea Alegre - CE,CE,RECEITA CORRENTE LÍQUIDA,89560282.77
2020,Prefeitura Municipal de Várzea Alegre - CE,CE,% da DC sobre a RCL AJUSTADA (I/VI),27.4
2020,Prefeitura Municipal de Várzea Alegre - CE,CE,% da DCL sobre a RCL AJUSTADA,18.53
2021,Prefeitura Municipal de Abaiara - CE,CE,DÍVIDA CONSOLIDADA,16747634.62
2021,Prefeitura Municipal de Abaiara - CE,CE,Disponibilidade de Caixa,2953456.55
2021,Prefeitura Municipal de Abaiara - CE,CE,Disponibilidade de Caixa Bruta,3912068.25
2021,Prefeitura Municipal de Abaiara - CE,CE,RECEITA CORRENTE LÍQUIDA,32706588.36
2021,Prefeitura Municipal de Abaiara - CE,CE,% da DC sobre a RCL AJUSTADA (I/VI),51.21
2021,Prefeitura Municipal de Abaiara - CE,CE,% da DCL sobre a RCL AJUSTADA,42.18
2020,Prefeitura Municipal de Viçosa do Ceará - CE,CE,DÍVIDA CONSOLIDADA,1768389.38
2020,Prefeitura Municipal de Viçosa do Ceará - CE,CE,Disponibilidade de Caixa,22381241.48
2020,Prefeitura Municipal de Viçosa do Ceará - CE,CE,Disponibilidade de Caixa Bruta,24269561.4
2020,Prefeitura Municipal de Viçosa do Ceará - CE,CE,RECEITA CORRENTE LÍQUIDA,125579648.63
2020,Prefeitura Municipal de Viçosa do Ceará - CE,CE,% da DC sobre a RCL AJUSTADA (I/VI),1.43
2020,Prefeitura Municipal de Viçosa do Ceará - CE,CE,% da DCL sobre a RCL AJUSTADA,-16.68
2021,Prefeitura Municipal de Acarape - CE,CE,DÍVIDA CONSOLIDADA,27050853.31
2021,Prefeitura Municipal de Acarape - CE,CE,Disponibilidade de Caixa Bruta,6819091.61
2021,Prefeitura Municipal de Acarape - CE,CE,RECEITA CORRENTE LÍQUIDA,43783511.34
2021,Prefeitura Municipal de Acarape - CE,CE,% da DC sobre a RCL AJUSTADA (I/VI),61.78
2021,Prefeitura Municipal de Acarape - CE,CE,% da DCL sobre a RCL AJUSTADA,61.78
2021,Prefeitura Municipal de Acopiara - CE,CE,DÍVIDA CONSOLIDADA,48846288.88
2021,Prefeitura Municipal de Acopiara - CE,CE,Disponibilidade de Caixa,45230655.67
2021,Prefeitura Municipal de Acopiara - CE,CE,Disponibilidade de Caixa Bruta,60561104.01
2021,Prefeitura Municipal de Acopiara - CE,CE,RECEITA CORRENTE LÍQUIDA,118240218.05
2021,Prefeitura Municipal de Acopiara - CE,CE,% da DC sobre a RCL AJUSTADA (I/VI),41.38
2021,Prefeitura Municipal de Acopiara - CE,CE,% da DCL sobre a RCL AJUSTADA,3.06
2021,Prefeitura Municipal de Aiuaba - CE,CE,DÍVIDA CONSOLIDADA,16228919.74
2021,Prefeitura Municipal de Aiuaba - CE,CE,Disponibilidade de Caixa,11419976.29
2021,Prefeitura Municipal de Aiuaba - CE,CE,Disponibilidade de Caixa Bruta,11837273.6
2021,Prefeitura Municipal de Aiuaba - CE,CE,RECEITA CORRENTE LÍQUIDA,47837268.57
2021,Prefeitura Municipal de Aiuaba - CE,CE,% da DC sobre a RCL AJUSTADA (I/VI),33.93
2021,Prefeitura Municipal de Aiuaba - CE,CE,% da DCL sobre a RCL AJUSTADA,10.05
2021,Prefeitura Municipal de Alcântaras - CE,CE,Disponibilidade de Caixa,12011642.16
2021,Prefeitura Municipal de Alcântaras - CE,CE,Disponibilidade de Caixa Bruta,8139528.84
2021,Prefeitura Municipal de Alcântaras - CE,CE,RECEITA CORRENTE LÍQUIDA,37590636.51
2021,Prefeitura Municipal de Alcântaras - CE,CE,% da DCL sobre a RCL AJUSTADA,-31.95
2021,Prefeitura Municipal de Altaneira - CE,CE,DÍVIDA CONSOLIDADA,7175536.08
2021,Prefeitura Municipal de Altaneira - CE,CE,Disponibilidade de Caixa,9954829.71
2021,Prefeitura Municipal de Altaneira - CE,CE,Disponibilidade de Caixa Bruta,12108160.4
2021,Prefeitura Municipal de Altaneira - CE,CE,RECEITA CORRENTE LÍQUIDA,27081100.49
2021,Prefeitura Municipal de Altaneira - CE,CE,% da DC sobre a RCL AJUSTADA (I/VI),25.89
2021,Prefeitura Municipal de Altaneira - CE,CE,% da DCL sobre a RCL AJUSTADA,-10.03
2021,Prefeitura Municipal de Altaneira - CE,CE,Precatórios (Não incluídos na DC),1380.0
2021,Prefeitura Municipal de Acaraú - CE,CE,DÍVIDA CONSOLIDADA,58445154.22
2021,Prefeitura Municipal de Acaraú - CE,CE,Disponibilidade de Caixa,7229500.44
2021,Prefeitura Municipal de Acaraú - CE,CE,Disponibilidade de Caixa Bruta,19182303.6
2021,Prefeitura Municipal de Acaraú - CE,CE,RECEITA CORRENTE LÍQUIDA,157273745.58
2021,Prefeitura Municipal de Acaraú - CE,CE,% da DC sobre a RCL AJUSTADA (I/VI),37.23
2021,Prefeitura Municipal de Acaraú - CE,CE,% da DCL sobre a RCL AJUSTADA,32.62
2021,Prefeitura Municipal de Alto Santo - CE,CE,DÍVIDA CONSOLIDADA,9988726.55
2021,Prefeitura Municipal de Alto Santo - CE,CE,Disponibilidade de Caixa,290681.15
2021,Prefeitura Municipal de Alto Santo - CE,CE,Disponibilidade de Caixa Bruta,9357596.41
2021,Prefeitura Municipal de Alto Santo - CE,CE,RECEITA CORRENTE LÍQUIDA,49206941.07
2021,Prefeitura Municipal de Alto Santo - CE,CE,% da DC sobre a RCL AJUSTADA (I/VI),20.3
2021,Prefeitura Municipal de Alto Santo - CE,CE,% da DCL sobre a RCL AJUSTADA,19.71
2021,Prefeitura Municipal de Amontada - CE,CE,DÍVIDA CONSOLIDADA,51108966.33
2021,Prefeitura Municipal de Amontada - CE,CE,Precatórios (inclusive) Vencidos e Não Pagos,25818.73
2021,Prefeitura Municipal de Amontada - CE,CE,Disponibilidade de Caixa,13864903.51
2021,Prefeitura Municipal de Amontada - CE,CE,Disponibilidade de Caixa Bruta,25063657.92
2021,Prefeitura Municipal de Amontada - CE,CE,RECEITA CORRENTE LÍQUIDA,105223673.51
2021,Prefeitura Municipal de Amontada - CE,CE,% da DC sobre a RCL AJUSTADA (I/VI),48.84
2021,Prefeitura Municipal de Amontada - CE,CE,% da DCL sobre a RCL AJUSTADA,29.17
2021,Prefeitura Municipal de Apuiarés - CE,CE,DÍVIDA CONSOLIDADA,7952294.81
2021,Prefeitura Municipal de Apuiarés - CE,CE,Disponibilidade de Caixa,5191693.03
2021,Prefeitura Municipal de Apuiarés - CE,CE,Disponibilidade de Caixa Bruta,5744626.08
2021,Prefeitura Municipal de Apuiarés - CE,CE,RECEITA CORRENTE LÍQUIDA,36813720.62
2021,Prefeitura Municipal de Apuiarés - CE,CE,% da DC sobre a RCL AJUSTADA (I/VI),21.67
2021,Prefeitura Municipal de Apuiarés - CE,CE,% da DCL sobre a RCL AJUSTADA,7.52
2021,Prefeitura Municipal de Aquiraz - CE,CE,DÍVIDA CONSOLIDADA,29308332.03
2021,Prefeitura Municipal de Aquiraz - CE,CE,Precatórios (inclusive) Vencidos e Não Pagos,696098.72
2021,Prefeitura Municipal de Aquiraz - CE,CE,Disponibilidade de Caixa,61890935.04
2021,Prefeitura Municipal de Aquiraz - CE,CE,Disponibilidade de Caixa Bruta,65617164.11
2021,Prefeitura Municipal de Aquiraz - CE,CE,RECEITA CORRENTE LÍQUIDA,303023501.97
2021,Prefeitura Municipal de Aquiraz - CE,CE,% da DC sobre a RCL AJUSTADA (I/VI),9.67
2021,Prefeitura Municipal de Aquiraz - CE,CE,% da DCL sobre a RCL AJUSTADA,-10.75
2021,Prefeitura Municipal de Antonina do Norte - CE,CE,DÍVIDA CONSOLIDADA,145583.44
2021,Prefeitura Municipal de Antonina do Norte - CE,CE,Disponibilidade de Caixa,3121.75
2021,Prefeitura Municipal de Antonina do Norte - CE,CE,Disponibilidade de Caixa Bruta,910258.02
2021,Prefeitura Municipal de Antonina do Norte - CE,CE,RECEITA CORRENTE LÍQUIDA,26038755.72
2021,Prefeitura Municipal de Antonina do Norte - CE,CE,% da DC sobre a RCL AJUSTADA (I/VI),0.56
2021,Prefeitura Municipal de Antonina do Norte - CE,CE,% da DCL sobre a RCL AJUSTADA,0.52
2021,Prefeitura Municipal de Aracati - CE,CE,DÍVIDA CONSOLIDADA,45641155.82
2021,Prefeitura Municipal de Aracati - CE,CE,Precatórios (inclusive) Vencidos e Não Pagos,8102.17
2021,Prefeitura Municipal de Aracati - CE,CE,Disponibilidade de Caixa,26365145.29
2021,Prefeitura Municipal de Aracati - CE,CE,Disponibilidade de Caixa Bruta,36979120.75
2021,Prefeitura Municipal de Aracati - CE,CE,RECEITA CORRENTE LÍQUIDA,209987868.89
2021,Prefeitura Municipal de Aracati - CE,CE,% da DC sobre a RCL AJUSTADA (I/VI),22.12
2021,Prefeitura Municipal de Aracati - CE,CE,% da DCL sobre a RCL AJUSTADA,9.34
2021,Prefeitura Municipal de Aracati - CE,CE,Precatórios (Não incluídos na DC),8779819.18
2021,Prefeitura Municipal de Araripe - CE,CE,DÍVIDA CONSOLIDADA,10401236.21
2021,Prefeitura Municipal de Araripe - CE,CE,Precatórios (inclusive) Vencidos e Não Pagos,18143.61
2021,Prefeitura Municipal de Araripe - CE,CE,Disponibilidade de Caixa,4179288.03
2021,Prefeitura Municipal de Araripe - CE,CE,Disponibilidade de Caixa Bruta,6354853.54
2021,Prefeitura Municipal de Araripe - CE,CE,Precatórios (Não incluídos na DC),1542.8
2021,Prefeitura Municipal de Aracoiaba - CE,CE,DÍVIDA CONSOLIDADA,50072548.42
2021,Prefeitura Municipal de Aracoiaba - CE,CE,Disponibilidade de Caixa,5168575.94
2021,Prefeitura Municipal de Aracoiaba - CE,CE,Disponibilidade de Caixa Bruta,11703103.41
2021,Prefeitura Municipal de Aracoiaba - CE,CE,RECEITA CORRENTE LÍQUIDA,78042882.19
2021,Prefeitura Municipal de Aracoiaba - CE,CE,% da DC sobre a RCL AJUSTADA (I/VI),64.16
2021,Prefeitura Municipal de Aracoiaba - CE,CE,% da DCL sobre a RCL AJUSTADA,57.54
2021,Prefeitura Municipal de Aracoiaba - CE,CE,Precatórios (Não incluídos na DC),4773.07
2021,Prefeitura Municipal de Aratuba - CE,CE,DÍVIDA CONSOLIDADA,14312063.84
2021,Prefeitura Municipal de Aratuba - CE,CE,Disponibilidade de Caixa,4739327.19
2021,Prefeitura Municipal de Aratuba - CE,CE,Disponibilidade de Caixa Bruta,6258869.64
2021,Prefeitura Municipal de Aratuba - CE,CE,RECEITA CORRENTE LÍQUIDA,35234534.96
2021,Prefeitura Municipal de Aratuba - CE,CE,% da DC sobre a RCL AJUSTADA (I/VI),40.62
2021,Prefeitura Municipal de Aratuba - CE,CE,% da DCL sobre a RCL AJUSTADA,27.17
2021,Prefeitura Municipal de Aurora - CE,CE,DÍVIDA CONSOLIDADA,25715913.48
2021,Prefeitura Municipal de Aurora - CE,CE,Disponibilidade de Caixa,4423601.83
2021,Prefeitura Municipal de Aurora - CE,CE,Disponibilidade de Caixa Bruta,7242367.32
2021,Prefeitura Municipal de Aurora - CE,CE,RECEITA CORRENTE LÍQUIDA,62638219.02
2021,Prefeitura Municipal de Aurora - CE,CE,% da DC sobre a RCL AJUSTADA (I/VI),41.05
2021,Prefeitura Municipal de Aurora - CE,CE,% da DCL sobre a RCL AJUSTADA,33.99
2021,Prefeitura Municipal de Baixio - CE,CE,DÍVIDA CONSOLIDADA,12157526.89
2021,Prefeitura Municipal de Baixio - CE,CE,Disponibilidade de Caixa,819486.96
2021,Prefeitura Municipal de Baixio - CE,CE,Disponibilidade de Caixa Bruta,1849339.82
2021,Prefeitura Municipal de Baixio - CE,CE,RECEITA CORRENTE LÍQUIDA,22558471.79
2021,Prefeitura Municipal de Baixio - CE,CE,% da DC sobre a RCL AJUSTADA (I/VI),54.35
2021,Prefeitura Municipal de Baixio - CE,CE,% da DCL sobre a RCL AJUSTADA,50.69
2021,Prefeitura Municipal de Banabuiú - CE,CE,DÍVIDA CONSOLIDADA,27494903.13
2021,Prefeitura Municipal de Banabuiú - CE,CE,Disponibilidade de Caixa,3903563.23
2021,Prefeitura Municipal de Banabuiú - CE,CE,Disponibilidade de Caixa Bruta,8059135.69
2021,Prefeitura Municipal de Banabuiú - CE,CE,RECEITA CORRENTE LÍQUIDA,53601590.11
2021,Prefeitura Municipal de Banabuiú - CE,CE,% da DC sobre a RCL AJUSTADA (I/VI),51.29
2021,Prefeitura Municipal de Banabuiú - CE,CE,% da DCL sobre a RCL AJUSTADA,44.01
2021,Prefeitura Municipal de Barreira - CE,CE,DÍVIDA CONSOLIDADA,180871.77
2021,Prefeitura Municipal de Barreira - CE,CE,Disponibilidade de Caixa,9179318.55
2021,Prefeitura Municipal de Barreira - CE,CE,Disponibilidade de Caixa Bruta,11977539.76
2021,Prefeitura Municipal de Barreira - CE,CE,RECEITA CORRENTE LÍQUIDA,60635084.29
2021,Prefeitura Municipal de Barreira - CE,CE,% da DC sobre a RCL AJUSTADA (I/VI),0.3
2021,Prefeitura Municipal de Barreira - CE,CE,% da DCL sobre a RCL AJUSTADA,-14.84
2021,Prefeitura Municipal de Barro - CE,CE,DÍVIDA CONSOLIDADA,13361562.0
2021,Prefeitura Municipal de Barro - CE,CE,Disponibilidade de Caixa,244822.89
2021,Prefeitura Municipal de Barro - CE,CE,Disponibilidade de Caixa Bruta,3105562.91
2021,Prefeitura Municipal de Barro - CE,CE,RECEITA CORRENTE LÍQUIDA,52085360.49
2021,Prefeitura Municipal de Barro - CE,CE,% da DC sobre a RCL AJUSTADA (I/VI),26.6
2021,Prefeitura Municipal de Barro - CE,CE,% da DCL sobre a RCL AJUSTADA,26.11
2021,Prefeitura Municipal de Barbalha - CE,CE,DÍVIDA CONSOLIDADA,25665136.68
2021,Prefeitura Municipal de Barbalha - CE,CE,Disponibilidade de Caixa,34556706.74
2021,Prefeitura Municipal de Barbalha - CE,CE,Disponibilidade de Caixa Bruta,40487316.73
2021,Prefeitura Municipal de Barbalha - CE,CE,RECEITA CORRENTE LÍQUIDA,275783672.62
2021,Prefeitura Municipal de Barbalha - CE,CE,% da DC sobre a RCL AJUSTADA (I/VI),9.38
2021,Prefeitura Municipal de Barbalha - CE,CE,% da DCL sobre a RCL AJUSTADA,-3.28
2021,Prefeitura Municipal de Barbalha - CE,CE,Precatórios (Não incluídos na DC),158213.59
2021,Prefeitura Municipal de Barroquinha - CE,CE,DÍVIDA CONSOLIDADA,5773102.72
2021,Prefeitura Municipal de Barroquinha - CE,CE,Disponibilidade de Caixa,10604352.69
2021,Prefeitura Municipal de Barroquinha - CE,CE,Disponibilidade de Caixa Bruta,10742527.29
2021,Prefeitura Municipal de Barroquinha - CE,CE,RECEITA CORRENTE LÍQUIDA,46367503.1
2021,Prefeitura Municipal de Barroquinha - CE,CE,% da DC sobre a RCL AJUSTADA (I/VI),12.49
2021,Prefeitura Municipal de Barroquinha - CE,CE,% da DCL sobre a RCL AJUSTADA,-10.46
2021,Prefeitura Municipal de Beberibe - CE,CE,DÍVIDA CONSOLIDADA,16689739.34
2021,Prefeitura Municipal de Beberibe - CE,CE,Disponibilidade de Caixa,13423026.74
2021,Prefeitura Municipal de Beberibe - CE,CE,Disponibilidade de Caixa Bruta,17256093.03
2021,Prefeitura Municipal de Beberibe - CE,CE,RECEITA CORRENTE LÍQUIDA,128650263.99
2021,Prefeitura Municipal de Beberibe - CE,CE,% da DC sobre a RCL AJUSTADA (I/VI),13.04
2021,Prefeitura Municipal de Beberibe - CE,CE,% da DCL sobre a RCL AJUSTADA,2.55
2021,Prefeitura Municipal de Bela Cruz - CE,CE,DÍVIDA CONSOLIDADA,17953806.53
2021,Prefeitura Municipal de Bela Cruz - CE,CE,Disponibilidade de Caixa Bruta,7269475.25
2021,Prefeitura Municipal de Bela Cruz - CE,CE,RECEITA CORRENTE LÍQUIDA,68802862.2
2021,Prefeitura Municipal de Bela Cruz - CE,CE,% da DC sobre a RCL AJUSTADA (I/VI),26.15
2021,Prefeitura Municipal de Bela Cruz - CE,CE,% da DCL sobre a RCL AJUSTADA,26.15
2021,Prefeitura Municipal de Bela Cruz - CE,CE,Precatórios (Não incluídos na DC),6568.6
2021,Prefeitura Municipal de Brejo Santo - CE,CE,DÍVIDA CONSOLIDADA,1490633.69
2021,Prefeitura Municipal de Brejo Santo - CE,CE,Disponibilidade de Caixa,32838430.21
2021,Prefeitura Municipal de Brejo Santo - CE,CE,Disponibilidade de Caixa Bruta,44392234.39
2021,Prefeitura Municipal de Brejo Santo - CE,CE,RECEITA CORRENTE LÍQUIDA,160978127.03
2021,Prefeitura Municipal de Brejo Santo - CE,CE,% da DC sobre a RCL AJUSTADA (I/VI),0.93
2021,Prefeitura Municipal de Brejo Santo - CE,CE,% da DCL sobre a RCL AJUSTADA,-19.47
2021,Prefeitura Municipal de Camocim - CE,CE,DÍVIDA CONSOLIDADA,56526307.66
2021,Prefeitura Municipal de Camocim - CE,CE,Disponibilidade de Caixa,21825649.52
2021,Prefeitura Municipal de Camocim - CE,CE,Disponibilidade de Caixa Bruta,26701808.91
2021,Prefeitura Municipal de Camocim - CE,CE,RECEITA CORRENTE LÍQUIDA,158965965.54
2021,Prefeitura Municipal de Camocim - CE,CE,% da DC sobre a RCL AJUSTADA (I/VI),35.85
2021,Prefeitura Municipal de Camocim - CE,CE,% da DCL sobre a RCL AJUSTADA,22.0
2021,Prefeitura Municipal de Camocim - CE,CE,Precatórios (Não incluídos na DC),20.08
2021,Prefeitura Municipal de Campos Sales - CE,CE,Disponibilidade de Caixa,20782908.59
2021,Prefeitura Municipal de Campos Sales - CE,CE,Disponibilidade de Caixa Bruta,6145832.5
2021,Prefeitura Municipal de Campos Sales - CE,CE,RECEITA CORRENTE LÍQUIDA,64869919.61
2021,Prefeitura Municipal de Campos Sales - CE,CE,% da DCL sobre a RCL AJUSTADA,-32.04
2021,Prefeitura Municipal de Boa Viagem - CE,CE,DÍVIDA CONSOLIDADA,32114089.11
2021,Prefeitura Municipal de Boa Viagem - CE,CE,Precatórios (inclusive) Vencidos e Não Pagos,10633.62
2021,Prefeitura Municipal de Boa Viagem - CE,CE,Disponibilidade de Caixa,11358622.46
2021,Prefeitura Municipal de Boa Viagem - CE,CE,Disponibilidade de Caixa Bruta,17975831.4
2021,Prefeitura Municipal de Boa Viagem - CE,CE,RECEITA CORRENTE LÍQUIDA,114245414.51
2021,Prefeitura Municipal de Boa Viagem - CE,CE,% da DC sobre a RCL AJUSTADA (I/VI),28.95
2021,Prefeitura Municipal de Boa Viagem - CE,CE,% da DCL sobre a RCL AJUSTADA,18.7
2021,Prefeitura Municipal de Boa Viagem - CE,CE,Precatórios (Não incluídos na DC),37429.97
2021,Prefeitura Municipal de Cariré - CE,CE,DÍVIDA CONSOLIDADA,6145090.76
2021,Prefeitura Municipal de Cariré - CE,CE,Disponibilidade de Caixa,10950706.73
2021,Prefeitura Municipal de Cariré - CE,CE,Disponibilidade de Caixa Bruta,12050019.24
2021,Prefeitura Municipal de Cariré - CE,CE,RECEITA CORRENTE LÍQUIDA,50772687.41
2021,Prefeitura Municipal de Cariré - CE,CE,% da DC sobre a RCL AJUSTADA (I/VI),12.1
2021,Prefeitura Municipal de Cariré - CE,CE,% da DCL sobre a RCL AJUSTADA,-9.46
2021,Prefeitura Municipal de Cariré - CE,CE,Precatórios (Não incluídos na DC),1576.0
2021,Prefeitura Municipal de Canindé - CE,CE,DÍVIDA CONSOLIDADA,97619349.2
2021,Prefeitura Municipal de Canindé - CE,CE,Disponibilidade de Caixa Bruta,8982508.52
2021,Prefeitura Municipal de Canindé - CE,CE,RECEITA CORRENTE LÍQUIDA,189907306.45
2021,Prefeitura Municipal de Canindé - CE,CE,% da DC sobre a RCL AJUSTADA (I/VI),51.45
2021,Prefeitura Municipal de Canindé - CE,CE,% da DCL sobre a RCL AJUSTADA,51.45
2021,Prefeitura Municipal de Canindé - CE,CE,Precatórios (Não incluídos na DC),26611.75
2021,Prefeitura Municipal de Capistrano - CE,CE,DÍVIDA CONSOLIDADA,20088902.76
2021,Prefeitura Municipal de Capistrano - CE,CE,Disponibilidade de Caixa Bruta,2753544.73
2021,Prefeitura Municipal de Capistrano - CE,CE,RECEITA CORRENTE LÍQUIDA,50378941.95
2021,Prefeitura Municipal de Capistrano - CE,CE,% da DC sobre a RCL AJUSTADA (I/VI),39.9
2021,Prefeitura Municipal de Capistrano - CE,CE,% da DCL sobre a RCL AJUSTADA,39.9
2021,Prefeitura Municipal de Caririaçu - CE,CE,DÍVIDA CONSOLIDADA,22517846.19
2021,Prefeitura Municipal de Caririaçu - CE,CE,Disponibilidade de Caixa,7923074.06
2021,Prefeitura Municipal de Caririaçu - CE,CE,Disponibilidade de Caixa Bruta,10307404.13
2021,Prefeitura Municipal de Caririaçu - CE,CE,RECEITA CORRENTE LÍQUIDA,72810059.85
2021,Prefeitura Municipal de Caririaçu - CE,CE,% da DC sobre a RCL AJUSTADA (I/VI),30.93
2021,Prefeitura Municipal de Caririaçu - CE,CE,% da DCL sobre a RCL AJUSTADA,20.04
2021,Prefeitura Municipal de Caririaçu - CE,CE,Precatórios (Não incluídos na DC),130605.46
2021,Prefeitura Municipal de Caridade - CE,CE,DÍVIDA CONSOLIDADA,51419962.5
2021,Prefeitura Municipal de Caridade - CE,CE,Disponibilidade de Caixa,8513059.95
2021,Prefeitura Municipal de Caridade - CE,CE,Disponibilidade de Caixa Bruta,13270581.16
2021,Prefeitura Municipal de Caridade - CE,CE,RECEITA CORRENTE LÍQUIDA,54370188.96
2021,Prefeitura Municipal de Caridade - CE,CE,% da DC sobre a RCL AJUSTADA (I/VI),94.57
2021,Prefeitura Municipal de Caridade - CE,CE,% da DCL sobre a RCL AJUSTADA,78.92
2021,Prefeitura Municipal de Carnaubal - CE,CE,Disponibilidade de Caixa,4431811.92
2021,Prefeitura Municipal de Carnaubal - CE,CE,Disponibilidade de Caixa Bruta,6697082.84
2021,Prefeitura Municipal de Carnaubal - CE,CE,RECEITA CORRENTE LÍQUIDA,48921675.87
2021,Prefeitura Municipal de Carnaubal - CE,CE,% da DCL sobre a RCL AJUSTADA,-9.12
2021,Prefeitura Municipal de Cascavel - CE,CE,DÍVIDA CONSOLIDADA,55776496.63
2021,Prefeitura Municipal de Cascavel - CE,CE,Disponibilidade de Caixa,15692768.55
2021,Prefeitura Municipal de Cascavel - CE,CE,Disponibilidade de Caixa Bruta,20147423.22
2021,Prefeitura Municipal de Cascavel - CE,CE,RECEITA CORRENTE LÍQUIDA,185345209.4
2021,Prefeitura Municipal de Cascavel - CE,CE,% da DC sobre a RCL AJUSTADA (I/VI),30.13
2021,Prefeitura Municipal de Cascavel - CE,CE,% da DCL sobre a RCL AJUSTADA,21.64
2021,Prefeitura Municipal de Cascavel - CE,CE,Precatórios (Não incluídos na DC),17767.25
2021,Prefeitura Municipal de Catarina - CE,CE,DÍVIDA CONSOLIDADA,13976446.62
2021,Prefeitura Municipal de Catarina - CE,CE,Disponibilidade de Caixa,7567254.09
2021,Prefeitura Municipal de Catarina - CE,CE,Disponibilidade de Caixa Bruta,8469466.2
2021,Prefeitura Municipal de Catarina - CE,CE,RECEITA CORRENTE LÍQUIDA,43460217.9
2021,Prefeitura Municipal de Catarina - CE,CE,% da DC sobre a RCL AJUSTADA (I/VI),31.67
2021,Prefeitura Municipal de Catarina - CE,CE,% da DCL sobre a RCL AJUSTADA,14.52
2021,Prefeitura Municipal de Catunda - CE,CE,DÍVIDA CONSOLIDADA,8525908.55
2021,Prefeitura Municipal de Catunda - CE,CE,Disponibilidade de Caixa Bruta,2058098.85
2021,Prefeitura Municipal de Catunda - CE,CE,RECEITA CORRENTE LÍQUIDA,39473314.0
2021,Prefeitura Municipal de Catunda - CE,CE,% da DC sobre a RCL AJUSTADA (I/VI),22.26
2021,Prefeitura Municipal de Catunda - CE,CE,% da DCL sobre a RCL AJUSTADA,22.26
2021,Prefeitura Municipal de Cedro - CE,CE,DÍVIDA CONSOLIDADA,25530795.91
2021,Prefeitura Municipal de Cedro - CE,CE,Precatórios (inclusive) Vencidos e Não Pagos,57983.8
2021,Prefeitura Municipal de Cedro - CE,CE,Disponibilidade de Caixa,27222119.48
2021,Prefeitura Municipal de Cedro - CE,CE,Disponibilidade de Caixa Bruta,30131112.55
2021,Prefeitura Municipal de Cedro - CE,CE,RECEITA CORRENTE LÍQUIDA,65798111.22
2021,Prefeitura Municipal de Cedro - CE,CE,% da DC sobre a RCL AJUSTADA (I/VI),38.84
2021,Prefeitura Municipal de Cedro - CE,CE,% da DCL sobre a RCL AJUSTADA,-2.57
2021,Prefeitura Municipal de Cedro - CE,CE,Precatórios (Não incluídos na DC),3480.42
2021,Prefeitura Municipal de Caucaia - CE,CE,DÍVIDA CONSOLIDADA,307145867.79
2021,Prefeitura Municipal de Caucaia - CE,CE,Disponibilidade de Caixa,142525495.63
2021,Prefeitura Municipal de Caucaia - CE,CE,Disponibilidade de Caixa Bruta,203841902.86
2021,Prefeitura Municipal de Caucaia - CE,CE,RECEITA CORRENTE LÍQUIDA,725397947.71
2021,Prefeitura Municipal de Caucaia - CE,CE,% da DC sobre a RCL AJUSTADA (I/VI),42.43
2021,Prefeitura Municipal de Caucaia - CE,CE,% da DCL sobre a RCL AJUSTADA,22.72
2021,Prefeitura Municipal de Chaval - CE,CE,DÍVIDA CONSOLIDADA,19029880.57
2021,Prefeitura Municipal de Chaval - CE,CE,Disponibilidade de Caixa,595150.77
2021,Prefeitura Municipal de Chaval - CE,CE,Disponibilidade de Caixa Bruta,2627714.37
2021,Prefeitura Municipal de Choró - CE,CE,DÍVIDA CONSOLIDADA,27760352.06
2021,Prefeitura Municipal de Choró - CE,CE,Disponibilidade de Caixa,2534359.95
2021,Prefeitura Municipal de Choró - CE,CE,Disponibilidade de Caixa Bruta,3504433.39
2021,Prefeitura Municipal de Choró - CE,CE,RECEITA CORRENTE LÍQUIDA,38090307.09
2021,Prefeitura Municipal de Choró - CE,CE,% da DC sobre a RCL AJUSTADA (I/VI),73.27
2021,Prefeitura Municipal de Choró - CE,CE,% da DCL sobre a RCL AJUSTADA,66.53
2021,Prefeitura Municipal de Chorozinho - CE,CE,DÍVIDA CONSOLIDADA,12708372.5
2021,Prefeitura Municipal de Chorozinho - CE,CE,Disponibilidade de Caixa,12468933.77
2021,Prefeitura Municipal de Chorozinho - CE,CE,Disponibilidade de Caixa Bruta,13185796.21
2021,Prefeitura Municipal de Chorozinho - CE,CE,RECEITA CORRENTE LÍQUIDA,60751885.78
2021,Prefeitura Municipal de Chorozinho - CE,CE,% da DC sobre a RCL AJUSTADA (I/VI),21.14
2021,Prefeitura Municipal de Chorozinho - CE,CE,% da DCL sobre a RCL AJUSTADA,0.4
2021,Prefeitura Municipal de Crateús - CE,CE,DÍVIDA CONSOLIDADA,27189308.68
2021,Prefeitura Municipal de Crateús - CE,CE,Disponibilidade de Caixa,44793124.49
2021,Prefeitura Municipal de Crateús - CE,CE,Disponibilidade de Caixa Bruta,58374917.65
2021,Prefeitura Municipal de Crateús - CE,CE,RECEITA CORRENTE LÍQUIDA,212277904.41
2021,Prefeitura Municipal de Crateús - CE,CE,% da DC sobre a RCL AJUSTADA (I/VI),12.81
2021,Prefeitura Municipal de Crateús - CE,CE,% da DCL sobre a RCL AJUSTADA,-8.29
2021,Prefeitura Municipal de Crato - CE,CE,DÍVIDA CONSOLIDADA,36180614.26
2021,Prefeitura Municipal de Crato - CE,CE,Disponibilidade de Caixa,45553539.58
2021,Prefeitura Municipal de Crato - CE,CE,Disponibilidade de Caixa Bruta,52516817.44
2021,Prefeitura Municipal de Crato - CE,CE,RECEITA CORRENTE LÍQUIDA,319449373.68
2021,Prefeitura Municipal de Crato - CE,CE,% da DC sobre a RCL AJUSTADA (I/VI),11.33
2021,Prefeitura Municipal de Crato - CE,CE,% da DCL sobre a RCL AJUSTADA,-2.93
2021,Prefeitura Municipal de Croatá - CE,CE,Disponibilidade de Caixa,11992180.66
2021,Prefeitura Municipal de Croatá - CE,CE,Disponibilidade de Caixa Bruta,9245988.24
2021,Prefeitura Municipal de Croatá - CE,CE,RECEITA CORRENTE LÍQUIDA,52833346.19
2021,Prefeitura Municipal de Croatá - CE,CE,% da DCL sobre a RCL AJUSTADA,-22.7
2021,Prefeitura Municipal de Cruz - CE,CE,DÍVIDA CONSOLIDADA,16212571.16
2021,Prefeitura Municipal de Cruz - CE,CE,Disponibilidade de Caixa,15548582.42
2021,Prefeitura Municipal de Cruz - CE,CE,Disponibilidade de Caixa Bruta,18174089.06
2021,Prefeitura Municipal de Cruz - CE,CE,RECEITA CORRENTE LÍQUIDA,77807479.18
2021,Prefeitura Municipal de Cruz - CE,CE,% da DC sobre a RCL AJUSTADA (I/VI),20.91
2021,Prefeitura Municipal de Cruz - CE,CE,% da DCL sobre a RCL AJUSTADA,0.86
2021,Prefeitura Municipal de Eusébio - CE,CE,DÍVIDA CONSOLIDADA,15524590.74
2021,Prefeitura Municipal de Eusébio - CE,CE,Disponibilidade de Caixa,217529285.52
2021,Prefeitura Municipal de Eusébio - CE,CE,Disponibilidade de Caixa Bruta,236187132.89
2021,Prefeitura Municipal de Eusébio - CE,CE,RECEITA CORRENTE LÍQUIDA,360922012.73
2021,Prefeitura Municipal de Eusébio - CE,CE,% da DC sobre a RCL AJUSTADA (I/VI),4.3
2021,Prefeitura Municipal de Eusébio - CE,CE,% da DCL sobre a RCL AJUSTADA,-55.97
2021,Prefeitura Municipal de Farias Brito - CE,CE,DÍVIDA CONSOLIDADA,227309.86
2021,Prefeitura Municipal de Farias Brito - CE,CE,Disponibilidade de Caixa,8955203.57
2021,Prefeitura Municipal de Farias Brito - CE,CE,Disponibilidade de Caixa Bruta,9623425.32
2021,Prefeitura Municipal de Farias Brito - CE,CE,RECEITA CORRENTE LÍQUIDA,58566244.62
2021,Prefeitura Municipal de Farias Brito - CE,CE,% da DC sobre a RCL AJUSTADA (I/VI),0.39
2021,Prefeitura Municipal de Farias Brito - CE,CE,% da DCL sobre a RCL AJUSTADA,-14.9
2021,Prefeitura Municipal de Deputado Irapuan Pinheiro - CE,CE,DÍVIDA CONSOLIDADA,7102717.6
2021,Prefeitura Municipal de Deputado Irapuan Pinheiro - CE,CE,Disponibilidade de Caixa,6245383.38
2021,Prefeitura Municipal de Deputado Irapuan Pinheiro - CE,CE,Disponibilidade de Caixa Bruta,6502067.88
2021,Prefeitura Municipal de Deputado Irapuan Pinheiro - CE,CE,RECEITA CORRENTE LÍQUIDA,28128899.46
2021,Prefeitura Municipal de Deputado Irapuan Pinheiro - CE,CE,% da DC sobre a RCL AJUSTADA (I/VI),25.27
2021,Prefeitura Municipal de Deputado Irapuan Pinheiro - CE,CE,% da DCL sobre a RCL AJUSTADA,3.05
2021,Prefeitura Municipal de Fortaleza - CE,CE,DÍVIDA CONSOLIDADA,2809018157.41
2021,Prefeitura Municipal de Fortaleza - CE,CE,Precatórios (inclusive) Vencidos e Não Pagos,147641451.18
2021,Prefeitura Municipal de Fortaleza - CE,CE,Disponibilidade de Caixa,1242665407.53
2021,Prefeitura Municipal de Fortaleza - CE,CE,Disponibilidade de Caixa Bruta,1249780593.95
2021,Prefeitura Municipal de Fortaleza - CE,CE,RECEITA CORRENTE LÍQUIDA,7268350984.77
2021,Prefeitura Municipal de Fortaleza - CE,CE,% da DC sobre a RCL AJUSTADA (I/VI),38.66
2021,Prefeitura Municipal de Fortaleza - CE,CE,% da DCL sobre a RCL AJUSTADA,21.5
2021,Prefeitura Municipal de Forquilha - CE,CE,DÍVIDA CONSOLIDADA,19447017.4
2021,Prefeitura Municipal de Forquilha - CE,CE,Disponibilidade de Caixa,5111000.27
2021,Prefeitura Municipal de Forquilha - CE,CE,Disponibilidade de Caixa Bruta,7549798.04
2021,Prefeitura Municipal de Forquilha - CE,CE,RECEITA CORRENTE LÍQUIDA,59994654.79
2021,Prefeitura Municipal de Forquilha - CE,CE,% da DC sobre a RCL AJUSTADA (I/VI),32.52
2021,Prefeitura Municipal de Forquilha - CE,CE,% da DCL sobre a RCL AJUSTADA,23.98
2021,Prefeitura Municipal de Forquilha - CE,CE,Precatórios (Não incluídos na DC),151570.58
2021,Prefeitura Municipal de Frecheirinha - CE,CE,DÍVIDA CONSOLIDADA,7570466.59
2021,Prefeitura Municipal de Frecheirinha - CE,CE,Disponibilidade de Caixa,6320047.67
2021,Prefeitura Municipal de Frecheirinha - CE,CE,Disponibilidade de Caixa Bruta,6879632.46
2021,Prefeitura Municipal de Frecheirinha - CE,CE,RECEITA CORRENTE LÍQUIDA,46755855.75
2021,Prefeitura Municipal de Frecheirinha - CE,CE,% da DC sobre a RCL AJUSTADA (I/VI),16.28
2021,Prefeitura Municipal de Frecheirinha - CE,CE,% da DCL sobre a RCL AJUSTADA,2.69
2021,Prefeitura Municipal de Fortim - CE,CE,DÍVIDA CONSOLIDADA,11048638.59
2021,Prefeitura Municipal de Fortim - CE,CE,Disponibilidade de Caixa,29305947.12
2021,Prefeitura Municipal de Fortim - CE,CE,Disponibilidade de Caixa Bruta,30957544.98
2021,Prefeitura Municipal de Fortim - CE,CE,RECEITA CORRENTE LÍQUIDA,51124498.51
2021,Prefeitura Municipal de Fortim - CE,CE,% da DC sobre a RCL AJUSTADA (I/VI),21.7
2021,Prefeitura Municipal de Fortim - CE,CE,% da DCL sobre a RCL AJUSTADA,-36.15
2021,Prefeitura Municipal de Fortim - CE,CE,Precatórios (Não incluídos na DC),4309.63
2021,Prefeitura Municipal de General Sampaio - CE,CE,DÍVIDA CONSOLIDADA,11118138.77
2021,Prefeitura Municipal de General Sampaio - CE,CE,Disponibilidade de Caixa Bruta,1667872.63
2021,Prefeitura Municipal de General Sampaio - CE,CE,RECEITA CORRENTE LÍQUIDA,26722491.12
2021,Prefeitura Municipal de General Sampaio - CE,CE,% da DC sobre a RCL AJUSTADA (I/VI),41.61
2021,Prefeitura Municipal de General Sampaio - CE,CE,% da DCL sobre a RCL AJUSTADA,41.61
2021,Prefeitura Municipal de Graça - CE,CE,DÍVIDA CONSOLIDADA,780744.62
2021,Prefeitura Municipal de Graça - CE,CE,Disponibilidade de Caixa,3556587.6
2021,Prefeitura Municipal de Graça - CE,CE,Disponibilidade de Caixa Bruta,7582367.33
2021,Prefeitura Municipal de Graça - CE,CE,RECEITA CORRENTE LÍQUIDA,47345548.64
2021,Prefeitura Municipal de Graça - CE,CE,% da DC sobre a RCL AJUSTADA (I/VI),1.65
2021,Prefeitura Municipal de Graça - CE,CE,% da DCL sobre a RCL AJUSTADA,-5.86
2021,Prefeitura Municipal de Graça - CE,CE,Precatórios (Não incluídos na DC),76862.0
2021,Prefeitura Municipal de Granjeiro - CE,CE,DÍVIDA CONSOLIDADA,11963385.01
2021,Prefeitura Municipal de Granjeiro - CE,CE,Disponibilidade de Caixa,1495234.9
2021,Prefeitura Municipal de Granjeiro - CE,CE,Disponibilidade de Caixa Bruta,2173822.29
2021,Prefeitura Municipal de Granjeiro - CE,CE,RECEITA CORRENTE LÍQUIDA,22000196.23
2021,Prefeitura Municipal de Granjeiro - CE,CE,% da DC sobre a RCL AJUSTADA (I/VI),54.38
2021,Prefeitura Municipal de Granjeiro - CE,CE,% da DCL sobre a RCL AJUSTADA,47.58
2021,Prefeitura Municipal de Groaíras - CE,CE,DÍVIDA CONSOLIDADA,10945723.23
2021,Prefeitura Municipal de Groaíras - CE,CE,Disponibilidade de Caixa,3942419.78
2021,Prefeitura Municipal de Groaíras - CE,CE,Disponibilidade de Caixa Bruta,5002893.4
2021,Prefeitura Municipal de Groaíras - CE,CE,RECEITA CORRENTE LÍQUIDA,35965487.08
2021,Prefeitura Municipal de Groaíras - CE,CE,% da DC sobre a RCL AJUSTADA (I/VI),31.14
2021,Prefeitura Municipal de Groaíras - CE,CE,% da DCL sobre a RCL AJUSTADA,19.92
2021,Prefeitura Municipal de Guaiúba - CE,CE,DÍVIDA CONSOLIDADA,14154333.6
2021,Prefeitura Municipal de Guaiúba - CE,CE,Disponibilidade de Caixa,7123633.54
2021,Prefeitura Municipal de Guaiúba - CE,CE,Disponibilidade de Caixa Bruta,9332034.88
2021,Prefeitura Municipal de Guaiúba - CE,CE,RECEITA CORRENTE LÍQUIDA,62282214.2
2021,Prefeitura Municipal de Guaiúba - CE,CE,% da DC sobre a RCL AJUSTADA (I/VI),22.76
2021,Prefeitura Municipal de Guaiúba - CE,CE,% da DCL sobre a RCL AJUSTADA,11.2
2021,Prefeitura Municipal de Guaiúba - CE,CE,Precatórios (Não incluídos na DC),15265.91
2021,Prefeitura Municipal de Granja - CE,CE,DÍVIDA CONSOLIDADA,31724809.47
2021,Prefeitura Municipal de Granja - CE,CE,Disponibilidade de Caixa,9910477.74
2021,Prefeitura Municipal de Granja - CE,CE,Disponibilidade de Caixa Bruta,18536411.17
2021,Prefeitura Municipal de Granja - CE,CE,RECEITA CORRENTE LÍQUIDA,129570454.04
2021,Prefeitura Municipal de Granja - CE,CE,% da DC sobre a RCL AJUSTADA (I/VI),24.48
2021,Prefeitura Municipal de Granja - CE,CE,% da DCL sobre a RCL AJUSTADA,16.84
2021,Prefeitura Municipal de Guaraciaba do Norte - CE,CE,DÍVIDA CONSOLIDADA,37972035.39
2021,Prefeitura Municipal de Guaraciaba do Norte - CE,CE,Disponibilidade de Caixa,28365949.69
2021,Prefeitura Municipal de Guaraciaba do Norte - CE,CE,Disponibilidade de Caixa Bruta,30338232.14
2021,Prefeitura Municipal de Guaraciaba do Norte - CE,CE,RECEITA CORRENTE LÍQUIDA,104381929.1
2021,Prefeitura Municipal de Guaraciaba do Norte - CE,CE,% da DC sobre a RCL AJUSTADA (I/VI),36.38
2021,Prefeitura Municipal de Guaraciaba do Norte - CE,CE,% da DCL sobre a RCL AJUSTADA,9.2
2021,Prefeitura Municipal de Guaraciaba do Norte - CE,CE,Precatórios (Não incluídos na DC),3327.52
2021,Prefeitura Municipal de Hidrolândia - CE,CE,DÍVIDA CONSOLIDADA,6651780.84
2021,Prefeitura Municipal de Hidrolândia - CE,CE,Disponibilidade de Caixa,5757385.75
2021,Prefeitura Municipal de Hidrolândia - CE,CE,Disponibilidade de Caixa Bruta,8785683.01
2021,Prefeitura Municipal de Hidrolândia - CE,CE,RECEITA CORRENTE LÍQUIDA,50140900.62
2021,Prefeitura Municipal de Hidrolândia - CE,CE,% da DC sobre a RCL AJUSTADA (I/VI),13.27
2021,Prefeitura Municipal de Hidrolândia - CE,CE,% da DCL sobre a RCL AJUSTADA,1.78
2021,Prefeitura Municipal de Guaramiranga - CE,CE,DÍVIDA CONSOLIDADA,15101254.64
2021,Prefeitura Municipal de Guaramiranga - CE,CE,Precatórios (inclusive) Vencidos e Não Pagos,29285.87
2021,Prefeitura Municipal de Guaramiranga - CE,CE,Disponibilidade de Caixa,3602233.72
2021,Prefeitura Municipal de Guaramiranga - CE,CE,Disponibilidade de Caixa Bruta,4193869.24
2021,Prefeitura Municipal de Guaramiranga - CE,CE,RECEITA CORRENTE LÍQUIDA,27669801.84
2021,Prefeitura Municipal de Guaramiranga - CE,CE,% da DC sobre a RCL AJUSTADA (I/VI),54.58
2021,Prefeitura Municipal de Guaramiranga - CE,CE,% da DCL sobre a RCL AJUSTADA,41.56
2021,Prefeitura Municipal de Horizonte - CE,CE,DÍVIDA CONSOLIDADA,39933768.15
2021,Prefeitura Municipal de Horizonte - CE,CE,Disponibilidade de Caixa,39069378.65
2021,Prefeitura Municipal de Horizonte - CE,CE,Disponibilidade de Caixa Bruta,42296349.58
2021,Prefeitura Municipal de Horizonte - CE,CE,RECEITA CORRENTE LÍQUIDA,208149012.31
2021,Prefeitura Municipal de Horizonte - CE,CE,% da DC sobre a RCL AJUSTADA (I/VI),19.22
2021,Prefeitura Municipal de Horizonte - CE,CE,% da DCL sobre a RCL AJUSTADA,0.4
2021,Prefeitura Municipal de Ibaretama - CE,CE,DÍVIDA CONSOLIDADA,25621411.61
2021,Prefeitura Municipal de Ibaretama - CE,CE,Disponibilidade de Caixa Bruta,3642044.4
2021,Prefeitura Municipal de Ibaretama - CE,CE,RECEITA CORRENTE LÍQUIDA,35332461.16
2021,Prefeitura Municipal de Ibaretama - CE,CE,% da DC sobre a RCL AJUSTADA (I/VI),72.52
2021,Prefeitura Municipal de Ibaretama - CE,CE,% da DCL sobre a RCL AJUSTADA,72.52
2021,Prefeitura Municipal de Ibiapina - CE,CE,DÍVIDA CONSOLIDADA,12332811.97
2021,Prefeitura Municipal de Ibiapina - CE,CE,Disponibilidade de Caixa,5100140.78
2021,Prefeitura Municipal de Ibiapina - CE,CE,Disponibilidade de Caixa Bruta,5697703.89
2021,Prefeitura Municipal de Ibiapina - CE,CE,RECEITA CORRENTE LÍQUIDA,67150927.19
2021,Prefeitura Municipal de Ibiapina - CE,CE,% da DC sobre a RCL AJUSTADA (I/VI),18.37
2021,Prefeitura Municipal de Ibiapina - CE,CE,% da DCL sobre a RCL AJUSTADA,10.77
2021,Prefeitura Municipal de Icó - CE,CE,DÍVIDA CONSOLIDADA,95591190.71
2021,Prefeitura Municipal de Icó - CE,CE,Disponibilidade de Caixa,4224038.94
2021,Prefeitura Municipal de Icó - CE,CE,Disponibilidade de Caixa Bruta,30357758.09
2021,Prefeitura Municipal de Icó - CE,CE,RECEITA CORRENTE LÍQUIDA,154754345.05
2021,Prefeitura Municipal de Icó - CE,CE,% da DC sobre a RCL AJUSTADA (I/VI),61.85
2021,Prefeitura Municipal de Icó - CE,CE,% da DCL sobre a RCL AJUSTADA,59.12
2021,Prefeitura Municipal de Icapuí - CE,CE,DÍVIDA CONSOLIDADA,42078924.61
2021,Prefeitura Municipal de Icapuí - CE,CE,Disponibilidade de Caixa,3057412.12
2021,Prefeitura Municipal de Icapuí - CE,CE,Disponibilidade de Caixa Bruta,9322085.26
2021,Prefeitura Municipal de Icapuí - CE,CE,RECEITA CORRENTE LÍQUIDA,80588561.0
2021,Prefeitura Municipal de Icapuí - CE,CE,% da DC sobre a RCL AJUSTADA (I/VI),52.24
2021,Prefeitura Municipal de Icapuí - CE,CE,% da DCL sobre a RCL AJUSTADA,48.44
2021,Prefeitura Municipal de Iguatu - CE,CE,DÍVIDA CONSOLIDADA,91469032.6
2021,Prefeitura Municipal de Iguatu - CE,CE,Disponibilidade de Caixa,19233046.13
2021,Prefeitura Municipal de Iguatu - CE,CE,Disponibilidade de Caixa Bruta,19233046.13
2021,Prefeitura Municipal de Iguatu - CE,CE,RECEITA CORRENTE LÍQUIDA,287729791.75
2021,Prefeitura Municipal de Iguatu - CE,CE,% da DC sobre a RCL AJUSTADA (I/VI),31.79
2021,Prefeitura Municipal de Iguatu - CE,CE,% da DCL sobre a RCL AJUSTADA,25.11
2021,Prefeitura Municipal de Ibicuitinga - CE,CE,DÍVIDA CONSOLIDADA,22784922.67
2021,Prefeitura Municipal de Ibicuitinga - CE,CE,Disponibilidade de Caixa,2448872.4
2021,Prefeitura Municipal de Ibicuitinga - CE,CE,Disponibilidade de Caixa Bruta,4654169.2
2021,Prefeitura Municipal de Ibicuitinga - CE,CE,RECEITA CORRENTE LÍQUIDA,41139051.88
2021,Prefeitura Municipal de Ibicuitinga - CE,CE,% da DC sobre a RCL AJUSTADA (I/VI),57.84
2021,Prefeitura Municipal de Ibicuitinga - CE,CE,% da DCL sobre a RCL AJUSTADA,51.62
2021,Prefeitura Municipal de Independência - CE,CE,Disponibilidade de Caixa,11841284.76
2021,Prefeitura Municipal de Independência - CE,CE,Disponibilidade de Caixa Bruta,13565493.18
2021,Prefeitura Municipal de Independência - CE,CE,RECEITA CORRENTE LÍQUIDA,58637756.65
2021,Prefeitura Municipal de Independência - CE,CE,% da DCL sobre a RCL AJUSTADA,-20.19
2021,Prefeitura Municipal de Ipaumirim - CE,CE,DÍVIDA CONSOLIDADA,6685431.47
2021,Prefeitura Municipal de Ipaumirim - CE,CE,Disponibilidade de Caixa,1469625.24
2021,Prefeitura Municipal de Ipaumirim - CE,CE,Disponibilidade de Caixa Bruta,2594436.48
2021,Prefeitura Municipal de Ipaumirim - CE,CE,RECEITA CORRENTE LÍQUIDA,32639514.78
2021,Prefeitura Municipal de Ipaumirim - CE,CE,% da DC sobre a RCL AJUSTADA (I/VI),20.61
2021,Prefeitura Municipal de Ipaumirim - CE,CE,% da DCL sobre a RCL AJUSTADA,16.08
2021,Prefeitura Municipal de Ipaumirim - CE,CE,Precatórios (Não incluídos na DC),493139.87
2021,Prefeitura Municipal de Ipu - CE,CE,Disponibilidade de Caixa,96499835.89
2021,Prefeitura Municipal de Ipu - CE,CE,Disponibilidade de Caixa Bruta,75310740.2
2021,Prefeitura Municipal de Ipu - CE,CE,RECEITA CORRENTE LÍQUIDA,105714052.75
2021,Prefeitura Municipal de Ipu - CE,CE,% da DCL sobre a RCL AJUSTADA,-91.28
2021,Prefeitura Municipal de Ipueiras - CE,CE,DÍVIDA CONSOLIDADA,1982167.68
2021,Prefeitura Municipal de Ipueiras - CE,CE,Disponibilidade de Caixa,11865424.83
2021,Prefeitura Municipal de Ipueiras - CE,CE,Disponibilidade de Caixa Bruta,14765093.51
2021,Prefeitura Municipal de Ipueiras - CE,CE,RECEITA CORRENTE LÍQUIDA,94339610.92
2021,Prefeitura Municipal de Ipueiras - CE,CE,% da DC sobre a RCL AJUSTADA (I/VI),2.07
2021,Prefeitura Municipal de Ipueiras - CE,CE,% da DCL sobre a RCL AJUSTADA,-10.43
2021,Prefeitura Municipal de Iracema - CE,CE,DÍVIDA CONSOLIDADA,20375804.55
2021,Prefeitura Municipal de Iracema - CE,CE,Precatórios (inclusive) Vencidos e Não Pagos,182871.47
2021,Prefeitura Municipal de Iracema - CE,CE,Disponibilidade de Caixa,3990428.63
2021,Prefeitura Municipal de Iracema - CE,CE,Disponibilidade de Caixa Bruta,5616242.46
2021,Prefeitura Municipal de Iracema - CE,CE,RECEITA CORRENTE LÍQUIDA,46202946.17
2021,Prefeitura Municipal de Iracema - CE,CE,% da DC sobre a RCL AJUSTADA (I/VI),44.49
2021,Prefeitura Municipal de Iracema - CE,CE,% da DCL sobre a RCL AJUSTADA,35.76
2021,Prefeitura Municipal de Irauçuba - CE,CE,DÍVIDA CONSOLIDADA,19915633.26
2021,Prefeitura Municipal de Irauçuba - CE,CE,Disponibilidade de Caixa,59905190.39
2021,Prefeitura Municipal de Irauçuba - CE,CE,Disponibilidade de Caixa Bruta,61137920.86
2021,Prefeitura Municipal de Irauçuba - CE,CE,RECEITA CORRENTE LÍQUIDA,69451484.99
2021,Prefeitura Municipal de Irauçuba - CE,CE,% da DC sobre a RCL AJUSTADA (I/VI),28.92
2021,Prefeitura Municipal de Irauçuba - CE,CE,% da DCL sobre a RCL AJUSTADA,-58.15
2021,Prefeitura Municipal de Itaiçaba - CE,CE,DÍVIDA CONSOLIDADA,17989600.05
2021,Prefeitura Municipal de Itaiçaba - CE,CE,Disponibilidade de Caixa,4263994.88
2021,Prefeitura Municipal de Itaiçaba - CE,CE,Disponibilidade de Caixa Bruta,5103431.53
2021,Prefeitura Municipal de Itaiçaba - CE,CE,RECEITA CORRENTE LÍQUIDA,25367477.1
2021,Prefeitura Municipal de Itaiçaba - CE,CE,% da DC sobre a RCL AJUSTADA (I/VI),70.92
2021,Prefeitura Municipal de Itaiçaba - CE,CE,% da DCL sobre a RCL AJUSTADA,53.9
2021,Prefeitura Municipal de Itaitinga - CE,CE,DÍVIDA CONSOLIDADA,11387083.21
2021,Prefeitura Municipal de Itaitinga - CE,CE,Disponibilidade de Caixa,10479638.34
2021,Prefeitura Municipal de Itaitinga - CE,CE,Disponibilidade de Caixa Bruta,15281682.94
2021,Prefeitura Municipal de Itaitinga - CE,CE,RECEITA CORRENTE LÍQUIDA,124669990.02
2021,Prefeitura Municipal de Itaitinga - CE,CE,% da DC sobre a RCL AJUSTADA (I/VI),9.13
2021,Prefeitura Municipal de Itaitinga - CE,CE,% da DCL sobre a RCL AJUSTADA,0.73
2021,Prefeitura Municipal de Itapajé - CE,CE,DÍVIDA CONSOLIDADA,28132500.93
2021,Prefeitura Municipal de Itapajé - CE,CE,Disponibilidade de Caixa,17664523.38
2021,Prefeitura Municipal de Itapajé - CE,CE,Disponibilidade de Caixa Bruta,24964553.86
2021,Prefeitura Municipal de Itapajé - CE,CE,RECEITA CORRENTE LÍQUIDA,111298537.62
2021,Prefeitura Municipal de Itapajé - CE,CE,% da DC sobre a RCL AJUSTADA (I/VI),25.28
2021,Prefeitura Municipal de Itapajé - CE,CE,% da DCL sobre a RCL AJUSTADA,9.4
2021,Prefeitura Municipal de Itapipoca - CE,CE,DÍVIDA CONSOLIDADA,237173848.59
2021,Prefeitura Municipal de Itapipoca - CE,CE,Disponibilidade de Caixa,39863520.02
2021,Prefeitura Municipal de Itapipoca - CE,CE,Disponibilidade de Caixa Bruta,47897644.57
2021,Prefeitura Municipal de Itapipoca - CE,CE,RECEITA CORRENTE LÍQUIDA,320242686.77
2021,Prefeitura Municipal de Itapipoca - CE,CE,% da DC sobre a RCL AJUSTADA (I/VI),74.06
2021,Prefeitura Municipal de Itapipoca - CE,CE,% da DCL sobre a RCL AJUSTADA,61.61
2021,Prefeitura Municipal de Itapipoca - CE,CE,Precatórios (Não incluídos na DC),1700.01
2021,Prefeitura Municipal de Itapiúna - CE,CE,DÍVIDA CONSOLIDADA,24944247.77
2021,Prefeitura Municipal de Itapiúna - CE,CE,Disponibilidade de Caixa,14902797.22
2021,Prefeitura Municipal de Itapiúna - CE,CE,Disponibilidade de Caixa Bruta,18386159.58
2021,Prefeitura Municipal de Itapiúna - CE,CE,RECEITA CORRENTE LÍQUIDA,50743617.94
2021,Prefeitura Municipal de Itapiúna - CE,CE,% da DC sobre a RCL AJUSTADA (I/VI),49.25
2021,Prefeitura Municipal de Itapiúna - CE,CE,% da DCL sobre a RCL AJUSTADA,19.42
2021,Prefeitura Municipal de Itapiúna - CE,CE,Precatórios (Não incluídos na DC),35757.8
2021,Prefeitura Municipal de Itarema - CE,CE,DÍVIDA CONSOLIDADA,14235052.4
2021,Prefeitura Municipal de Itarema - CE,CE,Disponibilidade de Caixa,3877928.56
2021,Prefeitura Municipal de Itarema - CE,CE,Disponibilidade de Caixa Bruta,13060376.17
2021,Prefeitura Municipal de Itarema - CE,CE,RECEITA CORRENTE LÍQUIDA,131271817.63
2021,Prefeitura Municipal de Itarema - CE,CE,% da DC sobre a RCL AJUSTADA (I/VI),10.84
2021,Prefeitura Municipal de Itarema - CE,CE,% da DCL sobre a RCL AJUSTADA,7.89
2021,Prefeitura Municipal de Itatira - CE,CE,DÍVIDA CONSOLIDADA,29562335.0
2021,Prefeitura Municipal de Itatira - CE,CE,Disponibilidade de Caixa,1460051.63
2021,Prefeitura Municipal de Itatira - CE,CE,Disponibilidade de Caixa Bruta,2267580.6
2021,Prefeitura Municipal de Itatira - CE,CE,RECEITA CORRENTE LÍQUIDA,72531392.22
2021,Prefeitura Municipal de Itatira - CE,CE,% da DC sobre a RCL AJUSTADA (I/VI),40.76
2021,Prefeitura Municipal de Itatira - CE,CE,% da DCL sobre a RCL AJUSTADA,38.74
2021,Prefeitura Municipal de Jaguaretama - CE,CE,DÍVIDA CONSOLIDADA,33238282.95
2021,Prefeitura Municipal de Jaguaretama - CE,CE,Precatórios (inclusive) Vencidos e Não Pagos,936792.9
2021,Prefeitura Municipal de Jaguaretama - CE,CE,Disponibilidade de Caixa,15835239.13
2021,Prefeitura Municipal de Jaguaretama - CE,CE,Disponibilidade de Caixa Bruta,16404483.55
2021,Prefeitura Municipal de Jaguaretama - CE,CE,RECEITA CORRENTE LÍQUIDA,54160446.1
2021,Prefeitura Municipal de Jaguaretama - CE,CE,% da DC sobre a RCL AJUSTADA (I/VI),62.31
2021,Prefeitura Municipal de Jaguaretama - CE,CE,% da DCL sobre a RCL AJUSTADA,32.62
2021,Prefeitura Municipal de Jaguaretama - CE,CE,Precatórios (Não incluídos na DC),220238.86
2021,Prefeitura Municipal de Jaguaribara - CE,CE,DÍVIDA CONSOLIDADA,15847409.38
2021,Prefeitura Municipal de Jaguaribara - CE,CE,Disponibilidade de Caixa,3137749.16
2021,Prefeitura Municipal de Jaguaribara - CE,CE,Disponibilidade de Caixa Bruta,4666703.87
2021,Prefeitura Municipal de Jaguaribara - CE,CE,RECEITA CORRENTE LÍQUIDA,37626272.94
2021,Prefeitura Municipal de Jaguaribara - CE,CE,% da DC sobre a RCL AJUSTADA (I/VI),42.12
2021,Prefeitura Municipal de Jaguaribara - CE,CE,% da DCL sobre a RCL AJUSTADA,33.76
2021,Prefeitura Municipal de Jardim - CE,CE,DÍVIDA CONSOLIDADA,34836092.17
2021,Prefeitura Municipal de Jardim - CE,CE,Precatórios (inclusive) Vencidos e Não Pagos,5.0
2021,Prefeitura Municipal de Jardim - CE,CE,Disponibilidade de Caixa,7076929.21
2021,Prefeitura Municipal de Jardim - CE,CE,Disponibilidade de Caixa Bruta,10905606.21
2021,Prefeitura Municipal de Jardim - CE,CE,RECEITA CORRENTE LÍQUIDA,67795843.75
2021,Prefeitura Municipal de Jardim - CE,CE,% da DC sobre a RCL AJUSTADA (I/VI),51.38
2021,Prefeitura Municipal de Jardim - CE,CE,% da DCL sobre a RCL AJUSTADA,40.95
2021,Prefeitura Municipal de Jardim - CE,CE,Precatórios (Não incluídos na DC),533412.91
2021,Prefeitura Municipal de Jati - CE,CE,DÍVIDA CONSOLIDADA,3796777.48
2021,Prefeitura Municipal de Jati - CE,CE,Disponibilidade de Caixa,5439182.35
2021,Prefeitura Municipal de Jati - CE,CE,Disponibilidade de Caixa Bruta,5439182.35
2021,Prefeitura Municipal de Jati - CE,CE,RECEITA CORRENTE LÍQUIDA,28654317.63
2021,Prefeitura Municipal de Jati - CE,CE,% da DC sobre a RCL AJUSTADA (I/VI),13.25
2021,Prefeitura Municipal de Jati - CE,CE,% da DCL sobre a RCL AJUSTADA,-5.73
2021,Prefeitura Municipal de Jaguaruana - CE,CE,DÍVIDA CONSOLIDADA,41864100.9
2021,Prefeitura Municipal de Jaguaruana - CE,CE,Disponibilidade de Caixa,5835279.4
2021,Prefeitura Municipal de Jaguaruana - CE,CE,Disponibilidade de Caixa Bruta,10170918.35
2021,Prefeitura Municipal de Jaguaruana - CE,CE,RECEITA CORRENTE LÍQUIDA,83591923.32
2021,Prefeitura Municipal de Jaguaruana - CE,CE,% da DC sobre a RCL AJUSTADA (I/VI),50.81
2021,Prefeitura Municipal de Jaguaruana - CE,CE,% da DCL sobre a RCL AJUSTADA,43.69
2021,Prefeitura Municipal de Jijoca de Jericoacoara - CE,CE,DÍVIDA CONSOLIDADA,8182528.5
2021,Prefeitura Municipal de Jijoca de Jericoacoara - CE,CE,Disponibilidade de Caixa,3737465.9
2021,Prefeitura Municipal de Jijoca de Jericoacoara - CE,CE,Disponibilidade de Caixa Bruta,10089239.02
2021,Prefeitura Municipal de Jijoca de Jericoacoara - CE,CE,RECEITA CORRENTE LÍQUIDA,85909028.49
2021,Prefeitura Municipal de Jijoca de Jericoacoara - CE,CE,% da DC sobre a RCL AJUSTADA (I/VI),9.55
2021,Prefeitura Municipal de Jijoca de Jericoacoara - CE,CE,% da DCL sobre a RCL AJUSTADA,5.18
2021,Prefeitura Municipal de Jijoca de Jericoacoara - CE,CE,Precatórios (Não incluídos na DC),5124.79
2021,Prefeitura Municipal de Juazeiro do Norte - CE,CE,DÍVIDA CONSOLIDADA,186524162.15
2021,Prefeitura Municipal de Juazeiro do Norte - CE,CE,Disponibilidade de Caixa,16779780.29
2021,Prefeitura Municipal de Juazeiro do Norte - CE,CE,Disponibilidade de Caixa Bruta,67435662.42
2021,Prefeitura Municipal de Juazeiro do Norte - CE,CE,RECEITA CORRENTE LÍQUIDA,575055149.58
2021,Prefeitura Municipal de Juazeiro do Norte - CE,CE,% da DC sobre a RCL AJUSTADA (I/VI),32.49
2021,Prefeitura Municipal de Juazeiro do Norte - CE,CE,% da DCL sobre a RCL AJUSTADA,29.57
2021,Prefeitura Municipal de Juazeiro do Norte - CE,CE,Precatórios (Não incluídos na DC),301754.31
2021,Prefeitura Municipal de Jucás - CE,CE,DÍVIDA CONSOLIDADA,34443389.82
2021,Prefeitura Municipal de Jucás - CE,CE,Disponibilidade de Caixa,4782876.53
2021,Prefeitura Municipal de Jucás - CE,CE,Disponibilidade de Caixa Bruta,10757811.33
2021,Prefeitura Municipal de Jucás - CE,CE,RECEITA CORRENTE LÍQUIDA,69663326.39
2021,Prefeitura Municipal de Jucás - CE,CE,% da DC sobre a RCL AJUSTADA (I/VI),49.73
2021,Prefeitura Municipal de Jucás - CE,CE,% da DCL sobre a RCL AJUSTADA,42.82
2021,Prefeitura Municipal de Limoeiro do Norte - CE,CE,DÍVIDA CONSOLIDADA,76738339.83
2021,Prefeitura Municipal de Limoeiro do Norte - CE,CE,Disponibilidade de Caixa,10065038.04
2021,Prefeitura Municipal de Limoeiro do Norte - CE,CE,Disponibilidade de Caixa Bruta,22527676.64
2021,Prefeitura Municipal de Limoeiro do Norte - CE,CE,RECEITA CORRENTE LÍQUIDA,163553409.05
2021,Prefeitura Municipal de Limoeiro do Norte - CE,CE,% da DC sobre a RCL AJUSTADA (I/VI),46.92
2021,Prefeitura Municipal de Limoeiro do Norte - CE,CE,% da DCL sobre a RCL AJUSTADA,40.77
2021,Prefeitura Municipal de Limoeiro do Norte - CE,CE,Precatórios (Não incluídos na DC),29698.8
2021,Prefeitura Municipal de Lavras da Mangabeira - CE,CE,DÍVIDA CONSOLIDADA,27807353.44
2021,Prefeitura Municipal de Lavras da Mangabeira - CE,CE,Disponibilidade de Caixa,7485074.53
2021,Prefeitura Municipal de Lavras da Mangabeira - CE,CE,Disponibilidade de Caixa Bruta,8113612.65
2021,Prefeitura Municipal de Lavras da Mangabeira - CE,CE,RECEITA CORRENTE LÍQUIDA,69525083.33
2021,Prefeitura Municipal de Lavras da Mangabeira - CE,CE,% da DC sobre a RCL AJUSTADA (I/VI),40.0
2021,Prefeitura Municipal de Lavras da Mangabeira - CE,CE,% da DCL sobre a RCL AJUSTADA,29.23
2021,Prefeitura Municipal de Lavras da Mangabeira - CE,CE,Precatórios (Não incluídos na DC),24654.22
2021,Prefeitura Municipal de Madalena - CE,CE,DÍVIDA CONSOLIDADA,19333176.4
2021,Prefeitura Municipal de Madalena - CE,CE,Disponibilidade de Caixa,372255.06
2021,Prefeitura Municipal de Madalena - CE,CE,Disponibilidade de Caixa Bruta,4507669.39
2021,Prefeitura Municipal de Madalena - CE,CE,RECEITA CORRENTE LÍQUIDA,51025681.65
2021,Prefeitura Municipal de Madalena - CE,CE,% da DC sobre a RCL AJUSTADA (I/VI),37.96
2021,Prefeitura Municipal de Madalena - CE,CE,% da DCL sobre a RCL AJUSTADA,37.23
2021,Prefeitura Municipal de Maracanaú - CE,CE,DÍVIDA CONSOLIDADA,148813430.55
2021,Prefeitura Municipal de Maracanaú - CE,CE,Precatórios (inclusive) Vencidos e Não Pagos,2073.48
2021,Prefeitura Municipal de Maracanaú - CE,CE,Disponibilidade de Caixa,145673618.21
2021,Prefeitura Municipal de Maracanaú - CE,CE,Disponibilidade de Caixa Bruta,148580185.29
2021,Prefeitura Municipal de Maracanaú - CE,CE,RECEITA CORRENTE LÍQUIDA,745834361.54
2021,Prefeitura Municipal de Maracanaú - CE,CE,% da DC sobre a RCL AJUSTADA (I/VI),19.95
2021,Prefeitura Municipal de Maracanaú - CE,CE,% da DCL sobre a RCL AJUSTADA,0.42
2021,Prefeitura Municipal de Maracanaú - CE,CE,Precatórios (Não incluídos na DC),761112.97
2021,Prefeitura Municipal de Maranguape - CE,CE,DÍVIDA CONSOLIDADA,6232258.14
2021,Prefeitura Municipal de Maranguape - CE,CE,Disponibilidade de Caixa,18254565.09
2021,Prefeitura Municipal de Maranguape - CE,CE,Disponibilidade de Caixa Bruta,34325067.95
2021,Prefeitura Municipal de Maranguape - CE,CE,RECEITA CORRENTE LÍQUIDA,227131254.45
2021,Prefeitura Municipal de Maranguape - CE,CE,% da DC sobre a RCL AJUSTADA (I/VI),2.74
2021,Prefeitura Municipal de Maranguape - CE,CE,% da DCL sobre a RCL AJUSTADA,-5.29
2021,Prefeitura Municipal de Martinópole - CE,CE,DÍVIDA CONSOLIDADA,3795748.85
2021,Prefeitura Municipal de Martinópole - CE,CE,Disponibilidade de Caixa Bruta,3430088.45
2021,Prefeitura Municipal de Martinópole - CE,CE,RECEITA CORRENTE LÍQUIDA,34916884.77
2021,Prefeitura Municipal de Martinópole - CE,CE,% da DC sobre a RCL AJUSTADA (I/VI),11.07
2021,Prefeitura Municipal de Martinópole - CE,CE,% da DCL sobre a RCL AJUSTADA,11.07
2021,Prefeitura Municipal de Mauriti - CE,CE,DÍVIDA CONSOLIDADA,15931451.39
2021,Prefeitura Municipal de Mauriti - CE,CE,Disponibilidade de Caixa,11167641.93
2021,Prefeitura Municipal de Mauriti - CE,CE,Disponibilidade de Caixa Bruta,14171597.28
2021,Prefeitura Municipal de Mauriti - CE,CE,RECEITA CORRENTE LÍQUIDA,104944486.95
2021,Prefeitura Municipal de Mauriti - CE,CE,% da DC sobre a RCL AJUSTADA (I/VI),15.14
2021,Prefeitura Municipal de Mauriti - CE,CE,% da DCL sobre a RCL AJUSTADA,4.53
2021,Prefeitura Municipal de Massapê - CE,CE,DÍVIDA CONSOLIDADA,18014780.31
2021,Prefeitura Municipal de Massapê - CE,CE,Disponibilidade de Caixa,6892225.9
2021,Prefeitura Municipal de Massapê - CE,CE,Disponibilidade de Caixa Bruta,10642723.16
2021,Prefeitura Municipal de Massapê - CE,CE,RECEITA CORRENTE LÍQUIDA,80134466.47
2021,Prefeitura Municipal de Massapê - CE,CE,% da DC sobre a RCL AJUSTADA (I/VI),22.34
2021,Prefeitura Municipal de Massapê - CE,CE,% da DCL sobre a RCL AJUSTADA,13.79
2021,Prefeitura Municipal de Milagres - CE,CE,DÍVIDA CONSOLIDADA,3052947.56
2021,Prefeitura Municipal de Milagres - CE,CE,Disponibilidade de Caixa,24307872.28
2021,Prefeitura Municipal de Milagres - CE,CE,Disponibilidade de Caixa Bruta,32423328.78
2021,Prefeitura Municipal de Milagres - CE,CE,RECEITA CORRENTE LÍQUIDA,68342470.98
2021,Prefeitura Municipal de Milagres - CE,CE,% da DC sobre a RCL AJUSTADA (I/VI),4.47
2021,Prefeitura Municipal de Milagres - CE,CE,% da DCL sobre a RCL AJUSTADA,-31.1
2021,Prefeitura Municipal de Meruoca - CE,CE,DÍVIDA CONSOLIDADA,5072590.02
2021,Prefeitura Municipal de Meruoca - CE,CE,Disponibilidade de Caixa,3989708.12
2021,Prefeitura Municipal de Meruoca - CE,CE,Disponibilidade de Caixa Bruta,7651578.46
2021,Prefeitura Municipal de Meruoca - CE,CE,RECEITA CORRENTE LÍQUIDA,48224209.08
2021,Prefeitura Municipal de Meruoca - CE,CE,% da DC sobre a RCL AJUSTADA (I/VI),10.55
2021,Prefeitura Municipal de Meruoca - CE,CE,% da DCL sobre a RCL AJUSTADA,2.25
2021,Prefeitura Municipal de Miraíma - CE,CE,DÍVIDA CONSOLIDADA,18014780.31
2021,Prefeitura Municipal de Miraíma - CE,CE,Disponibilidade de Caixa,6892225.9
2021,Prefeitura Municipal de Miraíma - CE,CE,Disponibilidade de Caixa Bruta,10642723.16
2021,Prefeitura Municipal de Miraíma - CE,CE,RECEITA CORRENTE LÍQUIDA,80134466.47
2021,Prefeitura Municipal de Miraíma - CE,CE,% da DC sobre a RCL AJUSTADA (I/VI),22.34
2021,Prefeitura Municipal de Miraíma - CE,CE,% da DCL sobre a RCL AJUSTADA,13.79
2021,Prefeitura Municipal de Missão Velha - CE,CE,DÍVIDA CONSOLIDADA,31014532.61
2021,Prefeitura Municipal de Missão Velha - CE,CE,Disponibilidade de Caixa,272070.23
2021,Prefeitura Municipal de Missão Velha - CE,CE,Disponibilidade de Caixa Bruta,5242088.98
2021,Prefeitura Municipal de Missão Velha - CE,CE,RECEITA CORRENTE LÍQUIDA,90583704.57
2021,Prefeitura Municipal de Missão Velha - CE,CE,% da DC sobre a RCL AJUSTADA (I/VI),34.24
2021,Prefeitura Municipal de Missão Velha - CE,CE,% da DCL sobre a RCL AJUSTADA,33.94
2021,Prefeitura Municipal de Mombaça - CE,CE,DÍVIDA CONSOLIDADA,51481639.58
2021,Prefeitura Municipal de Mombaça - CE,CE,Disponibilidade de Caixa,6892629.47
2021,Prefeitura Municipal de Mombaça - CE,CE,Disponibilidade de Caixa Bruta,9802506.58
2021,Prefeitura Municipal de Mombaça - CE,CE,RECEITA CORRENTE LÍQUIDA,94268723.16
2021,Prefeitura Municipal de Mombaça - CE,CE,% da DC sobre a RCL AJUSTADA (I/VI),55.14
2021,Prefeitura Municipal de Mombaça - CE,CE,% da DCL sobre a RCL AJUSTADA,47.71
2021,Prefeitura Municipal de Morada Nova - CE,CE,DÍVIDA CONSOLIDADA,55672409.07
2021,Prefeitura Municipal de Morada Nova - CE,CE,Disponibilidade de Caixa,21061283.22
2021,Prefeitura Municipal de Morada Nova - CE,CE,Disponibilidade de Caixa Bruta,27039755.26
2021,Prefeitura Municipal de Morada Nova - CE,CE,RECEITA CORRENTE LÍQUIDA,159626325.01
2021,Prefeitura Municipal de Morada Nova - CE,CE,% da DC sobre a RCL AJUSTADA (I/VI),34.99
2021,Prefeitura Municipal de Morada Nova - CE,CE,% da DCL sobre a RCL AJUSTADA,21.75
2021,Prefeitura Municipal de Milhã - CE,CE,DÍVIDA CONSOLIDADA,5290009.49
2021,Prefeitura Municipal de Milhã - CE,CE,Disponibilidade de Caixa,1217434.15
2021,Prefeitura Municipal de Milhã - CE,CE,Disponibilidade de Caixa Bruta,3548378.53
2021,Prefeitura Municipal de Milhã - CE,CE,RECEITA CORRENTE LÍQUIDA,37035912.93
2021,Prefeitura Municipal de Milhã - CE,CE,% da DC sobre a RCL AJUSTADA (I/VI),14.82
2021,Prefeitura Municipal de Milhã - CE,CE,% da DCL sobre a RCL AJUSTADA,11.41
2021,Prefeitura Municipal de Monsenhor Tabosa - CE,CE,Disponibilidade de Caixa,7592683.84
2021,Prefeitura Municipal de Monsenhor Tabosa - CE,CE,Disponibilidade de Caixa Bruta,1819689.06
2021,Prefeitura Municipal de Monsenhor Tabosa - CE,CE,RECEITA CORRENTE LÍQUIDA,51836071.5
2021,Prefeitura Municipal de Monsenhor Tabosa - CE,CE,% da DCL sobre a RCL AJUSTADA,-14.65
2021,Prefeitura Municipal de Morrinhos - CE,CE,DÍVIDA CONSOLIDADA,9748448.64
2021,Prefeitura Municipal de Morrinhos - CE,CE,Disponibilidade de Caixa,11113698.09
2021,Prefeitura Municipal de Morrinhos - CE,CE,Disponibilidade de Caixa Bruta,13115270.61
2021,Prefeitura Municipal de Morrinhos - CE,CE,RECEITA CORRENTE LÍQUIDA,54804604.18
2021,Prefeitura Municipal de Morrinhos - CE,CE,% da DC sobre a RCL AJUSTADA (I/VI),17.82
2021,Prefeitura Municipal de Morrinhos - CE,CE,% da DCL sobre a RCL AJUSTADA,-2.51
2021,Prefeitura Municipal de Morrinhos - CE,CE,Precatórios (Não incluídos na DC),7570.33
2021,Prefeitura Municipal de Mulungu - CE,CE,DÍVIDA CONSOLIDADA,15526458.99
2021,Prefeitura Municipal de Mulungu - CE,CE,Disponibilidade de Caixa,228947.03
2021,Prefeitura Municipal de Mulungu - CE,CE,Disponibilidade de Caixa Bruta,2874479.46
2021,Prefeitura Municipal de Mulungu - CE,CE,RECEITA CORRENTE LÍQUIDA,33145385.27
2021,Prefeitura Municipal de Mulungu - CE,CE,% da DC sobre a RCL AJUSTADA (I/VI),46.84
2021,Prefeitura Municipal de Mulungu - CE,CE,% da DCL sobre a RCL AJUSTADA,46.15
2021,Prefeitura Municipal de Nova Olinda - CE,CE,DÍVIDA CONSOLIDADA,10509053.43
2021,Prefeitura Municipal de Nova Olinda - CE,CE,Disponibilidade de Caixa,6038177.66
2021,Prefeitura Municipal de Nova Olinda - CE,CE,Disponibilidade de Caixa Bruta,6459014.27
2021,Prefeitura Municipal de Nova Olinda - CE,CE,RECEITA CORRENTE LÍQUIDA,44668991.17
2021,Prefeitura Municipal de Nova Olinda - CE,CE,% da DC sobre a RCL AJUSTADA (I/VI),23.53
2021,Prefeitura Municipal de Nova Olinda - CE,CE,% da DCL sobre a RCL AJUSTADA,10.01
2021,Prefeitura Municipal de Nova Olinda - CE,CE,Precatórios (Não incluídos na DC),16790.05
2021,Prefeitura Municipal de Nova Russas - CE,CE,DÍVIDA CONSOLIDADA,5074573.88
2021,Prefeitura Municipal de Nova Russas - CE,CE,Disponibilidade de Caixa,3670807.5
2021,Prefeitura Municipal de Nova Russas - CE,CE,Disponibilidade de Caixa Bruta,11019328.97
2021,Prefeitura Municipal de Nova Russas - CE,CE,RECEITA CORRENTE LÍQUIDA,83432582.75
2021,Prefeitura Municipal de Nova Russas - CE,CE,% da DC sobre a RCL AJUSTADA (I/VI),6.08
2021,Prefeitura Municipal de Nova Russas - CE,CE,% da DCL sobre a RCL AJUSTADA,1.68
2021,Prefeitura Municipal de Nova Russas - CE,CE,Precatórios (Não incluídos na DC),29123.45
2021,Prefeitura Municipal de Ocara - CE,CE,DÍVIDA CONSOLIDADA,15951553.17
2021,Prefeitura Municipal de Ocara - CE,CE,Disponibilidade de Caixa,2743049.33
2021,Prefeitura Municipal de Ocara - CE,CE,Disponibilidade de Caixa Bruta,4905387.35
2021,Prefeitura Municipal de Ocara - CE,CE,RECEITA CORRENTE LÍQUIDA,70454250.79
2021,Prefeitura Municipal de Ocara - CE,CE,% da DC sobre a RCL AJUSTADA (I/VI),22.32
2021,Prefeitura Municipal de Ocara - CE,CE,% da DCL sobre a RCL AJUSTADA,18.47
2021,Prefeitura Municipal de Novo Oriente - CE,CE,DÍVIDA CONSOLIDADA,35193712.77
2021,Prefeitura Municipal de Novo Oriente - CE,CE,Precatórios (inclusive) Vencidos e Não Pagos,200552.78
2021,Prefeitura Municipal de Novo Oriente - CE,CE,Disponibilidade de Caixa,4962436.44
2021,Prefeitura Municipal de Novo Oriente - CE,CE,Disponibilidade de Caixa Bruta,10415817.5
2021,Prefeitura Municipal de Novo Oriente - CE,CE,RECEITA CORRENTE LÍQUIDA,72402519.83
2021,Prefeitura Municipal de Novo Oriente - CE,CE,% da DC sobre a RCL AJUSTADA (I/VI),49.29
2021,Prefeitura Municipal de Novo Oriente - CE,CE,% da DCL sobre a RCL AJUSTADA,42.34
2021,Prefeitura Municipal de Novo Oriente - CE,CE,Precatórios (Não incluídos na DC),397.4
2021,Prefeitura Municipal de Pacatuba - CE,CE,DÍVIDA CONSOLIDADA,26582070.73
2021,Prefeitura Municipal de Pacatuba - CE,CE,Disponibilidade de Caixa Bruta,6023330.81
2021,Prefeitura Municipal de Pacatuba - CE,CE,RECEITA CORRENTE LÍQUIDA,175976266.84
2021,Prefeitura Municipal de Pacatuba - CE,CE,% da DC sobre a RCL AJUSTADA (I/VI),15.16
2021,Prefeitura Municipal de Pacatuba - CE,CE,% da DCL sobre a RCL AJUSTADA,15.16
2021,Prefeitura Municipal de Pacoti - CE,CE,DÍVIDA CONSOLIDADA,4244570.84
2021,Prefeitura Municipal de Pacoti - CE,CE,Disponibilidade de Caixa,2734439.59
2021,Prefeitura Municipal de Pacoti - CE,CE,Disponibilidade de Caixa Bruta,3811328.24
2021,Prefeitura Municipal de Pacoti - CE,CE,RECEITA CORRENTE LÍQUIDA,34441216.98
2021,Prefeitura Municipal de Pacoti - CE,CE,% da DC sobre a RCL AJUSTADA (I/VI),12.32
2021,Prefeitura Municipal de Pacoti - CE,CE,% da DCL sobre a RCL AJUSTADA,4.38
2021,Prefeitura Municipal de Pacujá - CE,CE,DÍVIDA CONSOLIDADA,15528708.3
2021,Prefeitura Municipal de Pacujá - CE,CE,Disponibilidade de Caixa,5162008.46
2021,Prefeitura Municipal de Pacujá - CE,CE,Disponibilidade de Caixa Bruta,5420115.04
2021,Prefeitura Municipal de Pacujá - CE,CE,RECEITA CORRENTE LÍQUIDA,25653023.63
2021,Prefeitura Municipal de Pacujá - CE,CE,% da DC sobre a RCL AJUSTADA (I/VI),62.86
2021,Prefeitura Municipal de Pacujá - CE,CE,% da DCL sobre a RCL AJUSTADA,41.97
2021,Prefeitura Municipal de Pacajus - CE,CE,DÍVIDA CONSOLIDADA,116510763.87
2021,Prefeitura Municipal de Pacajus - CE,CE,Disponibilidade de Caixa Bruta,6112535.29
2021,Prefeitura Municipal de Pacajus - CE,CE,RECEITA CORRENTE LÍQUIDA,148545261.04
2021,Prefeitura Municipal de Pacajus - CE,CE,% da DC sobre a RCL AJUSTADA (I/VI),78.43
2021,Prefeitura Municipal de Pacajus - CE,CE,% da DCL sobre a RCL AJUSTADA,78.43
2021,Prefeitura Municipal de Pacajus - CE,CE,Precatórios (Não incluídos na DC),64733.31
2021,Prefeitura Municipal de Palhano - CE,CE,DÍVIDA CONSOLIDADA,31961491.65
2021,Prefeitura Municipal de Palhano - CE,CE,Disponibilidade de Caixa Bruta,2064446.33
2021,Prefeitura Municipal de Palhano - CE,CE,RECEITA CORRENTE LÍQUIDA,28899869.34
2021,Prefeitura Municipal de Palhano - CE,CE,% da DC sobre a RCL AJUSTADA (I/VI),111.1
2021,Prefeitura Municipal de Palhano - CE,CE,% da DCL sobre a RCL AJUSTADA,111.1
2021,Prefeitura Municipal de Palmácia - CE,CE,DÍVIDA CONSOLIDADA,23193116.08
2021,Prefeitura Municipal de Palmácia - CE,CE,Disponibilidade de Caixa,2230302.63
2021,Prefeitura Municipal de Palmácia - CE,CE,Disponibilidade de Caixa Bruta,3157431.0
2021,Prefeitura Municipal de Palmácia - CE,CE,RECEITA CORRENTE LÍQUIDA,33945644.62
2021,Prefeitura Municipal de Palmácia - CE,CE,% da DC sobre a RCL AJUSTADA (I/VI),68.32
2021,Prefeitura Municipal de Palmácia - CE,CE,% da DCL sobre a RCL AJUSTADA,61.74
2021,Prefeitura Municipal de Paraipaba - CE,CE,DÍVIDA CONSOLIDADA,22434880.42
2021,Prefeitura Municipal de Paraipaba - CE,CE,Disponibilidade de Caixa,8326037.2
2021,Prefeitura Municipal de Paraipaba - CE,CE,Disponibilidade de Caixa Bruta,11909538.23
2021,Prefeitura Municipal de Paraipaba - CE,CE,RECEITA CORRENTE LÍQUIDA,82005915.47
2021,Prefeitura Municipal de Paraipaba - CE,CE,% da DC sobre a RCL AJUSTADA (I/VI),27.54
2021,Prefeitura Municipal de Paraipaba - CE,CE,% da DCL sobre a RCL AJUSTADA,17.32
2021,Prefeitura Municipal de Paracuru - CE,CE,DÍVIDA CONSOLIDADA,47891959.51
2021,Prefeitura Municipal de Paracuru - CE,CE,Precatórios (inclusive) Vencidos e Não Pagos,187225.58
2021,Prefeitura Municipal de Paracuru - CE,CE,Disponibilidade de Caixa,11801871.43
2021,Prefeitura Municipal de Paracuru - CE,CE,Disponibilidade de Caixa Bruta,14334773.15
2021,Prefeitura Municipal de Paracuru - CE,CE,RECEITA CORRENTE LÍQUIDA,100148674.26
2021,Prefeitura Municipal de Paracuru - CE,CE,% da DC sobre a RCL AJUSTADA (I/VI),47.82
2021,Prefeitura Municipal de Paracuru - CE,CE,% da DCL sobre a RCL AJUSTADA,36.03
2021,Prefeitura Municipal de Pedra Branca - CE,CE,DÍVIDA CONSOLIDADA,64399379.19
2021,Prefeitura Municipal de Pedra Branca - CE,CE,Disponibilidade de Caixa,3828836.05
2021,Prefeitura Municipal de Pedra Branca - CE,CE,Disponibilidade de Caixa Bruta,10604820.17
2021,Prefeitura Municipal de Pedra Branca - CE,CE,RECEITA CORRENTE LÍQUIDA,99763982.17
2021,Prefeitura Municipal de Pedra Branca - CE,CE,% da DC sobre a RCL AJUSTADA (I/VI),64.55
2021,Prefeitura Municipal de Pedra Branca - CE,CE,% da DCL sobre a RCL AJUSTADA,60.71
2021,Prefeitura Municipal de Pedra Branca - CE,CE,Precatórios (Não incluídos na DC),40635.0
2021,Prefeitura Municipal de Penaforte - CE,CE,DÍVIDA CONSOLIDADA,16577748.69
2021,Prefeitura Municipal de Penaforte - CE,CE,Disponibilidade de Caixa,2491135.26
2021,Prefeitura Municipal de Penaforte - CE,CE,Disponibilidade de Caixa Bruta,2773513.64
2021,Prefeitura Municipal de Penaforte - CE,CE,RECEITA CORRENTE LÍQUIDA,30246810.75
2021,Prefeitura Municipal de Penaforte - CE,CE,% da DC sobre a RCL AJUSTADA (I/VI),54.81
2021,Prefeitura Municipal de Penaforte - CE,CE,% da DCL sobre a RCL AJUSTADA,46.57
2021,Prefeitura Municipal de Pentecoste - CE,CE,DÍVIDA CONSOLIDADA,27882519.11
2021,Prefeitura Municipal de Pentecoste - CE,CE,Disponibilidade de Caixa,13604635.79
2021,Prefeitura Municipal de Pentecoste - CE,CE,Disponibilidade de Caixa Bruta,17495374.45
2021,Prefeitura Municipal de Pentecoste - CE,CE,RECEITA CORRENTE LÍQUIDA,96096843.51
2021,Prefeitura Municipal de Pentecoste - CE,CE,% da DC sobre a RCL AJUSTADA (I/VI),29.41
2021,Prefeitura Municipal de Pentecoste - CE,CE,% da DCL sobre a RCL AJUSTADA,15.06
2021,Prefeitura Municipal de Paramoti - CE,CE,DÍVIDA CONSOLIDADA,12944302.79
2021,Prefeitura Municipal de Paramoti - CE,CE,Disponibilidade de Caixa Bruta,2552908.0
2021,Prefeitura Municipal de Paramoti - CE,CE,RECEITA CORRENTE LÍQUIDA,31288684.6
2021,Prefeitura Municipal de Paramoti - CE,CE,% da DC sobre a RCL AJUSTADA (I/VI),41.37
2021,Prefeitura Municipal de Paramoti - CE,CE,% da DCL sobre a RCL AJUSTADA,41.37
2021,Prefeitura Municipal de Pindoretama - CE,CE,DÍVIDA CONSOLIDADA,1799311.35
2021,Prefeitura Municipal de Pindoretama - CE,CE,Disponibilidade de Caixa,8434377.7
2021,Prefeitura Municipal de Pindoretama - CE,CE,Disponibilidade de Caixa Bruta,9775780.81
2021,Prefeitura Municipal de Pindoretama - CE,CE,RECEITA CORRENTE LÍQUIDA,60497017.01
2021,Prefeitura Municipal de Pindoretama - CE,CE,% da DC sobre a RCL AJUSTADA (I/VI),2.97
2021,Prefeitura Municipal de Pindoretama - CE,CE,% da DCL sobre a RCL AJUSTADA,-10.97
2021,Prefeitura Municipal de Pires Ferreira - CE,CE,DÍVIDA CONSOLIDADA,354372.95
2021,Prefeitura Municipal de Pires Ferreira - CE,CE,Disponibilidade de Caixa,3100305.12
2021,Prefeitura Municipal de Pires Ferreira - CE,CE,Disponibilidade de Caixa Bruta,4130581.72
2021,Prefeitura Municipal de Pires Ferreira - CE,CE,RECEITA CORRENTE LÍQUIDA,31920385.8
2021,Prefeitura Municipal de Pires Ferreira - CE,CE,% da DC sobre a RCL AJUSTADA (I/VI),1.11
2021,Prefeitura Municipal de Pires Ferreira - CE,CE,% da DCL sobre a RCL AJUSTADA,-8.64
2021,Prefeitura Municipal de Porteiras - CE,CE,DÍVIDA CONSOLIDADA,1656649.76
2021,Prefeitura Municipal de Porteiras - CE,CE,Disponibilidade de Caixa,14880838.54
2021,Prefeitura Municipal de Porteiras - CE,CE,Disponibilidade de Caixa Bruta,16538543.19
2021,Prefeitura Municipal de Porteiras - CE,CE,RECEITA CORRENTE LÍQUIDA,50036214.6
2021,Prefeitura Municipal de Porteiras - CE,CE,% da DC sobre a RCL AJUSTADA (I/VI),3.31
2021,Prefeitura Municipal de Porteiras - CE,CE,% da DCL sobre a RCL AJUSTADA,-26.43
2021,Prefeitura Municipal de Piquet Carneiro - CE,CE,DÍVIDA CONSOLIDADA,13966086.31
2021,Prefeitura Municipal de Piquet Carneiro - CE,CE,Disponibilidade de Caixa,8321338.06
2021,Prefeitura Municipal de Piquet Carneiro - CE,CE,Disponibilidade de Caixa Bruta,8991594.43
2021,Prefeitura Municipal de Piquet Carneiro - CE,CE,RECEITA CORRENTE LÍQUIDA,47782374.99
2021,Prefeitura Municipal de Piquet Carneiro - CE,CE,% da DC sobre a RCL AJUSTADA (I/VI),30.23
2021,Prefeitura Municipal de Piquet Carneiro - CE,CE,% da DCL sobre a RCL AJUSTADA,12.22
2021,Prefeitura Municipal de Potiretama - CE,CE,DÍVIDA CONSOLIDADA,10981307.14
2021,Prefeitura Municipal de Potiretama - CE,CE,Disponibilidade de Caixa,1811916.89
2021,Prefeitura Municipal de Potiretama - CE,CE,Disponibilidade de Caixa Bruta,6621586.74
2021,Prefeitura Municipal de Potiretama - CE,CE,RECEITA CORRENTE LÍQUIDA,26414202.9
2021,Prefeitura Municipal de Potiretama - CE,CE,% da DC sobre a RCL AJUSTADA (I/VI),41.65
2021,Prefeitura Municipal de Potiretama - CE,CE,% da DCL sobre a RCL AJUSTADA,34.73
2021,Prefeitura Municipal de Quixadá - CE,CE,DÍVIDA CONSOLIDADA,40583653.85
2021,Prefeitura Municipal de Quixadá - CE,CE,Precatórios (inclusive) Vencidos e Não Pagos,154692.12
2021,Prefeitura Municipal de Quixadá - CE,CE,Disponibilidade de Caixa,532181.89
2021,Prefeitura Municipal de Quixadá - CE,CE,Disponibilidade de Caixa Bruta,14212860.66
2021,Prefeitura Municipal de Quixadá - CE,CE,RECEITA CORRENTE LÍQUIDA,193756789.93
2021,Prefeitura Municipal de Quixadá - CE,CE,% da DC sobre a RCL AJUSTADA (I/VI),21.23
2021,Prefeitura Municipal de Quixadá - CE,CE,% da DCL sobre a RCL AJUSTADA,20.94
2021,Prefeitura Municipal de Quixadá - CE,CE,Precatórios (Não incluídos na DC),72831.7
2021,Prefeitura Municipal de Quixelô - CE,CE,DÍVIDA CONSOLIDADA,6121354.37
2021,Prefeitura Municipal de Quixelô - CE,CE,Disponibilidade de Caixa,4162049.0
2021,Prefeitura Municipal de Quixelô - CE,CE,Disponibilidade de Caixa Bruta,5990507.31
2021,Prefeitura Municipal de Quixelô - CE,CE,RECEITA CORRENTE LÍQUIDA,47931782.75
2021,Prefeitura Municipal de Quixelô - CE,CE,% da DC sobre a RCL AJUSTADA (I/VI),12.8
2021,Prefeitura Municipal de Quixelô - CE,CE,% da DCL sobre a RCL AJUSTADA,4.1
2021,Prefeitura Municipal de Quixeré - CE,CE,DÍVIDA CONSOLIDADA,9965660.21
2021,Prefeitura Municipal de Quixeré - CE,CE,Disponibilidade de Caixa,13513658.81
2021,Prefeitura Municipal de Quixeré - CE,CE,Disponibilidade de Caixa Bruta,14071416.75
2021,Prefeitura Municipal de Quixeré - CE,CE,RECEITA CORRENTE LÍQUIDA,66349376.97
2021,Prefeitura Municipal de Quixeré - CE,CE,% da DC sobre a RCL AJUSTADA (I/VI),15.02
2021,Prefeitura Municipal de Quixeré - CE,CE,% da DCL sobre a RCL AJUSTADA,-5.36
2021,Prefeitura Municipal de Redenção - CE,CE,DÍVIDA CONSOLIDADA,79425403.25
2021,Prefeitura Municipal de Redenção - CE,CE,Disponibilidade de Caixa,4504611.5
2021,Prefeitura Municipal de Redenção - CE,CE,Disponibilidade de Caixa Bruta,8294219.08
2021,Prefeitura Municipal de Redenção - CE,CE,RECEITA CORRENTE LÍQUIDA,86238872.71
2021,Prefeitura Municipal de Redenção - CE,CE,% da DC sobre a RCL AJUSTADA (I/VI),92.1
2021,Prefeitura Municipal de Redenção - CE,CE,% da DCL sobre a RCL AJUSTADA,86.88
2021,Prefeitura Municipal de Quixeramobim - CE,CE,DÍVIDA CONSOLIDADA,85113596.4
2021,Prefeitura Municipal de Quixeramobim - CE,CE,Disponibilidade de Caixa,18606884.5
2021,Prefeitura Municipal de Quixeramobim - CE,CE,Disponibilidade de Caixa Bruta,28075652.38
2021,Prefeitura Municipal de Quixeramobim - CE,CE,RECEITA CORRENTE LÍQUIDA,194351356.41
2021,Prefeitura Municipal de Quixeramobim - CE,CE,% da DC sobre a RCL AJUSTADA (I/VI),43.79
2021,Prefeitura Municipal de Quixeramobim - CE,CE,% da DCL sobre a RCL AJUSTADA,34.22
2021,Prefeitura Municipal de Quixeramobim - CE,CE,Precatórios (Não incluídos na DC),4000.0
2021,Prefeitura Municipal de Reriutaba - CE,CE,DÍVIDA CONSOLIDADA,13610655.55
2021,Prefeitura Municipal de Reriutaba - CE,CE,Disponibilidade de Caixa Bruta,4662849.22
2021,Prefeitura Municipal de Reriutaba - CE,CE,Precatórios (Não incluídos na DC),360.0
2021,Prefeitura Municipal de Russas - CE,CE,DÍVIDA CONSOLIDADA,22669330.44
2021,Prefeitura Municipal de Russas - CE,CE,Disponibilidade de Caixa,21336067.67
2021,Prefeitura Municipal de Russas - CE,CE,Disponibilidade de Caixa Bruta,24133775.34
2021,Prefeitura Municipal de Russas - CE,CE,RECEITA CORRENTE LÍQUIDA,181427600.47
2021,Prefeitura Municipal de Russas - CE,CE,% da DC sobre a RCL AJUSTADA (I/VI),12.49
2021,Prefeitura Municipal de Russas - CE,CE,% da DCL sobre a RCL AJUSTADA,0.73
2021,Prefeitura Municipal de Russas - CE,CE,Precatórios (Não incluídos na DC),1.0
2021,Prefeitura Municipal de Saboeiro - CE,CE,DÍVIDA CONSOLIDADA,18816617.26
2021,Prefeitura Municipal de Saboeiro - CE,CE,Disponibilidade de Caixa,567590.94
2021,Prefeitura Municipal de Saboeiro - CE,CE,Disponibilidade de Caixa Bruta,4500615.73
2021,Prefeitura Municipal de Saboeiro - CE,CE,RECEITA CORRENTE LÍQUIDA,42394479.27
2021,Prefeitura Municipal de Saboeiro - CE,CE,% da DC sobre a RCL AJUSTADA (I/VI),44.38
2021,Prefeitura Municipal de Saboeiro - CE,CE,% da DCL sobre a RCL AJUSTADA,43.05
2021,Prefeitura Municipal de Salitre - CE,CE,DÍVIDA CONSOLIDADA,7346065.57
2021,Prefeitura Municipal de Salitre - CE,CE,Disponibilidade de Caixa,7113551.93
2021,Prefeitura Municipal de Salitre - CE,CE,Disponibilidade de Caixa Bruta,8391376.67
2021,Prefeitura Municipal de Salitre - CE,CE,RECEITA CORRENTE LÍQUIDA,56294887.29
2021,Prefeitura Municipal de Salitre - CE,CE,% da DC sobre a RCL AJUSTADA (I/VI),13.05
2021,Prefeitura Municipal de Salitre - CE,CE,% da DCL sobre a RCL AJUSTADA,0.41
2021,Prefeitura Municipal de Santa Quitéria - CE,CE,DÍVIDA CONSOLIDADA,24138352.37
2021,Prefeitura Municipal de Santa Quitéria - CE,CE,Precatórios (inclusive) Vencidos e Não Pagos,576568.67
2021,Prefeitura Municipal de Santa Quitéria - CE,CE,Disponibilidade de Caixa,16853977.01
2021,Prefeitura Municipal de Santa Quitéria - CE,CE,Disponibilidade de Caixa Bruta,18122438.71
2021,Prefeitura Municipal de Santa Quitéria - CE,CE,RECEITA CORRENTE LÍQUIDA,107529558.67
2021,Prefeitura Municipal de Santa Quitéria - CE,CE,% da DC sobre a RCL AJUSTADA (I/VI),22.62
2021,Prefeitura Municipal de Santa Quitéria - CE,CE,% da DCL sobre a RCL AJUSTADA,6.83
2021,Prefeitura Municipal de Santana do Acaraú - CE,CE,DÍVIDA CONSOLIDADA,38352732.95
2021,Prefeitura Municipal de Santana do Acaraú - CE,CE,Disponibilidade de Caixa,8273192.43
2021,Prefeitura Municipal de Santana do Acaraú - CE,CE,Disponibilidade de Caixa Bruta,9556243.7
2021,Prefeitura Municipal de Santana do Acaraú - CE,CE,RECEITA CORRENTE LÍQUIDA,70145919.29
2021,Prefeitura Municipal de Santana do Acaraú - CE,CE,% da DC sobre a RCL AJUSTADA (I/VI),54.71
2021,Prefeitura Municipal de Santana do Acaraú - CE,CE,% da DCL sobre a RCL AJUSTADA,42.82
2021,Prefeitura Municipal de São Benedito - CE,CE,DÍVIDA CONSOLIDADA,16900085.9
2021,Prefeitura Municipal de São Benedito - CE,CE,Disponibilidade de Caixa Bruta,6857091.44
2021,Prefeitura Municipal de São Benedito - CE,CE,Precatórios (Não incluídos na DC),10210.5
2021,Prefeitura Municipal de São João do Jaguaribe - CE,CE,DÍVIDA CONSOLIDADA,3705790.12
2021,Prefeitura Municipal de São João do Jaguaribe - CE,CE,Disponibilidade de Caixa,4370667.48
2021,Prefeitura Municipal de São João do Jaguaribe - CE,CE,Disponibilidade de Caixa Bruta,4689395.81
2021,Prefeitura Municipal de São João do Jaguaribe - CE,CE,RECEITA CORRENTE LÍQUIDA,25377877.44
2021,Prefeitura Municipal de São João do Jaguaribe - CE,CE,% da DC sobre a RCL AJUSTADA (I/VI),14.6
2021,Prefeitura Municipal de São João do Jaguaribe - CE,CE,% da DCL sobre a RCL AJUSTADA,-2.62
2021,Prefeitura Municipal de São Luís do Curu - CE,CE,DÍVIDA CONSOLIDADA,10747882.65
2021,Prefeitura Municipal de São Luís do Curu - CE,CE,Disponibilidade de Caixa,2614885.37
2021,Prefeitura Municipal de São Luís do Curu - CE,CE,Disponibilidade de Caixa Bruta,3329997.22
2021,Prefeitura Municipal de São Luís do Curu - CE,CE,RECEITA CORRENTE LÍQUIDA,30764672.76
2021,Prefeitura Municipal de São Luís do Curu - CE,CE,% da DC sobre a RCL AJUSTADA (I/VI),34.94
2021,Prefeitura Municipal de São Luís do Curu - CE,CE,% da DCL sobre a RCL AJUSTADA,26.44
2021,Prefeitura Municipal de Santana do Cariri - CE,CE,DÍVIDA CONSOLIDADA,24178651.64
2021,Prefeitura Municipal de Santana do Cariri - CE,CE,Disponibilidade de Caixa,22328431.87
2021,Prefeitura Municipal de Santana do Cariri - CE,CE,Disponibilidade de Caixa Bruta,28391782.9
2021,Prefeitura Municipal de Santana do Cariri - CE,CE,RECEITA CORRENTE LÍQUIDA,51138565.46
2021,Prefeitura Municipal de Santana do Cariri - CE,CE,% da DC sobre a RCL AJUSTADA (I/VI),47.28
2021,Prefeitura Municipal de Santana do Cariri - CE,CE,% da DCL sobre a RCL AJUSTADA,3.62
2021,Prefeitura Municipal de São Gonçalo do Amarante - CE,CE,DÍVIDA CONSOLIDADA,34170619.01
2021,Prefeitura Municipal de São Gonçalo do Amarante - CE,CE,Disponibilidade de Caixa,90153252.84
2021,Prefeitura Municipal de São Gonçalo do Amarante - CE,CE,Disponibilidade de Caixa Bruta,91087604.12
2021,Prefeitura Municipal de São Gonçalo do Amarante - CE,CE,RECEITA CORRENTE LÍQUIDA,325931165.97
2021,Prefeitura Municipal de São Gonçalo do Amarante - CE,CE,% da DC sobre a RCL AJUSTADA (I/VI),10.58
2021,Prefeitura Municipal de São Gonçalo do Amarante - CE,CE,% da DCL sobre a RCL AJUSTADA,-17.34
2021,Prefeitura Municipal de Sobral - CE,CE,DÍVIDA CONSOLIDADA,72352138.98
2021,Prefeitura Municipal de Sobral - CE,CE,Disponibilidade de Caixa,165415500.47
2021,Prefeitura Municipal de Sobral - CE,CE,Disponibilidade de Caixa Bruta,184108998.23
2021,Prefeitura Municipal de Sobral - CE,CE,RECEITA CORRENTE LÍQUIDA,759629242.61
2021,Prefeitura Municipal de Sobral - CE,CE,% da DC sobre a RCL AJUSTADA (I/VI),9.54
2021,Prefeitura Municipal de Sobral - CE,CE,% da DCL sobre a RCL AJUSTADA,-12.27
2021,Prefeitura Municipal de Tabuleiro do Norte - CE,CE,DÍVIDA CONSOLIDADA,25428721.48
2021,Prefeitura Municipal de Tabuleiro do Norte - CE,CE,Precatórios (inclusive) Vencidos e Não Pagos,1829489.34
2021,Prefeitura Municipal de Tabuleiro do Norte - CE,CE,Disponibilidade de Caixa,9492269.56
2021,Prefeitura Municipal de Tabuleiro do Norte - CE,CE,Disponibilidade de Caixa Bruta,11352496.62
2021,Prefeitura Municipal de Tabuleiro do Norte - CE,CE,RECEITA CORRENTE LÍQUIDA,73674111.17
2021,Prefeitura Municipal de Tabuleiro do Norte - CE,CE,% da DC sobre a RCL AJUSTADA (I/VI),34.52
2021,Prefeitura Municipal de Tabuleiro do Norte - CE,CE,% da DCL sobre a RCL AJUSTADA,21.63
2021,Prefeitura Municipal de Senador Pompeu - CE,CE,DÍVIDA CONSOLIDADA,23045431.23
2021,Prefeitura Municipal de Senador Pompeu - CE,CE,Disponibilidade de Caixa,6641409.39
2021,Prefeitura Municipal de Senador Pompeu - CE,CE,Disponibilidade de Caixa Bruta,8350295.44
2021,Prefeitura Municipal de Senador Pompeu - CE,CE,RECEITA CORRENTE LÍQUIDA,64261671.82
2021,Prefeitura Municipal de Senador Pompeu - CE,CE,% da DC sobre a RCL AJUSTADA (I/VI),35.92
2021,Prefeitura Municipal de Senador Pompeu - CE,CE,% da DCL sobre a RCL AJUSTADA,25.56
2021,Prefeitura Municipal de Senador Pompeu - CE,CE,Precatórios (Não incluídos na DC),89315.86
2021,Prefeitura Municipal de Solonópole - CE,CE,DÍVIDA CONSOLIDADA,14512312.84
2021,Prefeitura Municipal de Solonópole - CE,CE,Precatórios (inclusive) Vencidos e Não Pagos,30657.19
2021,Prefeitura Municipal de Solonópole - CE,CE,Disponibilidade de Caixa,10332751.72
2021,Prefeitura Municipal de Solonópole - CE,CE,Disponibilidade de Caixa Bruta,12093941.32
2021,Prefeitura Municipal de Solonópole - CE,CE,RECEITA CORRENTE LÍQUIDA,57717197.57
2021,Prefeitura Municipal de Solonópole - CE,CE,% da DC sobre a RCL AJUSTADA (I/VI),25.18
2021,Prefeitura Municipal de Solonópole - CE,CE,% da DCL sobre a RCL AJUSTADA,7.23
2021,Prefeitura Municipal de Solonópole - CE,CE,Precatórios (Não incluídos na DC),114641.6
2021,Prefeitura Municipal de Tamboril - CE,CE,DÍVIDA CONSOLIDADA,3501583.76
2021,Prefeitura Municipal de Tamboril - CE,CE,Disponibilidade de Caixa,3735425.44
2021,Prefeitura Municipal de Tamboril - CE,CE,Disponibilidade de Caixa Bruta,7011165.72
2021,Prefeitura Municipal de Tamboril - CE,CE,RECEITA CORRENTE LÍQUIDA,74460454.09
2021,Prefeitura Municipal de Tamboril - CE,CE,% da DC sobre a RCL AJUSTADA (I/VI),4.7
2021,Prefeitura Municipal de Tamboril - CE,CE,% da DCL sobre a RCL AJUSTADA,-0.32
2021,Prefeitura Municipal de Tamboril - CE,CE,Precatórios (Não incluídos na DC),18000.0
2021,Prefeitura Municipal de Tarrafas - CE,CE,DÍVIDA CONSOLIDADA,14608554.3
2021,Prefeitura Municipal de Tarrafas - CE,CE,Disponibilidade de Caixa,2042179.57
2021,Prefeitura Municipal de Tarrafas - CE,CE,Disponibilidade de Caixa Bruta,2374383.07
2021,Prefeitura Municipal de Tarrafas - CE,CE,RECEITA CORRENTE LÍQUIDA,26181115.49
2021,Prefeitura Municipal de Tarrafas - CE,CE,% da DC sobre a RCL AJUSTADA (I/VI),56.02
2021,Prefeitura Municipal de Tarrafas - CE,CE,% da DCL sobre a RCL AJUSTADA,48.19
2021,Prefeitura Municipal de Tejuçuoca - CE,CE,DÍVIDA CONSOLIDADA,23944447.17
2021,Prefeitura Municipal de Tejuçuoca - CE,CE,Disponibilidade de Caixa,6658379.15
2021,Prefeitura Municipal de Tejuçuoca - CE,CE,Disponibilidade de Caixa Bruta,9532905.22
2021,Prefeitura Municipal de Tejuçuoca - CE,CE,RECEITA CORRENTE LÍQUIDA,53931597.13
2021,Prefeitura Municipal de Tejuçuoca - CE,CE,% da DC sobre a RCL AJUSTADA (I/VI),44.69
2021,Prefeitura Municipal de Tejuçuoca - CE,CE,% da DCL sobre a RCL AJUSTADA,32.26
2021,Prefeitura Municipal de Tauá - CE,CE,DÍVIDA CONSOLIDADA,31798326.15
2021,Prefeitura Municipal de Tauá - CE,CE,Disponibilidade de Caixa,30785768.08
2021,Prefeitura Municipal de Tauá - CE,CE,Disponibilidade de Caixa Bruta,42455876.19
2021,Prefeitura Municipal de Tauá - CE,CE,RECEITA CORRENTE LÍQUIDA,160384802.89
2021,Prefeitura Municipal de Tauá - CE,CE,% da DC sobre a RCL AJUSTADA (I/VI),19.83
2021,Prefeitura Municipal de Tauá - CE,CE,% da DCL sobre a RCL AJUSTADA,0.63
2021,Prefeitura Municipal de Tianguá - CE,CE,DÍVIDA CONSOLIDADA,8413492.02
2021,Prefeitura Municipal de Tianguá - CE,CE,Precatórios (inclusive) Vencidos e Não Pagos,1099236.22
2021,Prefeitura Municipal de Tianguá - CE,CE,Disponibilidade de Caixa,19103383.1
2021,Prefeitura Municipal de Tianguá - CE,CE,Disponibilidade de Caixa Bruta,36137733.18
2021,Prefeitura Municipal de Tianguá - CE,CE,RECEITA CORRENTE LÍQUIDA,215657565.15
2021,Prefeitura Municipal de Tianguá - CE,CE,% da DC sobre a RCL AJUSTADA (I/VI),3.9
2021,Prefeitura Municipal de Tianguá - CE,CE,% da DCL sobre a RCL AJUSTADA,-5.03
2021,Prefeitura Municipal de Tianguá - CE,CE,Precatórios (Não incluídos na DC),221996.24
2021,Prefeitura Municipal de Trairi - CE,CE,DÍVIDA CONSOLIDADA,20624776.17
2021,Prefeitura Municipal de Trairi - CE,CE,Disponibilidade de Caixa,20783384.69
2021,Prefeitura Municipal de Trairi - CE,CE,Disponibilidade de Caixa Bruta,22417096.75
2021,Prefeitura Municipal de Trairi - CE,CE,RECEITA CORRENTE LÍQUIDA,146392723.06
2021,Prefeitura Municipal de Trairi - CE,CE,% da DC sobre a RCL AJUSTADA (I/VI),14.09
2021,Prefeitura Municipal de Trairi - CE,CE,% da DCL sobre a RCL AJUSTADA,-0.11
2021,Prefeitura Municipal de Trairi - CE,CE,Precatórios (Não incluídos na DC),31725006.51
2021,Prefeitura Municipal de Ubajara - CE,CE,DÍVIDA CONSOLIDADA,1985528.78
2021,Prefeitura Municipal de Ubajara - CE,CE,Disponibilidade de Caixa,25999918.85
2021,Prefeitura Municipal de Ubajara - CE,CE,Disponibilidade de Caixa Bruta,28874849.17
2021,Prefeitura Municipal de Ubajara - CE,CE,RECEITA CORRENTE LÍQUIDA,91819027.12
2021,Prefeitura Municipal de Ubajara - CE,CE,% da DC sobre a RCL AJUSTADA (I/VI),2.16
2021,Prefeitura Municipal de Ubajara - CE,CE,% da DCL sobre a RCL AJUSTADA,-26.16
2021,Prefeitura Municipal de Umari - CE,CE,DÍVIDA CONSOLIDADA,8804593.76
2021,Prefeitura Municipal de Umari - CE,CE,Disponibilidade de Caixa Bruta,1932425.13
2021,Prefeitura Municipal de Umari - CE,CE,RECEITA CORRENTE LÍQUIDA,23321386.26
2021,Prefeitura Municipal de Umari - CE,CE,% da DC sobre a RCL AJUSTADA (I/VI),37.75
2021,Prefeitura Municipal de Umari - CE,CE,% da DCL sobre a RCL AJUSTADA,37.65
2021,Prefeitura Municipal de Tururu - CE,CE,DÍVIDA CONSOLIDADA,15731895.86
2021,Prefeitura Municipal de Tururu - CE,CE,Disponibilidade de Caixa,5639609.19
2021,Prefeitura Municipal de Tururu - CE,CE,Disponibilidade de Caixa Bruta,6965232.63
2021,Prefeitura Municipal de Tururu - CE,CE,RECEITA CORRENTE LÍQUIDA,44037564.05
2021,Prefeitura Municipal de Tururu - CE,CE,% da DC sobre a RCL AJUSTADA (I/VI),35.72
2021,Prefeitura Municipal de Tururu - CE,CE,% da DCL sobre a RCL AJUSTADA,22.92
2021,Prefeitura Municipal de Uruburetama - CE,CE,DÍVIDA CONSOLIDADA,40484792.48
2021,Prefeitura Municipal de Uruburetama - CE,CE,Disponibilidade de Caixa,889674.08
2021,Prefeitura Municipal de Uruburetama - CE,CE,Disponibilidade de Caixa Bruta,4118301.47
2021,Prefeitura Municipal de Uruburetama - CE,CE,RECEITA CORRENTE LÍQUIDA,55743324.79
2021,Prefeitura Municipal de Uruburetama - CE,CE,% da DC sobre a RCL AJUSTADA (I/VI),72.63
2021,Prefeitura Municipal de Uruburetama - CE,CE,% da DCL sobre a RCL AJUSTADA,71.03
2021,Prefeitura Municipal de Umirim - CE,CE,DÍVIDA CONSOLIDADA,14754029.08
2021,Prefeitura Municipal de Umirim - CE,CE,Disponibilidade de Caixa,2564250.38
2021,Prefeitura Municipal de Umirim - CE,CE,Disponibilidade de Caixa Bruta,4964411.13
2021,Prefeitura Municipal de Umirim - CE,CE,RECEITA CORRENTE LÍQUIDA,51414482.91
2021,Prefeitura Municipal de Umirim - CE,CE,% da DC sobre a RCL AJUSTADA (I/VI),28.73
2021,Prefeitura Municipal de Umirim - CE,CE,% da DCL sobre a RCL AJUSTADA,23.73
2021,Prefeitura Municipal de Várzea Alegre - CE,CE,DÍVIDA CONSOLIDADA,24225601.8
2021,Prefeitura Municipal de Várzea Alegre - CE,CE,Disponibilidade de Caixa,16539735.19
2021,Prefeitura Municipal de Várzea Alegre - CE,CE,Disponibilidade de Caixa Bruta,20972018.5
2021,Prefeitura Municipal de Várzea Alegre - CE,CE,RECEITA CORRENTE LÍQUIDA,100220120.12
2021,Prefeitura Municipal de Várzea Alegre - CE,CE,% da DC sobre a RCL AJUSTADA (I/VI),24.17
2021,Prefeitura Municipal de Várzea Alegre - CE,CE,% da DCL sobre a RCL AJUSTADA,7.67
2022,Prefeitura Municipal de Abaiara - CE,CE,DÍVIDA CONSOLIDADA,11874641.9
2022,Prefeitura Municipal de Abaiara - CE,CE,Disponibilidade de Caixa,3903296.88
2022,Prefeitura Municipal de Abaiara - CE,CE,Disponibilidade de Caixa Bruta,4659260.35
2022,Prefeitura Municipal de Abaiara - CE,CE,RECEITA CORRENTE LÍQUIDA,37803453.83
2022,Prefeitura Municipal de Abaiara - CE,CE,% da DC sobre a RCL AJUSTADA (I/VI),31.41
2022,Prefeitura Municipal de Abaiara - CE,CE,% da DCL sobre a RCL AJUSTADA,21.09
2021,Prefeitura Municipal de Viçosa do Ceará - CE,CE,DÍVIDA CONSOLIDADA,1556586.34
2021,Prefeitura Municipal de Viçosa do Ceará - CE,CE,Disponibilidade de Caixa,33773257.35
2021,Prefeitura Municipal de Viçosa do Ceará - CE,CE,Disponibilidade de Caixa Bruta,34829015.82
2021,Prefeitura Municipal de Viçosa do Ceará - CE,CE,RECEITA CORRENTE LÍQUIDA,134935348.76
2021,Prefeitura Municipal de Viçosa do Ceará - CE,CE,% da DC sobre a RCL AJUSTADA (I/VI),1.16
2021,Prefeitura Municipal de Viçosa do Ceará - CE,CE,% da DCL sobre a RCL AJUSTADA,-23.98
2022,Prefeitura Municipal de Acarape - CE,CE,DÍVIDA CONSOLIDADA,24404302.54
2022,Prefeitura Municipal de Acarape - CE,CE,Disponibilidade de Caixa,-59936.04
2022,Prefeitura Municipal de Acarape - CE,CE,Disponibilidade de Caixa Bruta,7052599.39
2022,Prefeitura Municipal de Acarape - CE,CE,RECEITA CORRENTE LÍQUIDA,50739533.18
2022,Prefeitura Municipal de Acarape - CE,CE,% da DC sobre a RCL AJUSTADA (I/VI),48.1
2022,Prefeitura Municipal de Acarape - CE,CE,% da DCL sobre a RCL AJUSTADA,48.22
2022,Prefeitura Municipal de Acaraú - CE,CE,DÍVIDA CONSOLIDADA,106110993.58
2022,Prefeitura Municipal de Acaraú - CE,CE,Disponibilidade de Caixa,12518744.89
2022,Prefeitura Municipal de Acaraú - CE,CE,Disponibilidade de Caixa Bruta,21697380.39
2022,Prefeitura Municipal de Acaraú - CE,CE,RECEITA CORRENTE LÍQUIDA,195355506.14
2022,Prefeitura Municipal de Acaraú - CE,CE,% da DC sobre a RCL AJUSTADA (I/VI),55.38
2022,Prefeitura Municipal de Acaraú - CE,CE,% da DCL sobre a RCL AJUSTADA,48.84
2022,Prefeitura Municipal de Acopiara - CE,CE,DÍVIDA CONSOLIDADA,64595411.06
2022,Prefeitura Municipal de Acopiara - CE,CE,Disponibilidade de Caixa,-9076599.53
2022,Prefeitura Municipal de Acopiara - CE,CE,Disponibilidade de Caixa Bruta,15722904.84
2022,Prefeitura Municipal de Acopiara - CE,CE,RECEITA CORRENTE LÍQUIDA,140340008.16
2022,Prefeitura Municipal de Acopiara - CE,CE,% da DC sobre a RCL AJUSTADA (I/VI),46.26
2022,Prefeitura Municipal de Acopiara - CE,CE,% da DCL sobre a RCL AJUSTADA,52.76
2022,Prefeitura Municipal de Aiuaba - CE,CE,DÍVIDA CONSOLIDADA,15149379.14
2022,Prefeitura Municipal de Aiuaba - CE,CE,Disponibilidade de Caixa,15432577.98
2022,Prefeitura Municipal de Aiuaba - CE,CE,Disponibilidade de Caixa Bruta,15718995.76
2022,Prefeitura Municipal de Aiuaba - CE,CE,RECEITA CORRENTE LÍQUIDA,53864279.21
2022,Prefeitura Municipal de Aiuaba - CE,CE,% da DC sobre a RCL AJUSTADA (I/VI),28.44
2022,Prefeitura Municipal de Aiuaba - CE,CE,% da DCL sobre a RCL AJUSTADA,-0.53
2022,Prefeitura Municipal de Alcântaras - CE,CE,DÍVIDA CONSOLIDADA,5109230.08
2022,Prefeitura Municipal de Alcântaras - CE,CE,Disponibilidade de Caixa,5927524.5
2022,Prefeitura Municipal de Alcântaras - CE,CE,Disponibilidade de Caixa Bruta,7263704.06
2022,Prefeitura Municipal de Alcântaras - CE,CE,RECEITA CORRENTE LÍQUIDA,43362723.11
2022,Prefeitura Municipal de Alcântaras - CE,CE,% da DC sobre a RCL AJUSTADA (I/VI),12.24
2022,Prefeitura Municipal de Alcântaras - CE,CE,% da DCL sobre a RCL AJUSTADA,-1.96
2022,Prefeitura Municipal de Alto Santo - CE,CE,DÍVIDA CONSOLIDADA,9134857.01
2022,Prefeitura Municipal de Alto Santo - CE,CE,Disponibilidade de Caixa,-211848.51
2022,Prefeitura Municipal de Alto Santo - CE,CE,Disponibilidade de Caixa Bruta,7156662.72
2022,Prefeitura Municipal de Alto Santo - CE,CE,RECEITA CORRENTE LÍQUIDA,59564431.47
2022,Prefeitura Municipal de Alto Santo - CE,CE,% da DC sobre a RCL AJUSTADA (I/VI),15.52
2022,Prefeitura Municipal de Alto Santo - CE,CE,% da DCL sobre a RCL AJUSTADA,15.88
2022,Prefeitura Municipal de Altaneira - CE,CE,DÍVIDA CONSOLIDADA,8692533.46
2022,Prefeitura Municipal de Altaneira - CE,CE,Disponibilidade de Caixa,7708909.39
2022,Prefeitura Municipal de Altaneira - CE,CE,Disponibilidade de Caixa Bruta,9951359.31
2022,Prefeitura Municipal de Altaneira - CE,CE,RECEITA CORRENTE LÍQUIDA,35623457.65
2022,Prefeitura Municipal de Altaneira - CE,CE,% da DC sobre a RCL AJUSTADA (I/VI),24.61
2022,Prefeitura Municipal de Altaneira - CE,CE,% da DCL sobre a RCL AJUSTADA,2.78
2022,Prefeitura Municipal de Altaneira - CE,CE,Precatórios (Não incluídos na DC),1380.0
2022,Prefeitura Municipal de Antonina do Norte - CE,CE,DÍVIDA CONSOLIDADA,5840460.88
2022,Prefeitura Municipal de Antonina do Norte - CE,CE,Disponibilidade de Caixa,539900.14
2022,Prefeitura Municipal de Antonina do Norte - CE,CE,Disponibilidade de Caixa Bruta,1477480.77
2022,Prefeitura Municipal de Antonina do Norte - CE,CE,RECEITA CORRENTE LÍQUIDA,32672578.29
2022,Prefeitura Municipal de Antonina do Norte - CE,CE,% da DC sobre a RCL AJUSTADA (I/VI),18.1
2022,Prefeitura Municipal de Antonina do Norte - CE,CE,% da DCL sobre a RCL AJUSTADA,16.4
2022,Prefeitura Municipal de Amontada - CE,CE,DÍVIDA CONSOLIDADA,49651410.63
2022,Prefeitura Municipal de Amontada - CE,CE,Disponibilidade de Caixa,24785070.8
2022,Prefeitura Municipal de Amontada - CE,CE,Disponibilidade de Caixa Bruta,54712268.39
2022,Prefeitura Municipal de Amontada - CE,CE,RECEITA CORRENTE LÍQUIDA,136287966.17
2022,Prefeitura Municipal de Amontada - CE,CE,% da DC sobre a RCL AJUSTADA (I/VI),36.46
2022,Prefeitura Municipal de Amontada - CE,CE,% da DCL sobre a RCL AJUSTADA,18.08
2022,Prefeitura Municipal de Apuiarés - CE,CE,DÍVIDA CONSOLIDADA,9758544.61
2022,Prefeitura Municipal de Apuiarés - CE,CE,Disponibilidade de Caixa,8596541.9
2022,Prefeitura Municipal de Apuiarés - CE,CE,Disponibilidade de Caixa Bruta,9204224.49
2022,Prefeitura Municipal de Apuiarés - CE,CE,RECEITA CORRENTE LÍQUIDA,43824255.92
2022,Prefeitura Municipal de Apuiarés - CE,CE,% da DC sobre a RCL AJUSTADA (I/VI),22.27
2022,Prefeitura Municipal de Apuiarés - CE,CE,% da DCL sobre a RCL AJUSTADA,2.65
2022,Prefeitura Municipal de Aracati - CE,CE,DÍVIDA CONSOLIDADA,53792843.73
2022,Prefeitura Municipal de Aracati - CE,CE,Precatórios (inclusive) Vencidos e Não Pagos,8102.17
2022,Prefeitura Municipal de Aracati - CE,CE,Disponibilidade de Caixa,56863420.16
2022,Prefeitura Municipal de Aracati - CE,CE,Disponibilidade de Caixa Bruta,74759595.64
2022,Prefeitura Municipal de Aracati - CE,CE,RECEITA CORRENTE LÍQUIDA,270865400.29
2022,Prefeitura Municipal de Aracati - CE,CE,% da DC sobre a RCL AJUSTADA (I/VI),20.01
2022,Prefeitura Municipal de Aracati - CE,CE,% da DCL sobre a RCL AJUSTADA,-1.14
2022,Prefeitura Municipal de Aracati - CE,CE,Precatórios (Não incluídos na DC),8832256.82
2022,Prefeitura Municipal de Aquiraz - CE,CE,DÍVIDA CONSOLIDADA,32451614.32
2022,Prefeitura Municipal de Aquiraz - CE,CE,Precatórios (inclusive) Vencidos e Não Pagos,177298.72
2022,Prefeitura Municipal de Aquiraz - CE,CE,Disponibilidade de Caixa,65096550.79
2022,Prefeitura Municipal de Aquiraz - CE,CE,Disponibilidade de Caixa Bruta,72653845.79
2022,Prefeitura Municipal de Aquiraz - CE,CE,RECEITA CORRENTE LÍQUIDA,364620120.04
2022,Prefeitura Municipal de Aquiraz - CE,CE,% da DC sobre a RCL AJUSTADA (I/VI),8.93
2022,Prefeitura Municipal de Aquiraz - CE,CE,% da DCL sobre a RCL AJUSTADA,-8.98
2022,Prefeitura Municipal de Aracoiaba - CE,CE,DÍVIDA CONSOLIDADA,51333812.13
2022,Prefeitura Municipal de Aracoiaba - CE,CE,Disponibilidade de Caixa,4829299.03
2022,Prefeitura Municipal de Aracoiaba - CE,CE,Disponibilidade de Caixa Bruta,11627527.16
2022,Prefeitura Municipal de Aracoiaba - CE,CE,RECEITA CORRENTE LÍQUIDA,98272757.64
2022,Prefeitura Municipal de Aracoiaba - CE,CE,% da DC sobre a RCL AJUSTADA (I/VI),53.53
2022,Prefeitura Municipal de Aracoiaba - CE,CE,% da DCL sobre a RCL AJUSTADA,48.49
2022,Prefeitura Municipal de Aracoiaba - CE,CE,Precatórios (Não incluídos na DC),8773.07
2022,Prefeitura Municipal de Araripe - CE,CE,DÍVIDA CONSOLIDADA,13211432.18
2022,Prefeitura Municipal de Araripe - CE,CE,Precatórios (inclusive) Vencidos e Não Pagos,17988.3
2022,Prefeitura Municipal de Araripe - CE,CE,Disponibilidade de Caixa,44212017.03
2022,Prefeitura Municipal de Araripe - CE,CE,Disponibilidade de Caixa Bruta,49097517.51
2022,Prefeitura Municipal de Araripe - CE,CE,RECEITA CORRENTE LÍQUIDA,72572935.66
2022,Prefeitura Municipal de Araripe - CE,CE,% da DC sobre a RCL AJUSTADA (I/VI),18.2
2022,Prefeitura Municipal de Araripe - CE,CE,% da DCL sobre a RCL AJUSTADA,-42.72
2022,Prefeitura Municipal de Aratuba - CE,CE,DÍVIDA CONSOLIDADA,14345238.25
2022,Prefeitura Municipal de Aratuba - CE,CE,Disponibilidade de Caixa,7306805.97
2022,Prefeitura Municipal de Aratuba - CE,CE,Disponibilidade de Caixa Bruta,7860066.92
2022,Prefeitura Municipal de Aratuba - CE,CE,RECEITA CORRENTE LÍQUIDA,44635811.37
2022,Prefeitura Municipal de Aratuba - CE,CE,% da DC sobre a RCL AJUSTADA (I/VI),32.5
2022,Prefeitura Municipal de Aratuba - CE,CE,% da DCL sobre a RCL AJUSTADA,15.95
2022,Prefeitura Municipal de Assaré - CE,CE,DÍVIDA CONSOLIDADA,11461478.11
2022,Prefeitura Municipal de Assaré - CE,CE,Disponibilidade de Caixa,11549482.43
2022,Prefeitura Municipal de Assaré - CE,CE,Disponibilidade de Caixa Bruta,12408784.33
2022,Prefeitura Municipal de Assaré - CE,CE,RECEITA CORRENTE LÍQUIDA,69328679.25
2022,Prefeitura Municipal de Assaré - CE,CE,% da DC sobre a RCL AJUSTADA (I/VI),17.15
2022,Prefeitura Municipal de Assaré - CE,CE,% da DCL sobre a RCL AJUSTADA,-0.13
2022,Prefeitura Municipal de Aurora - CE,CE,DÍVIDA CONSOLIDADA,24572286.62
2022,Prefeitura Municipal de Aurora - CE,CE,Disponibilidade de Caixa,4718442.32
2022,Prefeitura Municipal de Aurora - CE,CE,Disponibilidade de Caixa Bruta,7196099.7
2022,Prefeitura Municipal de Aurora - CE,CE,RECEITA CORRENTE LÍQUIDA,65939227.1
2022,Prefeitura Municipal de Aurora - CE,CE,% da DC sobre a RCL AJUSTADA (I/VI),37.97
2022,Prefeitura Municipal de Aurora - CE,CE,% da DCL sobre a RCL AJUSTADA,30.68
2022,Prefeitura Municipal de Banabuiú - CE,CE,DÍVIDA CONSOLIDADA,27301888.64
2022,Prefeitura Municipal de Banabuiú - CE,CE,Disponibilidade de Caixa,6508113.99
2022,Prefeitura Municipal de Banabuiú - CE,CE,Disponibilidade de Caixa Bruta,8012757.49
2022,Prefeitura Municipal de Banabuiú - CE,CE,RECEITA CORRENTE LÍQUIDA,63460138.39
2022,Prefeitura Municipal de Banabuiú - CE,CE,% da DC sobre a RCL AJUSTADA (I/VI),43.02
2022,Prefeitura Municipal de Banabuiú - CE,CE,% da DCL sobre a RCL AJUSTADA,32.77
2022,Prefeitura Municipal de Baixio - CE,CE,DÍVIDA CONSOLIDADA,6834193.94
2022,Prefeitura Municipal de Baixio - CE,CE,Disponibilidade de Caixa,2583824.2
2022,Prefeitura Municipal de Baixio - CE,CE,Disponibilidade de Caixa Bruta,3763668.26
2022,Prefeitura Municipal de Baixio - CE,CE,RECEITA CORRENTE LÍQUIDA,27955000.6
2022,Prefeitura Municipal de Baixio - CE,CE,% da DC sobre a RCL AJUSTADA (I/VI),24.73
2022,Prefeitura Municipal de Baixio - CE,CE,% da DCL sobre a RCL AJUSTADA,15.38
2022,Prefeitura Municipal de Barbalha - CE,CE,DÍVIDA CONSOLIDADA,23289710.54
2022,Prefeitura Municipal de Barbalha - CE,CE,Disponibilidade de Caixa,51127712.67
2022,Prefeitura Municipal de Barbalha - CE,CE,Disponibilidade de Caixa Bruta,58176394.6
2022,Prefeitura Municipal de Barbalha - CE,CE,RECEITA CORRENTE LÍQUIDA,324244670.47
2022,Prefeitura Municipal de Barbalha - CE,CE,% da DC sobre a RCL AJUSTADA (I/VI),7.39
2022,Prefeitura Municipal de Barbalha - CE,CE,% da DCL sobre a RCL AJUSTADA,-8.92
2022,Prefeitura Municipal de Barreira - CE,CE,DÍVIDA CONSOLIDADA,13971021.08
2022,Prefeitura Municipal de Barreira - CE,CE,Disponibilidade de Caixa,11727104.03
2022,Prefeitura Municipal de Barreira - CE,CE,Disponibilidade de Caixa Bruta,14060942.7
2022,Prefeitura Municipal de Barreira - CE,CE,RECEITA CORRENTE LÍQUIDA,69461004.75
2022,Prefeitura Municipal de Barreira - CE,CE,% da DC sobre a RCL AJUSTADA (I/VI),20.22
2022,Prefeitura Municipal de Barreira - CE,CE,% da DCL sobre a RCL AJUSTADA,3.25
2022,Prefeitura Municipal de Barroquinha - CE,CE,DÍVIDA CONSOLIDADA,4755353.78
2022,Prefeitura Municipal de Barroquinha - CE,CE,Disponibilidade de Caixa,11355036.72
2022,Prefeitura Municipal de Barroquinha - CE,CE,Disponibilidade de Caixa Bruta,12499347.06
2022,Prefeitura Municipal de Barroquinha - CE,CE,RECEITA CORRENTE LÍQUIDA,55823435.6
2022,Prefeitura Municipal de Barroquinha - CE,CE,% da DC sobre a RCL AJUSTADA (I/VI),8.56
2022,Prefeitura Municipal de Barroquinha - CE,CE,% da DCL sobre a RCL AJUSTADA,-11.88
2022,Prefeitura Municipal de Barro - CE,CE,DÍVIDA CONSOLIDADA,15100083.36
2022,Prefeitura Municipal de Barro - CE,CE,Disponibilidade de Caixa,-2057162.42
2022,Prefeitura Municipal de Barro - CE,CE,Disponibilidade de Caixa Bruta,5823600.01
2022,Prefeitura Municipal de Barro - CE,CE,RECEITA CORRENTE LÍQUIDA,56035463.05
2022,Prefeitura Municipal de Barro - CE,CE,% da DC sobre a RCL AJUSTADA (I/VI),27.09
2022,Prefeitura Municipal de Barro - CE,CE,% da DCL sobre a RCL AJUSTADA,30.78
2022,Prefeitura Municipal de Barro - CE,CE,Precatórios (Não incluídos na DC),3908.86
2022,Prefeitura Municipal de Beberibe - CE,CE,DÍVIDA CONSOLIDADA,19281759.99
2022,Prefeitura Municipal de Beberibe - CE,CE,Disponibilidade de Caixa,27114638.1
2022,Prefeitura Municipal de Beberibe - CE,CE,Disponibilidade de Caixa Bruta,34144984.42
2022,Prefeitura Municipal de Beberibe - CE,CE,RECEITA CORRENTE LÍQUIDA,166001774.16
2022,Prefeitura Municipal de Beberibe - CE,CE,% da DC sobre a RCL AJUSTADA (I/VI),11.72
2022,Prefeitura Municipal de Beberibe - CE,CE,% da DCL sobre a RCL AJUSTADA,-4.76
2022,Prefeitura Municipal de Beberibe - CE,CE,Precatórios (Não incluídos na DC),4498617.57
2022,Prefeitura Municipal de Bela Cruz - CE,CE,DÍVIDA CONSOLIDADA,19132789.57
2022,Prefeitura Municipal de Bela Cruz - CE,CE,Disponibilidade de Caixa,-7286648.84
2022,Prefeitura Municipal de Bela Cruz - CE,CE,Disponibilidade de Caixa Bruta,3190187.35
2022,Prefeitura Municipal de Bela Cruz - CE,CE,RECEITA CORRENTE LÍQUIDA,78130327.56
2022,Prefeitura Municipal de Bela Cruz - CE,CE,% da DC sobre a RCL AJUSTADA (I/VI),24.78
2022,Prefeitura Municipal de Bela Cruz - CE,CE,% da DCL sobre a RCL AJUSTADA,34.22
2022,Prefeitura Municipal de Bela Cruz - CE,CE,Precatórios (Não incluídos na DC),6568.6
2022,Prefeitura Municipal de Camocim - CE,CE,DÍVIDA CONSOLIDADA,54938361.93
2022,Prefeitura Municipal de Camocim - CE,CE,Disponibilidade de Caixa,14234465.09
2022,Prefeitura Municipal de Camocim - CE,CE,Disponibilidade de Caixa Bruta,21911902.15
2022,Prefeitura Municipal de Camocim - CE,CE,RECEITA CORRENTE LÍQUIDA,182413697.99
2022,Prefeitura Municipal de Camocim - CE,CE,% da DC sobre a RCL AJUSTADA (I/VI),31.11
2022,Prefeitura Municipal de Camocim - CE,CE,% da DCL sobre a RCL AJUSTADA,23.04
2022,Prefeitura Municipal de Boa Viagem - CE,CE,DÍVIDA CONSOLIDADA,26674872.43
2022,Prefeitura Municipal de Boa Viagem - CE,CE,Disponibilidade de Caixa,12393755.26
2022,Prefeitura Municipal de Boa Viagem - CE,CE,Disponibilidade de Caixa Bruta,17660893.53
2022,Prefeitura Municipal de Boa Viagem - CE,CE,RECEITA CORRENTE LÍQUIDA,138788175.61
2022,Prefeitura Municipal de Boa Viagem - CE,CE,% da DC sobre a RCL AJUSTADA (I/VI),19.27
2022,Prefeitura Municipal de Boa Viagem - CE,CE,% da DCL sobre a RCL AJUSTADA,10.32
2022,Prefeitura Municipal de Boa Viagem - CE,CE,Precatórios (Não incluídos na DC),107256.42
2022,Prefeitura Municipal de Brejo Santo - CE,CE,DÍVIDA CONSOLIDADA,1490633.69
2022,Prefeitura Municipal de Brejo Santo - CE,CE,Disponibilidade de Caixa,43773881.27
2022,Prefeitura Municipal de Brejo Santo - CE,CE,Disponibilidade de Caixa Bruta,47726930.68
2022,Prefeitura Municipal de Brejo Santo - CE,CE,RECEITA CORRENTE LÍQUIDA,192202975.12
2022,Prefeitura Municipal de Brejo Santo - CE,CE,% da DC sobre a RCL AJUSTADA (I/VI),0.78
2022,Prefeitura Municipal de Brejo Santo - CE,CE,% da DCL sobre a RCL AJUSTADA,-22.0
2022,Prefeitura Municipal de Campos Sales - CE,CE,DÍVIDA CONSOLIDADA,53077003.27
2022,Prefeitura Municipal de Campos Sales - CE,CE,Disponibilidade de Caixa,4337462.2
2022,Prefeitura Municipal de Campos Sales - CE,CE,Disponibilidade de Caixa Bruta,4337462.2
2022,Prefeitura Municipal de Campos Sales - CE,CE,RECEITA CORRENTE LÍQUIDA,88701962.82
2022,Prefeitura Municipal de Campos Sales - CE,CE,% da DC sobre a RCL AJUSTADA (I/VI),61.72
2022,Prefeitura Municipal de Campos Sales - CE,CE,% da DCL sobre a RCL AJUSTADA,56.67
2022,Prefeitura Municipal de Canindé - CE,CE,DÍVIDA CONSOLIDADA,105422297.36
2022,Prefeitura Municipal de Canindé - CE,CE,Precatórios (inclusive) Vencidos e Não Pagos,394738.5
2022,Prefeitura Municipal de Canindé - CE,CE,Disponibilidade de Caixa,7567839.41
2022,Prefeitura Municipal de Canindé - CE,CE,Disponibilidade de Caixa Bruta,23226086.24
2022,Prefeitura Municipal de Canindé - CE,CE,RECEITA CORRENTE LÍQUIDA,249471368.71
2022,Prefeitura Municipal de Canindé - CE,CE,% da DC sobre a RCL AJUSTADA (I/VI),42.4
2022,Prefeitura Municipal de Canindé - CE,CE,% da DCL sobre a RCL AJUSTADA,39.36
2022,Prefeitura Municipal de Canindé - CE,CE,Precatórios (Não incluídos na DC),121478.72
2022,Prefeitura Municipal de Capistrano - CE,CE,DÍVIDA CONSOLIDADA,25173585.15
2022,Prefeitura Municipal de Capistrano - CE,CE,Disponibilidade de Caixa,-1790443.97
2022,Prefeitura Municipal de Capistrano - CE,CE,Disponibilidade de Caixa Bruta,4820614.87
2022,Prefeitura Municipal de Capistrano - CE,CE,RECEITA CORRENTE LÍQUIDA,58513904.0
2022,Prefeitura Municipal de Capistrano - CE,CE,% da DC sobre a RCL AJUSTADA (I/VI),43.49
2022,Prefeitura Municipal de Capistrano - CE,CE,% da DCL sobre a RCL AJUSTADA,46.58
2022,Prefeitura Municipal de Caridade - CE,CE,DÍVIDA CONSOLIDADA,69894205.11
2022,Prefeitura Municipal de Caridade - CE,CE,Disponibilidade de Caixa,8924586.73
2022,Prefeitura Municipal de Caridade - CE,CE,Disponibilidade de Caixa Bruta,17016965.2
2022,Prefeitura Municipal de Caridade - CE,CE,RECEITA CORRENTE LÍQUIDA,62552013.13
2022,Prefeitura Municipal de Caridade - CE,CE,% da DC sobre a RCL AJUSTADA (I/VI),111.74
2022,Prefeitura Municipal de Caridade - CE,CE,% da DCL sobre a RCL AJUSTADA,97.47
2022,Prefeitura Municipal de Caririaçu - CE,CE,DÍVIDA CONSOLIDADA,20437962.94
2022,Prefeitura Municipal de Caririaçu - CE,CE,Disponibilidade de Caixa,10901806.09
2022,Prefeitura Municipal de Caririaçu - CE,CE,Disponibilidade de Caixa Bruta,13781536.75
2022,Prefeitura Municipal de Caririaçu - CE,CE,RECEITA CORRENTE LÍQUIDA,84424127.62
2022,Prefeitura Municipal de Caririaçu - CE,CE,% da DC sobre a RCL AJUSTADA (I/VI),24.31
2022,Prefeitura Municipal de Caririaçu - CE,CE,% da DCL sobre a RCL AJUSTADA,11.34
2022,Prefeitura Municipal de Carnaubal - CE,CE,DÍVIDA CONSOLIDADA,9737390.23
2022,Prefeitura Municipal de Carnaubal - CE,CE,Disponibilidade de Caixa,7296263.32
2022,Prefeitura Municipal de Carnaubal - CE,CE,Disponibilidade de Caixa Bruta,9041500.44
2022,Prefeitura Municipal de Carnaubal - CE,CE,RECEITA CORRENTE LÍQUIDA,61341636.75
2022,Prefeitura Municipal de Carnaubal - CE,CE,% da DC sobre a RCL AJUSTADA (I/VI),15.98
2022,Prefeitura Municipal de Carnaubal - CE,CE,% da DCL sobre a RCL AJUSTADA,4.0
2022,Prefeitura Municipal de Carnaubal - CE,CE,Precatórios (Não incluídos na DC),31669.51
2022,Prefeitura Municipal de Cascavel - CE,CE,DÍVIDA CONSOLIDADA,55916399.22
2022,Prefeitura Municipal de Cascavel - CE,CE,Disponibilidade de Caixa,19052335.92
2022,Prefeitura Municipal de Cascavel - CE,CE,Disponibilidade de Caixa Bruta,30161500.37
2022,Prefeitura Municipal de Cascavel - CE,CE,RECEITA CORRENTE LÍQUIDA,229396858.63
2022,Prefeitura Municipal de Cascavel - CE,CE,% da DC sobre a RCL AJUSTADA (I/VI),24.54
2022,Prefeitura Municipal de Cascavel - CE,CE,% da DCL sobre a RCL AJUSTADA,16.18
2022,Prefeitura Municipal de Cascavel - CE,CE,Precatórios (Não incluídos na DC),627166.26
2022,Prefeitura Municipal de Catarina - CE,CE,DÍVIDA CONSOLIDADA,13116917.14
2022,Prefeitura Municipal de Catarina - CE,CE,Disponibilidade de Caixa,7239116.4
2022,Prefeitura Municipal de Catarina - CE,CE,Disponibilidade de Caixa Bruta,9381772.43
2022,Prefeitura Municipal de Catarina - CE,CE,RECEITA CORRENTE LÍQUIDA,46177114.34
2022,Prefeitura Municipal de Catarina - CE,CE,% da DC sobre a RCL AJUSTADA (I/VI),29.02
2022,Prefeitura Municipal de Catarina - CE,CE,% da DCL sobre a RCL AJUSTADA,13.0
2022,Prefeitura Municipal de Catunda - CE,CE,DÍVIDA CONSOLIDADA,4543246.38
2022,Prefeitura Municipal de Catunda - CE,CE,Disponibilidade de Caixa,-625767.31
2022,Prefeitura Municipal de Catunda - CE,CE,Disponibilidade de Caixa Bruta,4919029.74
2022,Prefeitura Municipal de Catunda - CE,CE,RECEITA CORRENTE LÍQUIDA,51032677.8
2022,Prefeitura Municipal de Catunda - CE,CE,% da DC sobre a RCL AJUSTADA (I/VI),9.19
2022,Prefeitura Municipal de Catunda - CE,CE,% da DCL sobre a RCL AJUSTADA,10.45
2022,Prefeitura Municipal de Caucaia - CE,CE,DÍVIDA CONSOLIDADA,350379403.02
2022,Prefeitura Municipal de Caucaia - CE,CE,Disponibilidade de Caixa,169117842.02
2022,Prefeitura Municipal de Caucaia - CE,CE,Disponibilidade de Caixa Bruta,203579028.69
2022,Prefeitura Municipal de Caucaia - CE,CE,RECEITA CORRENTE LÍQUIDA,958191384.3
2022,Prefeitura Municipal de Caucaia - CE,CE,% da DC sobre a RCL AJUSTADA (I/VI),36.96
2022,Prefeitura Municipal de Caucaia - CE,CE,% da DCL sobre a RCL AJUSTADA,19.12
2022,Prefeitura Municipal de Cedro - CE,CE,DÍVIDA CONSOLIDADA,21059080.74
2022,Prefeitura Municipal de Cedro - CE,CE,Precatórios (inclusive) Vencidos e Não Pagos,57983.8
2022,Prefeitura Municipal de Cedro - CE,CE,Disponibilidade de Caixa,26074351.53
2022,Prefeitura Municipal de Cedro - CE,CE,Disponibilidade de Caixa Bruta,29630586.57
2022,Prefeitura Municipal de Cedro - CE,CE,RECEITA CORRENTE LÍQUIDA,74140209.32
2022,Prefeitura Municipal de Cedro - CE,CE,% da DC sobre a RCL AJUSTADA (I/VI),29.6
2022,Prefeitura Municipal de Cedro - CE,CE,% da DCL sobre a RCL AJUSTADA,-7.05
2022,Prefeitura Municipal de Cedro - CE,CE,Precatórios (Não incluídos na DC),104179.42
2022,Prefeitura Municipal de Chaval - CE,CE,DÍVIDA CONSOLIDADA,2371.97
2022,Prefeitura Municipal de Chaval - CE,CE,Disponibilidade de Caixa,3897622.47
2022,Prefeitura Municipal de Chaval - CE,CE,Disponibilidade de Caixa Bruta,5212084.03
2022,Prefeitura Municipal de Chaval - CE,CE,RECEITA CORRENTE LÍQUIDA,43416632.57
2022,Prefeitura Municipal de Chaval - CE,CE,% da DC sobre a RCL AJUSTADA (I/VI),0.01
2022,Prefeitura Municipal de Chaval - CE,CE,% da DCL sobre a RCL AJUSTADA,-8.97
2022,Prefeitura Municipal de Chaval - CE,CE,Precatórios (Não incluídos na DC),1636.42
2022,Prefeitura Municipal de Choró - CE,CE,DÍVIDA CONSOLIDADA,31706510.98
2022,Prefeitura Municipal de Choró - CE,CE,Disponibilidade de Caixa,-398302.75
2022,Prefeitura Municipal de Choró - CE,CE,Disponibilidade de Caixa Bruta,2778947.7
2022,Prefeitura Municipal de Choró - CE,CE,RECEITA CORRENTE LÍQUIDA,46049029.78
2022,Prefeitura Municipal de Choró - CE,CE,% da DC sobre a RCL AJUSTADA (I/VI),69.15
2022,Prefeitura Municipal de Choró - CE,CE,% da DCL sobre a RCL AJUSTADA,70.02
2022,Prefeitura Municipal de Chorozinho - CE,CE,DÍVIDA CONSOLIDADA,12048974.39
2022,Prefeitura Municipal de Chorozinho - CE,CE,Disponibilidade de Caixa,17464829.25
2022,Prefeitura Municipal de Chorozinho - CE,CE,Disponibilidade de Caixa Bruta,18636190.0
2022,Prefeitura Municipal de Chorozinho - CE,CE,RECEITA CORRENTE LÍQUIDA,74880728.32
2022,Prefeitura Municipal de Chorozinho - CE,CE,% da DC sobre a RCL AJUSTADA (I/VI),16.53
2022,Prefeitura Municipal de Chorozinho - CE,CE,% da DCL sobre a RCL AJUSTADA,-7.43
2022,Prefeitura Municipal de Crateús - CE,CE,DÍVIDA CONSOLIDADA,20723591.87
2022,Prefeitura Municipal de Crateús - CE,CE,Disponibilidade de Caixa,63013910.43
2022,Prefeitura Municipal de Crateús - CE,CE,Disponibilidade de Caixa Bruta,72174760.72
2022,Prefeitura Municipal de Crateús - CE,CE,RECEITA CORRENTE LÍQUIDA,245032814.02
2022,Prefeitura Municipal de Crateús - CE,CE,% da DC sobre a RCL AJUSTADA (I/VI),8.46
2022,Prefeitura Municipal de Crateús - CE,CE,% da DCL sobre a RCL AJUSTADA,-17.26
2022,Prefeitura Municipal de Crato - CE,CE,DÍVIDA CONSOLIDADA,30002461.41
2022,Prefeitura Municipal de Crato - CE,CE,Disponibilidade de Caixa,76236489.54
2022,Prefeitura Municipal de Crato - CE,CE,Disponibilidade de Caixa Bruta,78852354.34
2022,Prefeitura Municipal de Crato - CE,CE,RECEITA CORRENTE LÍQUIDA,393809529.61
2022,Prefeitura Municipal de Crato - CE,CE,% da DC sobre a RCL AJUSTADA (I/VI),7.68
2022,Prefeitura Municipal de Crato - CE,CE,% da DCL sobre a RCL AJUSTADA,-11.83
2022,Prefeitura Municipal de Cruz - CE,CE,DÍVIDA CONSOLIDADA,11739790.18
2022,Prefeitura Municipal de Cruz - CE,CE,Precatórios (inclusive) Vencidos e Não Pagos,0.0
2022,Prefeitura Municipal de Cruz - CE,CE,Disponibilidade de Caixa,26360818.96
2022,Prefeitura Municipal de Cruz - CE,CE,Disponibilidade de Caixa Bruta,28641875.43
2022,Prefeitura Municipal de Cruz - CE,CE,RECEITA CORRENTE LÍQUIDA,101702816.34
2022,Prefeitura Municipal de Cruz - CE,CE,% da DC sobre a RCL AJUSTADA (I/VI),11.77
2022,Prefeitura Municipal de Cruz - CE,CE,% da DCL sobre a RCL AJUSTADA,-14.68
2022,Prefeitura Municipal de Croatá - CE,CE,Disponibilidade de Caixa,11004497.95
2022,Prefeitura Municipal de Croatá - CE,CE,Disponibilidade de Caixa Bruta,11004497.95
2022,Prefeitura Municipal de Croatá - CE,CE,RECEITA CORRENTE LÍQUIDA,78059818.54
2022,Prefeitura Municipal de Croatá - CE,CE,% da DCL sobre a RCL AJUSTADA,-14.1
2022,Prefeitura Municipal de Deputado Irapuan Pinheiro - CE,CE,DÍVIDA CONSOLIDADA,10242346.93
2022,Prefeitura Municipal de Deputado Irapuan Pinheiro - CE,CE,Disponibilidade de Caixa,6518656.77
2022,Prefeitura Municipal de Deputado Irapuan Pinheiro - CE,CE,Disponibilidade de Caixa Bruta,7210651.91
2022,Prefeitura Municipal de Deputado Irapuan Pinheiro - CE,CE,RECEITA CORRENTE LÍQUIDA,33990071.69
2022,Prefeitura Municipal de Deputado Irapuan Pinheiro - CE,CE,% da DC sobre a RCL AJUSTADA (I/VI),31.43
2022,Prefeitura Municipal de Deputado Irapuan Pinheiro - CE,CE,% da DCL sobre a RCL AJUSTADA,11.43
2022,Prefeitura Municipal de Eusébio - CE,CE,DÍVIDA CONSOLIDADA,18891359.6
2022,Prefeitura Municipal de Eusébio - CE,CE,Disponibilidade de Caixa,255841513.34
2022,Prefeitura Municipal de Eusébio - CE,CE,Disponibilidade de Caixa Bruta,273579316.33
2022,Prefeitura Municipal de Eusébio - CE,CE,RECEITA CORRENTE LÍQUIDA,420348412.28
2022,Prefeitura Municipal de Eusébio - CE,CE,% da DC sobre a RCL AJUSTADA (I/VI),4.49
2022,Prefeitura Municipal de Eusébio - CE,CE,% da DCL sobre a RCL AJUSTADA,-56.37
2022,Prefeitura Municipal de Ererê - CE,CE,DÍVIDA CONSOLIDADA,10633334.24
2022,Prefeitura Municipal de Ererê - CE,CE,Disponibilidade de Caixa,614002.3
2022,Prefeitura Municipal de Ererê - CE,CE,Disponibilidade de Caixa Bruta,6762015.69
2022,Prefeitura Municipal de Ererê - CE,CE,RECEITA CORRENTE LÍQUIDA,29112594.75
2022,Prefeitura Municipal de Ererê - CE,CE,% da DC sobre a RCL AJUSTADA (I/VI),37.83
2022,Prefeitura Municipal de Ererê - CE,CE,% da DCL sobre a RCL AJUSTADA,35.63
2022,Prefeitura Municipal de Farias Brito - CE,CE,DÍVIDA CONSOLIDADA,136695.93
2022,Prefeitura Municipal de Farias Brito - CE,CE,Disponibilidade de Caixa,14386015.21
2022,Prefeitura Municipal de Farias Brito - CE,CE,Disponibilidade de Caixa Bruta,15224138.49
2022,Prefeitura Municipal de Farias Brito - CE,CE,RECEITA CORRENTE LÍQUIDA,70489888.19
2022,Prefeitura Municipal de Farias Brito - CE,CE,% da DC sobre a RCL AJUSTADA (I/VI),0.19
2022,Prefeitura Municipal de Farias Brito - CE,CE,% da DCL sobre a RCL AJUSTADA,-20.21
2022,Prefeitura Municipal de Forquilha - CE,CE,DÍVIDA CONSOLIDADA,25855509.52
2022,Prefeitura Municipal de Forquilha - CE,CE,Disponibilidade de Caixa,6713692.11
2022,Prefeitura Municipal de Forquilha - CE,CE,Disponibilidade de Caixa Bruta,8871508.93
2022,Prefeitura Municipal de Forquilha - CE,CE,RECEITA CORRENTE LÍQUIDA,73715486.25
2022,Prefeitura Municipal de Forquilha - CE,CE,% da DC sobre a RCL AJUSTADA (I/VI),35.63
2022,Prefeitura Municipal de Forquilha - CE,CE,% da DCL sobre a RCL AJUSTADA,26.38
2022,Prefeitura Municipal de Forquilha - CE,CE,Precatórios (Não incluídos na DC),151570.58
2022,Prefeitura Municipal de Frecheirinha - CE,CE,DÍVIDA CONSOLIDADA,7502678.06
2022,Prefeitura Municipal de Frecheirinha - CE,CE,Disponibilidade de Caixa,7596234.18
2022,Prefeitura Municipal de Frecheirinha - CE,CE,Disponibilidade de Caixa Bruta,8878898.64
2022,Prefeitura Municipal de Frecheirinha - CE,CE,RECEITA CORRENTE LÍQUIDA,62874896.35
2022,Prefeitura Municipal de Frecheirinha - CE,CE,% da DC sobre a RCL AJUSTADA (I/VI),12.16
2022,Prefeitura Municipal de Frecheirinha - CE,CE,% da DCL sobre a RCL AJUSTADA,-0.15
2022,Prefeitura Municipal de Fortim - CE,CE,DÍVIDA CONSOLIDADA,8898471.06
2022,Prefeitura Municipal de Fortim - CE,CE,Disponibilidade de Caixa,6480538.6
2022,Prefeitura Municipal de Fortim - CE,CE,Disponibilidade de Caixa Bruta,6734979.66
2022,Prefeitura Municipal de Fortim - CE,CE,RECEITA CORRENTE LÍQUIDA,60493856.27
2022,Prefeitura Municipal de Fortim - CE,CE,% da DC sobre a RCL AJUSTADA (I/VI),15.13
2022,Prefeitura Municipal de Fortim - CE,CE,% da DCL sobre a RCL AJUSTADA,4.11
2022,Prefeitura Municipal de Fortim - CE,CE,Precatórios (Não incluídos na DC),4309.56
2022,Prefeitura Municipal de Fortaleza - CE,CE,DÍVIDA CONSOLIDADA,2689147210.7
2022,Prefeitura Municipal de Fortaleza - CE,CE,Precatórios (inclusive) Vencidos e Não Pagos,90002049.82
2022,Prefeitura Municipal de Fortaleza - CE,CE,Disponibilidade de Caixa,1229333227.71
2022,Prefeitura Municipal de Fortaleza - CE,CE,Disponibilidade de Caixa Bruta,1461471023.69
2022,Prefeitura Municipal de Fortaleza - CE,CE,RECEITA CORRENTE LÍQUIDA,8190532853.94
2022,Prefeitura Municipal de Fortaleza - CE,CE,% da DC sobre a RCL AJUSTADA (I/VI),32.85
2022,Prefeitura Municipal de Fortaleza - CE,CE,% da DCL sobre a RCL AJUSTADA,17.11
2022,Prefeitura Municipal de General Sampaio - CE,CE,DÍVIDA CONSOLIDADA,5047393.49
2022,Prefeitura Municipal de General Sampaio - CE,CE,Disponibilidade de Caixa,-714233.21
2022,Prefeitura Municipal de General Sampaio - CE,CE,Disponibilidade de Caixa Bruta,2164087.08
2022,Prefeitura Municipal de General Sampaio - CE,CE,RECEITA CORRENTE LÍQUIDA,35209474.21
2022,Prefeitura Municipal de General Sampaio - CE,CE,% da DC sobre a RCL AJUSTADA (I/VI),14.48
2022,Prefeitura Municipal de General Sampaio - CE,CE,% da DCL sobre a RCL AJUSTADA,16.53
2022,Prefeitura Municipal de Groaíras - CE,CE,DÍVIDA CONSOLIDADA,1651990.54
2022,Prefeitura Municipal de Groaíras - CE,CE,Disponibilidade de Caixa,8874996.4
2022,Prefeitura Municipal de Groaíras - CE,CE,Disponibilidade de Caixa Bruta,9970239.73
2022,Prefeitura Municipal de Groaíras - CE,CE,RECEITA CORRENTE LÍQUIDA,44489029.74
2022,Prefeitura Municipal de Groaíras - CE,CE,% da DC sobre a RCL AJUSTADA (I/VI),3.82
2022,Prefeitura Municipal de Groaíras - CE,CE,% da DCL sobre a RCL AJUSTADA,-16.69
2022,Prefeitura Municipal de Graça - CE,CE,DÍVIDA CONSOLIDADA,1538414.91
2022,Prefeitura Municipal de Graça - CE,CE,Disponibilidade de Caixa,9735602.24
2022,Prefeitura Municipal de Graça - CE,CE,Disponibilidade de Caixa Bruta,13085673.01
2022,Prefeitura Municipal de Graça - CE,CE,RECEITA CORRENTE LÍQUIDA,62289546.95
2022,Prefeitura Municipal de Graça - CE,CE,% da DC sobre a RCL AJUSTADA (I/VI),2.5
2022,Prefeitura Municipal de Graça - CE,CE,% da DCL sobre a RCL AJUSTADA,-13.31
2022,Prefeitura Municipal de Granja - CE,CE,DÍVIDA CONSOLIDADA,25816888.31
2022,Prefeitura Municipal de Granja - CE,CE,Disponibilidade de Caixa,20677552.5
2022,Prefeitura Municipal de Granja - CE,CE,Disponibilidade de Caixa Bruta,25373819.62
2022,Prefeitura Municipal de Granja - CE,CE,RECEITA CORRENTE LÍQUIDA,166789036.4
2022,Prefeitura Municipal de Granja - CE,CE,% da DC sobre a RCL AJUSTADA (I/VI),16.12
2022,Prefeitura Municipal de Granja - CE,CE,% da DCL sobre a RCL AJUSTADA,3.21
2022,Prefeitura Municipal de Granjeiro - CE,CE,DÍVIDA CONSOLIDADA,9690225.48
2022,Prefeitura Municipal de Granjeiro - CE,CE,Disponibilidade de Caixa,4190747.91
2022,Prefeitura Municipal de Granjeiro - CE,CE,Disponibilidade de Caixa Bruta,4878091.32
2022,Prefeitura Municipal de Granjeiro - CE,CE,RECEITA CORRENTE LÍQUIDA,27265237.23
2022,Prefeitura Municipal de Granjeiro - CE,CE,% da DC sobre a RCL AJUSTADA (I/VI),37.09
2022,Prefeitura Municipal de Granjeiro - CE,CE,% da DCL sobre a RCL AJUSTADA,21.05
2022,Prefeitura Municipal de Guaiúba - CE,CE,DÍVIDA CONSOLIDADA,12798867.44
2022,Prefeitura Municipal de Guaiúba - CE,CE,Disponibilidade de Caixa,10743624.42
2022,Prefeitura Municipal de Guaiúba - CE,CE,Disponibilidade de Caixa Bruta,12951056.29
2022,Prefeitura Municipal de Guaiúba - CE,CE,RECEITA CORRENTE LÍQUIDA,78851378.46
2022,Prefeitura Municipal de Guaiúba - CE,CE,% da DC sobre a RCL AJUSTADA (I/VI),16.25
2022,Prefeitura Municipal de Guaiúba - CE,CE,% da DCL sobre a RCL AJUSTADA,2.52
2022,Prefeitura Municipal de Guaiúba - CE,CE,Precatórios (Não incluídos na DC),40784.6
2022,Prefeitura Municipal de Guaraciaba do Norte - CE,CE,DÍVIDA CONSOLIDADA,33134165.06
2022,Prefeitura Municipal de Guaraciaba do Norte - CE,CE,Disponibilidade de Caixa,42586695.38
2022,Prefeitura Municipal de Guaraciaba do Norte - CE,CE,Disponibilidade de Caixa Bruta,45775279.07
2022,Prefeitura Municipal de Guaraciaba do Norte - CE,CE,RECEITA CORRENTE LÍQUIDA,130891007.1
2022,Prefeitura Municipal de Guaraciaba do Norte - CE,CE,% da DC sobre a RCL AJUSTADA (I/VI),25.39
2022,Prefeitura Municipal de Guaraciaba do Norte - CE,CE,% da DCL sobre a RCL AJUSTADA,-7.24
2022,Prefeitura Municipal de Guaraciaba do Norte - CE,CE,Precatórios (Não incluídos na DC),13124.62
2022,Prefeitura Municipal de Guaramiranga - CE,CE,DÍVIDA CONSOLIDADA,14509589.79
2022,Prefeitura Municipal de Guaramiranga - CE,CE,Precatórios (inclusive) Vencidos e Não Pagos,29285.87
2022,Prefeitura Municipal de Guaramiranga - CE,CE,Disponibilidade de Caixa,3304825.17
2022,Prefeitura Municipal de Guaramiranga - CE,CE,Disponibilidade de Caixa Bruta,4475710.8
2022,Prefeitura Municipal de Guaramiranga - CE,CE,RECEITA CORRENTE LÍQUIDA,31768101.44
2022,Prefeitura Municipal de Guaramiranga - CE,CE,% da DC sobre a RCL AJUSTADA (I/VI),45.67
2022,Prefeitura Municipal de Guaramiranga - CE,CE,% da DCL sobre a RCL AJUSTADA,35.27
2022,Prefeitura Municipal de Hidrolândia - CE,CE,DÍVIDA CONSOLIDADA,6542256.02
2022,Prefeitura Municipal de Hidrolândia - CE,CE,Disponibilidade de Caixa,10673393.79
2022,Prefeitura Municipal de Hidrolândia - CE,CE,Disponibilidade de Caixa Bruta,11959703.69
2022,Prefeitura Municipal de Hidrolândia - CE,CE,RECEITA CORRENTE LÍQUIDA,59201470.15
2022,Prefeitura Municipal de Hidrolândia - CE,CE,% da DC sobre a RCL AJUSTADA (I/VI),11.32
2022,Prefeitura Municipal de Hidrolândia - CE,CE,% da DCL sobre a RCL AJUSTADA,-7.15
2022,Prefeitura Municipal de Ibiapina - CE,CE,DÍVIDA CONSOLIDADA,7129486.56
2022,Prefeitura Municipal de Ibiapina - CE,CE,Disponibilidade de Caixa,6294868.66
2022,Prefeitura Municipal de Ibiapina - CE,CE,Disponibilidade de Caixa Bruta,7411662.86
2022,Prefeitura Municipal de Ibiapina - CE,CE,RECEITA CORRENTE LÍQUIDA,84108036.04
2022,Prefeitura Municipal de Ibiapina - CE,CE,% da DC sobre a RCL AJUSTADA (I/VI),8.48
2022,Prefeitura Municipal de Ibiapina - CE,CE,% da DCL sobre a RCL AJUSTADA,0.99
2022,Prefeitura Municipal de Horizonte - CE,CE,DÍVIDA CONSOLIDADA,68070601.83
2022,Prefeitura Municipal de Horizonte - CE,CE,Disponibilidade de Caixa,58620684.05
2022,Prefeitura Municipal de Horizonte - CE,CE,Disponibilidade de Caixa Bruta,61392528.08
2022,Prefeitura Municipal de Horizonte - CE,CE,RECEITA CORRENTE LÍQUIDA,252430962.75
2022,Prefeitura Municipal de Horizonte - CE,CE,% da DC sobre a RCL AJUSTADA (I/VI),27.49
2022,Prefeitura Municipal de Horizonte - CE,CE,% da DCL sobre a RCL AJUSTADA,3.8
2022,Prefeitura Municipal de Ibaretama - CE,CE,DÍVIDA CONSOLIDADA,23655369.78
2022,Prefeitura Municipal de Ibaretama - CE,CE,Disponibilidade de Caixa,2765093.94
2022,Prefeitura Municipal de Ibaretama - CE,CE,Disponibilidade de Caixa Bruta,6673193.51
2022,Prefeitura Municipal de Ibaretama - CE,CE,RECEITA CORRENTE LÍQUIDA,43477877.54
2022,Prefeitura Municipal de Ibaretama - CE,CE,% da DC sobre a RCL AJUSTADA (I/VI),54.41
2022,Prefeitura Municipal de Ibaretama - CE,CE,% da DCL sobre a RCL AJUSTADA,48.05
2022,Prefeitura Municipal de Ibaretama - CE,CE,Precatórios (Não incluídos na DC),11489.23
2022,Prefeitura Municipal de Icapuí - CE,CE,DÍVIDA CONSOLIDADA,43384761.56
2022,Prefeitura Municipal de Icapuí - CE,CE,Disponibilidade de Caixa,1890509.7
2022,Prefeitura Municipal de Icapuí - CE,CE,Disponibilidade de Caixa Bruta,9312135.47
2022,Prefeitura Municipal de Icapuí - CE,CE,RECEITA CORRENTE LÍQUIDA,101419394.1
2022,Prefeitura Municipal de Icapuí - CE,CE,% da DC sobre a RCL AJUSTADA (I/VI),43.64
2022,Prefeitura Municipal de Icapuí - CE,CE,% da DCL sobre a RCL AJUSTADA,41.74
2022,Prefeitura Municipal de Ibicuitinga - CE,CE,DÍVIDA CONSOLIDADA,24565883.83
2022,Prefeitura Municipal de Ibicuitinga - CE,CE,Precatórios (inclusive) Vencidos e Não Pagos,86530.68
2022,Prefeitura Municipal de Ibicuitinga - CE,CE,Disponibilidade de Caixa,5064389.27
2022,Prefeitura Municipal de Ibicuitinga - CE,CE,Disponibilidade de Caixa Bruta,6920048.97
2022,Prefeitura Municipal de Ibicuitinga - CE,CE,RECEITA CORRENTE LÍQUIDA,52516298.42
2022,Prefeitura Municipal de Ibicuitinga - CE,CE,% da DC sobre a RCL AJUSTADA (I/VI),47.5
2022,Prefeitura Municipal de Ibicuitinga - CE,CE,% da DCL sobre a RCL AJUSTADA,37.71
2022,Prefeitura Municipal de Iguatu - CE,CE,DÍVIDA CONSOLIDADA,78769724.37
2022,Prefeitura Municipal de Iguatu - CE,CE,Disponibilidade de Caixa,20290159.08
2022,Prefeitura Municipal de Iguatu - CE,CE,Disponibilidade de Caixa Bruta,20290159.08
2022,Prefeitura Municipal de Iguatu - CE,CE,RECEITA CORRENTE LÍQUIDA,334391344.5
2022,Prefeitura Municipal de Iguatu - CE,CE,% da DC sobre a RCL AJUSTADA (I/VI),23.56
2022,Prefeitura Municipal de Iguatu - CE,CE,% da DCL sobre a RCL AJUSTADA,17.49
2022,Prefeitura Municipal de Icó - CE,CE,DÍVIDA CONSOLIDADA,90003375.07
2022,Prefeitura Municipal de Icó - CE,CE,Disponibilidade de Caixa,26846294.88
2022,Prefeitura Municipal de Icó - CE,CE,Disponibilidade de Caixa Bruta,36925251.32
2022,Prefeitura Municipal de Icó - CE,CE,RECEITA CORRENTE LÍQUIDA,194323769.26
2022,Prefeitura Municipal de Icó - CE,CE,% da DC sobre a RCL AJUSTADA (I/VI),46.46
2022,Prefeitura Municipal de Icó - CE,CE,% da DCL sobre a RCL AJUSTADA,32.6
2022,Prefeitura Municipal de Independência - CE,CE,Disponibilidade de Caixa,20611513.91
2022,Prefeitura Municipal de Independência - CE,CE,Disponibilidade de Caixa Bruta,21767009.85
2022,Prefeitura Municipal de Independência - CE,CE,RECEITA CORRENTE LÍQUIDA,70142903.82
2022,Prefeitura Municipal de Independência - CE,CE,% da DCL sobre a RCL AJUSTADA,-29.81
2022,Prefeitura Municipal de Independência - CE,CE,Precatórios (Não incluídos na DC),48473.79
2022,Prefeitura Municipal de Ipueiras - CE,CE,DÍVIDA CONSOLIDADA,8931251.7
2022,Prefeitura Municipal de Ipueiras - CE,CE,Disponibilidade de Caixa,23032195.14
2022,Prefeitura Municipal de Ipueiras - CE,CE,Disponibilidade de Caixa Bruta,26181271.65
2022,Prefeitura Municipal de Ipueiras - CE,CE,RECEITA CORRENTE LÍQUIDA,118688210.0
2022,Prefeitura Municipal de Ipueiras - CE,CE,% da DC sobre a RCL AJUSTADA (I/VI),7.52
2022,Prefeitura Municipal de Ipueiras - CE,CE,% da DCL sobre a RCL AJUSTADA,-11.97
2022,Prefeitura Municipal de Ipaumirim - CE,CE,DÍVIDA CONSOLIDADA,6389937.07
2022,Prefeitura Municipal de Ipaumirim - CE,CE,Disponibilidade de Caixa,1959171.89
2022,Prefeitura Municipal de Ipaumirim - CE,CE,Disponibilidade de Caixa Bruta,3475737.79
2022,Prefeitura Municipal de Ipaumirim - CE,CE,RECEITA CORRENTE LÍQUIDA,40102287.82
2022,Prefeitura Municipal de Ipaumirim - CE,CE,% da DC sobre a RCL AJUSTADA (I/VI),16.34
2022,Prefeitura Municipal de Ipaumirim - CE,CE,% da DCL sobre a RCL AJUSTADA,11.33
2022,Prefeitura Municipal de Ipaumirim - CE,CE,Precatórios (Não incluídos na DC),493139.87
2022,Prefeitura Municipal de Ipu - CE,CE,Disponibilidade de Caixa,81313907.78
2022,Prefeitura Municipal de Ipu - CE,CE,Disponibilidade de Caixa Bruta,81313907.78
2022,Prefeitura Municipal de Ipu - CE,CE,RECEITA CORRENTE LÍQUIDA,138882907.23
2022,Prefeitura Municipal de Ipu - CE,CE,% da DCL sobre a RCL AJUSTADA,-58.55
2022,Prefeitura Municipal de Irauçuba - CE,CE,DÍVIDA CONSOLIDADA,20792719.27
2022,Prefeitura Municipal de Irauçuba - CE,CE,Disponibilidade de Caixa,17015673.9
2022,Prefeitura Municipal de Irauçuba - CE,CE,Disponibilidade de Caixa Bruta,18068337.49
2022,Prefeitura Municipal de Irauçuba - CE,CE,RECEITA CORRENTE LÍQUIDA,90608618.03
2022,Prefeitura Municipal de Irauçuba - CE,CE,% da DC sobre a RCL AJUSTADA (I/VI),23.18
2022,Prefeitura Municipal de Irauçuba - CE,CE,% da DCL sobre a RCL AJUSTADA,4.17
2022,Prefeitura Municipal de Iracema - CE,CE,DÍVIDA CONSOLIDADA,17579397.92
2022,Prefeitura Municipal de Iracema - CE,CE,Precatórios (inclusive) Vencidos e Não Pagos,182871.47
2022,Prefeitura Municipal de Iracema - CE,CE,Disponibilidade de Caixa,6801552.0
2022,Prefeitura Municipal de Iracema - CE,CE,Disponibilidade de Caixa Bruta,9549076.37
2022,Prefeitura Municipal de Iracema - CE,CE,RECEITA CORRENTE LÍQUIDA,55042049.82
2022,Prefeitura Municipal de Iracema - CE,CE,% da DC sobre a RCL AJUSTADA (I/VI),32.59
2022,Prefeitura Municipal de Iracema - CE,CE,% da DCL sobre a RCL AJUSTADA,19.98
2022,Prefeitura Municipal de Itaitinga - CE,CE,DÍVIDA CONSOLIDADA,12103778.85
2022,Prefeitura Municipal de Itaitinga - CE,CE,Disponibilidade de Caixa,14653622.22
2022,Prefeitura Municipal de Itaitinga - CE,CE,Disponibilidade de Caixa Bruta,18515527.5
2022,Prefeitura Municipal de Itaitinga - CE,CE,RECEITA CORRENTE LÍQUIDA,169173665.32
2022,Prefeitura Municipal de Itaitinga - CE,CE,% da DC sobre a RCL AJUSTADA (I/VI),7.2
2022,Prefeitura Municipal de Itaitinga - CE,CE,% da DCL sobre a RCL AJUSTADA,-1.52
2022,Prefeitura Municipal de Itaiçaba - CE,CE,DÍVIDA CONSOLIDADA,17950748.88
2022,Prefeitura Municipal de Itaiçaba - CE,CE,Disponibilidade de Caixa,7286829.36
2022,Prefeitura Municipal de Itaiçaba - CE,CE,Disponibilidade de Caixa Bruta,8113190.13
2022,Prefeitura Municipal de Itaiçaba - CE,CE,RECEITA CORRENTE LÍQUIDA,33599611.98
2022,Prefeitura Municipal de Itaiçaba - CE,CE,% da DC sobre a RCL AJUSTADA (I/VI),54.42
2022,Prefeitura Municipal de Itaiçaba - CE,CE,% da DCL sobre a RCL AJUSTADA,32.17
2022,Prefeitura Municipal de Itapiúna - CE,CE,DÍVIDA CONSOLIDADA,25201446.94
2022,Prefeitura Municipal de Itapiúna - CE,CE,Disponibilidade de Caixa,10899295.9
2022,Prefeitura Municipal de Itapiúna - CE,CE,Disponibilidade de Caixa Bruta,12365037.68
2022,Prefeitura Municipal de Itapiúna - CE,CE,RECEITA CORRENTE LÍQUIDA,62189556.53
2022,Prefeitura Municipal de Itapiúna - CE,CE,% da DC sobre a RCL AJUSTADA (I/VI),41.28
2022,Prefeitura Municipal de Itapiúna - CE,CE,% da DCL sobre a RCL AJUSTADA,23.22
2022,Prefeitura Municipal de Itapiúna - CE,CE,Precatórios (Não incluídos na DC),403418.11
2022,Prefeitura Municipal de Itapipoca - CE,CE,DÍVIDA CONSOLIDADA,89133098.43
2022,Prefeitura Municipal de Itapipoca - CE,CE,Disponibilidade de Caixa,17754549.69
2022,Prefeitura Municipal de Itapipoca - CE,CE,Disponibilidade de Caixa Bruta,31387108.59
2022,Prefeitura Municipal de Itapipoca - CE,CE,RECEITA CORRENTE LÍQUIDA,410670788.75
2022,Prefeitura Municipal de Itapipoca - CE,CE,% da DC sobre a RCL AJUSTADA (I/VI),22.12
2022,Prefeitura Municipal de Itapipoca - CE,CE,% da DCL sobre a RCL AJUSTADA,17.71
2022,Prefeitura Municipal de Itapipoca - CE,CE,Precatórios (Não incluídos na DC),9112.62
2022,Prefeitura Municipal de Itapajé - CE,CE,DÍVIDA CONSOLIDADA,18296500.85
2022,Prefeitura Municipal de Itapajé - CE,CE,Disponibilidade de Caixa,23102706.19
2022,Prefeitura Municipal de Itapajé - CE,CE,Disponibilidade de Caixa Bruta,31254601.55
2022,Prefeitura Municipal de Itapajé - CE,CE,RECEITA CORRENTE LÍQUIDA,136271178.82
2022,Prefeitura Municipal de Itapajé - CE,CE,% da DC sobre a RCL AJUSTADA (I/VI),13.48
2022,Prefeitura Municipal de Itapajé - CE,CE,% da DCL sobre a RCL AJUSTADA,-3.54
2022,Prefeitura Municipal de Itarema - CE,CE,DÍVIDA CONSOLIDADA,14623462.47
2022,Prefeitura Municipal de Itarema - CE,CE,Disponibilidade de Caixa,7096855.15
2022,Prefeitura Municipal de Itarema - CE,CE,Disponibilidade de Caixa Bruta,15908476.06
2022,Prefeitura Municipal de Itarema - CE,CE,RECEITA CORRENTE LÍQUIDA,144256072.62
2022,Prefeitura Municipal de Itarema - CE,CE,% da DC sobre a RCL AJUSTADA (I/VI),10.24
2022,Prefeitura Municipal de Itarema - CE,CE,% da DCL sobre a RCL AJUSTADA,5.27
2022,Prefeitura Municipal de Itatira - CE,CE,DÍVIDA CONSOLIDADA,29255423.83
2022,Prefeitura Municipal de Itatira - CE,CE,Disponibilidade de Caixa,6144308.29
2022,Prefeitura Municipal de Itatira - CE,CE,Disponibilidade de Caixa Bruta,8476511.01
2022,Prefeitura Municipal de Itatira - CE,CE,RECEITA CORRENTE LÍQUIDA,99847415.33
2022,Prefeitura Municipal de Itatira - CE,CE,% da DC sobre a RCL AJUSTADA (I/VI),29.3
2022,Prefeitura Municipal de Itatira - CE,CE,% da DCL sobre a RCL AJUSTADA,23.15
2022,Prefeitura Municipal de Jaguaribara - CE,CE,DÍVIDA CONSOLIDADA,1009802.75
2022,Prefeitura Municipal de Jaguaribara - CE,CE,Disponibilidade de Caixa,5636277.86
2022,Prefeitura Municipal de Jaguaribara - CE,CE,Disponibilidade de Caixa Bruta,7444711.59
2022,Prefeitura Municipal de Jaguaribara - CE,CE,RECEITA CORRENTE LÍQUIDA,50448124.78
2022,Prefeitura Municipal de Jaguaribara - CE,CE,% da DC sobre a RCL AJUSTADA (I/VI),2.11
2022,Prefeitura Municipal de Jaguaribara - CE,CE,% da DCL sobre a RCL AJUSTADA,-9.68
2022,Prefeitura Municipal de Jaguaretama - CE,CE,DÍVIDA CONSOLIDADA,31476453.05
2022,Prefeitura Municipal de Jaguaretama - CE,CE,Precatórios (inclusive) Vencidos e Não Pagos,320956.48
2022,Prefeitura Municipal de Jaguaretama - CE,CE,Disponibilidade de Caixa,13809170.26
2022,Prefeitura Municipal de Jaguaretama - CE,CE,Disponibilidade de Caixa Bruta,15343093.07
2022,Prefeitura Municipal de Jaguaretama - CE,CE,RECEITA CORRENTE LÍQUIDA,64351458.83
2022,Prefeitura Municipal de Jaguaretama - CE,CE,% da DC sobre a RCL AJUSTADA (I/VI),51.06
2022,Prefeitura Municipal de Jaguaretama - CE,CE,% da DCL sobre a RCL AJUSTADA,28.66
2022,Prefeitura Municipal de Jaguaruana - CE,CE,DÍVIDA CONSOLIDADA,42644236.15
2022,Prefeitura Municipal de Jaguaruana - CE,CE,Disponibilidade de Caixa,13888813.81
2022,Prefeitura Municipal de Jaguaruana - CE,CE,Disponibilidade de Caixa Bruta,18890143.74
2022,Prefeitura Municipal de Jaguaruana - CE,CE,RECEITA CORRENTE LÍQUIDA,107180488.87
2022,Prefeitura Municipal de Jaguaruana - CE,CE,% da DC sobre a RCL AJUSTADA (I/VI),39.96
2022,Prefeitura Municipal de Jaguaruana - CE,CE,% da DCL sobre a RCL AJUSTADA,26.93
2022,Prefeitura Municipal de Jardim - CE,CE,DÍVIDA CONSOLIDADA,26065778.72
2022,Prefeitura Municipal de Jardim - CE,CE,Precatórios (inclusive) Vencidos e Não Pagos,5.0
2022,Prefeitura Municipal de Jardim - CE,CE,Disponibilidade de Caixa,14460528.79
2022,Prefeitura Municipal de Jardim - CE,CE,Disponibilidade de Caixa Bruta,19365236.94
2022,Prefeitura Municipal de Jardim - CE,CE,RECEITA CORRENTE LÍQUIDA,89357632.43
2022,Prefeitura Municipal de Jardim - CE,CE,% da DC sobre a RCL AJUSTADA (I/VI),29.27
2022,Prefeitura Municipal de Jardim - CE,CE,% da DCL sobre a RCL AJUSTADA,13.03
2022,Prefeitura Municipal de Jardim - CE,CE,Precatórios (Não incluídos na DC),209382.38
2022,Prefeitura Municipal de Jati - CE,CE,DÍVIDA CONSOLIDADA,3796777.48
2022,Prefeitura Municipal de Jati - CE,CE,Disponibilidade de Caixa,9530981.06
2022,Prefeitura Municipal de Jati - CE,CE,Disponibilidade de Caixa Bruta,10476863.98
2022,Prefeitura Municipal de Jati - CE,CE,RECEITA CORRENTE LÍQUIDA,32193034.31
2022,Prefeitura Municipal de Jati - CE,CE,% da DC sobre a RCL AJUSTADA (I/VI),11.79
2022,Prefeitura Municipal de Jati - CE,CE,% da DCL sobre a RCL AJUSTADA,-17.81
2022,Prefeitura Municipal de Juazeiro do Norte - CE,CE,DÍVIDA CONSOLIDADA,191328859.75
2022,Prefeitura Municipal de Juazeiro do Norte - CE,CE,Disponibilidade de Caixa,55829325.37
2022,Prefeitura Municipal de Juazeiro do Norte - CE,CE,Disponibilidade de Caixa Bruta,116241669.07
2022,Prefeitura Municipal de Juazeiro do Norte - CE,CE,RECEITA CORRENTE LÍQUIDA,680355869.35
2022,Prefeitura Municipal de Juazeiro do Norte - CE,CE,% da DC sobre a RCL AJUSTADA (I/VI),28.13
2022,Prefeitura Municipal de Juazeiro do Norte - CE,CE,% da DCL sobre a RCL AJUSTADA,19.92
2022,Prefeitura Municipal de Juazeiro do Norte - CE,CE,Precatórios (Não incluídos na DC),41778.41
2022,Prefeitura Municipal de Jijoca de Jericoacoara - CE,CE,DÍVIDA CONSOLIDADA,30733168.65
2022,Prefeitura Municipal de Jijoca de Jericoacoara - CE,CE,Precatórios (inclusive) Vencidos e Não Pagos,386535.19
2022,Prefeitura Municipal de Jijoca de Jericoacoara - CE,CE,Disponibilidade de Caixa,8369571.04
2022,Prefeitura Municipal de Jijoca de Jericoacoara - CE,CE,Disponibilidade de Caixa Bruta,16112794.79
2022,Prefeitura Municipal de Jijoca de Jericoacoara - CE,CE,RECEITA CORRENTE LÍQUIDA,129057350.73
2022,Prefeitura Municipal de Jijoca de Jericoacoara - CE,CE,% da DC sobre a RCL AJUSTADA (I/VI),23.91
2022,Prefeitura Municipal de Jijoca de Jericoacoara - CE,CE,% da DCL sobre a RCL AJUSTADA,17.39
2022,Prefeitura Municipal de Jijoca de Jericoacoara - CE,CE,Precatórios (Não incluídos na DC),7185.36
2022,Prefeitura Municipal de Lavras da Mangabeira - CE,CE,DÍVIDA CONSOLIDADA,23093131.82
2022,Prefeitura Municipal de Lavras da Mangabeira - CE,CE,Disponibilidade de Caixa,12701521.98
2022,Prefeitura Municipal de Lavras da Mangabeira - CE,CE,Disponibilidade de Caixa Bruta,13703796.65
2022,Prefeitura Municipal de Lavras da Mangabeira - CE,CE,RECEITA CORRENTE LÍQUIDA,86443053.92
2022,Prefeitura Municipal de Lavras da Mangabeira - CE,CE,% da DC sobre a RCL AJUSTADA (I/VI),27.13
2022,Prefeitura Municipal de Lavras da Mangabeira - CE,CE,% da DCL sobre a RCL AJUSTADA,12.15
2022,Prefeitura Municipal de Lavras da Mangabeira - CE,CE,Precatórios (Não incluídos na DC),25339.87
2022,Prefeitura Municipal de Jucás - CE,CE,DÍVIDA CONSOLIDADA,10225064.23
2022,Prefeitura Municipal de Jucás - CE,CE,Precatórios (inclusive) Vencidos e Não Pagos,281940.45
2022,Prefeitura Municipal de Jucás - CE,CE,Disponibilidade de Caixa,3964766.54
2022,Prefeitura Municipal de Jucás - CE,CE,Disponibilidade de Caixa Bruta,9398456.53
2022,Prefeitura Municipal de Jucás - CE,CE,RECEITA CORRENTE LÍQUIDA,84998993.54
2022,Prefeitura Municipal de Jucás - CE,CE,% da DC sobre a RCL AJUSTADA (I/VI),12.19
2022,Prefeitura Municipal de Jucás - CE,CE,% da DCL sobre a RCL AJUSTADA,7.46
2022,Prefeitura Municipal de Limoeiro do Norte - CE,CE,DÍVIDA CONSOLIDADA,83486257.46
2022,Prefeitura Municipal de Limoeiro do Norte - CE,CE,Disponibilidade de Caixa,16779961.86
2022,Prefeitura Municipal de Limoeiro do Norte - CE,CE,Disponibilidade de Caixa Bruta,22911506.66
2022,Prefeitura Municipal de Limoeiro do Norte - CE,CE,RECEITA CORRENTE LÍQUIDA,196917843.48
2022,Prefeitura Municipal de Limoeiro do Norte - CE,CE,% da DC sobre a RCL AJUSTADA (I/VI),42.83
2022,Prefeitura Municipal de Limoeiro do Norte - CE,CE,% da DCL sobre a RCL AJUSTADA,34.22
2022,Prefeitura Municipal de Limoeiro do Norte - CE,CE,Precatórios (Não incluídos na DC),17002.66
2022,Prefeitura Municipal de Maracanaú - CE,CE,DÍVIDA CONSOLIDADA,195388519.2
2022,Prefeitura Municipal de Maracanaú - CE,CE,Disponibilidade de Caixa,262790847.74
2022,Prefeitura Municipal de Maracanaú - CE,CE,Disponibilidade de Caixa Bruta,273860631.83
2022,Prefeitura Municipal de Maracanaú - CE,CE,RECEITA CORRENTE LÍQUIDA,958751726.97
2022,Prefeitura Municipal de Maracanaú - CE,CE,% da DC sobre a RCL AJUSTADA (I/VI),20.56
2022,Prefeitura Municipal de Maracanaú - CE,CE,% da DCL sobre a RCL AJUSTADA,-7.09
2022,Prefeitura Municipal de Maracanaú - CE,CE,Precatórios (Não incluídos na DC),643978.63
2022,Prefeitura Municipal de Madalena - CE,CE,DÍVIDA CONSOLIDADA,13485283.77
2022,Prefeitura Municipal de Madalena - CE,CE,Disponibilidade de Caixa,-1307807.55
2022,Prefeitura Municipal de Madalena - CE,CE,Disponibilidade de Caixa Bruta,4658865.61
2022,Prefeitura Municipal de Madalena - CE,CE,RECEITA CORRENTE LÍQUIDA,63996623.75
2022,Prefeitura Municipal de Madalena - CE,CE,% da DC sobre a RCL AJUSTADA (I/VI),21.25
2022,Prefeitura Municipal de Madalena - CE,CE,% da DCL sobre a RCL AJUSTADA,23.32
2022,Prefeitura Municipal de Maranguape - CE,CE,DÍVIDA CONSOLIDADA,4904569.85
2022,Prefeitura Municipal de Maranguape - CE,CE,Disponibilidade de Caixa,34922709.53
2022,Prefeitura Municipal de Maranguape - CE,CE,Disponibilidade de Caixa Bruta,44702266.23
2022,Prefeitura Municipal de Maranguape - CE,CE,RECEITA CORRENTE LÍQUIDA,285985529.03
2022,Prefeitura Municipal de Maranguape - CE,CE,% da DC sobre a RCL AJUSTADA (I/VI),1.73
2022,Prefeitura Municipal de Maranguape - CE,CE,% da DCL sobre a RCL AJUSTADA,-10.6
2022,Prefeitura Municipal de Massapê - CE,CE,DÍVIDA CONSOLIDADA,14666411.32
2022,Prefeitura Municipal de Massapê - CE,CE,Disponibilidade de Caixa,11611983.18
2022,Prefeitura Municipal de Massapê - CE,CE,Disponibilidade de Caixa Bruta,15872730.11
2022,Prefeitura Municipal de Massapê - CE,CE,RECEITA CORRENTE LÍQUIDA,100861008.6
2022,Prefeitura Municipal de Massapê - CE,CE,% da DC sobre a RCL AJUSTADA (I/VI),14.88
2022,Prefeitura Municipal de Massapê - CE,CE,% da DCL sobre a RCL AJUSTADA,3.1
2022,Prefeitura Municipal de Massapê - CE,CE,Precatórios (Não incluídos na DC),5189.02
2022,Prefeitura Municipal de Martinópole - CE,CE,DÍVIDA CONSOLIDADA,15631829.46
2022,Prefeitura Municipal de Martinópole - CE,CE,Disponibilidade de Caixa,1021456.38
2022,Prefeitura Municipal de Martinópole - CE,CE,Disponibilidade de Caixa Bruta,2520873.23
2022,Prefeitura Municipal de Martinópole - CE,CE,RECEITA CORRENTE LÍQUIDA,43234755.19
2022,Prefeitura Municipal de Martinópole - CE,CE,% da DC sobre a RCL AJUSTADA (I/VI),36.16
2022,Prefeitura Municipal de Martinópole - CE,CE,% da DCL sobre a RCL AJUSTADA,33.79
2022,Prefeitura Municipal de Marco - CE,CE,DÍVIDA CONSOLIDADA,9237983.09
2022,Prefeitura Municipal de Marco - CE,CE,Disponibilidade de Caixa,23098797.88
2022,Prefeitura Municipal de Marco - CE,CE,Disponibilidade de Caixa Bruta,23098797.88
2022,Prefeitura Municipal de Marco - CE,CE,RECEITA CORRENTE LÍQUIDA,107211422.85
2022,Prefeitura Municipal de Marco - CE,CE,% da DC sobre a RCL AJUSTADA (I/VI),8.62
2022,Prefeitura Municipal de Marco - CE,CE,% da DCL sobre a RCL AJUSTADA,-12.93
2022,Prefeitura Municipal de Mauriti - CE,CE,DÍVIDA CONSOLIDADA,28363391.8
2022,Prefeitura Municipal de Mauriti - CE,CE,Disponibilidade de Caixa,5710700.82
2022,Prefeitura Municipal de Mauriti - CE,CE,Disponibilidade de Caixa Bruta,9554443.53
2022,Prefeitura Municipal de Mauriti - CE,CE,RECEITA CORRENTE LÍQUIDA,124256790.31
2022,Prefeitura Municipal de Mauriti - CE,CE,% da DC sobre a RCL AJUSTADA (I/VI),22.9
2022,Prefeitura Municipal de Mauriti - CE,CE,% da DCL sobre a RCL AJUSTADA,18.29
2022,Prefeitura Municipal de Meruoca - CE,CE,DÍVIDA CONSOLIDADA,4064421.67
2022,Prefeitura Municipal de Meruoca - CE,CE,Disponibilidade de Caixa,4699633.6
2022,Prefeitura Municipal de Meruoca - CE,CE,Disponibilidade de Caixa Bruta,9261402.94
2022,Prefeitura Municipal de Meruoca - CE,CE,RECEITA CORRENTE LÍQUIDA,56096896.88
2022,Prefeitura Municipal de Meruoca - CE,CE,% da DC sobre a RCL AJUSTADA (I/VI),7.25
2022,Prefeitura Municipal de Meruoca - CE,CE,% da DCL sobre a RCL AJUSTADA,-1.13
2022,Prefeitura Municipal de Milagres - CE,CE,DÍVIDA CONSOLIDADA,3178949.05
2022,Prefeitura Municipal de Milagres - CE,CE,Disponibilidade de Caixa,38772886.88
2022,Prefeitura Municipal de Milagres - CE,CE,Disponibilidade de Caixa Bruta,44799159.59
2022,Prefeitura Municipal de Milagres - CE,CE,RECEITA CORRENTE LÍQUIDA,83383916.14
2022,Prefeitura Municipal de Milagres - CE,CE,% da DC sobre a RCL AJUSTADA (I/VI),3.81
2022,Prefeitura Municipal de Milagres - CE,CE,% da DCL sobre a RCL AJUSTADA,-42.69
2022,Prefeitura Municipal de Milhã - CE,CE,DÍVIDA CONSOLIDADA,4445911.99
2022,Prefeitura Municipal de Milhã - CE,CE,Disponibilidade de Caixa,4997209.01
2022,Prefeitura Municipal de Milhã - CE,CE,Disponibilidade de Caixa Bruta,7726537.28
2022,Prefeitura Municipal de Milhã - CE,CE,RECEITA CORRENTE LÍQUIDA,50107241.56
2022,Prefeitura Municipal de Milhã - CE,CE,% da DC sobre a RCL AJUSTADA (I/VI),8.92
2022,Prefeitura Municipal de Milhã - CE,CE,% da DCL sobre a RCL AJUSTADA,-1.11
2022,Prefeitura Municipal de Miraíma - CE,CE,DÍVIDA CONSOLIDADA,4832184.1
2022,Prefeitura Municipal de Miraíma - CE,CE,Disponibilidade de Caixa,4185519.77
2022,Prefeitura Municipal de Miraíma - CE,CE,Disponibilidade de Caixa Bruta,5050087.87
2022,Prefeitura Municipal de Miraíma - CE,CE,RECEITA CORRENTE LÍQUIDA,43970781.39
2022,Prefeitura Municipal de Miraíma - CE,CE,% da DC sobre a RCL AJUSTADA (I/VI),11.3
2022,Prefeitura Municipal de Miraíma - CE,CE,% da DCL sobre a RCL AJUSTADA,1.42
2022,Prefeitura Municipal de Missão Velha - CE,CE,DÍVIDA CONSOLIDADA,81603973.9
2022,Prefeitura Municipal de Missão Velha - CE,CE,Disponibilidade de Caixa,-1603697.03
2022,Prefeitura Municipal de Missão Velha - CE,CE,Disponibilidade de Caixa Bruta,8901077.44
2022,Prefeitura Municipal de Missão Velha - CE,CE,RECEITA CORRENTE LÍQUIDA,98585010.59
2022,Prefeitura Municipal de Missão Velha - CE,CE,% da DC sobre a RCL AJUSTADA (I/VI),82.78
2022,Prefeitura Municipal de Missão Velha - CE,CE,% da DCL sobre a RCL AJUSTADA,84.4
2022,Prefeitura Municipal de Missão Velha - CE,CE,Precatórios (Não incluídos na DC),25132.77
2022,Prefeitura Municipal de Morada Nova - CE,CE,DÍVIDA CONSOLIDADA,67950437.31
2022,Prefeitura Municipal de Morada Nova - CE,CE,Disponibilidade de Caixa,28214245.5
2022,Prefeitura Municipal de Morada Nova - CE,CE,Disponibilidade de Caixa Bruta,35079414.87
2022,Prefeitura Municipal de Morada Nova - CE,CE,RECEITA CORRENTE LÍQUIDA,196622618.51
2022,Prefeitura Municipal de Morada Nova - CE,CE,% da DC sobre a RCL AJUSTADA (I/VI),34.71
2022,Prefeitura Municipal de Morada Nova - CE,CE,% da DCL sobre a RCL AJUSTADA,20.29
2022,Prefeitura Municipal de Monsenhor Tabosa - CE,CE,Disponibilidade de Caixa,5927435.64
2022,Prefeitura Municipal de Monsenhor Tabosa - CE,CE,Disponibilidade de Caixa Bruta,5927435.64
2022,Prefeitura Municipal de Monsenhor Tabosa - CE,CE,RECEITA CORRENTE LÍQUIDA,68992397.18
2022,Prefeitura Municipal de Monsenhor Tabosa - CE,CE,% da DCL sobre a RCL AJUSTADA,-8.59
2022,Prefeitura Municipal de Mombaça - CE,CE,DÍVIDA CONSOLIDADA,49324773.88
2022,Prefeitura Municipal de Mombaça - CE,CE,Disponibilidade de Caixa,9955574.55
2022,Prefeitura Municipal de Mombaça - CE,CE,Disponibilidade de Caixa Bruta,12962639.69
2022,Prefeitura Municipal de Mombaça - CE,CE,RECEITA CORRENTE LÍQUIDA,119088648.09
2022,Prefeitura Municipal de Mombaça - CE,CE,% da DC sobre a RCL AJUSTADA (I/VI),41.79
2022,Prefeitura Municipal de Mombaça - CE,CE,% da DCL sobre a RCL AJUSTADA,33.35
2022,Prefeitura Municipal de Morrinhos - CE,CE,DÍVIDA CONSOLIDADA,9409676.82
2022,Prefeitura Municipal de Morrinhos - CE,CE,Disponibilidade de Caixa,15757879.64
2022,Prefeitura Municipal de Morrinhos - CE,CE,Disponibilidade de Caixa Bruta,19805026.63
2022,Prefeitura Municipal de Morrinhos - CE,CE,RECEITA CORRENTE LÍQUIDA,68602889.15
2022,Prefeitura Municipal de Morrinhos - CE,CE,% da DC sobre a RCL AJUSTADA (I/VI),13.75
2022,Prefeitura Municipal de Morrinhos - CE,CE,% da DCL sobre a RCL AJUSTADA,-9.29
2022,Prefeitura Municipal de Morrinhos - CE,CE,Precatórios (Não incluídos na DC),7023.93
2022,Prefeitura Municipal de Mulungu - CE,CE,DÍVIDA CONSOLIDADA,12510561.41
2022,Prefeitura Municipal de Mulungu - CE,CE,Disponibilidade de Caixa,4979105.2
2022,Prefeitura Municipal de Mulungu - CE,CE,Disponibilidade de Caixa Bruta,6689089.88
2022,Prefeitura Municipal de Mulungu - CE,CE,RECEITA CORRENTE LÍQUIDA,45516899.48
2022,Prefeitura Municipal de Mulungu - CE,CE,% da DC sobre a RCL AJUSTADA (I/VI),28.03
2022,Prefeitura Municipal de Mulungu - CE,CE,% da DCL sobre a RCL AJUSTADA,16.87
2022,Prefeitura Municipal de Nova Russas - CE,CE,DÍVIDA CONSOLIDADA,1056996.27
2022,Prefeitura Municipal de Nova Russas - CE,CE,Disponibilidade de Caixa,18176459.05
2022,Prefeitura Municipal de Nova Russas - CE,CE,Disponibilidade de Caixa Bruta,26097103.95
2022,Prefeitura Municipal de Nova Russas - CE,CE,RECEITA CORRENTE LÍQUIDA,114300328.44
2022,Prefeitura Municipal de Nova Russas - CE,CE,% da DC sobre a RCL AJUSTADA (I/VI),0.93
2022,Prefeitura Municipal de Nova Russas - CE,CE,% da DCL sobre a RCL AJUSTADA,-14.99
2022,Prefeitura Municipal de Nova Olinda - CE,CE,DÍVIDA CONSOLIDADA,6778246.02
2022,Prefeitura Municipal de Nova Olinda - CE,CE,Disponibilidade de Caixa,10050786.43
2022,Prefeitura Municipal de Nova Olinda - CE,CE,Disponibilidade de Caixa Bruta,10574828.97
2022,Prefeitura Municipal de Nova Olinda - CE,CE,RECEITA CORRENTE LÍQUIDA,54850929.02
2022,Prefeitura Municipal de Nova Olinda - CE,CE,% da DC sobre a RCL AJUSTADA (I/VI),12.47
2022,Prefeitura Municipal de Nova Olinda - CE,CE,% da DCL sobre a RCL AJUSTADA,-6.02
2022,Prefeitura Municipal de Nova Olinda - CE,CE,Precatórios (Não incluídos na DC),66018.86
2022,Prefeitura Municipal de Novo Oriente - CE,CE,DÍVIDA CONSOLIDADA,35083760.78
2022,Prefeitura Municipal de Novo Oriente - CE,CE,Precatórios (inclusive) Vencidos e Não Pagos,200552.78
2022,Prefeitura Municipal de Novo Oriente - CE,CE,Disponibilidade de Caixa,9502641.71
2022,Prefeitura Municipal de Novo Oriente - CE,CE,Disponibilidade de Caixa Bruta,14904966.99
2022,Prefeitura Municipal de Novo Oriente - CE,CE,RECEITA CORRENTE LÍQUIDA,105614666.43
2022,Prefeitura Municipal de Novo Oriente - CE,CE,% da DC sobre a RCL AJUSTADA (I/VI),33.74
2022,Prefeitura Municipal de Novo Oriente - CE,CE,% da DCL sobre a RCL AJUSTADA,24.6
2022,Prefeitura Municipal de Novo Oriente - CE,CE,Precatórios (Não incluídos na DC),397.4
2022,Prefeitura Municipal de Pacajus - CE,CE,DÍVIDA CONSOLIDADA,104338487.28
2022,Prefeitura Municipal de Pacajus - CE,CE,Disponibilidade de Caixa,16837203.72
2022,Prefeitura Municipal de Pacajus - CE,CE,Disponibilidade de Caixa Bruta,23537899.82
2022,Prefeitura Municipal de Pacajus - CE,CE,RECEITA CORRENTE LÍQUIDA,190530780.82
2022,Prefeitura Municipal de Pacajus - CE,CE,% da DC sobre a RCL AJUSTADA (I/VI),55.52
2022,Prefeitura Municipal de Pacajus - CE,CE,% da DCL sobre a RCL AJUSTADA,46.56
2022,Prefeitura Municipal de Pacajus - CE,CE,Precatórios (Não incluídos na DC),64733.31
2022,Prefeitura Municipal de Orós - CE,CE,DÍVIDA CONSOLIDADA,35317342.24
2022,Prefeitura Municipal de Orós - CE,CE,Disponibilidade de Caixa,7287093.41
2022,Prefeitura Municipal de Orós - CE,CE,Disponibilidade de Caixa Bruta,8246538.52
2022,Prefeitura Municipal de Orós - CE,CE,RECEITA CORRENTE LÍQUIDA,74874073.85
2022,Prefeitura Municipal de Orós - CE,CE,% da DC sobre a RCL AJUSTADA (I/VI),47.17
2022,Prefeitura Municipal de Orós - CE,CE,% da DCL sobre a RCL AJUSTADA,37.44
2022,Prefeitura Municipal de Orós - CE,CE,Precatórios (Não incluídos na DC),220.65
2022,Prefeitura Municipal de Ocara - CE,CE,DÍVIDA CONSOLIDADA,15143631.45
2022,Prefeitura Municipal de Ocara - CE,CE,Disponibilidade de Caixa,4181782.73
2022,Prefeitura Municipal de Ocara - CE,CE,Disponibilidade de Caixa Bruta,5998525.17
2022,Prefeitura Municipal de Ocara - CE,CE,RECEITA CORRENTE LÍQUIDA,74631960.28
2022,Prefeitura Municipal de Ocara - CE,CE,% da DC sobre a RCL AJUSTADA (I/VI),20.74
2022,Prefeitura Municipal de Ocara - CE,CE,% da DCL sobre a RCL AJUSTADA,15.0
2022,Prefeitura Municipal de Pacatuba - CE,CE,DÍVIDA CONSOLIDADA,80089162.73
2022,Prefeitura Municipal de Pacatuba - CE,CE,Disponibilidade de Caixa,-9703156.74
2022,Prefeitura Municipal de Pacatuba - CE,CE,Disponibilidade de Caixa Bruta,11107630.97
2022,Prefeitura Municipal de Pacatuba - CE,CE,RECEITA CORRENTE LÍQUIDA,228932516.08
2022,Prefeitura Municipal de Pacatuba - CE,CE,% da DC sobre a RCL AJUSTADA (I/VI),35.71
2022,Prefeitura Municipal de Pacatuba - CE,CE,% da DCL sobre a RCL AJUSTADA,40.04
2022,Prefeitura Municipal de Pacoti - CE,CE,DÍVIDA CONSOLIDADA,8652769.47
2022,Prefeitura Municipal de Pacoti - CE,CE,Disponibilidade de Caixa,7337934.57
2022,Prefeitura Municipal de Pacoti - CE,CE,Disponibilidade de Caixa Bruta,8794907.21
2022,Prefeitura Municipal de Pacoti - CE,CE,RECEITA CORRENTE LÍQUIDA,44800416.71
2022,Prefeitura Municipal de Pacoti - CE,CE,% da DC sobre a RCL AJUSTADA (I/VI),19.89
2022,Prefeitura Municipal de Pacoti - CE,CE,% da DCL sobre a RCL AJUSTADA,3.02
2022,Prefeitura Municipal de Pacujá - CE,CE,DÍVIDA CONSOLIDADA,15268348.29
2022,Prefeitura Municipal de Pacujá - CE,CE,Disponibilidade de Caixa,6685221.71
2022,Prefeitura Municipal de Pacujá - CE,CE,Disponibilidade de Caixa Bruta,7614257.75
2022,Prefeitura Municipal de Pacujá - CE,CE,RECEITA CORRENTE LÍQUIDA,29970200.36
2022,Prefeitura Municipal de Pacujá - CE,CE,% da DC sobre a RCL AJUSTADA (I/VI),51.81
2022,Prefeitura Municipal de Pacujá - CE,CE,% da DCL sobre a RCL AJUSTADA,29.12
2022,Prefeitura Municipal de Palhano - CE,CE,DÍVIDA CONSOLIDADA,31678130.2
2022,Prefeitura Municipal de Palhano - CE,CE,Disponibilidade de Caixa,3194151.46
2022,Prefeitura Municipal de Palhano - CE,CE,Disponibilidade de Caixa Bruta,4808564.01
2022,Prefeitura Municipal de Palhano - CE,CE,RECEITA CORRENTE LÍQUIDA,31039208.15
2022,Prefeitura Municipal de Palhano - CE,CE,% da DC sobre a RCL AJUSTADA (I/VI),103.39
2022,Prefeitura Municipal de Palhano - CE,CE,% da DCL sobre a RCL AJUSTADA,92.97
2022,Prefeitura Municipal de Paracuru - CE,CE,DÍVIDA CONSOLIDADA,54061313.43
2022,Prefeitura Municipal de Paracuru - CE,CE,Precatórios (inclusive) Vencidos e Não Pagos,187225.58
2022,Prefeitura Municipal de Paracuru - CE,CE,Disponibilidade de Caixa,10441562.62
2022,Prefeitura Municipal de Paracuru - CE,CE,Disponibilidade de Caixa Bruta,14745473.87
2022,Prefeitura Municipal de Paracuru - CE,CE,RECEITA CORRENTE LÍQUIDA,127949024.42
2022,Prefeitura Municipal de Paracuru - CE,CE,% da DC sobre a RCL AJUSTADA (I/VI),42.78
2022,Prefeitura Municipal de Paracuru - CE,CE,% da DCL sobre a RCL AJUSTADA,34.52
2022,Prefeitura Municipal de Paracuru - CE,CE,Precatórios (Não incluídos na DC),69165.29
2022,Prefeitura Municipal de Palmácia - CE,CE,DÍVIDA CONSOLIDADA,24754714.75
2022,Prefeitura Municipal de Palmácia - CE,CE,Disponibilidade de Caixa,1122513.36
2022,Prefeitura Municipal de Palmácia - CE,CE,Disponibilidade de Caixa Bruta,4992482.07
2022,Prefeitura Municipal de Palmácia - CE,CE,RECEITA CORRENTE LÍQUIDA,41558144.52
2022,Prefeitura Municipal de Palmácia - CE,CE,% da DC sobre a RCL AJUSTADA (I/VI),61.49
2022,Prefeitura Municipal de Palmácia - CE,CE,% da DCL sobre a RCL AJUSTADA,58.7
2022,Prefeitura Municipal de Paramoti - CE,CE,DÍVIDA CONSOLIDADA,15267120.8
2022,Prefeitura Municipal de Paramoti - CE,CE,Disponibilidade de Caixa,2871843.69
2022,Prefeitura Municipal de Paramoti - CE,CE,Disponibilidade de Caixa Bruta,4066644.25
2022,Prefeitura Municipal de Paramoti - CE,CE,RECEITA CORRENTE LÍQUIDA,34582537.77
2022,Prefeitura Municipal de Paramoti - CE,CE,% da DC sobre a RCL AJUSTADA (I/VI),44.15
2022,Prefeitura Municipal de Paramoti - CE,CE,% da DCL sobre a RCL AJUSTADA,35.84
2022,Prefeitura Municipal de Paraipaba - CE,CE,DÍVIDA CONSOLIDADA,27942174.65
2022,Prefeitura Municipal de Paraipaba - CE,CE,Disponibilidade de Caixa,19958201.2
2022,Prefeitura Municipal de Paraipaba - CE,CE,Disponibilidade de Caixa Bruta,23722330.0
2022,Prefeitura Municipal de Paraipaba - CE,CE,RECEITA CORRENTE LÍQUIDA,108454547.26
2022,Prefeitura Municipal de Paraipaba - CE,CE,% da DC sobre a RCL AJUSTADA (I/VI),25.85
2022,Prefeitura Municipal de Paraipaba - CE,CE,% da DCL sobre a RCL AJUSTADA,7.38
2022,Prefeitura Municipal de Pedra Branca - CE,CE,DÍVIDA CONSOLIDADA,43080717.19
2022,Prefeitura Municipal de Pedra Branca - CE,CE,Disponibilidade de Caixa,9539593.39
2022,Prefeitura Municipal de Pedra Branca - CE,CE,Disponibilidade de Caixa Bruta,17983369.19
2022,Prefeitura Municipal de Pedra Branca - CE,CE,RECEITA CORRENTE LÍQUIDA,114543372.11
2022,Prefeitura Municipal de Pedra Branca - CE,CE,% da DC sobre a RCL AJUSTADA (I/VI),38.14
2022,Prefeitura Municipal de Pedra Branca - CE,CE,% da DCL sobre a RCL AJUSTADA,29.7
2022,Prefeitura Municipal de Pentecoste - CE,CE,DÍVIDA CONSOLIDADA,27636157.11
2022,Prefeitura Municipal de Pentecoste - CE,CE,Disponibilidade de Caixa,14753410.32
2022,Prefeitura Municipal de Pentecoste - CE,CE,Disponibilidade de Caixa Bruta,21127564.53
2022,Prefeitura Municipal de Pentecoste - CE,CE,RECEITA CORRENTE LÍQUIDA,127379069.26
2022,Prefeitura Municipal de Pentecoste - CE,CE,% da DC sobre a RCL AJUSTADA (I/VI),21.96
2022,Prefeitura Municipal de Pentecoste - CE,CE,% da DCL sobre a RCL AJUSTADA,10.24
2022,Prefeitura Municipal de Pindoretama - CE,CE,DÍVIDA CONSOLIDADA,1164436.46
2022,Prefeitura Municipal de Pindoretama - CE,CE,Disponibilidade de Caixa,10058962.99
2022,Prefeitura Municipal de Pindoretama - CE,CE,Disponibilidade de Caixa Bruta,12630618.61
2022,Prefeitura Municipal de Pindoretama - CE,CE,RECEITA CORRENTE LÍQUIDA,82075627.77
2022,Prefeitura Municipal de Pindoretama - CE,CE,% da DC sobre a RCL AJUSTADA (I/VI),1.44
2022,Prefeitura Municipal de Pindoretama - CE,CE,% da DCL sobre a RCL AJUSTADA,-10.98
2022,Prefeitura Municipal de Pindoretama - CE,CE,Precatórios (Não incluídos na DC),189318.01
2022,Prefeitura Municipal de Penaforte - CE,CE,DÍVIDA CONSOLIDADA,19097388.96
2022,Prefeitura Municipal de Penaforte - CE,CE,Disponibilidade de Caixa,400786.45
2022,Prefeitura Municipal de Penaforte - CE,CE,Disponibilidade de Caixa Bruta,2025077.19
2022,Prefeitura Municipal de Penaforte - CE,CE,RECEITA CORRENTE LÍQUIDA,34373068.72
2022,Prefeitura Municipal de Penaforte - CE,CE,% da DC sobre a RCL AJUSTADA (I/VI),57.22
2022,Prefeitura Municipal de Penaforte - CE,CE,% da DCL sobre a RCL AJUSTADA,56.02
2022,Prefeitura Municipal de Piquet Carneiro - CE,CE,DÍVIDA CONSOLIDADA,13409309.5
2022,Prefeitura Municipal de Piquet Carneiro - CE,CE,Disponibilidade de Caixa,7449075.11
2022,Prefeitura Municipal de Piquet Carneiro - CE,CE,Disponibilidade de Caixa Bruta,8573839.16
2022,Prefeitura Municipal de Piquet Carneiro - CE,CE,RECEITA CORRENTE LÍQUIDA,56972905.37
2022,Prefeitura Municipal de Piquet Carneiro - CE,CE,% da DC sobre a RCL AJUSTADA (I/VI),23.54
2022,Prefeitura Municipal de Piquet Carneiro - CE,CE,% da DCL sobre a RCL AJUSTADA,10.46
2022,Prefeitura Municipal de Pires Ferreira - CE,CE,Disponibilidade de Caixa,977745.82
2022,Prefeitura Municipal de Pires Ferreira - CE,CE,Disponibilidade de Caixa Bruta,5484143.26
2022,Prefeitura Municipal de Pires Ferreira - CE,CE,RECEITA CORRENTE LÍQUIDA,38919124.78
2022,Prefeitura Municipal de Pires Ferreira - CE,CE,% da DCL sobre a RCL AJUSTADA,-2.54
2022,Prefeitura Municipal de Potengi - CE,CE,DÍVIDA CONSOLIDADA,8094377.78
2022,Prefeitura Municipal de Potengi - CE,CE,Disponibilidade de Caixa,3306354.16
2022,Prefeitura Municipal de Potengi - CE,CE,Disponibilidade de Caixa Bruta,3701712.59
2022,Prefeitura Municipal de Potengi - CE,CE,RECEITA CORRENTE LÍQUIDA,33793550.21
2022,Prefeitura Municipal de Potengi - CE,CE,% da DC sobre a RCL AJUSTADA (I/VI),23.95
2022,Prefeitura Municipal de Potengi - CE,CE,% da DCL sobre a RCL AJUSTADA,14.17
2022,Prefeitura Municipal de Porteiras - CE,CE,DÍVIDA CONSOLIDADA,1550464.35
2022,Prefeitura Municipal de Porteiras - CE,CE,Disponibilidade de Caixa,19499056.69
2022,Prefeitura Municipal de Porteiras - CE,CE,Disponibilidade de Caixa Bruta,19657172.93
2022,Prefeitura Municipal de Porteiras - CE,CE,RECEITA CORRENTE LÍQUIDA,58929575.63
2022,Prefeitura Municipal de Porteiras - CE,CE,% da DC sobre a RCL AJUSTADA (I/VI),2.64
2022,Prefeitura Municipal de Porteiras - CE,CE,% da DCL sobre a RCL AJUSTADA,-30.57
2022,Prefeitura Municipal de Quixadá - CE,CE,DÍVIDA CONSOLIDADA,35813671.96
2022,Prefeitura Municipal de Quixadá - CE,CE,Precatórios (inclusive) Vencidos e Não Pagos,606748.47
2022,Prefeitura Municipal de Quixadá - CE,CE,Disponibilidade de Caixa,18687277.65
2022,Prefeitura Municipal de Quixadá - CE,CE,Disponibilidade de Caixa Bruta,29049707.71
2022,Prefeitura Municipal de Quixadá - CE,CE,RECEITA CORRENTE LÍQUIDA,244321746.68
2022,Prefeitura Municipal de Quixadá - CE,CE,% da DC sobre a RCL AJUSTADA (I/VI),14.8
2022,Prefeitura Municipal de Quixadá - CE,CE,% da DCL sobre a RCL AJUSTADA,7.08
2022,Prefeitura Municipal de Quixadá - CE,CE,Precatórios (Não incluídos na DC),45788.91
2022,Prefeitura Municipal de Potiretama - CE,CE,DÍVIDA CONSOLIDADA,12337835.79
2022,Prefeitura Municipal de Potiretama - CE,CE,Disponibilidade de Caixa,-322765.6
2022,Prefeitura Municipal de Potiretama - CE,CE,Disponibilidade de Caixa Bruta,3824471.43
2022,Prefeitura Municipal de Potiretama - CE,CE,RECEITA CORRENTE LÍQUIDA,31663386.14
2022,Prefeitura Municipal de Potiretama - CE,CE,% da DC sobre a RCL AJUSTADA (I/VI),39.59
2022,Prefeitura Municipal de Potiretama - CE,CE,% da DCL sobre a RCL AJUSTADA,40.25
2022,Prefeitura Municipal de Quixeramobim - CE,CE,DÍVIDA CONSOLIDADA,91812120.08
2022,Prefeitura Municipal de Quixeramobim - CE,CE,Disponibilidade de Caixa,35639739.15
2022,Prefeitura Municipal de Quixeramobim - CE,CE,Disponibilidade de Caixa Bruta,44320163.73
2022,Prefeitura Municipal de Quixeramobim - CE,CE,RECEITA CORRENTE LÍQUIDA,260835086.32
2022,Prefeitura Municipal de Quixeramobim - CE,CE,% da DC sobre a RCL AJUSTADA (I/VI),35.53
2022,Prefeitura Municipal de Quixeramobim - CE,CE,% da DCL sobre a RCL AJUSTADA,21.74
2022,Prefeitura Municipal de Quixelô - CE,CE,DÍVIDA CONSOLIDADA,5817707.46
2022,Prefeitura Municipal de Quixelô - CE,CE,Disponibilidade de Caixa,1693776.29
2022,Prefeitura Municipal de Quixelô - CE,CE,Disponibilidade de Caixa Bruta,6344853.66
2022,Prefeitura Municipal de Quixelô - CE,CE,RECEITA CORRENTE LÍQUIDA,58867302.63
2022,Prefeitura Municipal de Quixelô - CE,CE,% da DC sobre a RCL AJUSTADA (I/VI),9.98
2022,Prefeitura Municipal de Quixelô - CE,CE,% da DCL sobre a RCL AJUSTADA,7.08
2022,Prefeitura Municipal de Quixeré - CE,CE,DÍVIDA CONSOLIDADA,9873431.75
2022,Prefeitura Municipal de Quixeré - CE,CE,Disponibilidade de Caixa,13030077.9
2022,Prefeitura Municipal de Quixeré - CE,CE,Disponibilidade de Caixa Bruta,14212778.7
2022,Prefeitura Municipal de Quixeré - CE,CE,RECEITA CORRENTE LÍQUIDA,76826186.72
2022,Prefeitura Municipal de Quixeré - CE,CE,% da DC sobre a RCL AJUSTADA (I/VI),13.12
2022,Prefeitura Municipal de Quixeré - CE,CE,% da DCL sobre a RCL AJUSTADA,-4.21
2022,Prefeitura Municipal de Russas - CE,CE,DÍVIDA CONSOLIDADA,12753184.96
2022,Prefeitura Municipal de Russas - CE,CE,Disponibilidade de Caixa,26930187.37
2022,Prefeitura Municipal de Russas - CE,CE,Disponibilidade de Caixa Bruta,29364053.77
2022,Prefeitura Municipal de Russas - CE,CE,RECEITA CORRENTE LÍQUIDA,230494307.11
2022,Prefeitura Municipal de Russas - CE,CE,% da DC sobre a RCL AJUSTADA (I/VI),5.54
2022,Prefeitura Municipal de Russas - CE,CE,% da DCL sobre a RCL AJUSTADA,-6.16
2022,Prefeitura Municipal de Russas - CE,CE,Precatórios (Não incluídos na DC),8171.96
2022,Prefeitura Municipal de Redenção - CE,CE,DÍVIDA CONSOLIDADA,86204664.24
2022,Prefeitura Municipal de Redenção - CE,CE,Disponibilidade de Caixa,13984003.14
2022,Prefeitura Municipal de Redenção - CE,CE,Disponibilidade de Caixa Bruta,15092720.32
2022,Prefeitura Municipal de Redenção - CE,CE,RECEITA CORRENTE LÍQUIDA,102689779.67
2022,Prefeitura Municipal de Redenção - CE,CE,% da DC sobre a RCL AJUSTADA (I/VI),85.02
2022,Prefeitura Municipal de Redenção - CE,CE,% da DCL sobre a RCL AJUSTADA,71.23
2022,Prefeitura Municipal de Reriutaba - CE,CE,DÍVIDA CONSOLIDADA,13457807.63
2022,Prefeitura Municipal de Reriutaba - CE,CE,Disponibilidade de Caixa,-1733829.26
2022,Prefeitura Municipal de Reriutaba - CE,CE,Disponibilidade de Caixa Bruta,6302930.9
2022,Prefeitura Municipal de Reriutaba - CE,CE,RECEITA CORRENTE LÍQUIDA,61872219.22
2022,Prefeitura Municipal de Reriutaba - CE,CE,% da DC sobre a RCL AJUSTADA (I/VI),21.75
2022,Prefeitura Municipal de Reriutaba - CE,CE,% da DCL sobre a RCL AJUSTADA,24.55
2022,Prefeitura Municipal de Reriutaba - CE,CE,Precatórios (Não incluídos na DC),529121.9
2022,Prefeitura Municipal de Saboeiro - CE,CE,DÍVIDA CONSOLIDADA,15174599.57
2022,Prefeitura Municipal de Saboeiro - CE,CE,Disponibilidade de Caixa,4267669.62
2022,Prefeitura Municipal de Saboeiro - CE,CE,Disponibilidade de Caixa Bruta,5668007.09
2022,Prefeitura Municipal de Saboeiro - CE,CE,RECEITA CORRENTE LÍQUIDA,56409782.43
2022,Prefeitura Municipal de Saboeiro - CE,CE,% da DC sobre a RCL AJUSTADA (I/VI),26.9
2022,Prefeitura Municipal de Saboeiro - CE,CE,% da DCL sobre a RCL AJUSTADA,19.34
2022,Prefeitura Municipal de Salitre - CE,CE,DÍVIDA CONSOLIDADA,9729553.29
2022,Prefeitura Municipal de Salitre - CE,CE,Disponibilidade de Caixa,-980727.35
2022,Prefeitura Municipal de Salitre - CE,CE,Disponibilidade de Caixa Bruta,5910693.15
2022,Prefeitura Municipal de Salitre - CE,CE,RECEITA CORRENTE LÍQUIDA,66362647.81
2022,Prefeitura Municipal de Salitre - CE,CE,% da DC sobre a RCL AJUSTADA (I/VI),14.73
2022,Prefeitura Municipal de Salitre - CE,CE,% da DCL sobre a RCL AJUSTADA,16.21
2022,Prefeitura Municipal de Santana do Acaraú - CE,CE,DÍVIDA CONSOLIDADA,22409989.9
2022,Prefeitura Municipal de Santana do Acaraú - CE,CE,Disponibilidade de Caixa,8551008.57
2022,Prefeitura Municipal de Santana do Acaraú - CE,CE,Disponibilidade de Caixa Bruta,13541920.76
2022,Prefeitura Municipal de Santana do Acaraú - CE,CE,RECEITA CORRENTE LÍQUIDA,81588650.99
2022,Prefeitura Municipal de Santana do Acaraú - CE,CE,% da DC sobre a RCL AJUSTADA (I/VI),27.58
2022,Prefeitura Municipal de Santana do Acaraú - CE,CE,% da DCL sobre a RCL AJUSTADA,16.97
2022,Prefeitura Municipal de Santa Quitéria - CE,CE,DÍVIDA CONSOLIDADA,32708440.57
2022,Prefeitura Municipal de Santa Quitéria - CE,CE,Precatórios (inclusive) Vencidos e Não Pagos,349452.04
2022,Prefeitura Municipal de Santa Quitéria - CE,CE,Disponibilidade de Caixa,8388249.98
2022,Prefeitura Municipal de Santa Quitéria - CE,CE,Disponibilidade de Caixa Bruta,15230561.7
2022,Prefeitura Municipal de Santa Quitéria - CE,CE,RECEITA CORRENTE LÍQUIDA,132664775.24
2022,Prefeitura Municipal de Santa Quitéria - CE,CE,% da DC sobre a RCL AJUSTADA (I/VI),25.08
2022,Prefeitura Municipal de Santa Quitéria - CE,CE,% da DCL sobre a RCL AJUSTADA,18.65
2022,Prefeitura Municipal de São Benedito - CE,CE,DÍVIDA CONSOLIDADA,17057010.36
2022,Prefeitura Municipal de São Benedito - CE,CE,Disponibilidade de Caixa,5021817.72
2022,Prefeitura Municipal de São Benedito - CE,CE,Disponibilidade de Caixa Bruta,17604552.9
2022,Prefeitura Municipal de São Benedito - CE,CE,RECEITA CORRENTE LÍQUIDA,145711055.34
2022,Prefeitura Municipal de São Benedito - CE,CE,% da DC sobre a RCL AJUSTADA (I/VI),11.79
2022,Prefeitura Municipal de São Benedito - CE,CE,% da DCL sobre a RCL AJUSTADA,8.32
2022,Prefeitura Municipal de São Benedito - CE,CE,Precatórios (Não incluídos na DC),14229.51
2022,Prefeitura Municipal de São Gonçalo do Amarante - CE,CE,Disponibilidade de Caixa,56158551.36
2022,Prefeitura Municipal de São Gonçalo do Amarante - CE,CE,Disponibilidade de Caixa Bruta,61137215.08
2022,Prefeitura Municipal de São Gonçalo do Amarante - CE,CE,RECEITA CORRENTE LÍQUIDA,394853133.48
2022,Prefeitura Municipal de São Gonçalo do Amarante - CE,CE,% da DCL sobre a RCL AJUSTADA,-14.23
2022,Prefeitura Municipal de São João do Jaguaribe - CE,CE,DÍVIDA CONSOLIDADA,3669381.95
2022,Prefeitura Municipal de São João do Jaguaribe - CE,CE,Disponibilidade de Caixa,6446726.17
2022,Prefeitura Municipal de São João do Jaguaribe - CE,CE,Disponibilidade de Caixa Bruta,7199952.47
2022,Prefeitura Municipal de São João do Jaguaribe - CE,CE,RECEITA CORRENTE LÍQUIDA,26878785.17
2022,Prefeitura Municipal de São João do Jaguaribe - CE,CE,% da DC sobre a RCL AJUSTADA (I/VI),13.65
2022,Prefeitura Municipal de São João do Jaguaribe - CE,CE,% da DCL sobre a RCL AJUSTADA,-10.33
2022,Prefeitura Municipal de São Luís do Curu - CE,CE,DÍVIDA CONSOLIDADA,11131945.1
2022,Prefeitura Municipal de São Luís do Curu - CE,CE,Disponibilidade de Caixa,158481.61
2022,Prefeitura Municipal de São Luís do Curu - CE,CE,Disponibilidade de Caixa Bruta,1733610.47
2022,Prefeitura Municipal de São Luís do Curu - CE,CE,RECEITA CORRENTE LÍQUIDA,37352466.1
2022,Prefeitura Municipal de São Luís do Curu - CE,CE,% da DC sobre a RCL AJUSTADA (I/VI),30.37
2022,Prefeitura Municipal de São Luís do Curu - CE,CE,% da DCL sobre a RCL AJUSTADA,29.94
2022,Prefeitura Municipal de Senador Pompeu - CE,CE,DÍVIDA CONSOLIDADA,24055980.47
2022,Prefeitura Municipal de Senador Pompeu - CE,CE,Disponibilidade de Caixa,16396164.99
2022,Prefeitura Municipal de Senador Pompeu - CE,CE,Disponibilidade de Caixa Bruta,17771625.24
2022,Prefeitura Municipal de Senador Pompeu - CE,CE,RECEITA CORRENTE LÍQUIDA,75520729.11
2022,Prefeitura Municipal de Senador Pompeu - CE,CE,% da DC sobre a RCL AJUSTADA (I/VI),32.41
2022,Prefeitura Municipal de Senador Pompeu - CE,CE,% da DCL sobre a RCL AJUSTADA,10.32
2022,Prefeitura Municipal de Senador Pompeu - CE,CE,Precatórios (Não incluídos na DC),5505021.77
2022,Prefeitura Municipal de Sobral - CE,CE,DÍVIDA CONSOLIDADA,126332667.06
2022,Prefeitura Municipal de Sobral - CE,CE,Disponibilidade de Caixa,164907278.22
2022,Prefeitura Municipal de Sobral - CE,CE,Disponibilidade de Caixa Bruta,206473141.16
2022,Prefeitura Municipal de Sobral - CE,CE,RECEITA CORRENTE LÍQUIDA,884839049.46
2022,Prefeitura Municipal de Sobral - CE,CE,% da DC sobre a RCL AJUSTADA (I/VI),14.36
2022,Prefeitura Municipal de Sobral - CE,CE,% da DCL sobre a RCL AJUSTADA,-4.38
2022,Prefeitura Municipal de Solonópole - CE,CE,DÍVIDA CONSOLIDADA,19191003.16
2022,Prefeitura Municipal de Solonópole - CE,CE,Precatórios (inclusive) Vencidos e Não Pagos,30657.19
2022,Prefeitura Municipal de Solonópole - CE,CE,Disponibilidade de Caixa,10384306.43
2022,Prefeitura Municipal de Solonópole - CE,CE,Disponibilidade de Caixa Bruta,13767837.75
2022,Prefeitura Municipal de Solonópole - CE,CE,RECEITA CORRENTE LÍQUIDA,71346969.01
2022,Prefeitura Municipal de Solonópole - CE,CE,% da DC sobre a RCL AJUSTADA (I/VI),26.98
2022,Prefeitura Municipal de Solonópole - CE,CE,% da DCL sobre a RCL AJUSTADA,12.36
2022,Prefeitura Municipal de Solonópole - CE,CE,Precatórios (Não incluídos na DC),114641.6
2022,Prefeitura Municipal de Tamboril - CE,CE,DÍVIDA CONSOLIDADA,3728874.7
2022,Prefeitura Municipal de Tamboril - CE,CE,Disponibilidade de Caixa,9584994.12
2022,Prefeitura Municipal de Tamboril - CE,CE,Disponibilidade de Caixa Bruta,13773134.3
2022,Prefeitura Municipal de Tamboril - CE,CE,RECEITA CORRENTE LÍQUIDA,78883909.52
2022,Prefeitura Municipal de Tamboril - CE,CE,% da DC sobre a RCL AJUSTADA (I/VI),4.8
2022,Prefeitura Municipal de Tamboril - CE,CE,% da DCL sobre a RCL AJUSTADA,-7.53
2022,Prefeitura Municipal de Tamboril - CE,CE,Precatórios (Não incluídos na DC),18000.0
2022,Prefeitura Municipal de Tabuleiro do Norte - CE,CE,DÍVIDA CONSOLIDADA,20477758.24
2022,Prefeitura Municipal de Tabuleiro do Norte - CE,CE,Disponibilidade de Caixa,11471000.99
2022,Prefeitura Municipal de Tabuleiro do Norte - CE,CE,Disponibilidade de Caixa Bruta,13779817.47
2022,Prefeitura Municipal de Tabuleiro do Norte - CE,CE,RECEITA CORRENTE LÍQUIDA,86659174.25
2022,Prefeitura Municipal de Tabuleiro do Norte - CE,CE,% da DC sobre a RCL AJUSTADA (I/VI),23.98
2022,Prefeitura Municipal de Tabuleiro do Norte - CE,CE,% da DCL sobre a RCL AJUSTADA,10.55
2022,Prefeitura Municipal de Tianguá - CE,CE,DÍVIDA CONSOLIDADA,6694194.87
2022,Prefeitura Municipal de Tianguá - CE,CE,Disponibilidade de Caixa,47457000.45
2022,Prefeitura Municipal de Tianguá - CE,CE,Disponibilidade de Caixa Bruta,63602773.56
2022,Prefeitura Municipal de Tianguá - CE,CE,RECEITA CORRENTE LÍQUIDA,270299210.34
2022,Prefeitura Municipal de Tianguá - CE,CE,% da DC sobre a RCL AJUSTADA (I/VI),2.48
2022,Prefeitura Municipal de Tianguá - CE,CE,% da DCL sobre a RCL AJUSTADA,-15.14
2022,Prefeitura Municipal de Tianguá - CE,CE,Precatórios (Não incluídos na DC),239122.55
2022,Prefeitura Municipal de Tejuçuoca - CE,CE,DÍVIDA CONSOLIDADA,32469624.02
2022,Prefeitura Municipal de Tejuçuoca - CE,CE,Disponibilidade de Caixa,14767620.41
2022,Prefeitura Municipal de Tejuçuoca - CE,CE,Disponibilidade de Caixa Bruta,18336789.94
2022,Prefeitura Municipal de Tejuçuoca - CE,CE,RECEITA CORRENTE LÍQUIDA,68628349.91
2022,Prefeitura Municipal de Tejuçuoca - CE,CE,% da DC sobre a RCL AJUSTADA (I/VI),47.52
2022,Prefeitura Municipal de Tejuçuoca - CE,CE,% da DCL sobre a RCL AJUSTADA,25.91
2022,Prefeitura Municipal de Tarrafas - CE,CE,DÍVIDA CONSOLIDADA,14385634.65
2022,Prefeitura Municipal de Tarrafas - CE,CE,Disponibilidade de Caixa,4039353.71
2022,Prefeitura Municipal de Tarrafas - CE,CE,Disponibilidade de Caixa Bruta,4496665.87
2022,Prefeitura Municipal de Tarrafas - CE,CE,RECEITA CORRENTE LÍQUIDA,30999978.11
2022,Prefeitura Municipal de Tarrafas - CE,CE,% da DC sobre a RCL AJUSTADA (I/VI),46.41
2022,Prefeitura Municipal de Tarrafas - CE,CE,% da DCL sobre a RCL AJUSTADA,33.38
2022,Prefeitura Municipal de Tauá - CE,CE,DÍVIDA CONSOLIDADA,32479833.32
2022,Prefeitura Municipal de Tauá - CE,CE,Disponibilidade de Caixa,134392637.42
2022,Prefeitura Municipal de Tauá - CE,CE,Disponibilidade de Caixa Bruta,141563857.49
2022,Prefeitura Municipal de Tauá - CE,CE,RECEITA CORRENTE LÍQUIDA,262444781.47
2022,Prefeitura Municipal de Tauá - CE,CE,% da DC sobre a RCL AJUSTADA (I/VI),12.38
2022,Prefeitura Municipal de Tauá - CE,CE,% da DCL sobre a RCL AJUSTADA,-38.83
2022,Prefeitura Municipal de Ubajara - CE,CE,DÍVIDA CONSOLIDADA,1420608.27
2022,Prefeitura Municipal de Ubajara - CE,CE,Disponibilidade de Caixa,42313629.69
2022,Prefeitura Municipal de Ubajara - CE,CE,Disponibilidade de Caixa Bruta,44474727.66
2022,Prefeitura Municipal de Ubajara - CE,CE,RECEITA CORRENTE LÍQUIDA,119566851.93
2022,Prefeitura Municipal de Ubajara - CE,CE,% da DC sobre a RCL AJUSTADA (I/VI),1.2
2022,Prefeitura Municipal de Ubajara - CE,CE,% da DCL sobre a RCL AJUSTADA,-34.69
2022,Prefeitura Municipal de Trairi - CE,CE,DÍVIDA CONSOLIDADA,20221305.92
2022,Prefeitura Municipal de Trairi - CE,CE,Disponibilidade de Caixa,23085990.16
2022,Prefeitura Municipal de Trairi - CE,CE,Disponibilidade de Caixa Bruta,27482335.85
2022,Prefeitura Municipal de Trairi - CE,CE,RECEITA CORRENTE LÍQUIDA,199116828.44
2022,Prefeitura Municipal de Trairi - CE,CE,% da DC sobre a RCL AJUSTADA (I/VI),10.22
2022,Prefeitura Municipal de Trairi - CE,CE,% da DCL sobre a RCL AJUSTADA,-1.45
2022,Prefeitura Municipal de Trairi - CE,CE,Precatórios (Não incluídos na DC),31646516.75
2022,Prefeitura Municipal de Tururu - CE,CE,DÍVIDA CONSOLIDADA,15073172.88
2022,Prefeitura Municipal de Tururu - CE,CE,Disponibilidade de Caixa,11897640.78
2022,Prefeitura Municipal de Tururu - CE,CE,Disponibilidade de Caixa Bruta,12783249.23
2022,Prefeitura Municipal de Tururu - CE,CE,RECEITA CORRENTE LÍQUIDA,54440507.71
2022,Prefeitura Municipal de Tururu - CE,CE,% da DC sobre a RCL AJUSTADA (I/VI),28.47
2022,Prefeitura Municipal de Tururu - CE,CE,% da DCL sobre a RCL AJUSTADA,6.0
2022,Prefeitura Municipal de Umari - CE,CE,DÍVIDA CONSOLIDADA,15098537.5
2022,Prefeitura Municipal de Umari - CE,CE,Disponibilidade de Caixa,-1626018.87
2022,Prefeitura Municipal de Umari - CE,CE,Disponibilidade de Caixa Bruta,1969643.53
2022,Prefeitura Municipal de Umari - CE,CE,RECEITA CORRENTE LÍQUIDA,28022260.54
2022,Prefeitura Municipal de Umari - CE,CE,% da DC sobre a RCL AJUSTADA (I/VI),55.26
2022,Prefeitura Municipal de Umari - CE,CE,% da DCL sobre a RCL AJUSTADA,61.13
2022,Prefeitura Municipal de Umirim - CE,CE,DÍVIDA CONSOLIDADA,17742603.25
2022,Prefeitura Municipal de Umirim - CE,CE,Disponibilidade de Caixa,1904347.57
2022,Prefeitura Municipal de Umirim - CE,CE,Disponibilidade de Caixa Bruta,4781613.48
2022,Prefeitura Municipal de Umirim - CE,CE,RECEITA CORRENTE LÍQUIDA,57529946.65
2022,Prefeitura Municipal de Umirim - CE,CE,% da DC sobre a RCL AJUSTADA (I/VI),30.84
2022,Prefeitura Municipal de Umirim - CE,CE,% da DCL sobre a RCL AJUSTADA,27.53
2022,Prefeitura Municipal de Uruburetama - CE,CE,DÍVIDA CONSOLIDADA,36531952.86
2022,Prefeitura Municipal de Uruburetama - CE,CE,Disponibilidade de Caixa,6318733.81
2022,Prefeitura Municipal de Uruburetama - CE,CE,Disponibilidade de Caixa Bruta,7212190.26
2022,Prefeitura Municipal de Uruburetama - CE,CE,RECEITA CORRENTE LÍQUIDA,67365401.77
2022,Prefeitura Municipal de Uruburetama - CE,CE,% da DC sobre a RCL AJUSTADA (I/VI),54.23
2022,Prefeitura Municipal de Uruburetama - CE,CE,% da DCL sobre a RCL AJUSTADA,44.85
2022,Prefeitura Municipal de Várzea Alegre - CE,CE,DÍVIDA CONSOLIDADA,21712607.69
2022,Prefeitura Municipal de Várzea Alegre - CE,CE,Disponibilidade de Caixa,22565669.16
2022,Prefeitura Municipal de Várzea Alegre - CE,CE,Disponibilidade de Caixa Bruta,24565685.89
2022,Prefeitura Municipal de Várzea Alegre - CE,CE,RECEITA CORRENTE LÍQUIDA,118649398.2
2022,Prefeitura Municipal de Várzea Alegre - CE,CE,% da DC sobre a RCL AJUSTADA (I/VI),18.64
2022,Prefeitura Municipal de Várzea Alegre - CE,CE,% da DCL sobre a RCL AJUSTADA,-0.73
2022,Prefeitura Municipal de Viçosa do Ceará - CE,CE,DÍVIDA CONSOLIDADA,5772884.14
2022,Prefeitura Municipal de Viçosa do Ceará - CE,CE,Disponibilidade de Caixa,48177922.92
2022,Prefeitura Municipal de Viçosa do Ceará - CE,CE,Disponibilidade de Caixa Bruta,49852914.75
2022,Prefeitura Municipal de Viçosa do Ceará - CE,CE,RECEITA CORRENTE LÍQUIDA,167697905.88
2022,Prefeitura Municipal de Viçosa do Ceará - CE,CE,% da DC sobre a RCL AJUSTADA (I/VI),3.45
2022,Prefeitura Municipal de Viçosa do Ceará - CE,CE,% da DCL sobre a RCL AJUSTADA,-25.42
2022,Prefeitura Municipal de Viçosa do Ceará - CE,CE,Precatórios (Não incluídos na DC),302877.31
2023,Prefeitura Municipal de Abaiara - CE,CE,DÍVIDA CONSOLIDADA,14974749.58
2023,Prefeitura Municipal de Abaiara - CE,CE,Disponibilidade de Caixa,6368245.12
2023,Prefeitura Municipal de Abaiara - CE,CE,Disponibilidade de Caixa Bruta,7157080.87
2023,Prefeitura Municipal de Abaiara - CE,CE,RECEITA CORRENTE LÍQUIDA,48294077.99
2023,Prefeitura Municipal de Abaiara - CE,CE,% da DC sobre a RCL AJUSTADA (I/VI),31.01
2023,Prefeitura Municipal de Abaiara - CE,CE,% da DCL sobre a RCL AJUSTADA,17.82
2023,Prefeitura Municipal de Acarape - CE,CE,DÍVIDA CONSOLIDADA,27191035.59
2023,Prefeitura Municipal de Acarape - CE,CE,Disponibilidade de Caixa,2375754.45
2023,Prefeitura Municipal de Acarape - CE,CE,Disponibilidade de Caixa Bruta,8561805.46
2023,Prefeitura Municipal de Acarape - CE,CE,RECEITA CORRENTE LÍQUIDA,59120515.5
2023,Prefeitura Municipal de Acarape - CE,CE,% da DC sobre a RCL AJUSTADA (I/VI),45.99
2023,Prefeitura Municipal de Acarape - CE,CE,% da DCL sobre a RCL AJUSTADA,41.97
2023,Prefeitura Municipal de Acaraú - CE,CE,DÍVIDA CONSOLIDADA,114581269.84
2023,Prefeitura Municipal de Acaraú - CE,CE,Disponibilidade de Caixa,3633396.62
2023,Prefeitura Municipal de Acaraú - CE,CE,Disponibilidade de Caixa Bruta,15982370.3
2023,Prefeitura Municipal de Acaraú - CE,CE,RECEITA CORRENTE LÍQUIDA,229276276.6
2023,Prefeitura Municipal de Acaraú - CE,CE,% da DC sobre a RCL AJUSTADA (I/VI),50.33
2023,Prefeitura Municipal de Acaraú - CE,CE,% da DCL sobre a RCL AJUSTADA,48.73
2023,Prefeitura Municipal de Acopiara - CE,CE,DÍVIDA CONSOLIDADA,41400486.07
2023,Prefeitura Municipal de Acopiara - CE,CE,Disponibilidade de Caixa,-14924667.04
2023,Prefeitura Municipal de Acopiara - CE,CE,Disponibilidade de Caixa Bruta,9670013.6
2023,Prefeitura Municipal de Acopiara - CE,CE,RECEITA CORRENTE LÍQUIDA,153153169.6
2023,Prefeitura Municipal de Acopiara - CE,CE,% da DC sobre a RCL AJUSTADA (I/VI),27.03
2023,Prefeitura Municipal de Acopiara - CE,CE,% da DCL sobre a RCL AJUSTADA,36.78
2023,Prefeitura Municipal de Alcântaras - CE,CE,DÍVIDA CONSOLIDADA,4765705.48
2023,Prefeitura Municipal de Alcântaras - CE,CE,Disponibilidade de Caixa,4635436.17
2023,Prefeitura Municipal de Alcântaras - CE,CE,Disponibilidade de Caixa Bruta,5954118.79
2023,Prefeitura Municipal de Alcântaras - CE,CE,RECEITA CORRENTE LÍQUIDA,49192461.13
2023,Prefeitura Municipal de Alcântaras - CE,CE,% da DC sobre a RCL AJUSTADA (I/VI),10.11
2023,Prefeitura Municipal de Alcântaras - CE,CE,% da DCL sobre a RCL AJUSTADA,0.28
2023,Prefeitura Municipal de Aiuaba - CE,CE,DÍVIDA CONSOLIDADA,22333873.5
2023,Prefeitura Municipal de Aiuaba - CE,CE,Disponibilidade de Caixa,15960877.95
2023,Prefeitura Municipal de Aiuaba - CE,CE,Disponibilidade de Caixa Bruta,16636172.18
2023,Prefeitura Municipal de Aiuaba - CE,CE,RECEITA CORRENTE LÍQUIDA,64053467.46
2023,Prefeitura Municipal de Aiuaba - CE,CE,% da DC sobre a RCL AJUSTADA (I/VI),35.11
2023,Prefeitura Municipal de Aiuaba - CE,CE,% da DCL sobre a RCL AJUSTADA,10.02
2023,Prefeitura Municipal de Altaneira - CE,CE,DÍVIDA CONSOLIDADA,10552333.19
2023,Prefeitura Municipal de Altaneira - CE,CE,Disponibilidade de Caixa,4608063.7
2023,Prefeitura Municipal de Altaneira - CE,CE,Disponibilidade de Caixa Bruta,7241881.48
2023,Prefeitura Municipal de Altaneira - CE,CE,RECEITA CORRENTE LÍQUIDA,42666835.59
2023,Prefeitura Municipal de Altaneira - CE,CE,% da DC sobre a RCL AJUSTADA (I/VI),24.97
2023,Prefeitura Municipal de Altaneira - CE,CE,% da DCL sobre a RCL AJUSTADA,14.06
2023,Prefeitura Municipal de Altaneira - CE,CE,Precatórios (Não incluídos na DC),1380.0
2023,Prefeitura Municipal de Alto Santo - CE,CE,DÍVIDA CONSOLIDADA,11259797.71
2023,Prefeitura Municipal de Alto Santo - CE,CE,Disponibilidade de Caixa,-2942170.53
2023,Prefeitura Municipal de Alto Santo - CE,CE,Disponibilidade de Caixa Bruta,7631104.64
2023,Prefeitura Municipal de Alto Santo - CE,CE,RECEITA CORRENTE LÍQUIDA,68109481.35
2023,Prefeitura Municipal de Alto Santo - CE,CE,% da DC sobre a RCL AJUSTADA (I/VI),16.85
2023,Prefeitura Municipal de Alto Santo - CE,CE,% da DCL sobre a RCL AJUSTADA,21.26
2023,Prefeitura Municipal de Amontada - CE,CE,DÍVIDA CONSOLIDADA,46720555.74
2023,Prefeitura Municipal de Amontada - CE,CE,Precatórios (inclusive) Vencidos e Não Pagos,659669.32
2023,Prefeitura Municipal de Amontada - CE,CE,Disponibilidade de Caixa,786589.18
2023,Prefeitura Municipal de Amontada - CE,CE,Disponibilidade de Caixa Bruta,11386251.12
2023,Prefeitura Municipal de Amontada - CE,CE,RECEITA CORRENTE LÍQUIDA,173152643.17
2023,Prefeitura Municipal de Amontada - CE,CE,% da DC sobre a RCL AJUSTADA (I/VI),27.19
2023,Prefeitura Municipal de Amontada - CE,CE,% da DCL sobre a RCL AJUSTADA,24.12
2023,Prefeitura Municipal de Apuiarés - CE,CE,DÍVIDA CONSOLIDADA,9398620.17
2023,Prefeitura Municipal de Apuiarés - CE,CE,Disponibilidade de Caixa,5638244.99
2023,Prefeitura Municipal de Apuiarés - CE,CE,Disponibilidade de Caixa Bruta,6369696.11
2023,Prefeitura Municipal de Apuiarés - CE,CE,RECEITA CORRENTE LÍQUIDA,55622727.45
2023,Prefeitura Municipal de Apuiarés - CE,CE,% da DC sobre a RCL AJUSTADA (I/VI),16.95
2023,Prefeitura Municipal de Apuiarés - CE,CE,% da DCL sobre a RCL AJUSTADA,6.78
2023,Prefeitura Municipal de Antonina do Norte - CE,CE,DÍVIDA CONSOLIDADA,8965610.84
2023,Prefeitura Municipal de Antonina do Norte - CE,CE,Disponibilidade de Caixa,-800470.57
2023,Prefeitura Municipal de Antonina do Norte - CE,CE,Disponibilidade de Caixa Bruta,179392.0
2023,Prefeitura Municipal de Antonina do Norte - CE,CE,RECEITA CORRENTE LÍQUIDA,38523784.53
2023,Prefeitura Municipal de Antonina do Norte - CE,CE,% da DC sobre a RCL AJUSTADA (I/VI),23.59
2023,Prefeitura Municipal de Antonina do Norte - CE,CE,% da DCL sobre a RCL AJUSTADA,25.67
2023,Prefeitura Municipal de Aquiraz - CE,CE,DÍVIDA CONSOLIDADA,15039592.6
2023,Prefeitura Municipal de Aquiraz - CE,CE,Disponibilidade de Caixa,51852450.32
2023,Prefeitura Municipal de Aquiraz - CE,CE,Disponibilidade de Caixa Bruta,58342235.67
2023,Prefeitura Municipal de Aquiraz - CE,CE,RECEITA CORRENTE LÍQUIDA,416771621.81
2023,Prefeitura Municipal de Aquiraz - CE,CE,% da DC sobre a RCL AJUSTADA (I/VI),3.63
2023,Prefeitura Municipal de Aquiraz - CE,CE,% da DCL sobre a RCL AJUSTADA,-8.88
2023,Prefeitura Municipal de Aquiraz - CE,CE,Precatórios (Não incluídos na DC),385847.75
2023,Prefeitura Municipal de Aracati - CE,CE,DÍVIDA CONSOLIDADA,54409311.46
2023,Prefeitura Municipal de Aracati - CE,CE,Precatórios (inclusive) Vencidos e Não Pagos,8102.17
2023,Prefeitura Municipal de Aracati - CE,CE,Disponibilidade de Caixa,-16663897.22
2023,Prefeitura Municipal de Aracati - CE,CE,Disponibilidade de Caixa Bruta,18791900.42
2023,Prefeitura Municipal de Aracati - CE,CE,RECEITA CORRENTE LÍQUIDA,284617975.19
2023,Prefeitura Municipal de Aracati - CE,CE,% da DC sobre a RCL AJUSTADA (I/VI),19.32
2023,Prefeitura Municipal de Aracati - CE,CE,% da DCL sobre a RCL AJUSTADA,25.23
2023,Prefeitura Municipal de Aracati - CE,CE,Precatórios (Não incluídos na DC),8108730.9
2023,Prefeitura Municipal de Araripe - CE,CE,DÍVIDA CONSOLIDADA,16595554.69
2023,Prefeitura Municipal de Araripe - CE,CE,Precatórios (inclusive) Vencidos e Não Pagos,17988.3
2023,Prefeitura Municipal de Araripe - CE,CE,Disponibilidade de Caixa,34834035.12
2023,Prefeitura Municipal de Araripe - CE,CE,Disponibilidade de Caixa Bruta,50624025.75
2023,Prefeitura Municipal de Araripe - CE,CE,RECEITA CORRENTE LÍQUIDA,81904916.89
2023,Prefeitura Municipal de Araripe - CE,CE,% da DC sobre a RCL AJUSTADA (I/VI),20.37
2023,Prefeitura Municipal de Araripe - CE,CE,% da DCL sobre a RCL AJUSTADA,-22.39
2023,Prefeitura Municipal de Aracoiaba - CE,CE,DÍVIDA CONSOLIDADA,45424726.04
2023,Prefeitura Municipal de Aracoiaba - CE,CE,Disponibilidade de Caixa,3768373.34
2023,Prefeitura Municipal de Aracoiaba - CE,CE,Disponibilidade de Caixa Bruta,8395815.23
2023,Prefeitura Municipal de Aracoiaba - CE,CE,RECEITA CORRENTE LÍQUIDA,124664851.18
2023,Prefeitura Municipal de Aracoiaba - CE,CE,% da DC sobre a RCL AJUSTADA (I/VI),37.33
2023,Prefeitura Municipal de Aracoiaba - CE,CE,% da DCL sobre a RCL AJUSTADA,34.23
2023,Prefeitura Municipal de Aratuba - CE,CE,DÍVIDA CONSOLIDADA,7515888.17
2023,Prefeitura Municipal de Aratuba - CE,CE,Disponibilidade de Caixa,7260287.27
2023,Prefeitura Municipal de Aratuba - CE,CE,Disponibilidade de Caixa Bruta,8940906.95
2023,Prefeitura Municipal de Aratuba - CE,CE,RECEITA CORRENTE LÍQUIDA,55585895.15
2023,Prefeitura Municipal de Aratuba - CE,CE,% da DC sobre a RCL AJUSTADA (I/VI),13.98
2023,Prefeitura Municipal de Aratuba - CE,CE,% da DCL sobre a RCL AJUSTADA,0.48
2023,Prefeitura Municipal de Aurora - CE,CE,DÍVIDA CONSOLIDADA,16988001.89
2023,Prefeitura Municipal de Aurora - CE,CE,Disponibilidade de Caixa,2872198.65
2023,Prefeitura Municipal de Aurora - CE,CE,Disponibilidade de Caixa Bruta,5109836.95
2023,Prefeitura Municipal de Aurora - CE,CE,RECEITA CORRENTE LÍQUIDA,82107396.24
2023,Prefeitura Municipal de Aurora - CE,CE,% da DC sobre a RCL AJUSTADA (I/VI),21.14
2023,Prefeitura Municipal de Aurora - CE,CE,% da DCL sobre a RCL AJUSTADA,17.57
2023,Prefeitura Municipal de Aurora - CE,CE,Precatórios (Não incluídos na DC),4800.0
2023,Prefeitura Municipal de Assaré - CE,CE,DÍVIDA CONSOLIDADA,19939041.89
2023,Prefeitura Municipal de Assaré - CE,CE,Disponibilidade de Caixa,11795703.35
2023,Prefeitura Municipal de Assaré - CE,CE,Disponibilidade de Caixa Bruta,12656657.77
2023,Prefeitura Municipal de Assaré - CE,CE,RECEITA CORRENTE LÍQUIDA,85191368.84
2023,Prefeitura Municipal de Assaré - CE,CE,% da DC sobre a RCL AJUSTADA (I/VI),25.27
2023,Prefeitura Municipal de Assaré - CE,CE,% da DCL sobre a RCL AJUSTADA,10.32
2023,Prefeitura Municipal de Baixio - CE,CE,DÍVIDA CONSOLIDADA,10263686.55
2023,Prefeitura Municipal de Baixio - CE,CE,Disponibilidade de Caixa,817194.79
2023,Prefeitura Municipal de Baixio - CE,CE,Disponibilidade de Caixa Bruta,2067591.75
2023,Prefeitura Municipal de Baixio - CE,CE,RECEITA CORRENTE LÍQUIDA,29809968.48
2023,Prefeitura Municipal de Baixio - CE,CE,% da DC sobre a RCL AJUSTADA (I/VI),34.58
2023,Prefeitura Municipal de Baixio - CE,CE,% da DCL sobre a RCL AJUSTADA,31.82
2023,Prefeitura Municipal de Banabuiú - CE,CE,DÍVIDA CONSOLIDADA,28423245.11
2023,Prefeitura Municipal de Banabuiú - CE,CE,Disponibilidade de Caixa,2818866.61
2023,Prefeitura Municipal de Banabuiú - CE,CE,Disponibilidade de Caixa Bruta,4629186.83
2023,Prefeitura Municipal de Banabuiú - CE,CE,RECEITA CORRENTE LÍQUIDA,86256636.77
2023,Prefeitura Municipal de Banabuiú - CE,CE,% da DC sobre a RCL AJUSTADA (I/VI),33.16
2023,Prefeitura Municipal de Banabuiú - CE,CE,% da DCL sobre a RCL AJUSTADA,29.87
2023,Prefeitura Municipal de Barbalha - CE,CE,DÍVIDA CONSOLIDADA,42142301.2
2023,Prefeitura Municipal de Barbalha - CE,CE,Disponibilidade de Caixa,51907971.06
2023,Prefeitura Municipal de Barbalha - CE,CE,Disponibilidade de Caixa Bruta,58927700.59
2023,Prefeitura Municipal de Barbalha - CE,CE,RECEITA CORRENTE LÍQUIDA,372238966.65
2023,Prefeitura Municipal de Barbalha - CE,CE,% da DC sobre a RCL AJUSTADA (I/VI),11.43
2023,Prefeitura Municipal de Barbalha - CE,CE,% da DCL sobre a RCL AJUSTADA,-2.65
2023,Prefeitura Municipal de Barreira - CE,CE,DÍVIDA CONSOLIDADA,14897508.75
2023,Prefeitura Municipal de Barreira - CE,CE,Disponibilidade de Caixa,2925559.1
2023,Prefeitura Municipal de Barreira - CE,CE,Disponibilidade de Caixa Bruta,6081151.01
2023,Prefeitura Municipal de Barreira - CE,CE,RECEITA CORRENTE LÍQUIDA,85552859.56
2023,Prefeitura Municipal de Barreira - CE,CE,% da DC sobre a RCL AJUSTADA (I/VI),17.87
2023,Prefeitura Municipal de Barreira - CE,CE,% da DCL sobre a RCL AJUSTADA,14.36
2023,Prefeitura Municipal de Barro - CE,CE,DÍVIDA CONSOLIDADA,26881734.05
2023,Prefeitura Municipal de Barro - CE,CE,Disponibilidade de Caixa,-4333136.66
2023,Prefeitura Municipal de Barro - CE,CE,Disponibilidade de Caixa Bruta,2536970.76
2023,Prefeitura Municipal de Barro - CE,CE,RECEITA CORRENTE LÍQUIDA,66888841.41
2023,Prefeitura Municipal de Barro - CE,CE,% da DC sobre a RCL AJUSTADA (I/VI),40.19
2023,Prefeitura Municipal de Barro - CE,CE,% da DCL sobre a RCL AJUSTADA,46.67
2023,Prefeitura Municipal de Barro - CE,CE,Precatórios (Não incluídos na DC),3908.86
2023,Prefeitura Municipal de Barroquinha - CE,CE,DÍVIDA CONSOLIDADA,11374785.23
2023,Prefeitura Municipal de Barroquinha - CE,CE,Disponibilidade de Caixa,4893984.62
2023,Prefeitura Municipal de Barroquinha - CE,CE,Disponibilidade de Caixa Bruta,6510685.26
2023,Prefeitura Municipal de Barroquinha - CE,CE,RECEITA CORRENTE LÍQUIDA,66326559.73
2023,Prefeitura Municipal de Barroquinha - CE,CE,% da DC sobre a RCL AJUSTADA (I/VI),17.28
2023,Prefeitura Municipal de Barroquinha - CE,CE,% da DCL sobre a RCL AJUSTADA,9.85
2023,Prefeitura Municipal de Beberibe - CE,CE,DÍVIDA CONSOLIDADA,14833415.02
2023,Prefeitura Municipal de Beberibe - CE,CE,Disponibilidade de Caixa,18046307.81
2023,Prefeitura Municipal de Beberibe - CE,CE,Disponibilidade de Caixa Bruta,26293620.12
2023,Prefeitura Municipal de Beberibe - CE,CE,RECEITA CORRENTE LÍQUIDA,192161606.67
2023,Prefeitura Municipal de Beberibe - CE,CE,% da DC sobre a RCL AJUSTADA (I/VI),7.74
2023,Prefeitura Municipal de Beberibe - CE,CE,% da DCL sobre a RCL AJUSTADA,-1.68
2023,Prefeitura Municipal de Beberibe - CE,CE,Precatórios (Não incluídos na DC),4617224.2
2023,Prefeitura Municipal de Brejo Santo - CE,CE,DÍVIDA CONSOLIDADA,1490633.69
2023,Prefeitura Municipal de Brejo Santo - CE,CE,Disponibilidade de Caixa,48368306.61
2023,Prefeitura Municipal de Brejo Santo - CE,CE,Disponibilidade de Caixa Bruta,67243127.39
2023,Prefeitura Municipal de Brejo Santo - CE,CE,RECEITA CORRENTE LÍQUIDA,272258228.69
2023,Prefeitura Municipal de Brejo Santo - CE,CE,% da DC sobre a RCL AJUSTADA (I/VI),0.55
2023,Prefeitura Municipal de Brejo Santo - CE,CE,% da DCL sobre a RCL AJUSTADA,-17.22
2023,Prefeitura Municipal de Bela Cruz - CE,CE,DÍVIDA CONSOLIDADA,46960669.32
2023,Prefeitura Municipal de Bela Cruz - CE,CE,Disponibilidade de Caixa,-7424831.12
2023,Prefeitura Municipal de Bela Cruz - CE,CE,Disponibilidade de Caixa Bruta,6299043.47
2023,Prefeitura Municipal de Bela Cruz - CE,CE,RECEITA CORRENTE LÍQUIDA,97139419.26
2023,Prefeitura Municipal de Bela Cruz - CE,CE,% da DC sobre a RCL AJUSTADA (I/VI),48.9
2023,Prefeitura Municipal de Bela Cruz - CE,CE,% da DCL sobre a RCL AJUSTADA,56.63
2023,Prefeitura Municipal de Bela Cruz - CE,CE,Precatórios (Não incluídos na DC),5688.6
2023,Prefeitura Municipal de Boa Viagem - CE,CE,DÍVIDA CONSOLIDADA,29909100.89
2023,Prefeitura Municipal de Boa Viagem - CE,CE,Precatórios (inclusive) Vencidos e Não Pagos,350422.32
2023,Prefeitura Municipal de Boa Viagem - CE,CE,Disponibilidade de Caixa,15348653.04
2023,Prefeitura Municipal de Boa Viagem - CE,CE,Disponibilidade de Caixa Bruta,24329865.08
2023,Prefeitura Municipal de Boa Viagem - CE,CE,RECEITA CORRENTE LÍQUIDA,179148108.73
2023,Prefeitura Municipal de Boa Viagem - CE,CE,% da DC sobre a RCL AJUSTADA (I/VI),16.72
2023,Prefeitura Municipal de Boa Viagem - CE,CE,% da DCL sobre a RCL AJUSTADA,8.14
2023,Prefeitura Municipal de Boa Viagem - CE,CE,Precatórios (Não incluídos na DC),107256.42
2023,Prefeitura Municipal de Campos Sales - CE,CE,DÍVIDA CONSOLIDADA,4994.66
2023,Prefeitura Municipal de Campos Sales - CE,CE,Disponibilidade de Caixa,-6001646.56
2023,Prefeitura Municipal de Campos Sales - CE,CE,Disponibilidade de Caixa Bruta,2393725.83
2023,Prefeitura Municipal de Campos Sales - CE,CE,RECEITA CORRENTE LÍQUIDA,90088700.04
2023,Prefeitura Municipal de Campos Sales - CE,CE,% da DC sobre a RCL AJUSTADA (I/VI),0.01
2023,Prefeitura Municipal de Campos Sales - CE,CE,% da DCL sobre a RCL AJUSTADA,6.67
2023,Prefeitura Municipal de Capistrano - CE,CE,DÍVIDA CONSOLIDADA,15502772.06
2023,Prefeitura Municipal de Capistrano - CE,CE,Disponibilidade de Caixa,-7960710.96
2023,Prefeitura Municipal de Capistrano - CE,CE,Disponibilidade de Caixa Bruta,3036348.54
2023,Prefeitura Municipal de Capistrano - CE,CE,RECEITA CORRENTE LÍQUIDA,70285902.96
2023,Prefeitura Municipal de Capistrano - CE,CE,% da DC sobre a RCL AJUSTADA (I/VI),22.23
2023,Prefeitura Municipal de Capistrano - CE,CE,% da DCL sobre a RCL AJUSTADA,33.65
2023,Prefeitura Municipal de Canindé - CE,CE,DÍVIDA CONSOLIDADA,111574784.4
2023,Prefeitura Municipal de Canindé - CE,CE,Precatórios (inclusive) Vencidos e Não Pagos,1179.43
2023,Prefeitura Municipal de Canindé - CE,CE,Disponibilidade de Caixa,-27702406.62
2023,Prefeitura Municipal de Canindé - CE,CE,Disponibilidade de Caixa Bruta,13696098.61
2023,Prefeitura Municipal de Canindé - CE,CE,RECEITA CORRENTE LÍQUIDA,286308075.31
2023,Prefeitura Municipal de Canindé - CE,CE,% da DC sobre a RCL AJUSTADA (I/VI),38.97
2023,Prefeitura Municipal de Canindé - CE,CE,% da DCL sobre a RCL AJUSTADA,48.65
2023,Prefeitura Municipal de Canindé - CE,CE,Precatórios (Não incluídos na DC),207233.8
2023,Prefeitura Municipal de Camocim - CE,CE,DÍVIDA CONSOLIDADA,56013182.73
2023,Prefeitura Municipal de Camocim - CE,CE,Disponibilidade de Caixa,11069985.84
2023,Prefeitura Municipal de Camocim - CE,CE,Disponibilidade de Caixa Bruta,24321125.5
2023,Prefeitura Municipal de Camocim - CE,CE,RECEITA CORRENTE LÍQUIDA,213052840.01
2023,Prefeitura Municipal de Camocim - CE,CE,% da DC sobre a RCL AJUSTADA (I/VI),26.29
2023,Prefeitura Municipal de Camocim - CE,CE,% da DCL sobre a RCL AJUSTADA,21.09
2023,Prefeitura Municipal de Caridade - CE,CE,DÍVIDA CONSOLIDADA,85346833.33
2023,Prefeitura Municipal de Caridade - CE,CE,Disponibilidade de Caixa,8658997.88
2023,Prefeitura Municipal de Caridade - CE,CE,Disponibilidade de Caixa Bruta,25291570.63
2023,Prefeitura Municipal de Caridade - CE,CE,RECEITA CORRENTE LÍQUIDA,94071196.35
2023,Prefeitura Municipal de Caridade - CE,CE,% da DC sobre a RCL AJUSTADA (I/VI),90.73
2023,Prefeitura Municipal de Caridade - CE,CE,% da DCL sobre a RCL AJUSTADA,81.42
2023,Prefeitura Municipal de Caririaçu - CE,CE,DÍVIDA CONSOLIDADA,24139665.4
2023,Prefeitura Municipal de Caririaçu - CE,CE,Disponibilidade de Caixa,10501496.03
2023,Prefeitura Municipal de Caririaçu - CE,CE,Disponibilidade de Caixa Bruta,16720481.85
2023,Prefeitura Municipal de Caririaçu - CE,CE,RECEITA CORRENTE LÍQUIDA,109546828.51
2023,Prefeitura Municipal de Caririaçu - CE,CE,% da DC sobre a RCL AJUSTADA (I/VI),22.52
2023,Prefeitura Municipal de Caririaçu - CE,CE,% da DCL sobre a RCL AJUSTADA,12.72
2023,Prefeitura Municipal de Caririaçu - CE,CE,Precatórios (Não incluídos na DC),166846.45
2023,Prefeitura Municipal de Carnaubal - CE,CE,Disponibilidade de Caixa,3914636.81
2023,Prefeitura Municipal de Carnaubal - CE,CE,Disponibilidade de Caixa Bruta,5964674.83
2023,Prefeitura Municipal de Carnaubal - CE,CE,RECEITA CORRENTE LÍQUIDA,74108160.37
2023,Prefeitura Municipal de Carnaubal - CE,CE,% da DCL sobre a RCL AJUSTADA,-5.35
2023,Prefeitura Municipal de Carnaubal - CE,CE,Precatórios (Não incluídos na DC),19979.2
2023,Prefeitura Municipal de Cascavel - CE,CE,DÍVIDA CONSOLIDADA,39016637.55
2023,Prefeitura Municipal de Cascavel - CE,CE,Disponibilidade de Caixa,6610219.19
2023,Prefeitura Municipal de Cascavel - CE,CE,Disponibilidade de Caixa Bruta,21479185.26
2023,Prefeitura Municipal de Cascavel - CE,CE,RECEITA CORRENTE LÍQUIDA,269017816.95
2023,Prefeitura Municipal de Cascavel - CE,CE,% da DC sobre a RCL AJUSTADA (I/VI),14.64
2023,Prefeitura Municipal de Cascavel - CE,CE,% da DCL sobre a RCL AJUSTADA,12.16
2023,Prefeitura Municipal de Cascavel - CE,CE,Precatórios (Não incluídos na DC),10657544.57
2023,Prefeitura Municipal de Catarina - CE,CE,DÍVIDA CONSOLIDADA,11938118.54
2023,Prefeitura Municipal de Catarina - CE,CE,Disponibilidade de Caixa,10424039.32
2023,Prefeitura Municipal de Catarina - CE,CE,Disponibilidade de Caixa Bruta,11443648.17
2023,Prefeitura Municipal de Catarina - CE,CE,RECEITA CORRENTE LÍQUIDA,56335180.77
2023,Prefeitura Municipal de Catarina - CE,CE,% da DC sobre a RCL AJUSTADA (I/VI),21.19
2023,Prefeitura Municipal de Catarina - CE,CE,% da DCL sobre a RCL AJUSTADA,2.69
2023,Prefeitura Municipal de Catunda - CE,CE,DÍVIDA CONSOLIDADA,8727193.75
2023,Prefeitura Municipal de Catunda - CE,CE,Disponibilidade de Caixa,-4549043.28
2023,Prefeitura Municipal de Catunda - CE,CE,Disponibilidade de Caixa Bruta,949545.99
2023,Prefeitura Municipal de Catunda - CE,CE,RECEITA CORRENTE LÍQUIDA,58537753.18
2023,Prefeitura Municipal de Catunda - CE,CE,% da DC sobre a RCL AJUSTADA (I/VI),15.18
2023,Prefeitura Municipal de Catunda - CE,CE,% da DCL sobre a RCL AJUSTADA,23.09
2023,Prefeitura Municipal de Cedro - CE,CE,DÍVIDA CONSOLIDADA,26484668.39
2023,Prefeitura Municipal de Cedro - CE,CE,Disponibilidade de Caixa,24431942.42
2023,Prefeitura Municipal de Cedro - CE,CE,Disponibilidade de Caixa Bruta,27332567.08
2023,Prefeitura Municipal de Cedro - CE,CE,RECEITA CORRENTE LÍQUIDA,87132282.78
2023,Prefeitura Municipal de Cedro - CE,CE,% da DC sobre a RCL AJUSTADA (I/VI),30.4
2023,Prefeitura Municipal de Cedro - CE,CE,% da DCL sobre a RCL AJUSTADA,2.36
2023,Prefeitura Municipal de Caucaia - CE,CE,DÍVIDA CONSOLIDADA,364202199.1
2023,Prefeitura Municipal de Caucaia - CE,CE,Disponibilidade de Caixa,-6029174.39
2023,Prefeitura Municipal de Caucaia - CE,CE,Disponibilidade de Caixa Bruta,80161888.65
2023,Prefeitura Municipal de Caucaia - CE,CE,RECEITA CORRENTE LÍQUIDA,1105908525.81
2023,Prefeitura Municipal de Caucaia - CE,CE,% da DC sobre a RCL AJUSTADA (I/VI),33.06
2023,Prefeitura Municipal de Caucaia - CE,CE,% da DCL sobre a RCL AJUSTADA,33.6
2023,Prefeitura Municipal de Choró - CE,CE,DÍVIDA CONSOLIDADA,33513599.77
2023,Prefeitura Municipal de Choró - CE,CE,Disponibilidade de Caixa,-2062499.62
2023,Prefeitura Municipal de Choró - CE,CE,Disponibilidade de Caixa Bruta,2067056.67
2023,Prefeitura Municipal de Choró - CE,CE,RECEITA CORRENTE LÍQUIDA,60641294.51
2023,Prefeitura Municipal de Choró - CE,CE,% da DC sobre a RCL AJUSTADA (I/VI),55.27
2023,Prefeitura Municipal de Choró - CE,CE,% da DCL sobre a RCL AJUSTADA,58.67
2023,Prefeitura Municipal de Choró - CE,CE,Precatórios (Não incluídos na DC),8526.46
2023,Prefeitura Municipal de Chaval - CE,CE,DÍVIDA CONSOLIDADA,13208242.59
2023,Prefeitura Municipal de Chaval - CE,CE,Disponibilidade de Caixa,2826360.61
2023,Prefeitura Municipal de Chaval - CE,CE,Disponibilidade de Caixa Bruta,3909769.55
2023,Prefeitura Municipal de Chaval - CE,CE,RECEITA CORRENTE LÍQUIDA,51500089.96
2023,Prefeitura Municipal de Chaval - CE,CE,% da DC sobre a RCL AJUSTADA (I/VI),26.08
2023,Prefeitura Municipal de Chaval - CE,CE,% da DCL sobre a RCL AJUSTADA,20.5
2023,Prefeitura Municipal de Chorozinho - CE,CE,DÍVIDA CONSOLIDADA,27572821.83
2023,Prefeitura Municipal de Chorozinho - CE,CE,Disponibilidade de Caixa,13258234.32
2023,Prefeitura Municipal de Chorozinho - CE,CE,Disponibilidade de Caixa Bruta,16534464.73
2023,Prefeitura Municipal de Chorozinho - CE,CE,RECEITA CORRENTE LÍQUIDA,90082069.19
2023,Prefeitura Municipal de Chorozinho - CE,CE,% da DC sobre a RCL AJUSTADA (I/VI),31.05
2023,Prefeitura Municipal de Chorozinho - CE,CE,% da DCL sobre a RCL AJUSTADA,16.12
2023,Prefeitura Municipal de Chorozinho - CE,CE,Precatórios (Não incluídos na DC),30000.0
2023,Prefeitura Municipal de Crateús - CE,CE,DÍVIDA CONSOLIDADA,56598557.06
2023,Prefeitura Municipal de Crateús - CE,CE,Disponibilidade de Caixa,59822247.91
2023,Prefeitura Municipal de Crateús - CE,CE,Disponibilidade de Caixa Bruta,69184500.34
2023,Prefeitura Municipal de Crateús - CE,CE,RECEITA CORRENTE LÍQUIDA,272887658.28
2023,Prefeitura Municipal de Crateús - CE,CE,% da DC sobre a RCL AJUSTADA (I/VI),20.74
2023,Prefeitura Municipal de Crateús - CE,CE,% da DCL sobre a RCL AJUSTADA,-1.18
2023,Prefeitura Municipal de Crato - CE,CE,DÍVIDA CONSOLIDADA,39085763.63
2023,Prefeitura Municipal de Crato - CE,CE,Disponibilidade de Caixa,67400645.11
2023,Prefeitura Municipal de Crato - CE,CE,Disponibilidade de Caixa Bruta,69438879.03
2023,Prefeitura Municipal de Crato - CE,CE,RECEITA CORRENTE LÍQUIDA,447307823.3
2023,Prefeitura Municipal de Crato - CE,CE,% da DC sobre a RCL AJUSTADA (I/VI),8.78
2023,Prefeitura Municipal de Crato - CE,CE,% da DCL sobre a RCL AJUSTADA,-6.36
2023,Prefeitura Municipal de Croatá - CE,CE,DÍVIDA CONSOLIDADA,10442395.66
2023,Prefeitura Municipal de Croatá - CE,CE,Disponibilidade de Caixa,7668397.51
2023,Prefeitura Municipal de Croatá - CE,CE,Disponibilidade de Caixa Bruta,9662088.92
2023,Prefeitura Municipal de Croatá - CE,CE,RECEITA CORRENTE LÍQUIDA,89503326.82
2023,Prefeitura Municipal de Croatá - CE,CE,% da DC sobre a RCL AJUSTADA (I/VI),11.85
2023,Prefeitura Municipal de Croatá - CE,CE,% da DCL sobre a RCL AJUSTADA,3.15
2023,Prefeitura Municipal de Deputado Irapuan Pinheiro - CE,CE,DÍVIDA CONSOLIDADA,8603428.67
2023,Prefeitura Municipal de Deputado Irapuan Pinheiro - CE,CE,Disponibilidade de Caixa,7483966.78
2023,Prefeitura Municipal de Deputado Irapuan Pinheiro - CE,CE,Disponibilidade de Caixa Bruta,8198213.11
2023,Prefeitura Municipal de Deputado Irapuan Pinheiro - CE,CE,RECEITA CORRENTE LÍQUIDA,41492350.83
2023,Prefeitura Municipal de Deputado Irapuan Pinheiro - CE,CE,% da DC sobre a RCL AJUSTADA (I/VI),20.94
2023,Prefeitura Municipal de Deputado Irapuan Pinheiro - CE,CE,% da DCL sobre a RCL AJUSTADA,2.72
2023,Prefeitura Municipal de Cruz - CE,CE,DÍVIDA CONSOLIDADA,10614699.32
2023,Prefeitura Municipal de Cruz - CE,CE,Disponibilidade de Caixa,24669845.95
2023,Prefeitura Municipal de Cruz - CE,CE,Disponibilidade de Caixa Bruta,27838509.19
2023,Prefeitura Municipal de Cruz - CE,CE,RECEITA CORRENTE LÍQUIDA,120296846.22
2023,Prefeitura Municipal de Cruz - CE,CE,% da DC sobre a RCL AJUSTADA (I/VI),8.82
2023,Prefeitura Municipal de Cruz - CE,CE,% da DCL sobre a RCL AJUSTADA,-11.68
2023,Prefeitura Municipal de Ererê - CE,CE,DÍVIDA CONSOLIDADA,7135774.68
2023,Prefeitura Municipal de Ererê - CE,CE,Disponibilidade de Caixa,1733914.25
2023,Prefeitura Municipal de Ererê - CE,CE,Disponibilidade de Caixa Bruta,8263009.27
2023,Prefeitura Municipal de Ererê - CE,CE,RECEITA CORRENTE LÍQUIDA,38637690.94
2023,Prefeitura Municipal de Ererê - CE,CE,% da DC sobre a RCL AJUSTADA (I/VI),18.71
2023,Prefeitura Municipal de Ererê - CE,CE,% da DCL sobre a RCL AJUSTADA,14.16
2023,Prefeitura Municipal de Forquilha - CE,CE,DÍVIDA CONSOLIDADA,23466142.44
2023,Prefeitura Municipal de Forquilha - CE,CE,Disponibilidade de Caixa,5938316.6
2023,Prefeitura Municipal de Forquilha - CE,CE,Disponibilidade de Caixa Bruta,10657859.37
2023,Prefeitura Municipal de Forquilha - CE,CE,RECEITA CORRENTE LÍQUIDA,90307380.41
2023,Prefeitura Municipal de Forquilha - CE,CE,% da DC sobre a RCL AJUSTADA (I/VI),26.28
2023,Prefeitura Municipal de Forquilha - CE,CE,% da DCL sobre a RCL AJUSTADA,19.63
2023,Prefeitura Municipal de Forquilha - CE,CE,Precatórios (Não incluídos na DC),1475830.98
2023,Prefeitura Municipal de Eusébio - CE,CE,DÍVIDA CONSOLIDADA,41450435.07
2023,Prefeitura Municipal de Eusébio - CE,CE,Disponibilidade de Caixa,242421317.33
2023,Prefeitura Municipal de Eusébio - CE,CE,Disponibilidade de Caixa Bruta,261712321.7
2023,Prefeitura Municipal de Eusébio - CE,CE,RECEITA CORRENTE LÍQUIDA,467996633.7
2023,Prefeitura Municipal de Eusébio - CE,CE,% da DC sobre a RCL AJUSTADA (I/VI),8.86
2023,Prefeitura Municipal de Eusébio - CE,CE,% da DCL sobre a RCL AJUSTADA,-42.94
2023,Prefeitura Municipal de Farias Brito - CE,CE,DÍVIDA CONSOLIDADA,120861.96
2023,Prefeitura Municipal de Farias Brito - CE,CE,Disponibilidade de Caixa,9933564.49
2023,Prefeitura Municipal de Farias Brito - CE,CE,Disponibilidade de Caixa Bruta,11141829.99
2023,Prefeitura Municipal de Farias Brito - CE,CE,RECEITA CORRENTE LÍQUIDA,79402112.26
2023,Prefeitura Municipal de Farias Brito - CE,CE,% da DC sobre a RCL AJUSTADA (I/VI),0.15
2023,Prefeitura Municipal de Farias Brito - CE,CE,% da DCL sobre a RCL AJUSTADA,-12.45
2023,Prefeitura Municipal de Farias Brito - CE,CE,Precatórios (Não incluídos na DC),16912.0
2023,Prefeitura Municipal de Fortaleza - CE,CE,DÍVIDA CONSOLIDADA,2785494260.99
2023,Prefeitura Municipal de Fortaleza - CE,CE,Precatórios (inclusive) Vencidos e Não Pagos,157161385.79
2023,Prefeitura Municipal de Fortaleza - CE,CE,Disponibilidade de Caixa,871282834.52
2023,Prefeitura Municipal de Fortaleza - CE,CE,Disponibilidade de Caixa Bruta,1152644020.09
2023,Prefeitura Municipal de Fortaleza - CE,CE,RECEITA CORRENTE LÍQUIDA,9104247197.9
2023,Prefeitura Municipal de Fortaleza - CE,CE,% da DC sobre a RCL AJUSTADA (I/VI),30.6
2023,Prefeitura Municipal de Fortaleza - CE,CE,% da DCL sobre a RCL AJUSTADA,20.72
2023,Prefeitura Municipal de Fortim - CE,CE,DÍVIDA CONSOLIDADA,23780409.45
2023,Prefeitura Municipal de Fortim - CE,CE,Disponibilidade de Caixa Bruta,2485823.2
2023,Prefeitura Municipal de Fortim - CE,CE,RECEITA CORRENTE LÍQUIDA,74532750.64
2023,Prefeitura Municipal de Fortim - CE,CE,% da DC sobre a RCL AJUSTADA (I/VI),32.12
2023,Prefeitura Municipal de Fortim - CE,CE,% da DCL sobre a RCL AJUSTADA,32.12
2023,Prefeitura Municipal de Fortim - CE,CE,Precatórios (Não incluídos na DC),4309.56
2023,Prefeitura Municipal de Frecheirinha - CE,CE,DÍVIDA CONSOLIDADA,14670610.45
2023,Prefeitura Municipal de Frecheirinha - CE,CE,Disponibilidade de Caixa,4378094.14
2023,Prefeitura Municipal de Frecheirinha - CE,CE,Disponibilidade de Caixa Bruta,5762601.22
2023,Prefeitura Municipal de Frecheirinha - CE,CE,RECEITA CORRENTE LÍQUIDA,74190739.51
2023,Prefeitura Municipal de Frecheirinha - CE,CE,% da DC sobre a RCL AJUSTADA (I/VI),20.09
2023,Prefeitura Municipal de Frecheirinha - CE,CE,% da DCL sobre a RCL AJUSTADA,14.09
2023,Prefeitura Municipal de Graça - CE,CE,DÍVIDA CONSOLIDADA,949918.77
2023,Prefeitura Municipal de Graça - CE,CE,Disponibilidade de Caixa,13257974.24
2023,Prefeitura Municipal de Graça - CE,CE,Disponibilidade de Caixa Bruta,15781299.91
2023,Prefeitura Municipal de Graça - CE,CE,RECEITA CORRENTE LÍQUIDA,74462892.32
2023,Prefeitura Municipal de Graça - CE,CE,% da DC sobre a RCL AJUSTADA (I/VI),1.29
2023,Prefeitura Municipal de Graça - CE,CE,% da DCL sobre a RCL AJUSTADA,-16.66
2023,Prefeitura Municipal de Graça - CE,CE,Precatórios (Não incluídos na DC),7507.49
2023,Prefeitura Municipal de Granja - CE,CE,DÍVIDA CONSOLIDADA,68816742.06
2023,Prefeitura Municipal de Granja - CE,CE,Disponibilidade de Caixa,8273996.03
2023,Prefeitura Municipal de Granja - CE,CE,Disponibilidade de Caixa Bruta,13406988.41
2023,Prefeitura Municipal de Granja - CE,CE,RECEITA CORRENTE LÍQUIDA,185831396.96
2023,Prefeitura Municipal de Granja - CE,CE,% da DC sobre a RCL AJUSTADA (I/VI),37.03
2023,Prefeitura Municipal de Granja - CE,CE,% da DCL sobre a RCL AJUSTADA,32.58
2023,Prefeitura Municipal de Granjeiro - CE,CE,DÍVIDA CONSOLIDADA,12465421.57
2023,Prefeitura Municipal de Granjeiro - CE,CE,Disponibilidade de Caixa,3262500.66
2023,Prefeitura Municipal de Granjeiro - CE,CE,Disponibilidade de Caixa Bruta,5369772.92
2023,Prefeitura Municipal de Granjeiro - CE,CE,RECEITA CORRENTE LÍQUIDA,36490149.77
2023,Prefeitura Municipal de Granjeiro - CE,CE,% da DC sobre a RCL AJUSTADA (I/VI),34.16
2023,Prefeitura Municipal de Granjeiro - CE,CE,% da DCL sobre a RCL AJUSTADA,25.22
2023,Prefeitura Municipal de General Sampaio - CE,CE,DÍVIDA CONSOLIDADA,5069734.43
2023,Prefeitura Municipal de General Sampaio - CE,CE,Disponibilidade de Caixa,1276119.72
2023,Prefeitura Municipal de General Sampaio - CE,CE,Disponibilidade de Caixa Bruta,2582900.59
2023,Prefeitura Municipal de General Sampaio - CE,CE,RECEITA CORRENTE LÍQUIDA,42692782.2
2023,Prefeitura Municipal de General Sampaio - CE,CE,% da DC sobre a RCL AJUSTADA (I/VI),11.87
2023,Prefeitura Municipal de General Sampaio - CE,CE,% da DCL sobre a RCL AJUSTADA,8.89
2023,Prefeitura Municipal de Groaíras - CE,CE,DÍVIDA CONSOLIDADA,1651990.54
2023,Prefeitura Municipal de Groaíras - CE,CE,Disponibilidade de Caixa,4008563.26
2023,Prefeitura Municipal de Groaíras - CE,CE,Disponibilidade de Caixa Bruta,5304034.63
2023,Prefeitura Municipal de Groaíras - CE,CE,RECEITA CORRENTE LÍQUIDA,49877776.55
2023,Prefeitura Municipal de Groaíras - CE,CE,% da DC sobre a RCL AJUSTADA (I/VI),3.32
2023,Prefeitura Municipal de Groaíras - CE,CE,% da DCL sobre a RCL AJUSTADA,-4.73
2023,Prefeitura Municipal de Guaiúba - CE,CE,DÍVIDA CONSOLIDADA,19351945.58
2023,Prefeitura Municipal de Guaiúba - CE,CE,Precatórios (inclusive) Vencidos e Não Pagos,25784.6
2023,Prefeitura Municipal de Guaiúba - CE,CE,Disponibilidade de Caixa,4964111.05
2023,Prefeitura Municipal de Guaiúba - CE,CE,Disponibilidade de Caixa Bruta,9353180.68
2023,Prefeitura Municipal de Guaiúba - CE,CE,RECEITA CORRENTE LÍQUIDA,92968926.88
2023,Prefeitura Municipal de Guaiúba - CE,CE,% da DC sobre a RCL AJUSTADA (I/VI),22.08
2023,Prefeitura Municipal de Guaiúba - CE,CE,% da DCL sobre a RCL AJUSTADA,16.34
2023,Prefeitura Municipal de Guaiúba - CE,CE,Precatórios (Não incluídos na DC),40784.6
2023,Prefeitura Municipal de Hidrolândia - CE,CE,DÍVIDA CONSOLIDADA,3144614.02
2023,Prefeitura Municipal de Hidrolândia - CE,CE,Disponibilidade de Caixa,8599309.27
2023,Prefeitura Municipal de Hidrolândia - CE,CE,Disponibilidade de Caixa Bruta,9901165.07
2023,Prefeitura Municipal de Hidrolândia - CE,CE,RECEITA CORRENTE LÍQUIDA,71918181.95
2023,Prefeitura Municipal de Hidrolândia - CE,CE,% da DC sobre a RCL AJUSTADA (I/VI),4.56
2023,Prefeitura Municipal de Hidrolândia - CE,CE,% da DCL sobre a RCL AJUSTADA,-7.92
2023,Prefeitura Municipal de Guaramiranga - CE,CE,DÍVIDA CONSOLIDADA,14401476.72
2023,Prefeitura Municipal de Guaramiranga - CE,CE,Precatórios (inclusive) Vencidos e Não Pagos,29285.87
2023,Prefeitura Municipal de Guaramiranga - CE,CE,Disponibilidade de Caixa,3020230.98
2023,Prefeitura Municipal de Guaramiranga - CE,CE,Disponibilidade de Caixa Bruta,4666934.61
2023,Prefeitura Municipal de Guaramiranga - CE,CE,RECEITA CORRENTE LÍQUIDA,37290277.58
2023,Prefeitura Municipal de Guaramiranga - CE,CE,% da DC sobre a RCL AJUSTADA (I/VI),38.67
2023,Prefeitura Municipal de Guaramiranga - CE,CE,% da DCL sobre a RCL AJUSTADA,30.56
2023,Prefeitura Municipal de Guaraciaba do Norte - CE,CE,DÍVIDA CONSOLIDADA,24982987.96
2023,Prefeitura Municipal de Guaraciaba do Norte - CE,CE,Disponibilidade de Caixa,44270320.52
2023,Prefeitura Municipal de Guaraciaba do Norte - CE,CE,Disponibilidade de Caixa Bruta,49176304.39
2023,Prefeitura Municipal de Guaraciaba do Norte - CE,CE,RECEITA CORRENTE LÍQUIDA,153497144.84
2023,Prefeitura Municipal de Guaraciaba do Norte - CE,CE,% da DC sobre a RCL AJUSTADA (I/VI),16.44
2023,Prefeitura Municipal de Guaraciaba do Norte - CE,CE,% da DCL sobre a RCL AJUSTADA,-12.69
2023,Prefeitura Municipal de Guaraciaba do Norte - CE,CE,Precatórios (Não incluídos na DC),3870.97
2023,Prefeitura Municipal de Horizonte - CE,CE,DÍVIDA CONSOLIDADA,72472749.8
2023,Prefeitura Municipal de Horizonte - CE,CE,Precatórios (inclusive) Vencidos e Não Pagos,782151.89
2023,Prefeitura Municipal de Horizonte - CE,CE,Disponibilidade de Caixa,43943310.54
2023,Prefeitura Municipal de Horizonte - CE,CE,Disponibilidade de Caixa Bruta,47374679.11
2023,Prefeitura Municipal de Horizonte - CE,CE,RECEITA CORRENTE LÍQUIDA,296963298.53
2023,Prefeitura Municipal de Horizonte - CE,CE,% da DC sobre a RCL AJUSTADA (I/VI),24.45
2023,Prefeitura Municipal de Horizonte - CE,CE,% da DCL sobre a RCL AJUSTADA,9.61
2023,Prefeitura Municipal de Ibaretama - CE,CE,DÍVIDA CONSOLIDADA,23974234.23
2023,Prefeitura Municipal de Ibaretama - CE,CE,Disponibilidade de Caixa,2957202.21
2023,Prefeitura Municipal de Ibaretama - CE,CE,Disponibilidade de Caixa Bruta,6081436.15
2023,Prefeitura Municipal de Ibaretama - CE,CE,RECEITA CORRENTE LÍQUIDA,55022557.78
2023,Prefeitura Municipal de Ibaretama - CE,CE,% da DC sobre a RCL AJUSTADA (I/VI),44.43
2023,Prefeitura Municipal de Ibaretama - CE,CE,% da DCL sobre a RCL AJUSTADA,38.95
2023,Prefeitura Municipal de Ibaretama - CE,CE,Precatórios (Não incluídos na DC),11489.23
2023,Prefeitura Municipal de Ibiapina - CE,CE,DÍVIDA CONSOLIDADA,9447923.98
2023,Prefeitura Municipal de Ibiapina - CE,CE,Disponibilidade de Caixa,-382575.12
2023,Prefeitura Municipal de Ibiapina - CE,CE,Disponibilidade de Caixa Bruta,5169521.55
2023,Prefeitura Municipal de Ibiapina - CE,CE,RECEITA CORRENTE LÍQUIDA,97489471.14
2023,Prefeitura Municipal de Ibiapina - CE,CE,% da DC sobre a RCL AJUSTADA (I/VI),9.71
2023,Prefeitura Municipal de Ibiapina - CE,CE,% da DCL sobre a RCL AJUSTADA,10.1
2023,Prefeitura Municipal de Ibiapina - CE,CE,Precatórios (Não incluídos na DC),27175.07
2023,Prefeitura Municipal de Ibicuitinga - CE,CE,DÍVIDA CONSOLIDADA,23045664.92
2023,Prefeitura Municipal de Ibicuitinga - CE,CE,Precatórios (inclusive) Vencidos e Não Pagos,371059.93
2023,Prefeitura Municipal de Ibicuitinga - CE,CE,Disponibilidade de Caixa,916959.24
2023,Prefeitura Municipal de Ibicuitinga - CE,CE,Disponibilidade de Caixa Bruta,4062125.16
2023,Prefeitura Municipal de Ibicuitinga - CE,CE,RECEITA CORRENTE LÍQUIDA,61631370.9
2023,Prefeitura Municipal de Ibicuitinga - CE,CE,% da DC sobre a RCL AJUSTADA (I/VI),37.97
2023,Prefeitura Municipal de Ibicuitinga - CE,CE,% da DCL sobre a RCL AJUSTADA,36.46
2023,Prefeitura Municipal de Icapuí - CE,CE,DÍVIDA CONSOLIDADA,45214699.57
2023,Prefeitura Municipal de Icapuí - CE,CE,Disponibilidade de Caixa,-4901167.55
2023,Prefeitura Municipal de Icapuí - CE,CE,Disponibilidade de Caixa Bruta,10329986.36
2023,Prefeitura Municipal de Icapuí - CE,CE,RECEITA CORRENTE LÍQUIDA,110614540.86
2023,Prefeitura Municipal de Icapuí - CE,CE,% da DC sobre a RCL AJUSTADA (I/VI),41.29
2023,Prefeitura Municipal de Icapuí - CE,CE,% da DCL sobre a RCL AJUSTADA,45.76
2023,Prefeitura Municipal de Icapuí - CE,CE,Precatórios (Não incluídos na DC),183205.97
2023,Prefeitura Municipal de Icó - CE,CE,DÍVIDA CONSOLIDADA,85070822.09
2023,Prefeitura Municipal de Icó - CE,CE,Disponibilidade de Caixa,23388768.46
2023,Prefeitura Municipal de Icó - CE,CE,Disponibilidade de Caixa Bruta,33458931.75
2023,Prefeitura Municipal de Icó - CE,CE,RECEITA CORRENTE LÍQUIDA,228470179.22
2023,Prefeitura Municipal de Icó - CE,CE,% da DC sobre a RCL AJUSTADA (I/VI),37.79
2023,Prefeitura Municipal de Icó - CE,CE,% da DCL sobre a RCL AJUSTADA,27.4
2023,Prefeitura Municipal de Iguatu - CE,CE,DÍVIDA CONSOLIDADA,78769724.37
2023,Prefeitura Municipal de Iguatu - CE,CE,Disponibilidade de Caixa,24188168.8
2023,Prefeitura Municipal de Iguatu - CE,CE,Disponibilidade de Caixa Bruta,24188168.8
2023,Prefeitura Municipal de Iguatu - CE,CE,RECEITA CORRENTE LÍQUIDA,342666143.4
2023,Prefeitura Municipal de Iguatu - CE,CE,% da DC sobre a RCL AJUSTADA (I/VI),22.99
2023,Prefeitura Municipal de Iguatu - CE,CE,% da DCL sobre a RCL AJUSTADA,15.93
2023,Prefeitura Municipal de Independência - CE,CE,Disponibilidade de Caixa,17362514.27
2023,Prefeitura Municipal de Independência - CE,CE,Disponibilidade de Caixa Bruta,18287092.93
2023,Prefeitura Municipal de Independência - CE,CE,RECEITA CORRENTE LÍQUIDA,87130008.43
2023,Prefeitura Municipal de Independência - CE,CE,% da DCL sobre a RCL AJUSTADA,-20.09
2023,Prefeitura Municipal de Independência - CE,CE,Precatórios (Não incluídos na DC),1948.23
2023,Prefeitura Municipal de Ipaumirim - CE,CE,DÍVIDA CONSOLIDADA,6498917.64
2023,Prefeitura Municipal de Ipaumirim - CE,CE,Disponibilidade de Caixa,3126728.41
2023,Prefeitura Municipal de Ipaumirim - CE,CE,Disponibilidade de Caixa Bruta,3598999.46
2023,Prefeitura Municipal de Ipaumirim - CE,CE,RECEITA CORRENTE LÍQUIDA,52458508.56
2023,Prefeitura Municipal de Ipaumirim - CE,CE,% da DC sobre a RCL AJUSTADA (I/VI),12.86
2023,Prefeitura Municipal de Ipaumirim - CE,CE,% da DCL sobre a RCL AJUSTADA,6.67
2023,Prefeitura Municipal de Ipaumirim - CE,CE,Precatórios (Não incluídos na DC),493139.87
2023,Prefeitura Municipal de Iracema - CE,CE,DÍVIDA CONSOLIDADA,20239784.67
2023,Prefeitura Municipal de Iracema - CE,CE,Disponibilidade de Caixa,4918627.96
2023,Prefeitura Municipal de Iracema - CE,CE,Disponibilidade de Caixa Bruta,7862671.82
2023,Prefeitura Municipal de Iracema - CE,CE,RECEITA CORRENTE LÍQUIDA,64651902.48
2023,Prefeitura Municipal de Iracema - CE,CE,% da DC sobre a RCL AJUSTADA (I/VI),31.6
2023,Prefeitura Municipal de Iracema - CE,CE,% da DCL sobre a RCL AJUSTADA,23.86
2023,Prefeitura Municipal de Ipu - CE,CE,Disponibilidade de Caixa,99994633.49
2023,Prefeitura Municipal de Ipu - CE,CE,Disponibilidade de Caixa Bruta,106322042.31
2023,Prefeitura Municipal de Ipu - CE,CE,RECEITA CORRENTE LÍQUIDA,166695193.71
2023,Prefeitura Municipal de Ipu - CE,CE,% da DCL sobre a RCL AJUSTADA,-61.19
2023,Prefeitura Municipal de Ipueiras - CE,CE,DÍVIDA CONSOLIDADA,20088634.38
2023,Prefeitura Municipal de Ipueiras - CE,CE,Disponibilidade de Caixa,18229367.24
2023,Prefeitura Municipal de Ipueiras - CE,CE,Disponibilidade de Caixa Bruta,19888486.37
2023,Prefeitura Municipal de Ipueiras - CE,CE,RECEITA CORRENTE LÍQUIDA,142182099.57
2023,Prefeitura Municipal de Ipueiras - CE,CE,% da DC sobre a RCL AJUSTADA (I/VI),14.13
2023,Prefeitura Municipal de Ipueiras - CE,CE,% da DCL sobre a RCL AJUSTADA,1.23
2023,Prefeitura Municipal de Irauçuba - CE,CE,DÍVIDA CONSOLIDADA,15773826.2
2023,Prefeitura Municipal de Irauçuba - CE,CE,Disponibilidade de Caixa,4996591.27
2023,Prefeitura Municipal de Irauçuba - CE,CE,Disponibilidade de Caixa Bruta,7028772.19
2023,Prefeitura Municipal de Irauçuba - CE,CE,RECEITA CORRENTE LÍQUIDA,99203842.36
2023,Prefeitura Municipal de Irauçuba - CE,CE,% da DC sobre a RCL AJUSTADA (I/VI),15.96
2023,Prefeitura Municipal de Irauçuba - CE,CE,% da DCL sobre a RCL AJUSTADA,10.87
2023,Prefeitura Municipal de Itaiçaba - CE,CE,Disponibilidade de Caixa,7623847.5
2023,Prefeitura Municipal de Itaiçaba - CE,CE,Disponibilidade de Caixa Bruta,8665806.87
2023,Prefeitura Municipal de Itaiçaba - CE,CE,RECEITA CORRENTE LÍQUIDA,38685585.86
2023,Prefeitura Municipal de Itaiçaba - CE,CE,% da DCL sobre a RCL AJUSTADA,-20.34
2023,Prefeitura Municipal de Itaitinga - CE,CE,DÍVIDA CONSOLIDADA,10868924.49
2023,Prefeitura Municipal de Itaitinga - CE,CE,Disponibilidade de Caixa,12925331.38
2023,Prefeitura Municipal de Itaitinga - CE,CE,Disponibilidade de Caixa Bruta,20750048.14
2023,Prefeitura Municipal de Itaitinga - CE,CE,RECEITA CORRENTE LÍQUIDA,210808529.92
2023,Prefeitura Municipal de Itaitinga - CE,CE,% da DC sobre a RCL AJUSTADA (I/VI),5.21
2023,Prefeitura Municipal de Itaitinga - CE,CE,% da DCL sobre a RCL AJUSTADA,-0.99
2023,Prefeitura Municipal de Itapajé - CE,CE,DÍVIDA CONSOLIDADA,11507478.64
2023,Prefeitura Municipal de Itapajé - CE,CE,Disponibilidade de Caixa,20817630.39
2023,Prefeitura Municipal de Itapajé - CE,CE,Disponibilidade de Caixa Bruta,36240787.41
2023,Prefeitura Municipal de Itapajé - CE,CE,RECEITA CORRENTE LÍQUIDA,163921173.07
2023,Prefeitura Municipal de Itapajé - CE,CE,% da DC sobre a RCL AJUSTADA (I/VI),7.17
2023,Prefeitura Municipal de Itapajé - CE,CE,% da DCL sobre a RCL AJUSTADA,-5.8
2023,Prefeitura Municipal de Itapipoca - CE,CE,DÍVIDA CONSOLIDADA,127549155.24
2023,Prefeitura Municipal de Itapipoca - CE,CE,Disponibilidade de Caixa,11927932.49
2023,Prefeitura Municipal de Itapipoca - CE,CE,Disponibilidade de Caixa Bruta,42186148.27
2023,Prefeitura Municipal de Itapipoca - CE,CE,RECEITA CORRENTE LÍQUIDA,486278374.98
2023,Prefeitura Municipal de Itapipoca - CE,CE,% da DC sobre a RCL AJUSTADA (I/VI),26.36
2023,Prefeitura Municipal de Itapipoca - CE,CE,% da DCL sobre a RCL AJUSTADA,23.9
2023,Prefeitura Municipal de Itapipoca - CE,CE,Precatórios (Não incluídos na DC),90802.8
2023,Prefeitura Municipal de Itapiúna - CE,CE,DÍVIDA CONSOLIDADA,18754401.54
2023,Prefeitura Municipal de Itapiúna - CE,CE,Disponibilidade de Caixa,8544262.73
2023,Prefeitura Municipal de Itapiúna - CE,CE,Disponibilidade de Caixa Bruta,11322312.23
2023,Prefeitura Municipal de Itapiúna - CE,CE,RECEITA CORRENTE LÍQUIDA,70337186.56
2023,Prefeitura Municipal de Itapiúna - CE,CE,% da DC sobre a RCL AJUSTADA (I/VI),26.9
2023,Prefeitura Municipal de Itapiúna - CE,CE,% da DCL sobre a RCL AJUSTADA,14.64
2023,Prefeitura Municipal de Itapiúna - CE,CE,Precatórios (Não incluídos na DC),403418.11
2023,Prefeitura Municipal de Itarema - CE,CE,DÍVIDA CONSOLIDADA,42781251.89
2023,Prefeitura Municipal de Itarema - CE,CE,Disponibilidade de Caixa,2038537.8
2023,Prefeitura Municipal de Itarema - CE,CE,Disponibilidade de Caixa Bruta,10663756.87
2023,Prefeitura Municipal de Itarema - CE,CE,RECEITA CORRENTE LÍQUIDA,154454824.83
2023,Prefeitura Municipal de Itarema - CE,CE,% da DC sobre a RCL AJUSTADA (I/VI),28.15
2023,Prefeitura Municipal de Itarema - CE,CE,% da DCL sobre a RCL AJUSTADA,26.79
2023,Prefeitura Municipal de Itatira - CE,CE,DÍVIDA CONSOLIDADA,34274929.42
2023,Prefeitura Municipal de Itatira - CE,CE,Disponibilidade de Caixa,2103395.75
2023,Prefeitura Municipal de Itatira - CE,CE,Disponibilidade de Caixa Bruta,5635551.84
2023,Prefeitura Municipal de Itatira - CE,CE,RECEITA CORRENTE LÍQUIDA,125204294.24
2023,Prefeitura Municipal de Itatira - CE,CE,% da DC sobre a RCL AJUSTADA (I/VI),27.38
2023,Prefeitura Municipal de Itatira - CE,CE,% da DCL sobre a RCL AJUSTADA,25.7
2023,Prefeitura Municipal de Jaguaretama - CE,CE,DÍVIDA CONSOLIDADA,35476488.29
2023,Prefeitura Municipal de Jaguaretama - CE,CE,Precatórios (inclusive) Vencidos e Não Pagos,34229.25
2023,Prefeitura Municipal de Jaguaretama - CE,CE,Disponibilidade de Caixa,12268568.86
2023,Prefeitura Municipal de Jaguaretama - CE,CE,Disponibilidade de Caixa Bruta,13133102.63
2023,Prefeitura Municipal de Jaguaretama - CE,CE,RECEITA CORRENTE LÍQUIDA,77902012.72
2023,Prefeitura Municipal de Jaguaretama - CE,CE,% da DC sobre a RCL AJUSTADA (I/VI),48.6
2023,Prefeitura Municipal de Jaguaretama - CE,CE,% da DCL sobre a RCL AJUSTADA,31.79
2023,Prefeitura Municipal de Jaguaribara - CE,CE,DÍVIDA CONSOLIDADA,12719240.23
2023,Prefeitura Municipal de Jaguaribara - CE,CE,Disponibilidade de Caixa,1809574.84
2023,Prefeitura Municipal de Jaguaribara - CE,CE,Disponibilidade de Caixa Bruta,4737744.67
2023,Prefeitura Municipal de Jaguaribara - CE,CE,RECEITA CORRENTE LÍQUIDA,59497411.23
2023,Prefeitura Municipal de Jaguaribara - CE,CE,% da DC sobre a RCL AJUSTADA (I/VI),21.91
2023,Prefeitura Municipal de Jaguaribara - CE,CE,% da DCL sobre a RCL AJUSTADA,18.77
2023,Prefeitura Municipal de Jardim - CE,CE,DÍVIDA CONSOLIDADA,33606352.36
2023,Prefeitura Municipal de Jardim - CE,CE,Precatórios (inclusive) Vencidos e Não Pagos,5.0
2023,Prefeitura Municipal de Jardim - CE,CE,Disponibilidade de Caixa,9561044.29
2023,Prefeitura Municipal de Jardim - CE,CE,Disponibilidade de Caixa Bruta,14439196.03
2023,Prefeitura Municipal de Jardim - CE,CE,RECEITA CORRENTE LÍQUIDA,100318275.65
2023,Prefeitura Municipal de Jardim - CE,CE,% da DC sobre a RCL AJUSTADA (I/VI),33.82
2023,Prefeitura Municipal de Jardim - CE,CE,% da DCL sobre a RCL AJUSTADA,24.2
2023,Prefeitura Municipal de Jardim - CE,CE,Precatórios (Não incluídos na DC),392544.05
2023,Prefeitura Municipal de Jaguaruana - CE,CE,DÍVIDA CONSOLIDADA,78042124.57
2023,Prefeitura Municipal de Jaguaruana - CE,CE,Precatórios (inclusive) Vencidos e Não Pagos,71148.4
2023,Prefeitura Municipal de Jaguaruana - CE,CE,Disponibilidade de Caixa,13154436.36
2023,Prefeitura Municipal de Jaguaruana - CE,CE,Disponibilidade de Caixa Bruta,20609278.39
2023,Prefeitura Municipal de Jaguaruana - CE,CE,RECEITA CORRENTE LÍQUIDA,121360506.04
2023,Prefeitura Municipal de Jaguaruana - CE,CE,% da DC sobre a RCL AJUSTADA (I/VI),65.04
2023,Prefeitura Municipal de Jaguaruana - CE,CE,% da DCL sobre a RCL AJUSTADA,54.05
2023,Prefeitura Municipal de Jati - CE,CE,DÍVIDA CONSOLIDADA,8925383.15
2023,Prefeitura Municipal de Jati - CE,CE,Disponibilidade de Caixa,5362904.87
2023,Prefeitura Municipal de Jati - CE,CE,Disponibilidade de Caixa Bruta,8836923.73
2023,Prefeitura Municipal de Jati - CE,CE,RECEITA CORRENTE LÍQUIDA,38857528.29
2023,Prefeitura Municipal de Jati - CE,CE,% da DC sobre a RCL AJUSTADA (I/VI),23.12
2023,Prefeitura Municipal de Jati - CE,CE,% da DCL sobre a RCL AJUSTADA,9.23
2023,Prefeitura Municipal de Jijoca de Jericoacoara - CE,CE,DÍVIDA CONSOLIDADA,43535952.62
2023,Prefeitura Municipal de Jijoca de Jericoacoara - CE,CE,Precatórios (inclusive) Vencidos e Não Pagos,386535.19
2023,Prefeitura Municipal de Jijoca de Jericoacoara - CE,CE,Disponibilidade de Caixa,6406000.72
2023,Prefeitura Municipal de Jijoca de Jericoacoara - CE,CE,Disponibilidade de Caixa Bruta,14909112.66
2023,Prefeitura Municipal de Jijoca de Jericoacoara - CE,CE,RECEITA CORRENTE LÍQUIDA,142519736.98
2023,Prefeitura Municipal de Jijoca de Jericoacoara - CE,CE,% da DC sobre a RCL AJUSTADA (I/VI),30.83
2023,Prefeitura Municipal de Jijoca de Jericoacoara - CE,CE,% da DCL sobre a RCL AJUSTADA,26.29
2023,Prefeitura Municipal de Jijoca de Jericoacoara - CE,CE,Precatórios (Não incluídos na DC),8804.08
2023,Prefeitura Municipal de Jucás - CE,CE,DÍVIDA CONSOLIDADA,29201544.57
2023,Prefeitura Municipal de Jucás - CE,CE,Precatórios (inclusive) Vencidos e Não Pagos,394271.55
2023,Prefeitura Municipal de Jucás - CE,CE,Disponibilidade de Caixa,1922763.64
2023,Prefeitura Municipal de Jucás - CE,CE,Disponibilidade de Caixa Bruta,7549066.03
2023,Prefeitura Municipal de Jucás - CE,CE,RECEITA CORRENTE LÍQUIDA,99173783.12
2023,Prefeitura Municipal de Jucás - CE,CE,% da DC sobre a RCL AJUSTADA (I/VI),29.94
2023,Prefeitura Municipal de Jucás - CE,CE,% da DCL sobre a RCL AJUSTADA,27.97
2023,Prefeitura Municipal de Juazeiro do Norte - CE,CE,DÍVIDA CONSOLIDADA,572317726.39
2023,Prefeitura Municipal de Juazeiro do Norte - CE,CE,Disponibilidade de Caixa,33604371.91
2023,Prefeitura Municipal de Juazeiro do Norte - CE,CE,Disponibilidade de Caixa Bruta,69376448.88
2023,Prefeitura Municipal de Juazeiro do Norte - CE,CE,RECEITA CORRENTE LÍQUIDA,796656970.49
2023,Prefeitura Municipal de Juazeiro do Norte - CE,CE,% da DC sobre a RCL AJUSTADA (I/VI),71.88
2023,Prefeitura Municipal de Juazeiro do Norte - CE,CE,% da DCL sobre a RCL AJUSTADA,67.66
2023,Prefeitura Municipal de Juazeiro do Norte - CE,CE,Precatórios (Não incluídos na DC),103524.11
2023,Prefeitura Municipal de Limoeiro do Norte - CE,CE,DÍVIDA CONSOLIDADA,67064040.12
2023,Prefeitura Municipal de Limoeiro do Norte - CE,CE,Disponibilidade de Caixa,-4475554.65
2023,Prefeitura Municipal de Limoeiro do Norte - CE,CE,Disponibilidade de Caixa Bruta,9858522.28
2023,Prefeitura Municipal de Limoeiro do Norte - CE,CE,RECEITA CORRENTE LÍQUIDA,209718390.15
2023,Prefeitura Municipal de Limoeiro do Norte - CE,CE,% da DC sobre a RCL AJUSTADA (I/VI),32.3
2023,Prefeitura Municipal de Limoeiro do Norte - CE,CE,% da DCL sobre a RCL AJUSTADA,34.46
2023,Prefeitura Municipal de Limoeiro do Norte - CE,CE,Precatórios (Não incluídos na DC),114084.31
2023,Prefeitura Municipal de Lavras da Mangabeira - CE,CE,DÍVIDA CONSOLIDADA,31609931.56
2023,Prefeitura Municipal de Lavras da Mangabeira - CE,CE,Disponibilidade de Caixa,16526120.38
2023,Prefeitura Municipal de Lavras da Mangabeira - CE,CE,Disponibilidade de Caixa Bruta,17778944.25
2023,Prefeitura Municipal de Lavras da Mangabeira - CE,CE,RECEITA CORRENTE LÍQUIDA,103289589.5
2023,Prefeitura Municipal de Lavras da Mangabeira - CE,CE,% da DC sobre a RCL AJUSTADA (I/VI),30.99
2023,Prefeitura Municipal de Lavras da Mangabeira - CE,CE,% da DCL sobre a RCL AJUSTADA,14.74
2023,Prefeitura Municipal de Lavras da Mangabeira - CE,CE,Precatórios (Não incluídos na DC),200924.27
2023,Prefeitura Municipal de Maracanaú - CE,CE,DÍVIDA CONSOLIDADA,242067001.05
2023,Prefeitura Municipal de Maracanaú - CE,CE,Precatórios (inclusive) Vencidos e Não Pagos,0.4
2023,Prefeitura Municipal de Maracanaú - CE,CE,Disponibilidade de Caixa,238124819.3
2023,Prefeitura Municipal de Maracanaú - CE,CE,Disponibilidade de Caixa Bruta,252763600.75
2023,Prefeitura Municipal de Maracanaú - CE,CE,RECEITA CORRENTE LÍQUIDA,152100786.24
2023,Prefeitura Municipal de Maracanaú - CE,CE,% da DC sobre a RCL AJUSTADA (I/VI),159.15
2023,Prefeitura Municipal de Maracanaú - CE,CE,% da DCL sobre a RCL AJUSTADA,2.5
2023,Prefeitura Municipal de Maracanaú - CE,CE,Precatórios (Não incluídos na DC),375088.03
2023,Prefeitura Municipal de Madalena - CE,CE,DÍVIDA CONSOLIDADA,17584082.36
2023,Prefeitura Municipal de Madalena - CE,CE,Disponibilidade de Caixa,-1427792.49
2023,Prefeitura Municipal de Madalena - CE,CE,Disponibilidade de Caixa Bruta,5200265.32
2023,Prefeitura Municipal de Madalena - CE,CE,RECEITA CORRENTE LÍQUIDA,80970859.79
2023,Prefeitura Municipal de Madalena - CE,CE,% da DC sobre a RCL AJUSTADA (I/VI),21.77
2023,Prefeitura Municipal de Madalena - CE,CE,% da DCL sobre a RCL AJUSTADA,23.54
2023,Prefeitura Municipal de Marco - CE,CE,DÍVIDA CONSOLIDADA,8184209.62
2023,Prefeitura Municipal de Marco - CE,CE,Disponibilidade de Caixa,23415471.77
2023,Prefeitura Municipal de Marco - CE,CE,Disponibilidade de Caixa Bruta,23415471.77
2023,Prefeitura Municipal de Marco - CE,CE,RECEITA CORRENTE LÍQUIDA,122502450.5
2023,Prefeitura Municipal de Marco - CE,CE,% da DC sobre a RCL AJUSTADA (I/VI),6.68
2023,Prefeitura Municipal de Marco - CE,CE,% da DCL sobre a RCL AJUSTADA,-12.43
2023,Prefeitura Municipal de Maranguape - CE,CE,DÍVIDA CONSOLIDADA,24099785.59
2023,Prefeitura Municipal de Maranguape - CE,CE,Disponibilidade de Caixa,25930927.61
2023,Prefeitura Municipal de Maranguape - CE,CE,Disponibilidade de Caixa Bruta,39180967.01
2023,Prefeitura Municipal de Maranguape - CE,CE,RECEITA CORRENTE LÍQUIDA,316242398.47
2023,Prefeitura Municipal de Maranguape - CE,CE,% da DC sobre a RCL AJUSTADA (I/VI),7.75
2023,Prefeitura Municipal de Maranguape - CE,CE,% da DCL sobre a RCL AJUSTADA,-0.59
2023,Prefeitura Municipal de Martinópole - CE,CE,DÍVIDA CONSOLIDADA,9659323.01
2023,Prefeitura Municipal de Martinópole - CE,CE,Disponibilidade de Caixa,1284017.15
2023,Prefeitura Municipal de Martinópole - CE,CE,Disponibilidade de Caixa Bruta,2254868.71
2023,Prefeitura Municipal de Martinópole - CE,CE,RECEITA CORRENTE LÍQUIDA,52843969.11
2023,Prefeitura Municipal de Martinópole - CE,CE,% da DC sobre a RCL AJUSTADA (I/VI),18.45
2023,Prefeitura Municipal de Martinópole - CE,CE,% da DCL sobre a RCL AJUSTADA,16.0
2023,Prefeitura Municipal de Massapê - CE,CE,DÍVIDA CONSOLIDADA,16036792.98
2023,Prefeitura Municipal de Massapê - CE,CE,Disponibilidade de Caixa,9787622.73
2023,Prefeitura Municipal de Massapê - CE,CE,Disponibilidade de Caixa Bruta,14204745.62
2023,Prefeitura Municipal de Massapê - CE,CE,RECEITA CORRENTE LÍQUIDA,137455050.67
2023,Prefeitura Municipal de Massapê - CE,CE,% da DC sobre a RCL AJUSTADA (I/VI),11.67
2023,Prefeitura Municipal de Massapê - CE,CE,% da DCL sobre a RCL AJUSTADA,4.55
2023,Prefeitura Municipal de Massapê - CE,CE,Precatórios (Não incluídos na DC),16514.99
2023,Prefeitura Municipal de Mauriti - CE,CE,DÍVIDA CONSOLIDADA,28156168.43
2023,Prefeitura Municipal de Mauriti - CE,CE,Disponibilidade de Caixa,6425417.66
2023,Prefeitura Municipal de Mauriti - CE,CE,Disponibilidade de Caixa Bruta,11593747.88
2023,Prefeitura Municipal de Mauriti - CE,CE,RECEITA CORRENTE LÍQUIDA,152498787.65
2023,Prefeitura Municipal de Mauriti - CE,CE,% da DC sobre a RCL AJUSTADA (I/VI),18.62
2023,Prefeitura Municipal de Mauriti - CE,CE,% da DCL sobre a RCL AJUSTADA,14.37
2023,Prefeitura Municipal de Mauriti - CE,CE,Precatórios (Não incluídos na DC),5000.0
2023,Prefeitura Municipal de Meruoca - CE,CE,DÍVIDA CONSOLIDADA,6818027.3
2023,Prefeitura Municipal de Meruoca - CE,CE,Disponibilidade de Caixa,7451126.97
2023,Prefeitura Municipal de Meruoca - CE,CE,Disponibilidade de Caixa Bruta,11181038.84
2023,Prefeitura Municipal de Meruoca - CE,CE,RECEITA CORRENTE LÍQUIDA,71965937.58
2023,Prefeitura Municipal de Meruoca - CE,CE,% da DC sobre a RCL AJUSTADA (I/VI),9.63
2023,Prefeitura Municipal de Meruoca - CE,CE,% da DCL sobre a RCL AJUSTADA,-0.89
2023,Prefeitura Municipal de Meruoca - CE,CE,Precatórios (Não incluídos na DC),5000.0
2023,Prefeitura Municipal de Milagres - CE,CE,DÍVIDA CONSOLIDADA,7954393.99
2023,Prefeitura Municipal de Milagres - CE,CE,Disponibilidade de Caixa,52786240.48
2023,Prefeitura Municipal de Milagres - CE,CE,Disponibilidade de Caixa Bruta,58268469.59
2023,Prefeitura Municipal de Milagres - CE,CE,RECEITA CORRENTE LÍQUIDA,129683607.24
2023,Prefeitura Municipal de Milagres - CE,CE,% da DC sobre a RCL AJUSTADA (I/VI),6.13
2023,Prefeitura Municipal de Milagres - CE,CE,% da DCL sobre a RCL AJUSTADA,-34.57
2023,Prefeitura Municipal de Milhã - CE,CE,DÍVIDA CONSOLIDADA,17247804.95
2023,Prefeitura Municipal de Milhã - CE,CE,Disponibilidade de Caixa,2805963.01
2023,Prefeitura Municipal de Milhã - CE,CE,Disponibilidade de Caixa Bruta,5561690.77
2023,Prefeitura Municipal de Milhã - CE,CE,RECEITA CORRENTE LÍQUIDA,62586319.23
2023,Prefeitura Municipal de Milhã - CE,CE,% da DC sobre a RCL AJUSTADA (I/VI),28.45
2023,Prefeitura Municipal de Milhã - CE,CE,% da DCL sobre a RCL AJUSTADA,23.82
2023,Prefeitura Municipal de Miraíma - CE,CE,DÍVIDA CONSOLIDADA,3812307.36
2023,Prefeitura Municipal de Miraíma - CE,CE,Disponibilidade de Caixa,1865294.81
2023,Prefeitura Municipal de Miraíma - CE,CE,Disponibilidade de Caixa Bruta,2631389.3
2023,Prefeitura Municipal de Miraíma - CE,CE,RECEITA CORRENTE LÍQUIDA,53787861.31
2023,Prefeitura Municipal de Miraíma - CE,CE,% da DC sobre a RCL AJUSTADA (I/VI),7.29
2023,Prefeitura Municipal de Miraíma - CE,CE,% da DCL sobre a RCL AJUSTADA,3.65
2023,Prefeitura Municipal de Missão Velha - CE,CE,DÍVIDA CONSOLIDADA,72598800.16
2023,Prefeitura Municipal de Missão Velha - CE,CE,Disponibilidade de Caixa,-1628955.32
2023,Prefeitura Municipal de Missão Velha - CE,CE,Disponibilidade de Caixa Bruta,8869611.74
2023,Prefeitura Municipal de Missão Velha - CE,CE,RECEITA CORRENTE LÍQUIDA,127875301.81
2023,Prefeitura Municipal de Missão Velha - CE,CE,% da DC sobre a RCL AJUSTADA (I/VI),58.85
2023,Prefeitura Municipal de Missão Velha - CE,CE,% da DCL sobre a RCL AJUSTADA,60.17
2023,Prefeitura Municipal de Missão Velha - CE,CE,Precatórios (Não incluídos na DC),58154.58
2023,Prefeitura Municipal de Monsenhor Tabosa - CE,CE,Disponibilidade de Caixa,3318112.04
2023,Prefeitura Municipal de Monsenhor Tabosa - CE,CE,Disponibilidade de Caixa Bruta,5148774.45
2023,Prefeitura Municipal de Monsenhor Tabosa - CE,CE,RECEITA CORRENTE LÍQUIDA,89546710.45
2023,Prefeitura Municipal de Monsenhor Tabosa - CE,CE,% da DCL sobre a RCL AJUSTADA,-3.71
2023,Prefeitura Municipal de Mombaça - CE,CE,DÍVIDA CONSOLIDADA,56004190.46
2023,Prefeitura Municipal de Mombaça - CE,CE,Disponibilidade de Caixa,8963024.27
2023,Prefeitura Municipal de Mombaça - CE,CE,Disponibilidade de Caixa Bruta,12091107.74
2023,Prefeitura Municipal de Mombaça - CE,CE,RECEITA CORRENTE LÍQUIDA,142980800.58
2023,Prefeitura Municipal de Mombaça - CE,CE,% da DC sobre a RCL AJUSTADA (I/VI),39.93
2023,Prefeitura Municipal de Mombaça - CE,CE,% da DCL sobre a RCL AJUSTADA,33.54
2023,Prefeitura Municipal de Morada Nova - CE,CE,DÍVIDA CONSOLIDADA,28597107.97
2023,Prefeitura Municipal de Morada Nova - CE,CE,Disponibilidade de Caixa,13884330.8
2023,Prefeitura Municipal de Morada Nova - CE,CE,Disponibilidade de Caixa Bruta,23653214.34
2023,Prefeitura Municipal de Morada Nova - CE,CE,RECEITA CORRENTE LÍQUIDA,228129147.9
2023,Prefeitura Municipal de Morada Nova - CE,CE,% da DC sobre a RCL AJUSTADA (I/VI),12.66
2023,Prefeitura Municipal de Morada Nova - CE,CE,% da DCL sobre a RCL AJUSTADA,6.51
2023,Prefeitura Municipal de Morada Nova - CE,CE,Precatórios (Não incluídos na DC),255675.12
2023,Prefeitura Municipal de Morrinhos - CE,CE,DÍVIDA CONSOLIDADA,4674576.29
2023,Prefeitura Municipal de Morrinhos - CE,CE,Disponibilidade de Caixa,19124059.08
2023,Prefeitura Municipal de Morrinhos - CE,CE,Disponibilidade de Caixa Bruta,21016059.0
2023,Prefeitura Municipal de Morrinhos - CE,CE,RECEITA CORRENTE LÍQUIDA,83228424.83
2023,Prefeitura Municipal de Morrinhos - CE,CE,% da DC sobre a RCL AJUSTADA (I/VI),5.74
2023,Prefeitura Municipal de Morrinhos - CE,CE,% da DCL sobre a RCL AJUSTADA,-17.75
2023,Prefeitura Municipal de Morrinhos - CE,CE,Precatórios (Não incluídos na DC),7023.93
2023,Prefeitura Municipal de Mulungu - CE,CE,DÍVIDA CONSOLIDADA,18047463.63
2023,Prefeitura Municipal de Mulungu - CE,CE,Disponibilidade de Caixa,794388.87
2023,Prefeitura Municipal de Mulungu - CE,CE,Disponibilidade de Caixa Bruta,3675334.37
2023,Prefeitura Municipal de Mulungu - CE,CE,RECEITA CORRENTE LÍQUIDA,47535228.36
2023,Prefeitura Municipal de Mulungu - CE,CE,% da DC sobre a RCL AJUSTADA (I/VI),38.06
2023,Prefeitura Municipal de Mulungu - CE,CE,% da DCL sobre a RCL AJUSTADA,36.39
2023,Prefeitura Municipal de Nova Olinda - CE,CE,DÍVIDA CONSOLIDADA,10266084.25
2023,Prefeitura Municipal de Nova Olinda - CE,CE,Disponibilidade de Caixa,6331831.82
2023,Prefeitura Municipal de Nova Olinda - CE,CE,Disponibilidade de Caixa Bruta,7147935.4
2023,Prefeitura Municipal de Nova Olinda - CE,CE,RECEITA CORRENTE LÍQUIDA,64130142.85
2023,Prefeitura Municipal de Nova Olinda - CE,CE,% da DC sobre a RCL AJUSTADA (I/VI),16.08
2023,Prefeitura Municipal de Nova Olinda - CE,CE,% da DCL sobre a RCL AJUSTADA,6.16
2023,Prefeitura Municipal de Nova Olinda - CE,CE,Precatórios (Não incluídos na DC),18726.74
2023,Prefeitura Municipal de Nova Russas - CE,CE,DÍVIDA CONSOLIDADA,14361776.49
2023,Prefeitura Municipal de Nova Russas - CE,CE,Disponibilidade de Caixa,9373863.6
2023,Prefeitura Municipal de Nova Russas - CE,CE,Disponibilidade de Caixa Bruta,19864350.58
2023,Prefeitura Municipal de Nova Russas - CE,CE,RECEITA CORRENTE LÍQUIDA,138016889.69
2023,Prefeitura Municipal de Nova Russas - CE,CE,% da DC sobre a RCL AJUSTADA (I/VI),10.71
2023,Prefeitura Municipal de Nova Russas - CE,CE,% da DCL sobre a RCL AJUSTADA,3.72
2023,Prefeitura Municipal de Novo Oriente - CE,CE,DÍVIDA CONSOLIDADA,37600359.18
2023,Prefeitura Municipal de Novo Oriente - CE,CE,Precatórios (inclusive) Vencidos e Não Pagos,200552.78
2023,Prefeitura Municipal de Novo Oriente - CE,CE,Disponibilidade de Caixa,7541953.87
2023,Prefeitura Municipal de Novo Oriente - CE,CE,Disponibilidade de Caixa Bruta,12167910.33
2023,Prefeitura Municipal de Novo Oriente - CE,CE,RECEITA CORRENTE LÍQUIDA,126278965.6
2023,Prefeitura Municipal de Novo Oriente - CE,CE,% da DC sobre a RCL AJUSTADA (I/VI),32.83
2023,Prefeitura Municipal de Novo Oriente - CE,CE,% da DCL sobre a RCL AJUSTADA,26.25
2023,Prefeitura Municipal de Novo Oriente - CE,CE,Precatórios (Não incluídos na DC),527.6
2023,Prefeitura Municipal de Ocara - CE,CE,DÍVIDA CONSOLIDADA,14314873.61
2023,Prefeitura Municipal de Ocara - CE,CE,Disponibilidade de Caixa,-640441.22
2023,Prefeitura Municipal de Ocara - CE,CE,Disponibilidade de Caixa Bruta,3896700.63
2023,Prefeitura Municipal de Ocara - CE,CE,RECEITA CORRENTE LÍQUIDA,86820939.53
2023,Prefeitura Municipal de Ocara - CE,CE,% da DC sobre a RCL AJUSTADA (I/VI),16.73
2023,Prefeitura Municipal de Ocara - CE,CE,% da DCL sobre a RCL AJUSTADA,17.47
2023,Prefeitura Municipal de Pacoti - CE,CE,DÍVIDA CONSOLIDADA,12090094.4
2023,Prefeitura Municipal de Pacoti - CE,CE,Disponibilidade de Caixa,3267365.6
2023,Prefeitura Municipal de Pacoti - CE,CE,Disponibilidade de Caixa Bruta,6211655.48
2023,Prefeitura Municipal de Pacoti - CE,CE,RECEITA CORRENTE LÍQUIDA,55956679.54
2023,Prefeitura Municipal de Pacoti - CE,CE,% da DC sobre a RCL AJUSTADA (I/VI),21.61
2023,Prefeitura Municipal de Pacoti - CE,CE,% da DCL sobre a RCL AJUSTADA,15.77
2023,Prefeitura Municipal de Pacajus - CE,CE,DÍVIDA CONSOLIDADA,123709293.48
2023,Prefeitura Municipal de Pacajus - CE,CE,Disponibilidade de Caixa,-1597366.24
2023,Prefeitura Municipal de Pacajus - CE,CE,Disponibilidade de Caixa Bruta,14274089.85
2023,Prefeitura Municipal de Pacajus - CE,CE,RECEITA CORRENTE LÍQUIDA,218841659.31
2023,Prefeitura Municipal de Pacajus - CE,CE,% da DC sobre a RCL AJUSTADA (I/VI),57.18
2023,Prefeitura Municipal de Pacajus - CE,CE,% da DCL sobre a RCL AJUSTADA,57.92
2023,Prefeitura Municipal de Pacajus - CE,CE,Precatórios (Não incluídos na DC),64733.31
2023,Prefeitura Municipal de Pacatuba - CE,CE,DÍVIDA CONSOLIDADA,70880501.36
2023,Prefeitura Municipal de Pacatuba - CE,CE,Disponibilidade de Caixa,10865192.82
2023,Prefeitura Municipal de Pacatuba - CE,CE,Disponibilidade de Caixa Bruta,25796148.21
2023,Prefeitura Municipal de Pacatuba - CE,CE,RECEITA CORRENTE LÍQUIDA,256085251.72
2023,Prefeitura Municipal de Pacatuba - CE,CE,% da DC sobre a RCL AJUSTADA (I/VI),28.1
2023,Prefeitura Municipal de Pacatuba - CE,CE,% da DCL sobre a RCL AJUSTADA,23.79
2023,Prefeitura Municipal de Pacujá - CE,CE,DÍVIDA CONSOLIDADA,11973179.98
2023,Prefeitura Municipal de Pacujá - CE,CE,Disponibilidade de Caixa,3315434.04
2023,Prefeitura Municipal de Pacujá - CE,CE,Disponibilidade de Caixa Bruta,4275451.33
2023,Prefeitura Municipal de Pacujá - CE,CE,RECEITA CORRENTE LÍQUIDA,41521047.04
2023,Prefeitura Municipal de Pacujá - CE,CE,% da DC sobre a RCL AJUSTADA (I/VI),29.19
2023,Prefeitura Municipal de Pacujá - CE,CE,% da DCL sobre a RCL AJUSTADA,21.11
2023,Prefeitura Municipal de Paracuru - CE,CE,DÍVIDA CONSOLIDADA,43131367.57
2023,Prefeitura Municipal de Paracuru - CE,CE,Precatórios (inclusive) Vencidos e Não Pagos,187225.58
2023,Prefeitura Municipal de Paracuru - CE,CE,Disponibilidade de Caixa,-5264435.8
2023,Prefeitura Municipal de Paracuru - CE,CE,Disponibilidade de Caixa Bruta,7753118.99
2023,Prefeitura Municipal de Paracuru - CE,CE,RECEITA CORRENTE LÍQUIDA,149323988.53
2023,Prefeitura Municipal de Paracuru - CE,CE,% da DC sobre a RCL AJUSTADA (I/VI),29.36
2023,Prefeitura Municipal de Paracuru - CE,CE,% da DCL sobre a RCL AJUSTADA,32.95
2023,Prefeitura Municipal de Paracuru - CE,CE,Precatórios (Não incluídos na DC),70384.37
2023,Prefeitura Municipal de Palhano - CE,CE,DÍVIDA CONSOLIDADA,31634000.05
2023,Prefeitura Municipal de Palhano - CE,CE,Disponibilidade de Caixa,1110504.94
2023,Prefeitura Municipal de Palhano - CE,CE,Disponibilidade de Caixa Bruta,3477611.77
2023,Prefeitura Municipal de Palhano - CE,CE,RECEITA CORRENTE LÍQUIDA,41217892.48
2023,Prefeitura Municipal de Palhano - CE,CE,% da DC sobre a RCL AJUSTADA (I/VI),77.91
2023,Prefeitura Municipal de Palhano - CE,CE,% da DCL sobre a RCL AJUSTADA,75.18
2023,Prefeitura Municipal de Paraipaba - CE,CE,DÍVIDA CONSOLIDADA,23724805.83
2023,Prefeitura Municipal de Paraipaba - CE,CE,Disponibilidade de Caixa,11213650.05
2023,Prefeitura Municipal de Paraipaba - CE,CE,Disponibilidade de Caixa Bruta,17735926.88
2023,Prefeitura Municipal de Paraipaba - CE,CE,RECEITA CORRENTE LÍQUIDA,121097252.14
2023,Prefeitura Municipal de Paraipaba - CE,CE,% da DC sobre a RCL AJUSTADA (I/VI),19.75
2023,Prefeitura Municipal de Paraipaba - CE,CE,% da DCL sobre a RCL AJUSTADA,10.42
2023,Prefeitura Municipal de Palmácia - CE,CE,DÍVIDA CONSOLIDADA,26993842.66
2023,Prefeitura Municipal de Palmácia - CE,CE,Disponibilidade de Caixa,481209.62
2023,Prefeitura Municipal de Palmácia - CE,CE,Disponibilidade de Caixa Bruta,4486927.76
2023,Prefeitura Municipal de Palmácia - CE,CE,RECEITA CORRENTE LÍQUIDA,48586087.72
2023,Prefeitura Municipal de Palmácia - CE,CE,% da DC sobre a RCL AJUSTADA (I/VI),58.13
2023,Prefeitura Municipal de Palmácia - CE,CE,% da DCL sobre a RCL AJUSTADA,57.09
2023,Prefeitura Municipal de Pedra Branca - CE,CE,DÍVIDA CONSOLIDADA,110809933.02
2023,Prefeitura Municipal de Pedra Branca - CE,CE,Disponibilidade de Caixa,18280071.84
2023,Prefeitura Municipal de Pedra Branca - CE,CE,Disponibilidade de Caixa Bruta,26295573.92
2023,Prefeitura Municipal de Pedra Branca - CE,CE,RECEITA CORRENTE LÍQUIDA,137290234.11
2023,Prefeitura Municipal de Pedra Branca - CE,CE,% da DC sobre a RCL AJUSTADA (I/VI),81.47
2023,Prefeitura Municipal de Pedra Branca - CE,CE,% da DCL sobre a RCL AJUSTADA,68.03
2023,Prefeitura Municipal de Paramoti - CE,CE,DÍVIDA CONSOLIDADA,18884632.2
2023,Prefeitura Municipal de Paramoti - CE,CE,Disponibilidade de Caixa,-1064081.29
2023,Prefeitura Municipal de Paramoti - CE,CE,Disponibilidade de Caixa Bruta,9036162.63
2023,Prefeitura Municipal de Paramoti - CE,CE,RECEITA CORRENTE LÍQUIDA,52140627.98
2023,Prefeitura Municipal de Paramoti - CE,CE,% da DC sobre a RCL AJUSTADA (I/VI),36.22
2023,Prefeitura Municipal de Paramoti - CE,CE,% da DCL sobre a RCL AJUSTADA,38.26
2023,Prefeitura Municipal de Penaforte - CE,CE,DÍVIDA CONSOLIDADA,22975487.16
2023,Prefeitura Municipal de Penaforte - CE,CE,Disponibilidade de Caixa,-3263599.19
2023,Prefeitura Municipal de Penaforte - CE,CE,Disponibilidade de Caixa Bruta,1780961.63
2023,Prefeitura Municipal de Penaforte - CE,CE,RECEITA CORRENTE LÍQUIDA,40589361.41
2023,Prefeitura Municipal de Penaforte - CE,CE,% da DC sobre a RCL AJUSTADA (I/VI),57.71
2023,Prefeitura Municipal de Penaforte - CE,CE,% da DCL sobre a RCL AJUSTADA,65.91
2023,Prefeitura Municipal de Pentecoste - CE,CE,DÍVIDA CONSOLIDADA,22904309.88
2023,Prefeitura Municipal de Pentecoste - CE,CE,Disponibilidade de Caixa,11821025.47
2023,Prefeitura Municipal de Pentecoste - CE,CE,Disponibilidade de Caixa Bruta,16045449.19
2023,Prefeitura Municipal de Pentecoste - CE,CE,RECEITA CORRENTE LÍQUIDA,148766569.65
2023,Prefeitura Municipal de Pentecoste - CE,CE,% da DC sobre a RCL AJUSTADA (I/VI),15.61
2023,Prefeitura Municipal de Pentecoste - CE,CE,% da DCL sobre a RCL AJUSTADA,7.55
2023,Prefeitura Municipal de Piquet Carneiro - CE,CE,DÍVIDA CONSOLIDADA,31571159.23
2023,Prefeitura Municipal de Piquet Carneiro - CE,CE,Disponibilidade de Caixa,12141045.22
2023,Prefeitura Municipal de Piquet Carneiro - CE,CE,Disponibilidade de Caixa Bruta,13823050.51
2023,Prefeitura Municipal de Piquet Carneiro - CE,CE,RECEITA CORRENTE LÍQUIDA,70480849.72
2023,Prefeitura Municipal de Piquet Carneiro - CE,CE,% da DC sobre a RCL AJUSTADA (I/VI),46.85
2023,Prefeitura Municipal de Piquet Carneiro - CE,CE,% da DCL sobre a RCL AJUSTADA,28.83
2023,Prefeitura Municipal de Pindoretama - CE,CE,DÍVIDA CONSOLIDADA,31188220.23
2023,Prefeitura Municipal de Pindoretama - CE,CE,Disponibilidade de Caixa,5588476.42
2023,Prefeitura Municipal de Pindoretama - CE,CE,Disponibilidade de Caixa Bruta,8733725.38
2023,Prefeitura Municipal de Pindoretama - CE,CE,RECEITA CORRENTE LÍQUIDA,96108217.04
2023,Prefeitura Municipal de Pindoretama - CE,CE,% da DC sobre a RCL AJUSTADA (I/VI),33.44
2023,Prefeitura Municipal de Pindoretama - CE,CE,% da DCL sobre a RCL AJUSTADA,27.45
2023,Prefeitura Municipal de Pindoretama - CE,CE,Precatórios (Não incluídos na DC),189318.01
2023,Prefeitura Municipal de Pires Ferreira - CE,CE,DÍVIDA CONSOLIDADA,7441405.52
2023,Prefeitura Municipal de Pires Ferreira - CE,CE,Disponibilidade de Caixa,810864.02
2023,Prefeitura Municipal de Pires Ferreira - CE,CE,Disponibilidade de Caixa Bruta,6752686.57
2023,Prefeitura Municipal de Pires Ferreira - CE,CE,RECEITA CORRENTE LÍQUIDA,44898115.41
2023,Prefeitura Municipal de Pires Ferreira - CE,CE,% da DC sobre a RCL AJUSTADA (I/VI),16.57
2023,Prefeitura Municipal de Pires Ferreira - CE,CE,% da DCL sobre a RCL AJUSTADA,14.77
2023,Prefeitura Municipal de Potengi - CE,CE,DÍVIDA CONSOLIDADA,7769675.77
2023,Prefeitura Municipal de Potengi - CE,CE,Disponibilidade de Caixa,-1399981.38
2023,Prefeitura Municipal de Potengi - CE,CE,Disponibilidade de Caixa Bruta,1956710.17
2023,Prefeitura Municipal de Potengi - CE,CE,RECEITA CORRENTE LÍQUIDA,39052288.67
2023,Prefeitura Municipal de Potengi - CE,CE,% da DC sobre a RCL AJUSTADA (I/VI),19.9
2023,Prefeitura Municipal de Potengi - CE,CE,% da DCL sobre a RCL AJUSTADA,23.48
2023,Prefeitura Municipal de Potiretama - CE,CE,DÍVIDA CONSOLIDADA,11008450.23
2023,Prefeitura Municipal de Potiretama - CE,CE,Disponibilidade de Caixa,-172323.37
2023,Prefeitura Municipal de Potiretama - CE,CE,Disponibilidade de Caixa Bruta,2879759.26
2023,Prefeitura Municipal de Potiretama - CE,CE,RECEITA CORRENTE LÍQUIDA,38875257.76
2023,Prefeitura Municipal de Potiretama - CE,CE,% da DC sobre a RCL AJUSTADA (I/VI),28.99
2023,Prefeitura Municipal de Potiretama - CE,CE,% da DCL sobre a RCL AJUSTADA,28.73
2023,Prefeitura Municipal de Porteiras - CE,CE,DÍVIDA CONSOLIDADA,2501160.22
2023,Prefeitura Municipal de Porteiras - CE,CE,Disponibilidade de Caixa,17331775.91
2023,Prefeitura Municipal de Porteiras - CE,CE,Disponibilidade de Caixa Bruta,17489407.19
2023,Prefeitura Municipal de Porteiras - CE,CE,RECEITA CORRENTE LÍQUIDA,74996318.69
2023,Prefeitura Municipal de Porteiras - CE,CE,% da DC sobre a RCL AJUSTADA (I/VI),3.34
2023,Prefeitura Municipal de Porteiras - CE,CE,% da DCL sobre a RCL AJUSTADA,-19.78
2023,Prefeitura Municipal de Quixeré - CE,CE,DÍVIDA CONSOLIDADA,2451601.59
2023,Prefeitura Municipal de Quixeré - CE,CE,Disponibilidade de Caixa,7147974.07
2023,Prefeitura Municipal de Quixeré - CE,CE,Disponibilidade de Caixa Bruta,8505904.58
2023,Prefeitura Municipal de Quixeré - CE,CE,RECEITA CORRENTE LÍQUIDA,89417178.66
2023,Prefeitura Municipal de Quixeré - CE,CE,% da DC sobre a RCL AJUSTADA (I/VI),2.79
2023,Prefeitura Municipal de Quixeré - CE,CE,% da DCL sobre a RCL AJUSTADA,-5.35
2023,Prefeitura Municipal de Quixelô - CE,CE,DÍVIDA CONSOLIDADA,6150631.29
2023,Prefeitura Municipal de Quixelô - CE,CE,Disponibilidade de Caixa,-510339.81
2023,Prefeitura Municipal de Quixelô - CE,CE,Disponibilidade de Caixa Bruta,3780977.07
2023,Prefeitura Municipal de Quixelô - CE,CE,RECEITA CORRENTE LÍQUIDA,71936976.07
2023,Prefeitura Municipal de Quixelô - CE,CE,% da DC sobre a RCL AJUSTADA (I/VI),8.63
2023,Prefeitura Municipal de Quixelô - CE,CE,% da DCL sobre a RCL AJUSTADA,9.34
2023,Prefeitura Municipal de Quixeramobim - CE,CE,DÍVIDA CONSOLIDADA,87885985.41
2023,Prefeitura Municipal de Quixeramobim - CE,CE,Disponibilidade de Caixa,6299802.09
2023,Prefeitura Municipal de Quixeramobim - CE,CE,Disponibilidade de Caixa Bruta,18799053.0
2023,Prefeitura Municipal de Quixeramobim - CE,CE,RECEITA CORRENTE LÍQUIDA,299656419.35
2023,Prefeitura Municipal de Quixeramobim - CE,CE,% da DC sobre a RCL AJUSTADA (I/VI),29.46
2023,Prefeitura Municipal de Quixeramobim - CE,CE,% da DCL sobre a RCL AJUSTADA,27.35
2023,Prefeitura Municipal de Quixeramobim - CE,CE,Precatórios (Não incluídos na DC),15623.17
2023,Prefeitura Municipal de Quixadá - CE,CE,DÍVIDA CONSOLIDADA,23222021.81
2023,Prefeitura Municipal de Quixadá - CE,CE,Disponibilidade de Caixa,5251614.67
2023,Prefeitura Municipal de Quixadá - CE,CE,Disponibilidade de Caixa Bruta,16974254.41
2023,Prefeitura Municipal de Quixadá - CE,CE,RECEITA CORRENTE LÍQUIDA,278229243.09
2023,Prefeitura Municipal de Quixadá - CE,CE,% da DC sobre a RCL AJUSTADA (I/VI),8.66
2023,Prefeitura Municipal de Quixadá - CE,CE,% da DCL sobre a RCL AJUSTADA,6.7
2023,Prefeitura Municipal de Quixadá - CE,CE,Precatórios (Não incluídos na DC),27979.11
2023,Prefeitura Municipal de Reriutaba - CE,CE,DÍVIDA CONSOLIDADA,14771712.99
2023,Prefeitura Municipal de Reriutaba - CE,CE,Disponibilidade de Caixa,-4590755.16
2023,Prefeitura Municipal de Reriutaba - CE,CE,Disponibilidade de Caixa Bruta,6746614.71
2023,Prefeitura Municipal de Reriutaba - CE,CE,RECEITA CORRENTE LÍQUIDA,77335237.96
2023,Prefeitura Municipal de Reriutaba - CE,CE,% da DC sobre a RCL AJUSTADA (I/VI),19.23
2023,Prefeitura Municipal de Reriutaba - CE,CE,% da DCL sobre a RCL AJUSTADA,25.2
2023,Prefeitura Municipal de Reriutaba - CE,CE,Precatórios (Não incluídos na DC),530206.9
2023,Prefeitura Municipal de Redenção - CE,CE,DÍVIDA CONSOLIDADA,102953021.12
2023,Prefeitura Municipal de Redenção - CE,CE,Disponibilidade de Caixa,5298555.18
2023,Prefeitura Municipal de Redenção - CE,CE,Disponibilidade de Caixa Bruta,7571877.0
2023,Prefeitura Municipal de Redenção - CE,CE,RECEITA CORRENTE LÍQUIDA,116104331.92
2023,Prefeitura Municipal de Redenção - CE,CE,% da DC sobre a RCL AJUSTADA (I/VI),90.41
2023,Prefeitura Municipal de Redenção - CE,CE,% da DCL sobre a RCL AJUSTADA,85.65
2023,Prefeitura Municipal de Russas - CE,CE,DÍVIDA CONSOLIDADA,8984672.92
2023,Prefeitura Municipal de Russas - CE,CE,Disponibilidade de Caixa,17055313.99
2023,Prefeitura Municipal de Russas - CE,CE,Disponibilidade de Caixa Bruta,19657598.98
2023,Prefeitura Municipal de Russas - CE,CE,RECEITA CORRENTE LÍQUIDA,262347621.93
2023,Prefeitura Municipal de Russas - CE,CE,% da DC sobre a RCL AJUSTADA (I/VI),3.46
2023,Prefeitura Municipal de Russas - CE,CE,% da DCL sobre a RCL AJUSTADA,-3.11
2023,Prefeitura Municipal de Russas - CE,CE,Precatórios (Não incluídos na DC),34578.51
2023,Prefeitura Municipal de Saboeiro - CE,CE,DÍVIDA CONSOLIDADA,21395174.56
2023,Prefeitura Municipal de Saboeiro - CE,CE,Disponibilidade de Caixa,4421535.95
2023,Prefeitura Municipal de Saboeiro - CE,CE,Disponibilidade de Caixa Bruta,7979621.55
2023,Prefeitura Municipal de Saboeiro - CE,CE,RECEITA CORRENTE LÍQUIDA,80227246.95
2023,Prefeitura Municipal de Saboeiro - CE,CE,% da DC sobre a RCL AJUSTADA (I/VI),26.67
2023,Prefeitura Municipal de Saboeiro - CE,CE,% da DCL sobre a RCL AJUSTADA,21.16
2023,Prefeitura Municipal de Salitre - CE,CE,DÍVIDA CONSOLIDADA,10607632.07
2023,Prefeitura Municipal de Salitre - CE,CE,Disponibilidade de Caixa,-2234546.17
2023,Prefeitura Municipal de Salitre - CE,CE,Disponibilidade de Caixa Bruta,5803809.52
2023,Prefeitura Municipal de Salitre - CE,CE,RECEITA CORRENTE LÍQUIDA,84269234.41
2023,Prefeitura Municipal de Salitre - CE,CE,% da DC sobre a RCL AJUSTADA (I/VI),12.59
2023,Prefeitura Municipal de Salitre - CE,CE,% da DCL sobre a RCL AJUSTADA,15.24
2023,Prefeitura Municipal de Santa Quitéria - CE,CE,DÍVIDA CONSOLIDADA,31952818.22
2023,Prefeitura Municipal de Santa Quitéria - CE,CE,Precatórios (inclusive) Vencidos e Não Pagos,349452.04
2023,Prefeitura Municipal de Santa Quitéria - CE,CE,Disponibilidade de Caixa,-1490667.2
2023,Prefeitura Municipal de Santa Quitéria - CE,CE,Disponibilidade de Caixa Bruta,15605062.0
2023,Prefeitura Municipal de Santa Quitéria - CE,CE,RECEITA CORRENTE LÍQUIDA,145176578.54
2023,Prefeitura Municipal de Santa Quitéria - CE,CE,% da DC sobre a RCL AJUSTADA (I/VI),22.29
2023,Prefeitura Municipal de Santa Quitéria - CE,CE,% da DCL sobre a RCL AJUSTADA,23.33
2023,Prefeitura Municipal de Santana do Acaraú - CE,CE,DÍVIDA CONSOLIDADA,40177395.14
2023,Prefeitura Municipal de Santana do Acaraú - CE,CE,Disponibilidade de Caixa,5825106.79
2023,Prefeitura Municipal de Santana do Acaraú - CE,CE,Disponibilidade de Caixa Bruta,11376718.52
2023,Prefeitura Municipal de Santana do Acaraú - CE,CE,RECEITA CORRENTE LÍQUIDA,99606529.34
2023,Prefeitura Municipal de Santana do Acaraú - CE,CE,% da DC sobre a RCL AJUSTADA (I/VI),40.65
2023,Prefeitura Municipal de Santana do Acaraú - CE,CE,% da DCL sobre a RCL AJUSTADA,34.69
2023,Prefeitura Municipal de São Benedito - CE,CE,DÍVIDA CONSOLIDADA,34811251.31
2023,Prefeitura Municipal de São Benedito - CE,CE,Disponibilidade de Caixa,1851529.5
2023,Prefeitura Municipal de São Benedito - CE,CE,Disponibilidade de Caixa Bruta,11474010.01
2023,Prefeitura Municipal de São Benedito - CE,CE,RECEITA CORRENTE LÍQUIDA,178388475.59
2023,Prefeitura Municipal de São Benedito - CE,CE,% da DC sobre a RCL AJUSTADA (I/VI),19.92
2023,Prefeitura Municipal de São Benedito - CE,CE,% da DCL sobre a RCL AJUSTADA,18.86
2023,Prefeitura Municipal de São Benedito - CE,CE,Precatórios (Não incluídos na DC),29355.0
2023,Prefeitura Municipal de São Gonçalo do Amarante - CE,CE,DÍVIDA CONSOLIDADA,58093980.61
2023,Prefeitura Municipal de São Gonçalo do Amarante - CE,CE,Disponibilidade de Caixa,32302232.89
2023,Prefeitura Municipal de São Gonçalo do Amarante - CE,CE,Disponibilidade de Caixa Bruta,38673238.34
2023,Prefeitura Municipal de São Gonçalo do Amarante - CE,CE,RECEITA CORRENTE LÍQUIDA,438703941.17
2023,Prefeitura Municipal de São Gonçalo do Amarante - CE,CE,% da DC sobre a RCL AJUSTADA (I/VI),13.24
2023,Prefeitura Municipal de São Gonçalo do Amarante - CE,CE,% da DCL sobre a RCL AJUSTADA,5.88
2023,Prefeitura Municipal de São Gonçalo do Amarante - CE,CE,Precatórios (Não incluídos na DC),8130.43
2023,Prefeitura Municipal de São Luís do Curu - CE,CE,DÍVIDA CONSOLIDADA,7383008.99
2023,Prefeitura Municipal de São Luís do Curu - CE,CE,Disponibilidade de Caixa,-478152.68
2023,Prefeitura Municipal de São Luís do Curu - CE,CE,Disponibilidade de Caixa Bruta,1387711.19
2023,Prefeitura Municipal de São Luís do Curu - CE,CE,RECEITA CORRENTE LÍQUIDA,43929923.17
2023,Prefeitura Municipal de São Luís do Curu - CE,CE,% da DC sobre a RCL AJUSTADA (I/VI),17.17
2023,Prefeitura Municipal de São Luís do Curu - CE,CE,% da DCL sobre a RCL AJUSTADA,18.29
2023,Prefeitura Municipal de São João do Jaguaribe - CE,CE,DÍVIDA CONSOLIDADA,3446573.95
2023,Prefeitura Municipal de São João do Jaguaribe - CE,CE,Disponibilidade de Caixa,5520782.14
2023,Prefeitura Municipal de São João do Jaguaribe - CE,CE,Disponibilidade de Caixa Bruta,6543186.19
2023,Prefeitura Municipal de São João do Jaguaribe - CE,CE,RECEITA CORRENTE LÍQUIDA,32455965.51
2023,Prefeitura Municipal de São João do Jaguaribe - CE,CE,% da DC sobre a RCL AJUSTADA (I/VI),10.67
2023,Prefeitura Municipal de São João do Jaguaribe - CE,CE,% da DCL sobre a RCL AJUSTADA,-6.42
2023,Prefeitura Municipal de Senador Pompeu - CE,CE,DÍVIDA CONSOLIDADA,19249790.49
2023,Prefeitura Municipal de Senador Pompeu - CE,CE,Disponibilidade de Caixa,11870125.55
2023,Prefeitura Municipal de Senador Pompeu - CE,CE,Disponibilidade de Caixa Bruta,13056006.95
2023,Prefeitura Municipal de Senador Pompeu - CE,CE,RECEITA CORRENTE LÍQUIDA,88380309.3
2023,Prefeitura Municipal de Senador Pompeu - CE,CE,% da DC sobre a RCL AJUSTADA (I/VI),21.96
2023,Prefeitura Municipal de Senador Pompeu - CE,CE,% da DCL sobre a RCL AJUSTADA,8.42
2023,Prefeitura Municipal de Senador Pompeu - CE,CE,Precatórios (Não incluídos na DC),5508891.98
2023,Prefeitura Municipal de Sobral - CE,CE,DÍVIDA CONSOLIDADA,174560403.71
2023,Prefeitura Municipal de Sobral - CE,CE,Precatórios (inclusive) Vencidos e Não Pagos,6153874.61
2023,Prefeitura Municipal de Sobral - CE,CE,Disponibilidade de Caixa,115268786.0
2023,Prefeitura Municipal de Sobral - CE,CE,Disponibilidade de Caixa Bruta,191550078.16
2023,Prefeitura Municipal de Sobral - CE,CE,RECEITA CORRENTE LÍQUIDA,1007301918.06
2023,Prefeitura Municipal de Sobral - CE,CE,% da DC sobre a RCL AJUSTADA (I/VI),17.44
2023,Prefeitura Municipal de Sobral - CE,CE,% da DCL sobre a RCL AJUSTADA,5.92
2023,Prefeitura Municipal de Tamboril - CE,CE,DÍVIDA CONSOLIDADA,30591487.57
2023,Prefeitura Municipal de Tamboril - CE,CE,Disponibilidade de Caixa,3902216.43
2023,Prefeitura Municipal de Tamboril - CE,CE,Disponibilidade de Caixa Bruta,8535353.81
2023,Prefeitura Municipal de Tamboril - CE,CE,RECEITA CORRENTE LÍQUIDA,101377242.4
2023,Prefeitura Municipal de Tamboril - CE,CE,% da DC sobre a RCL AJUSTADA (I/VI),30.69
2023,Prefeitura Municipal de Tamboril - CE,CE,% da DCL sobre a RCL AJUSTADA,26.78
2023,Prefeitura Municipal de Tamboril - CE,CE,Precatórios (Não incluídos na DC),18000.0
2023,Prefeitura Municipal de Solonópole - CE,CE,DÍVIDA CONSOLIDADA,9159124.14
2023,Prefeitura Municipal de Solonópole - CE,CE,Precatórios (inclusive) Vencidos e Não Pagos,30657.19
2023,Prefeitura Municipal de Solonópole - CE,CE,Disponibilidade de Caixa,7163022.1
2023,Prefeitura Municipal de Solonópole - CE,CE,Disponibilidade de Caixa Bruta,10171853.09
2023,Prefeitura Municipal de Solonópole - CE,CE,RECEITA CORRENTE LÍQUIDA,92321604.47
2023,Prefeitura Municipal de Solonópole - CE,CE,% da DC sobre a RCL AJUSTADA (I/VI),10.03
2023,Prefeitura Municipal de Solonópole - CE,CE,% da DCL sobre a RCL AJUSTADA,2.17
2023,Prefeitura Municipal de Solonópole - CE,CE,Precatórios (Não incluídos na DC),105406.45
2023,Prefeitura Municipal de Tabuleiro do Norte - CE,CE,DÍVIDA CONSOLIDADA,27068286.28
2023,Prefeitura Municipal de Tabuleiro do Norte - CE,CE,Disponibilidade de Caixa,9797418.83
2023,Prefeitura Municipal de Tabuleiro do Norte - CE,CE,Disponibilidade de Caixa Bruta,12403679.11
2023,Prefeitura Municipal de Tabuleiro do Norte - CE,CE,RECEITA CORRENTE LÍQUIDA,100317946.07
2023,Prefeitura Municipal de Tabuleiro do Norte - CE,CE,% da DC sobre a RCL AJUSTADA (I/VI),27.42
2023,Prefeitura Municipal de Tabuleiro do Norte - CE,CE,% da DCL sobre a RCL AJUSTADA,17.5
2023,Prefeitura Municipal de Tauá - CE,CE,DÍVIDA CONSOLIDADA,33747605.18
2023,Prefeitura Municipal de Tauá - CE,CE,Disponibilidade de Caixa,100121703.81
2023,Prefeitura Municipal de Tauá - CE,CE,Disponibilidade de Caixa Bruta,109425059.52
2023,Prefeitura Municipal de Tauá - CE,CE,RECEITA CORRENTE LÍQUIDA,260531129.09
2023,Prefeitura Municipal de Tauá - CE,CE,% da DC sobre a RCL AJUSTADA (I/VI),13.08
2023,Prefeitura Municipal de Tauá - CE,CE,% da DCL sobre a RCL AJUSTADA,-25.73
2023,Prefeitura Municipal de Tauá - CE,CE,Precatórios (Não incluídos na DC),84575.95
2023,Prefeitura Municipal de Tejuçuoca - CE,CE,DÍVIDA CONSOLIDADA,20571316.96
2023,Prefeitura Municipal de Tejuçuoca - CE,CE,Disponibilidade de Caixa,13230033.26
2023,Prefeitura Municipal de Tejuçuoca - CE,CE,Disponibilidade de Caixa Bruta,16253928.73
2023,Prefeitura Municipal de Tejuçuoca - CE,CE,RECEITA CORRENTE LÍQUIDA,91619810.8
2023,Prefeitura Municipal de Tejuçuoca - CE,CE,% da DC sobre a RCL AJUSTADA (I/VI),22.49
2023,Prefeitura Municipal de Tejuçuoca - CE,CE,% da DCL sobre a RCL AJUSTADA,8.03
2023,Prefeitura Municipal de Tarrafas - CE,CE,DÍVIDA CONSOLIDADA,17960600.56
2023,Prefeitura Municipal de Tarrafas - CE,CE,Disponibilidade de Caixa,236841.42
2023,Prefeitura Municipal de Tarrafas - CE,CE,Disponibilidade de Caixa Bruta,1273592.14
2023,Prefeitura Municipal de Tarrafas - CE,CE,RECEITA CORRENTE LÍQUIDA,35279627.3
2023,Prefeitura Municipal de Tarrafas - CE,CE,% da DC sobre a RCL AJUSTADA (I/VI),50.91
2023,Prefeitura Municipal de Tarrafas - CE,CE,% da DCL sobre a RCL AJUSTADA,50.24
2023,Prefeitura Municipal de Tianguá - CE,CE,DÍVIDA CONSOLIDADA,7957650.5
2023,Prefeitura Municipal de Tianguá - CE,CE,Disponibilidade de Caixa,62878647.47
2023,Prefeitura Municipal de Tianguá - CE,CE,Disponibilidade de Caixa Bruta,69755851.27
2023,Prefeitura Municipal de Tianguá - CE,CE,RECEITA CORRENTE LÍQUIDA,300413092.4
2023,Prefeitura Municipal de Tianguá - CE,CE,% da DC sobre a RCL AJUSTADA (I/VI),2.65
2023,Prefeitura Municipal de Tianguá - CE,CE,% da DCL sobre a RCL AJUSTADA,-18.33
2023,Prefeitura Municipal de Tianguá - CE,CE,Precatórios (Não incluídos na DC),246088.72
2023,Prefeitura Municipal de Trairi - CE,CE,DÍVIDA CONSOLIDADA,14086872.47
2023,Prefeitura Municipal de Trairi - CE,CE,Disponibilidade de Caixa,15013436.69
2023,Prefeitura Municipal de Trairi - CE,CE,Disponibilidade de Caixa Bruta,24878642.86
2023,Prefeitura Municipal de Trairi - CE,CE,RECEITA CORRENTE LÍQUIDA,236345705.59
2023,Prefeitura Municipal de Trairi - CE,CE,% da DC sobre a RCL AJUSTADA (I/VI),5.96
2023,Prefeitura Municipal de Trairi - CE,CE,% da DCL sobre a RCL AJUSTADA,-0.39
2023,Prefeitura Municipal de Trairi - CE,CE,Precatórios (Não incluídos na DC),31496397.38
2023,Prefeitura Municipal de Ubajara - CE,CE,DÍVIDA CONSOLIDADA,1164085.09
2023,Prefeitura Municipal de Ubajara - CE,CE,Disponibilidade de Caixa,28750693.68
2023,Prefeitura Municipal de Ubajara - CE,CE,Disponibilidade de Caixa Bruta,29847530.9
2023,Prefeitura Municipal de Ubajara - CE,CE,RECEITA CORRENTE LÍQUIDA,138486973.83
2023,Prefeitura Municipal de Ubajara - CE,CE,% da DC sobre a RCL AJUSTADA (I/VI),0.84
2023,Prefeitura Municipal de Ubajara - CE,CE,% da DCL sobre a RCL AJUSTADA,-19.93
2023,Prefeitura Municipal de Umari - CE,CE,DÍVIDA CONSOLIDADA,14113060.2
2023,Prefeitura Municipal de Umari - CE,CE,Disponibilidade de Caixa,-108944.34
2023,Prefeitura Municipal de Umari - CE,CE,Disponibilidade de Caixa Bruta,3788515.05
2023,Prefeitura Municipal de Umari - CE,CE,RECEITA CORRENTE LÍQUIDA,33025181.71
2023,Prefeitura Municipal de Umari - CE,CE,% da DC sobre a RCL AJUSTADA (I/VI),43.0
2023,Prefeitura Municipal de Umari - CE,CE,% da DCL sobre a RCL AJUSTADA,43.26
2023,Prefeitura Municipal de Tururu - CE,CE,DÍVIDA CONSOLIDADA,14420477.83
2023,Prefeitura Municipal de Tururu - CE,CE,Precatórios (inclusive) Vencidos e Não Pagos,28960.33
2023,Prefeitura Municipal de Tururu - CE,CE,Disponibilidade de Caixa,3009538.32
2023,Prefeitura Municipal de Tururu - CE,CE,Disponibilidade de Caixa Bruta,3809099.1
2023,Prefeitura Municipal de Tururu - CE,CE,RECEITA CORRENTE LÍQUIDA,60865120.27
2023,Prefeitura Municipal de Tururu - CE,CE,% da DC sobre a RCL AJUSTADA (I/VI),23.69
2023,Prefeitura Municipal de Tururu - CE,CE,% da DCL sobre a RCL AJUSTADA,18.36
2023,Prefeitura Municipal de Umirim - CE,CE,DÍVIDA CONSOLIDADA,25932464.58
2023,Prefeitura Municipal de Umirim - CE,CE,Disponibilidade de Caixa,-5049970.45
2023,Prefeitura Municipal de Umirim - CE,CE,Disponibilidade de Caixa Bruta,1964934.44
2023,Prefeitura Municipal de Umirim - CE,CE,RECEITA CORRENTE LÍQUIDA,66920714.9
2023,Prefeitura Municipal de Umirim - CE,CE,% da DC sobre a RCL AJUSTADA (I/VI),39.16
2023,Prefeitura Municipal de Umirim - CE,CE,% da DCL sobre a RCL AJUSTADA,46.79
2023,Prefeitura Municipal de Uruburetama - CE,CE,DÍVIDA CONSOLIDADA,48627107.0
2023,Prefeitura Municipal de Uruburetama - CE,CE,Disponibilidade de Caixa,5646314.16
2023,Prefeitura Municipal de Uruburetama - CE,CE,Disponibilidade de Caixa Bruta,6618511.62
2023,Prefeitura Municipal de Uruburetama - CE,CE,RECEITA CORRENTE LÍQUIDA,85723760.15
2023,Prefeitura Municipal de Uruburetama - CE,CE,% da DC sobre a RCL AJUSTADA (I/VI),57.96
2023,Prefeitura Municipal de Uruburetama - CE,CE,% da DCL sobre a RCL AJUSTADA,51.23
2023,Prefeitura Municipal de Várzea Alegre - CE,CE,DÍVIDA CONSOLIDADA,33269998.54
2023,Prefeitura Municipal de Várzea Alegre - CE,CE,Disponibilidade de Caixa,15214585.14
2023,Prefeitura Municipal de Várzea Alegre - CE,CE,Disponibilidade de Caixa Bruta,20685960.28
2023,Prefeitura Municipal de Várzea Alegre - CE,CE,RECEITA CORRENTE LÍQUIDA,135662845.33
2023,Prefeitura Municipal de Várzea Alegre - CE,CE,% da DC sobre a RCL AJUSTADA (I/VI),24.76
2023,Prefeitura Municipal de Várzea Alegre - CE,CE,% da DCL sobre a RCL AJUSTADA,13.43
2023,Prefeitura Municipal de Viçosa do Ceará - CE,CE,DÍVIDA CONSOLIDADA,4707076.1
2023,Prefeitura Municipal de Viçosa do Ceará - CE,CE,Disponibilidade de Caixa,39519130.57
2023,Prefeitura Municipal de Viçosa do Ceará - CE,CE,Disponibilidade de Caixa Bruta,41981905.47
2023,Prefeitura Municipal de Viçosa do Ceará - CE,CE,RECEITA CORRENTE LÍQUIDA,201682481.14
2023,Prefeitura Municipal de Viçosa do Ceará - CE,CE,% da DC sobre a RCL AJUSTADA (I/VI),2.33
2023,Prefeitura Municipal de Viçosa do Ceará - CE,CE,% da DCL sobre a RCL AJUSTADA,-17.3
2024,Prefeitura Municipal de Acarape - CE,CE,DÍVIDA CONSOLIDADA,31648863.99
2024,Prefeitura Municipal de Acarape - CE,CE,Disponibilidade de Caixa,6404478.92
2024,Prefeitura Municipal de Acarape - CE,CE,Disponibilidade de Caixa Bruta,11992925.21
2024,Prefeitura Municipal de Acarape - CE,CE,RECEITA CORRENTE LÍQUIDA,69879632.99
2024,Prefeitura Municipal de Acarape - CE,CE,RECEITA CORRENTE LÍQUIDA AJUSTADA PARA CÁLCULO DOS LIMITES DE ENDIVIDAMENTO,69879632.99
2024,Prefeitura Municipal de Acarape - CE,CE,% da DC sobre a RCL AJUSTADA (I/VI),45.29
2024,Prefeitura Municipal de Acarape - CE,CE,% da DCL sobre a RCL AJUSTADA,36.13
2024,Prefeitura Municipal de Abaiara - CE,CE,DÍVIDA CONSOLIDADA,14938141.42
2024,Prefeitura Municipal de Abaiara - CE,CE,Disponibilidade de Caixa,4750014.33
2024,Prefeitura Municipal de Abaiara - CE,CE,Disponibilidade de Caixa Bruta,5647618.19
2024,Prefeitura Municipal de Abaiara - CE,CE,RECEITA CORRENTE LÍQUIDA,52886084.16
2024,Prefeitura Municipal de Abaiara - CE,CE,RECEITA CORRENTE LÍQUIDA AJUSTADA PARA CÁLCULO DOS LIMITES DE ENDIVIDAMENTO,52847261.23
2024,Prefeitura Municipal de Abaiara - CE,CE,% da DC sobre a RCL AJUSTADA (I/VI),28.27
2024,Prefeitura Municipal de Abaiara - CE,CE,% da DCL sobre a RCL AJUSTADA,19.28
2024,Prefeitura Municipal de Acaraú - CE,CE,DÍVIDA CONSOLIDADA,129639550.15
2024,Prefeitura Municipal de Acaraú - CE,CE,Disponibilidade de Caixa,26729022.97
2024,Prefeitura Municipal de Acaraú - CE,CE,Disponibilidade de Caixa Bruta,36634155.15
2024,Prefeitura Municipal de Acaraú - CE,CE,RECEITA CORRENTE LÍQUIDA,282215064.32
2024,Prefeitura Municipal de Acaraú - CE,CE,RECEITA CORRENTE LÍQUIDA AJUSTADA PARA CÁLCULO DOS LIMITES DE ENDIVIDAMENTO,273068177.32
2024,Prefeitura Municipal de Acaraú - CE,CE,% da DC sobre a RCL AJUSTADA (I/VI),47.48
2024,Prefeitura Municipal de Acaraú - CE,CE,% da DCL sobre a RCL AJUSTADA,37.69
2024,Prefeitura Municipal de Acopiara - CE,CE,DÍVIDA CONSOLIDADA,44745986.8
2024,Prefeitura Municipal de Acopiara - CE,CE,Disponibilidade de Caixa,-18640414.79
2024,Prefeitura Municipal de Acopiara - CE,CE,Disponibilidade de Caixa Bruta,16760442.16
2024,Prefeitura Municipal de Acopiara - CE,CE,RECEITA CORRENTE LÍQUIDA,165315893.93
2024,Prefeitura Municipal de Acopiara - CE,CE,RECEITA CORRENTE LÍQUIDA AJUSTADA PARA CÁLCULO DOS LIMITES DE ENDIVIDAMENTO,165315893.93
2024,Prefeitura Municipal de Acopiara - CE,CE,% da DC sobre a RCL AJUSTADA (I/VI),27.07
2024,Prefeitura Municipal de Acopiara - CE,CE,% da DCL sobre a RCL AJUSTADA,38.32
2024,Prefeitura Municipal de Alcântaras - CE,CE,DÍVIDA CONSOLIDADA,4444327.25
2024,Prefeitura Municipal de Alcântaras - CE,CE,Disponibilidade de Caixa,5006751.04
2024,Prefeitura Municipal de Alcântaras - CE,CE,Disponibilidade de Caixa Bruta,7626199.91
2024,Prefeitura Municipal de Alcântaras - CE,CE,RECEITA CORRENTE LÍQUIDA,54865388.2
2024,Prefeitura Municipal de Alcântaras - CE,CE,RECEITA CORRENTE LÍQUIDA AJUSTADA PARA CÁLCULO DOS LIMITES DE ENDIVIDAMENTO,51727169.38
2024,Prefeitura Municipal de Alcântaras - CE,CE,% da DC sobre a RCL AJUSTADA (I/VI),8.59
2024,Prefeitura Municipal de Alcântaras - CE,CE,% da DCL sobre a RCL AJUSTADA,-1.09
2024,Prefeitura Municipal de Aiuaba - CE,CE,DÍVIDA CONSOLIDADA,11970445.5
2024,Prefeitura Municipal de Aiuaba - CE,CE,Disponibilidade de Caixa,14260617.92
2024,Prefeitura Municipal de Aiuaba - CE,CE,Disponibilidade de Caixa Bruta,14323576.04
2024,Prefeitura Municipal de Aiuaba - CE,CE,RECEITA CORRENTE LÍQUIDA,71531084.54
2024,Prefeitura Municipal de Aiuaba - CE,CE,RECEITA CORRENTE LÍQUIDA AJUSTADA PARA CÁLCULO DOS LIMITES DE ENDIVIDAMENTO,69631084.54
2024,Prefeitura Municipal de Aiuaba - CE,CE,% da DC sobre a RCL AJUSTADA (I/VI),17.19
2024,Prefeitura Municipal de Aiuaba - CE,CE,% da DCL sobre a RCL AJUSTADA,-3.29
2024,Prefeitura Municipal de Altaneira - CE,CE,DÍVIDA CONSOLIDADA,11792603.98
2024,Prefeitura Municipal de Altaneira - CE,CE,Disponibilidade de Caixa,4041413.48
2024,Prefeitura Municipal de Altaneira - CE,CE,Disponibilidade de Caixa Bruta,6856810.46
2024,Prefeitura Municipal de Altaneira - CE,CE,RECEITA CORRENTE LÍQUIDA,47932591.25
2024,Prefeitura Municipal de Altaneira - CE,CE,RECEITA CORRENTE LÍQUIDA AJUSTADA PARA CÁLCULO DOS LIMITES DE ENDIVIDAMENTO,46782595.25
2024,Prefeitura Municipal de Altaneira - CE,CE,% da DC sobre a RCL AJUSTADA (I/VI),25.21
2024,Prefeitura Municipal de Altaneira - CE,CE,% da DCL sobre a RCL AJUSTADA,16.57
2024,Prefeitura Municipal de Altaneira - CE,CE,Precatórios (Não incluídos na DC),10575.02
2024,Prefeitura Municipal de Amontada - CE,CE,DÍVIDA CONSOLIDADA,49439624.07
2024,Prefeitura Municipal de Amontada - CE,CE,Precatórios (inclusive) Vencidos e Não Pagos,659669.32
2024,Prefeitura Municipal de Amontada - CE,CE,Disponibilidade de Caixa,1091023.05
2024,Prefeitura Municipal de Amontada - CE,CE,Disponibilidade de Caixa Bruta,37354793.68
2024,Prefeitura Municipal de Amontada - CE,CE,RECEITA CORRENTE LÍQUIDA,200633463.66
2024,Prefeitura Municipal de Amontada - CE,CE,RECEITA CORRENTE LÍQUIDA AJUSTADA PARA CÁLCULO DOS LIMITES DE ENDIVIDAMENTO,200633463.66
2024,Prefeitura Municipal de Amontada - CE,CE,% da DC sobre a RCL AJUSTADA (I/VI),24.64
2024,Prefeitura Municipal de Amontada - CE,CE,% da DCL sobre a RCL AJUSTADA,21.82
2024,Prefeitura Municipal de Alto Santo - CE,CE,DÍVIDA CONSOLIDADA,19021887.92
2024,Prefeitura Municipal de Alto Santo - CE,CE,Disponibilidade de Caixa,-2402440.53
2024,Prefeitura Municipal de Alto Santo - CE,CE,Disponibilidade de Caixa Bruta,7379815.58
2024,Prefeitura Municipal de Alto Santo - CE,CE,RECEITA CORRENTE LÍQUIDA,83507129.26
2024,Prefeitura Municipal de Alto Santo - CE,CE,RECEITA CORRENTE LÍQUIDA AJUSTADA PARA CÁLCULO DOS LIMITES DE ENDIVIDAMENTO,80264769.26
2024,Prefeitura Municipal de Alto Santo - CE,CE,% da DC sobre a RCL AJUSTADA (I/VI),23.7
2024,Prefeitura Municipal de Alto Santo - CE,CE,% da DCL sobre a RCL AJUSTADA,26.69
2024,Prefeitura Municipal de Alto Santo - CE,CE,Precatórios (Não incluídos na DC),4400.0
2024,Prefeitura Municipal de Antonina do Norte - CE,CE,DÍVIDA CONSOLIDADA,13423656.27
2024,Prefeitura Municipal de Antonina do Norte - CE,CE,Disponibilidade de Caixa,-884363.72
2024,Prefeitura Municipal de Antonina do Norte - CE,CE,RECEITA CORRENTE LÍQUIDA,46347945.42
2024,Prefeitura Municipal de Antonina do Norte - CE,CE,RECEITA CORRENTE LÍQUIDA AJUSTADA PARA CÁLCULO DOS LIMITES DE ENDIVIDAMENTO,44842945.42
2024,Prefeitura Municipal de Antonina do Norte - CE,CE,% da DC sobre a RCL AJUSTADA (I/VI),29.93
2024,Prefeitura Municipal de Antonina do Norte - CE,CE,% da DCL sobre a RCL AJUSTADA,31.89
2024,Prefeitura Municipal de Apuiarés - CE,CE,DÍVIDA CONSOLIDADA,9123429.67
2024,Prefeitura Municipal de Apuiarés - CE,CE,Disponibilidade de Caixa,4407865.26
2024,Prefeitura Municipal de Apuiarés - CE,CE,Disponibilidade de Caixa Bruta,5649051.48
2024,Prefeitura Municipal de Apuiarés - CE,CE,RECEITA CORRENTE LÍQUIDA,59378545.97
2024,Prefeitura Municipal de Apuiarés - CE,CE,RECEITA CORRENTE LÍQUIDA AJUSTADA PARA CÁLCULO DOS LIMITES DE ENDIVIDAMENTO,59378545.97
2024,Prefeitura Municipal de Apuiarés - CE,CE,% da DC sobre a RCL AJUSTADA (I/VI),15.36
2024,Prefeitura Municipal de Apuiarés - CE,CE,% da DCL sobre a RCL AJUSTADA,7.94
2024,Prefeitura Municipal de Aquiraz - CE,CE,DÍVIDA CONSOLIDADA,43510529.98
2024,Prefeitura Municipal de Aquiraz - CE,CE,Precatórios (inclusive) Vencidos e Não Pagos,165279.01
2024,Prefeitura Municipal de Aquiraz - CE,CE,Disponibilidade de Caixa,56410898.66
2024,Prefeitura Municipal de Aquiraz - CE,CE,Disponibilidade de Caixa Bruta,69637122.87
2024,Prefeitura Municipal de Aquiraz - CE,CE,RECEITA CORRENTE LÍQUIDA,449451710.71
2024,Prefeitura Municipal de Aquiraz - CE,CE,RECEITA CORRENTE LÍQUIDA AJUSTADA PARA CÁLCULO DOS LIMITES DE ENDIVIDAMENTO,447951710.71
2024,Prefeitura Municipal de Aquiraz - CE,CE,% da DC sobre a RCL AJUSTADA (I/VI),9.71
2024,Prefeitura Municipal de Aquiraz - CE,CE,% da DCL sobre a RCL AJUSTADA,-2.88
2024,Prefeitura Municipal de Araripe - CE,CE,DÍVIDA CONSOLIDADA,19128892.73
2024,Prefeitura Municipal de Araripe - CE,CE,Disponibilidade de Caixa,-2714130.74
2024,Prefeitura Municipal de Araripe - CE,CE,Disponibilidade de Caixa Bruta,8502681.07
2024,Prefeitura Municipal de Araripe - CE,CE,RECEITA CORRENTE LÍQUIDA,99834839.12
2024,Prefeitura Municipal de Araripe - CE,CE,RECEITA CORRENTE LÍQUIDA AJUSTADA PARA CÁLCULO DOS LIMITES DE ENDIVIDAMENTO,98134839.12
2024,Prefeitura Municipal de Araripe - CE,CE,% da DC sobre a RCL AJUSTADA (I/VI),19.49
2024,Prefeitura Municipal de Araripe - CE,CE,% da DCL sobre a RCL AJUSTADA,22.26
2024,Prefeitura Municipal de Aracoiaba - CE,CE,DÍVIDA CONSOLIDADA,47195760.51
2024,Prefeitura Municipal de Aracoiaba - CE,CE,Disponibilidade de Caixa,12940412.78
2024,Prefeitura Municipal de Aracoiaba - CE,CE,Disponibilidade de Caixa Bruta,19728344.74
2024,Prefeitura Municipal de Aracoiaba - CE,CE,RECEITA CORRENTE LÍQUIDA,153625887.68
2024,Prefeitura Municipal de Aracoiaba - CE,CE,RECEITA CORRENTE LÍQUIDA AJUSTADA PARA CÁLCULO DOS LIMITES DE ENDIVIDAMENTO,139163034.63
2024,Prefeitura Municipal de Aracoiaba - CE,CE,% da DC sobre a RCL AJUSTADA (I/VI),33.91
2024,Prefeitura Municipal de Aracoiaba - CE,CE,% da DCL sobre a RCL AJUSTADA,24.61
2024,Prefeitura Municipal de Aracati - CE,CE,DÍVIDA CONSOLIDADA,49962958.09
2024,Prefeitura Municipal de Aracati - CE,CE,Precatórios (inclusive) Vencidos e Não Pagos,8102.17
2024,Prefeitura Municipal de Aracati - CE,CE,Disponibilidade de Caixa,-10729553.93
2024,Prefeitura Municipal de Aracati - CE,CE,Disponibilidade de Caixa Bruta,35200910.58
2024,Prefeitura Municipal de Aracati - CE,CE,RECEITA CORRENTE LÍQUIDA,328113074.9
2024,Prefeitura Municipal de Aracati - CE,CE,RECEITA CORRENTE LÍQUIDA AJUSTADA PARA CÁLCULO DOS LIMITES DE ENDIVIDAMENTO,320965300.9
2024,Prefeitura Municipal de Aracati - CE,CE,% da DC sobre a RCL AJUSTADA (I/VI),15.57
2024,Prefeitura Municipal de Aracati - CE,CE,% da DCL sobre a RCL AJUSTADA,18.91
2024,Prefeitura Municipal de Aracati - CE,CE,Precatórios (Não incluídos na DC),7642410.66
2024,Prefeitura Municipal de Aratuba - CE,CE,DÍVIDA CONSOLIDADA,10289325.59
2024,Prefeitura Municipal de Aratuba - CE,CE,Disponibilidade de Caixa,9398289.82
2024,Prefeitura Municipal de Aratuba - CE,CE,Disponibilidade de Caixa Bruta,11244150.14
2024,Prefeitura Municipal de Aratuba - CE,CE,RECEITA CORRENTE LÍQUIDA,65303844.07
2024,Prefeitura Municipal de Aratuba - CE,CE,RECEITA CORRENTE LÍQUIDA AJUSTADA PARA CÁLCULO DOS LIMITES DE ENDIVIDAMENTO,64177042.07
2024,Prefeitura Municipal de Aratuba - CE,CE,% da DC sobre a RCL AJUSTADA (I/VI),16.03
2024,Prefeitura Municipal de Aratuba - CE,CE,% da DCL sobre a RCL AJUSTADA,1.39
2024,Prefeitura Municipal de Assaré - CE,CE,DÍVIDA CONSOLIDADA,25952378.73
2024,Prefeitura Municipal de Assaré - CE,CE,Disponibilidade de Caixa,12115818.58
2024,Prefeitura Municipal de Assaré - CE,CE,Disponibilidade de Caixa Bruta,13184771.92
2024,Prefeitura Municipal de Assaré - CE,CE,RECEITA CORRENTE LÍQUIDA,99881953.15
2024,Prefeitura Municipal de Assaré - CE,CE,RECEITA CORRENTE LÍQUIDA AJUSTADA PARA CÁLCULO DOS LIMITES DE ENDIVIDAMENTO,98880938.15
2024,Prefeitura Municipal de Assaré - CE,CE,% da DC sobre a RCL AJUSTADA (I/VI),26.25
2024,Prefeitura Municipal de Assaré - CE,CE,% da DCL sobre a RCL AJUSTADA,13.99
2024,Prefeitura Municipal de Aurora - CE,CE,DÍVIDA CONSOLIDADA,18782605.25
2024,Prefeitura Municipal de Aurora - CE,CE,Disponibilidade de Caixa,1894841.34
2024,Prefeitura Municipal de Aurora - CE,CE,Disponibilidade de Caixa Bruta,4325296.79
2024,Prefeitura Municipal de Aurora - CE,CE,RECEITA CORRENTE LÍQUIDA,89560852.07
2024,Prefeitura Municipal de Aurora - CE,CE,RECEITA CORRENTE LÍQUIDA AJUSTADA PARA CÁLCULO DOS LIMITES DE ENDIVIDAMENTO,88382524.07
2024,Prefeitura Municipal de Aurora - CE,CE,% da DC sobre a RCL AJUSTADA (I/VI),21.25
2024,Prefeitura Municipal de Aurora - CE,CE,% da DCL sobre a RCL AJUSTADA,19.11
2024,Prefeitura Municipal de Aurora - CE,CE,Precatórios (Não incluídos na DC),25792.0
2024,Prefeitura Municipal de Barbalha - CE,CE,DÍVIDA CONSOLIDADA,59541827.4
2024,Prefeitura Municipal de Barbalha - CE,CE,Disponibilidade de Caixa,80273387.11
2024,Prefeitura Municipal de Barbalha - CE,CE,Disponibilidade de Caixa Bruta,86911707.24
2024,Prefeitura Municipal de Barbalha - CE,CE,RECEITA CORRENTE LÍQUIDA,464463942.25
2024,Prefeitura Municipal de Barbalha - CE,CE,RECEITA CORRENTE LÍQUIDA AJUSTADA PARA CÁLCULO DOS LIMITES DE ENDIVIDAMENTO,462163942.25
2024,Prefeitura Municipal de Barbalha - CE,CE,% da DC sobre a RCL AJUSTADA (I/VI),12.88
2024,Prefeitura Municipal de Barbalha - CE,CE,% da DCL sobre a RCL AJUSTADA,-4.51
2024,Prefeitura Municipal de Baixio - CE,CE,DÍVIDA CONSOLIDADA,23507806.48
2024,Prefeitura Municipal de Baixio - CE,CE,Disponibilidade de Caixa,-231560.93
2024,Prefeitura Municipal de Baixio - CE,CE,Disponibilidade de Caixa Bruta,1610434.3
2024,Prefeitura Municipal de Baixio - CE,CE,RECEITA CORRENTE LÍQUIDA,35710081.08
2024,Prefeitura Municipal de Baixio - CE,CE,RECEITA CORRENTE LÍQUIDA AJUSTADA PARA CÁLCULO DOS LIMITES DE ENDIVIDAMENTO,34710081.08
2024,Prefeitura Municipal de Baixio - CE,CE,% da DC sobre a RCL AJUSTADA (I/VI),67.73
2024,Prefeitura Municipal de Baixio - CE,CE,% da DCL sobre a RCL AJUSTADA,68.39
2024,Prefeitura Municipal de Banabuiú - CE,CE,DÍVIDA CONSOLIDADA,41347463.06
2024,Prefeitura Municipal de Banabuiú - CE,CE,Disponibilidade de Caixa,6976581.22
2024,Prefeitura Municipal de Banabuiú - CE,CE,Disponibilidade de Caixa Bruta,11518081.45
2024,Prefeitura Municipal de Banabuiú - CE,CE,RECEITA CORRENTE LÍQUIDA,96256268.26
2024,Prefeitura Municipal de Banabuiú - CE,CE,RECEITA CORRENTE LÍQUIDA AJUSTADA PARA CÁLCULO DOS LIMITES DE ENDIVIDAMENTO,95556256.26
2024,Prefeitura Municipal de Banabuiú - CE,CE,% da DC sobre a RCL AJUSTADA (I/VI),43.27
2024,Prefeitura Municipal de Banabuiú - CE,CE,% da DCL sobre a RCL AJUSTADA,35.97
2024,Prefeitura Municipal de Barro - CE,CE,DÍVIDA CONSOLIDADA,43737604.82
2024,Prefeitura Municipal de Barro - CE,CE,Disponibilidade de Caixa,1334154.55
2024,Prefeitura Municipal de Barro - CE,CE,Disponibilidade de Caixa Bruta,6474627.99
2024,Prefeitura Municipal de Barro - CE,CE,RECEITA CORRENTE LÍQUIDA,77865052.36
2024,Prefeitura Municipal de Barro - CE,CE,RECEITA CORRENTE LÍQUIDA AJUSTADA PARA CÁLCULO DOS LIMITES DE ENDIVIDAMENTO,76942950.32
2024,Prefeitura Municipal de Barro - CE,CE,% da DC sobre a RCL AJUSTADA (I/VI),56.84
2024,Prefeitura Municipal de Barro - CE,CE,% da DCL sobre a RCL AJUSTADA,55.11
2024,Prefeitura Municipal de Barro - CE,CE,Precatórios (Não incluídos na DC),3908.86
2024,Prefeitura Municipal de Barreira - CE,CE,DÍVIDA CONSOLIDADA,29631252.03
2024,Prefeitura Municipal de Barreira - CE,CE,Disponibilidade de Caixa,4414005.65
2024,Prefeitura Municipal de Barreira - CE,CE,Disponibilidade de Caixa Bruta,8166928.4
2024,Prefeitura Municipal de Barreira - CE,CE,RECEITA CORRENTE LÍQUIDA,97894082.75
2024,Prefeitura Municipal de Barreira - CE,CE,RECEITA CORRENTE LÍQUIDA AJUSTADA PARA CÁLCULO DOS LIMITES DE ENDIVIDAMENTO,96894082.75
2024,Prefeitura Municipal de Barreira - CE,CE,% da DC sobre a RCL AJUSTADA (I/VI),30.58
2024,Prefeitura Municipal de Barreira - CE,CE,% da DCL sobre a RCL AJUSTADA,26.03
2024,Prefeitura Municipal de Beberibe - CE,CE,DÍVIDA CONSOLIDADA,34326257.82
2024,Prefeitura Municipal de Beberibe - CE,CE,Precatórios (inclusive) Vencidos e Não Pagos,5002569.88
2024,Prefeitura Municipal de Beberibe - CE,CE,Disponibilidade de Caixa,23121517.74
2024,Prefeitura Municipal de Beberibe - CE,CE,Disponibilidade de Caixa Bruta,30586480.16
2024,Prefeitura Municipal de Beberibe - CE,CE,RECEITA CORRENTE LÍQUIDA,214510357.25
2024,Prefeitura Municipal de Beberibe - CE,CE,RECEITA CORRENTE LÍQUIDA AJUSTADA PARA CÁLCULO DOS LIMITES DE ENDIVIDAMENTO,213660357.25
2024,Prefeitura Municipal de Beberibe - CE,CE,% da DC sobre a RCL AJUSTADA (I/VI),16.07
2024,Prefeitura Municipal de Beberibe - CE,CE,% da DCL sobre a RCL AJUSTADA,5.24
2024,Prefeitura Municipal de Barroquinha - CE,CE,DÍVIDA CONSOLIDADA,12897063.74
2024,Prefeitura Municipal de Barroquinha - CE,CE,Disponibilidade de Caixa,7820721.72
2024,Prefeitura Municipal de Barroquinha - CE,CE,Disponibilidade de Caixa Bruta,10172832.56
2024,Prefeitura Municipal de Barroquinha - CE,CE,RECEITA CORRENTE LÍQUIDA,72719194.82
2024,Prefeitura Municipal de Barroquinha - CE,CE,RECEITA CORRENTE LÍQUIDA AJUSTADA PARA CÁLCULO DOS LIMITES DE ENDIVIDAMENTO,71819194.82
2024,Prefeitura Municipal de Barroquinha - CE,CE,% da DC sobre a RCL AJUSTADA (I/VI),17.96
2024,Prefeitura Municipal de Barroquinha - CE,CE,% da DCL sobre a RCL AJUSTADA,7.07
2024,Prefeitura Municipal de Brejo Santo - CE,CE,DÍVIDA CONSOLIDADA,3257866.75
2024,Prefeitura Municipal de Brejo Santo - CE,CE,Disponibilidade de Caixa,26481371.33
2024,Prefeitura Municipal de Brejo Santo - CE,CE,Disponibilidade de Caixa Bruta,43671281.43
2024,Prefeitura Municipal de Brejo Santo - CE,CE,RECEITA CORRENTE LÍQUIDA,284483241.65
2024,Prefeitura Municipal de Brejo Santo - CE,CE,RECEITA CORRENTE LÍQUIDA AJUSTADA PARA CÁLCULO DOS LIMITES DE ENDIVIDAMENTO,281393863.65
2024,Prefeitura Municipal de Brejo Santo - CE,CE,% da DC sobre a RCL AJUSTADA (I/VI),1.16
2024,Prefeitura Municipal de Brejo Santo - CE,CE,% da DCL sobre a RCL AJUSTADA,-8.25
2024,Prefeitura Municipal de Bela Cruz - CE,CE,DÍVIDA CONSOLIDADA,34990095.42
2024,Prefeitura Municipal de Bela Cruz - CE,CE,Disponibilidade de Caixa,-719834.5
2024,Prefeitura Municipal de Bela Cruz - CE,CE,Disponibilidade de Caixa Bruta,11949848.3
2024,Prefeitura Municipal de Bela Cruz - CE,CE,RECEITA CORRENTE LÍQUIDA,120517648.27
2024,Prefeitura Municipal de Bela Cruz - CE,CE,RECEITA CORRENTE LÍQUIDA AJUSTADA PARA CÁLCULO DOS LIMITES DE ENDIVIDAMENTO,116898061.27
2024,Prefeitura Municipal de Bela Cruz - CE,CE,% da DC sobre a RCL AJUSTADA (I/VI),29.93
2024,Prefeitura Municipal de Bela Cruz - CE,CE,% da DCL sobre a RCL AJUSTADA,30.55
2024,Prefeitura Municipal de Bela Cruz - CE,CE,Precatórios (Não incluídos na DC),5688.6
2024,Prefeitura Municipal de Boa Viagem - CE,CE,DÍVIDA CONSOLIDADA,44839418.56
2024,Prefeitura Municipal de Boa Viagem - CE,CE,Precatórios (inclusive) Vencidos e Não Pagos,557384.33
2024,Prefeitura Municipal de Boa Viagem - CE,CE,Disponibilidade de Caixa,49038372.4
2024,Prefeitura Municipal de Boa Viagem - CE,CE,Disponibilidade de Caixa Bruta,62270429.07
2024,Prefeitura Municipal de Boa Viagem - CE,CE,RECEITA CORRENTE LÍQUIDA,252551790.51
2024,Prefeitura Municipal de Boa Viagem - CE,CE,RECEITA CORRENTE LÍQUIDA AJUSTADA PARA CÁLCULO DOS LIMITES DE ENDIVIDAMENTO,243439652.51
2024,Prefeitura Municipal de Boa Viagem - CE,CE,% da DC sobre a RCL AJUSTADA (I/VI),18.42
2024,Prefeitura Municipal de Boa Viagem - CE,CE,% da DCL sobre a RCL AJUSTADA,-1.73
2024,Prefeitura Municipal de Boa Viagem - CE,CE,Precatórios (Não incluídos na DC),66330.55
2024,Prefeitura Municipal de Camocim - CE,CE,DÍVIDA CONSOLIDADA,46348547.43
2024,Prefeitura Municipal de Camocim - CE,CE,Disponibilidade de Caixa,21478474.42
2024,Prefeitura Municipal de Camocim - CE,CE,Disponibilidade de Caixa Bruta,32496099.21
2024,Prefeitura Municipal de Camocim - CE,CE,RECEITA CORRENTE LÍQUIDA,246314060.66
2024,Prefeitura Municipal de Camocim - CE,CE,RECEITA CORRENTE LÍQUIDA AJUSTADA PARA CÁLCULO DOS LIMITES DE ENDIVIDAMENTO,232270746.63
2024,Prefeitura Municipal de Camocim - CE,CE,% da DC sobre a RCL AJUSTADA (I/VI),19.95
2024,Prefeitura Municipal de Camocim - CE,CE,% da DCL sobre a RCL AJUSTADA,10.7
2024,Prefeitura Municipal de Camocim - CE,CE,Precatórios (Não incluídos na DC),8827.13
2024,Prefeitura Municipal de Campos Sales - CE,CE,Disponibilidade de Caixa,-2679734.45
2024,Prefeitura Municipal de Campos Sales - CE,CE,Disponibilidade de Caixa Bruta,5804330.02
2024,Prefeitura Municipal de Campos Sales - CE,CE,RECEITA CORRENTE LÍQUIDA,99957669.13
2024,Prefeitura Municipal de Campos Sales - CE,CE,RECEITA CORRENTE LÍQUIDA AJUSTADA PARA CÁLCULO DOS LIMITES DE ENDIVIDAMENTO,99563204.13
2024,Prefeitura Municipal de Campos Sales - CE,CE,% da DCL sobre a RCL AJUSTADA,2.69
2024,Prefeitura Municipal de Capistrano - CE,CE,DÍVIDA CONSOLIDADA,19240417.91
2024,Prefeitura Municipal de Capistrano - CE,CE,Disponibilidade de Caixa,-10797419.77
2024,Prefeitura Municipal de Capistrano - CE,CE,Disponibilidade de Caixa Bruta,3952462.95
2024,Prefeitura Municipal de Capistrano - CE,CE,RECEITA CORRENTE LÍQUIDA,74279028.22
2024,Prefeitura Municipal de Capistrano - CE,CE,RECEITA CORRENTE LÍQUIDA AJUSTADA PARA CÁLCULO DOS LIMITES DE ENDIVIDAMENTO,74279028.22
2024,Prefeitura Municipal de Capistrano - CE,CE,% da DC sobre a RCL AJUSTADA (I/VI),25.9
2024,Prefeitura Municipal de Capistrano - CE,CE,% da DCL sobre a RCL AJUSTADA,40.44
2024,Prefeitura Municipal de Canindé - CE,CE,DÍVIDA CONSOLIDADA,169672164.23
2024,Prefeitura Municipal de Canindé - CE,CE,Disponibilidade de Caixa,-14252417.19
2024,Prefeitura Municipal de Canindé - CE,CE,Disponibilidade de Caixa Bruta,24708297.72
2024,Prefeitura Municipal de Canindé - CE,CE,RECEITA CORRENTE LÍQUIDA,340549843.74
2024,Prefeitura Municipal de Canindé - CE,CE,RECEITA CORRENTE LÍQUIDA AJUSTADA PARA CÁLCULO DOS LIMITES DE ENDIVIDAMENTO,339899843.74
2024,Prefeitura Municipal de Canindé - CE,CE,% da DC sobre a RCL AJUSTADA (I/VI),49.92
2024,Prefeitura Municipal de Canindé - CE,CE,% da DCL sobre a RCL AJUSTADA,54.11
2024,Prefeitura Municipal de Canindé - CE,CE,Precatórios (Não incluídos na DC),280863.52
2024,Prefeitura Municipal de Caridade - CE,CE,DÍVIDA CONSOLIDADA,57540484.5
2024,Prefeitura Municipal de Caridade - CE,CE,Disponibilidade de Caixa,-1131509.23
2024,Prefeitura Municipal de Caridade - CE,CE,Disponibilidade de Caixa Bruta,15645666.64
2024,Prefeitura Municipal de Caridade - CE,CE,RECEITA CORRENTE LÍQUIDA,104957631.48
2024,Prefeitura Municipal de Caridade - CE,CE,RECEITA CORRENTE LÍQUIDA AJUSTADA PARA CÁLCULO DOS LIMITES DE ENDIVIDAMENTO,102877631.48
2024,Prefeitura Municipal de Caridade - CE,CE,% da DC sobre a RCL AJUSTADA (I/VI),55.93
2024,Prefeitura Municipal de Caridade - CE,CE,% da DCL sobre a RCL AJUSTADA,56.94
2024,Prefeitura Municipal de Caririaçu - CE,CE,DÍVIDA CONSOLIDADA,22809418.12
2024,Prefeitura Municipal de Caririaçu - CE,CE,Disponibilidade de Caixa,15563268.69
2024,Prefeitura Municipal de Caririaçu - CE,CE,Disponibilidade de Caixa Bruta,21279325.74
2024,Prefeitura Municipal de Caririaçu - CE,CE,RECEITA CORRENTE LÍQUIDA,110954504.06
2024,Prefeitura Municipal de Caririaçu - CE,CE,RECEITA CORRENTE LÍQUIDA AJUSTADA PARA CÁLCULO DOS LIMITES DE ENDIVIDAMENTO,110354504.06
2024,Prefeitura Municipal de Caririaçu - CE,CE,% da DC sobre a RCL AJUSTADA (I/VI),20.67
2024,Prefeitura Municipal de Caririaçu - CE,CE,% da DCL sobre a RCL AJUSTADA,6.57
2024,Prefeitura Municipal de Caririaçu - CE,CE,Precatórios (Não incluídos na DC),166846.45
2024,Prefeitura Municipal de Carnaubal - CE,CE,Disponibilidade de Caixa,6936353.76
2024,Prefeitura Municipal de Carnaubal - CE,CE,Disponibilidade de Caixa Bruta,11161737.1
2024,Prefeitura Municipal de Carnaubal - CE,CE,RECEITA CORRENTE LÍQUIDA,85411668.19
2024,Prefeitura Municipal de Carnaubal - CE,CE,RECEITA CORRENTE LÍQUIDA AJUSTADA PARA CÁLCULO DOS LIMITES DE ENDIVIDAMENTO,84045747.39
2024,Prefeitura Municipal de Carnaubal - CE,CE,% da DCL sobre a RCL AJUSTADA,-8.25
2024,Prefeitura Municipal de Carnaubal - CE,CE,Precatórios (Não incluídos na DC),21233.72
2024,Prefeitura Municipal de Catarina - CE,CE,DÍVIDA CONSOLIDADA,10313408.46
2024,Prefeitura Municipal de Catarina - CE,CE,Disponibilidade de Caixa,14396487.04
2024,Prefeitura Municipal de Catarina - CE,CE,Disponibilidade de Caixa Bruta,15856568.31
2024,Prefeitura Municipal de Catarina - CE,CE,RECEITA CORRENTE LÍQUIDA,65777223.35
2024,Prefeitura Municipal de Catarina - CE,CE,RECEITA CORRENTE LÍQUIDA AJUSTADA PARA CÁLCULO DOS LIMITES DE ENDIVIDAMENTO,65777223.35
2024,Prefeitura Municipal de Catarina - CE,CE,% da DC sobre a RCL AJUSTADA (I/VI),15.68
2024,Prefeitura Municipal de Catarina - CE,CE,% da DCL sobre a RCL AJUSTADA,-6.21
2024,Prefeitura Municipal de Cascavel - CE,CE,DÍVIDA CONSOLIDADA,58652459.4
2024,Prefeitura Municipal de Cascavel - CE,CE,Precatórios (inclusive) Vencidos e Não Pagos,10188880.08
2024,Prefeitura Municipal de Cascavel - CE,CE,Disponibilidade de Caixa,16787242.42
2024,Prefeitura Municipal de Cascavel - CE,CE,Disponibilidade de Caixa Bruta,34262083.58
2024,Prefeitura Municipal de Cascavel - CE,CE,RECEITA CORRENTE LÍQUIDA,308249031.54
2024,Prefeitura Municipal de Cascavel - CE,CE,RECEITA CORRENTE LÍQUIDA AJUSTADA PARA CÁLCULO DOS LIMITES DE ENDIVIDAMENTO,301958413.54
2024,Prefeitura Municipal de Cascavel - CE,CE,% da DC sobre a RCL AJUSTADA (I/VI),19.42
2024,Prefeitura Municipal de Cascavel - CE,CE,% da DCL sobre a RCL AJUSTADA,13.86
2024,Prefeitura Municipal de Catunda - CE,CE,DÍVIDA CONSOLIDADA,38134670.14
2024,Prefeitura Municipal de Catunda - CE,CE,Disponibilidade de Caixa,-5849346.36
2024,Prefeitura Municipal de Catunda - CE,CE,RECEITA CORRENTE LÍQUIDA,75291787.72
2024,Prefeitura Municipal de Catunda - CE,CE,RECEITA CORRENTE LÍQUIDA AJUSTADA PARA CÁLCULO DOS LIMITES DE ENDIVIDAMENTO,75263915.12
2024,Prefeitura Municipal de Catunda - CE,CE,% da DC sobre a RCL AJUSTADA (I/VI),50.67
2024,Prefeitura Municipal de Catunda - CE,CE,% da DCL sobre a RCL AJUSTADA,58.44
2024,Prefeitura Municipal de Cedro - CE,CE,DÍVIDA CONSOLIDADA,27379047.15
2024,Prefeitura Municipal de Cedro - CE,CE,Disponibilidade de Caixa,6775536.19
2024,Prefeitura Municipal de Cedro - CE,CE,Disponibilidade de Caixa Bruta,11047787.26
2024,Prefeitura Municipal de Cedro - CE,CE,RECEITA CORRENTE LÍQUIDA,98333910.81
2024,Prefeitura Municipal de Cedro - CE,CE,RECEITA CORRENTE LÍQUIDA AJUSTADA PARA CÁLCULO DOS LIMITES DE ENDIVIDAMENTO,98333910.81
2024,Prefeitura Municipal de Cedro - CE,CE,% da DC sobre a RCL AJUSTADA (I/VI),27.84
2024,Prefeitura Municipal de Cedro - CE,CE,% da DCL sobre a RCL AJUSTADA,20.95
2024,Prefeitura Municipal de Chaval - CE,CE,DÍVIDA CONSOLIDADA,13973042.9
2024,Prefeitura Municipal de Chaval - CE,CE,Disponibilidade de Caixa,6349369.64
2024,Prefeitura Municipal de Chaval - CE,CE,Disponibilidade de Caixa Bruta,7424169.29
2024,Prefeitura Municipal de Chaval - CE,CE,RECEITA CORRENTE LÍQUIDA,62653702.94
2024,Prefeitura Municipal de Chaval - CE,CE,RECEITA CORRENTE LÍQUIDA AJUSTADA PARA CÁLCULO DOS LIMITES DE ENDIVIDAMENTO,60453702.94
2024,Prefeitura Municipal de Chaval - CE,CE,% da DC sobre a RCL AJUSTADA (I/VI),23.11
2024,Prefeitura Municipal de Chaval - CE,CE,% da DCL sobre a RCL AJUSTADA,12.61
2024,Prefeitura Municipal de Caucaia - CE,CE,DÍVIDA CONSOLIDADA,430731085.89
2024,Prefeitura Municipal de Caucaia - CE,CE,Disponibilidade de Caixa,-77249090.71
2024,Prefeitura Municipal de Caucaia - CE,CE,Disponibilidade de Caixa Bruta,77717317.65
2024,Prefeitura Municipal de Caucaia - CE,CE,RECEITA CORRENTE LÍQUIDA,1271050314.44
2024,Prefeitura Municipal de Caucaia - CE,CE,RECEITA CORRENTE LÍQUIDA AJUSTADA PARA CÁLCULO DOS LIMITES DE ENDIVIDAMENTO,1269049206.51
2024,Prefeitura Municipal de Caucaia - CE,CE,% da DC sobre a RCL AJUSTADA (I/VI),33.94
2024,Prefeitura Municipal de Caucaia - CE,CE,% da DCL sobre a RCL AJUSTADA,40.03
2024,Prefeitura Municipal de Choró - CE,CE,DÍVIDA CONSOLIDADA,38252478.25
2024,Prefeitura Municipal de Choró - CE,CE,Precatórios (inclusive) Vencidos e Não Pagos,269231.89
2024,Prefeitura Municipal de Choró - CE,CE,Disponibilidade de Caixa,2060911.71
2024,Prefeitura Municipal de Choró - CE,CE,Disponibilidade de Caixa Bruta,6233709.38
2024,Prefeitura Municipal de Choró - CE,CE,RECEITA CORRENTE LÍQUIDA,69904563.72
2024,Prefeitura Municipal de Choró - CE,CE,RECEITA CORRENTE LÍQUIDA AJUSTADA PARA CÁLCULO DOS LIMITES DE ENDIVIDAMENTO,69904563.72
2024,Prefeitura Municipal de Choró - CE,CE,% da DC sobre a RCL AJUSTADA (I/VI),54.72
2024,Prefeitura Municipal de Choró - CE,CE,% da DCL sobre a RCL AJUSTADA,51.75
2024,Prefeitura Municipal de Chorozinho - CE,CE,DÍVIDA CONSOLIDADA,27776251.85
2024,Prefeitura Municipal de Chorozinho - CE,CE,Disponibilidade de Caixa,19064383.88
2024,Prefeitura Municipal de Chorozinho - CE,CE,Disponibilidade de Caixa Bruta,23345798.74
2024,Prefeitura Municipal de Chorozinho - CE,CE,RECEITA CORRENTE LÍQUIDA,95512178.4
2024,Prefeitura Municipal de Chorozinho - CE,CE,RECEITA CORRENTE LÍQUIDA AJUSTADA PARA CÁLCULO DOS LIMITES DE ENDIVIDAMENTO,93862178.4
2024,Prefeitura Municipal de Chorozinho - CE,CE,% da DC sobre a RCL AJUSTADA (I/VI),29.59
2024,Prefeitura Municipal de Chorozinho - CE,CE,% da DCL sobre a RCL AJUSTADA,9.28
2024,Prefeitura Municipal de Chorozinho - CE,CE,Precatórios (Não incluídos na DC),10376.24
2024,Prefeitura Municipal de Crateús - CE,CE,DÍVIDA CONSOLIDADA,52328958.72
2024,Prefeitura Municipal de Crateús - CE,CE,Disponibilidade de Caixa,53281869.54
2024,Prefeitura Municipal de Crateús - CE,CE,Disponibilidade de Caixa Bruta,64664939.71
2024,Prefeitura Municipal de Crateús - CE,CE,RECEITA CORRENTE LÍQUIDA,314637572.32
2024,Prefeitura Municipal de Crateús - CE,CE,RECEITA CORRENTE LÍQUIDA AJUSTADA PARA CÁLCULO DOS LIMITES DE ENDIVIDAMENTO,313162780.32
2024,Prefeitura Municipal de Crateús - CE,CE,% da DC sobre a RCL AJUSTADA (I/VI),16.71
2024,Prefeitura Municipal de Crateús - CE,CE,% da DCL sobre a RCL AJUSTADA,-0.3
2024,Prefeitura Municipal de Crato - CE,CE,DÍVIDA CONSOLIDADA,60502165.9
2024,Prefeitura Municipal de Crato - CE,CE,Disponibilidade de Caixa,76302895.0
2024,Prefeitura Municipal de Crato - CE,CE,Disponibilidade de Caixa Bruta,78282967.69
2024,Prefeitura Municipal de Crato - CE,CE,RECEITA CORRENTE LÍQUIDA,497603706.2
2024,Prefeitura Municipal de Crato - CE,CE,RECEITA CORRENTE LÍQUIDA AJUSTADA PARA CÁLCULO DOS LIMITES DE ENDIVIDAMENTO,497103706.2
2024,Prefeitura Municipal de Crato - CE,CE,% da DC sobre a RCL AJUSTADA (I/VI),12.17
2024,Prefeitura Municipal de Crato - CE,CE,% da DCL sobre a RCL AJUSTADA,-3.18
2024,Prefeitura Municipal de Croatá - CE,CE,DÍVIDA CONSOLIDADA,19324267.86
2024,Prefeitura Municipal de Croatá - CE,CE,Disponibilidade de Caixa,5902294.47
2024,Prefeitura Municipal de Croatá - CE,CE,Disponibilidade de Caixa Bruta,8614977.5
2024,Prefeitura Municipal de Croatá - CE,CE,RECEITA CORRENTE LÍQUIDA,97233943.45
2024,Prefeitura Municipal de Croatá - CE,CE,RECEITA CORRENTE LÍQUIDA AJUSTADA PARA CÁLCULO DOS LIMITES DE ENDIVIDAMENTO,93482737.45
2024,Prefeitura Municipal de Croatá - CE,CE,% da DC sobre a RCL AJUSTADA (I/VI),20.67
2024,Prefeitura Municipal de Croatá - CE,CE,% da DCL sobre a RCL AJUSTADA,14.36
2024,Prefeitura Municipal de Deputado Irapuan Pinheiro - CE,CE,DÍVIDA CONSOLIDADA,8363812.23
2024,Prefeitura Municipal de Deputado Irapuan Pinheiro - CE,CE,Disponibilidade de Caixa,11734688.18
2024,Prefeitura Municipal de Deputado Irapuan Pinheiro - CE,CE,Disponibilidade de Caixa Bruta,12219062.44
2024,Prefeitura Municipal de Deputado Irapuan Pinheiro - CE,CE,RECEITA CORRENTE LÍQUIDA,56204623.65
2024,Prefeitura Municipal de Deputado Irapuan Pinheiro - CE,CE,RECEITA CORRENTE LÍQUIDA AJUSTADA PARA CÁLCULO DOS LIMITES DE ENDIVIDAMENTO,54940423.65
2024,Prefeitura Municipal de Deputado Irapuan Pinheiro - CE,CE,% da DC sobre a RCL AJUSTADA (I/VI),15.22
2024,Prefeitura Municipal de Deputado Irapuan Pinheiro - CE,CE,% da DCL sobre a RCL AJUSTADA,-6.14
2024,Prefeitura Municipal de Cruz - CE,CE,DÍVIDA CONSOLIDADA,8557419.34
2024,Prefeitura Municipal de Cruz - CE,CE,Disponibilidade de Caixa,30223195.65
2024,Prefeitura Municipal de Cruz - CE,CE,Disponibilidade de Caixa Bruta,39175358.67
2024,Prefeitura Municipal de Cruz - CE,CE,RECEITA CORRENTE LÍQUIDA,139932821.39
2024,Prefeitura Municipal de Cruz - CE,CE,RECEITA CORRENTE LÍQUIDA AJUSTADA PARA CÁLCULO DOS LIMITES DE ENDIVIDAMENTO,139932821.39
2024,Prefeitura Municipal de Cruz - CE,CE,% da DC sobre a RCL AJUSTADA (I/VI),6.12
2024,Prefeitura Municipal de Cruz - CE,CE,% da DCL sobre a RCL AJUSTADA,-15.48
2024,Prefeitura Municipal de Ererê - CE,CE,DÍVIDA CONSOLIDADA,6884558.03
2024,Prefeitura Municipal de Ererê - CE,CE,Disponibilidade de Caixa,3583655.44
2024,Prefeitura Municipal de Ererê - CE,CE,Disponibilidade de Caixa Bruta,4907718.65
2024,Prefeitura Municipal de Ererê - CE,CE,RECEITA CORRENTE LÍQUIDA,39272089.56
2024,Prefeitura Municipal de Ererê - CE,CE,RECEITA CORRENTE LÍQUIDA AJUSTADA PARA CÁLCULO DOS LIMITES DE ENDIVIDAMENTO,38772089.56
2024,Prefeitura Municipal de Ererê - CE,CE,% da DC sobre a RCL AJUSTADA (I/VI),17.76
2024,Prefeitura Municipal de Ererê - CE,CE,% da DCL sobre a RCL AJUSTADA,8.51
2024,Prefeitura Municipal de Farias Brito - CE,CE,DÍVIDA CONSOLIDADA,5639876.11
2024,Prefeitura Municipal de Farias Brito - CE,CE,Disponibilidade de Caixa,13568367.7
2024,Prefeitura Municipal de Farias Brito - CE,CE,Disponibilidade de Caixa Bruta,14668320.78
2024,Prefeitura Municipal de Farias Brito - CE,CE,RECEITA CORRENTE LÍQUIDA,94875905.68
2024,Prefeitura Municipal de Farias Brito - CE,CE,RECEITA CORRENTE LÍQUIDA AJUSTADA PARA CÁLCULO DOS LIMITES DE ENDIVIDAMENTO,91655683.68
2024,Prefeitura Municipal de Farias Brito - CE,CE,% da DC sobre a RCL AJUSTADA (I/VI),6.15
2024,Prefeitura Municipal de Farias Brito - CE,CE,% da DCL sobre a RCL AJUSTADA,-8.65
2024,Prefeitura Municipal de Eusébio - CE,CE,DÍVIDA CONSOLIDADA,99530231.02
2024,Prefeitura Municipal de Eusébio - CE,CE,Disponibilidade de Caixa,293244065.1
2024,Prefeitura Municipal de Eusébio - CE,CE,Disponibilidade de Caixa Bruta,324006379.1
2024,Prefeitura Municipal de Eusébio - CE,CE,RECEITA CORRENTE LÍQUIDA,576623075.62
2024,Prefeitura Municipal de Eusébio - CE,CE,RECEITA CORRENTE LÍQUIDA AJUSTADA PARA CÁLCULO DOS LIMITES DE ENDIVIDAMENTO,575123075.62
2024,Prefeitura Municipal de Eusébio - CE,CE,% da DC sobre a RCL AJUSTADA (I/VI),17.31
2024,Prefeitura Municipal de Eusébio - CE,CE,% da DCL sobre a RCL AJUSTADA,-33.68
2024,Prefeitura Municipal de Fortim - CE,CE,DÍVIDA CONSOLIDADA,22874086.37
2024,Prefeitura Municipal de Fortim - CE,CE,Disponibilidade de Caixa,92809.41
2024,Prefeitura Municipal de Fortim - CE,CE,Disponibilidade de Caixa Bruta,7541200.58
2024,Prefeitura Municipal de Fortim - CE,CE,RECEITA CORRENTE LÍQUIDA,87446745.54
2024,Prefeitura Municipal de Fortim - CE,CE,RECEITA CORRENTE LÍQUIDA AJUSTADA PARA CÁLCULO DOS LIMITES DE ENDIVIDAMENTO,85646745.54
2024,Prefeitura Municipal de Fortim - CE,CE,% da DC sobre a RCL AJUSTADA (I/VI),26.71
2024,Prefeitura Municipal de Fortim - CE,CE,% da DCL sobre a RCL AJUSTADA,26.6
2024,Prefeitura Municipal de Fortim - CE,CE,Precatórios (Não incluídos na DC),4309.56
2024,Prefeitura Municipal de Forquilha - CE,CE,DÍVIDA CONSOLIDADA,27965481.33
2024,Prefeitura Municipal de Forquilha - CE,CE,Disponibilidade de Caixa,10551828.66
2024,Prefeitura Municipal de Forquilha - CE,CE,Disponibilidade de Caixa Bruta,17291090.88
2024,Prefeitura Municipal de Forquilha - CE,CE,RECEITA CORRENTE LÍQUIDA,119406101.41
2024,Prefeitura Municipal de Forquilha - CE,CE,RECEITA CORRENTE LÍQUIDA AJUSTADA PARA CÁLCULO DOS LIMITES DE ENDIVIDAMENTO,117256101.41
2024,Prefeitura Municipal de Forquilha - CE,CE,% da DC sobre a RCL AJUSTADA (I/VI),23.85
2024,Prefeitura Municipal de Forquilha - CE,CE,% da DCL sobre a RCL AJUSTADA,14.85
2024,Prefeitura Municipal de Forquilha - CE,CE,Precatórios (Não incluídos na DC),1583486.37
2024,Prefeitura Municipal de Frecheirinha - CE,CE,DÍVIDA CONSOLIDADA,15506112.31
2024,Prefeitura Municipal de Frecheirinha - CE,CE,Disponibilidade de Caixa,6289799.93
2024,Prefeitura Municipal de Frecheirinha - CE,CE,Disponibilidade de Caixa Bruta,7287572.12
2024,Prefeitura Municipal de Frecheirinha - CE,CE,RECEITA CORRENTE LÍQUIDA,83459802.97
2024,Prefeitura Municipal de Frecheirinha - CE,CE,RECEITA CORRENTE LÍQUIDA AJUSTADA PARA CÁLCULO DOS LIMITES DE ENDIVIDAMENTO,81459802.97
2024,Prefeitura Municipal de Frecheirinha - CE,CE,% da DC sobre a RCL AJUSTADA (I/VI),19.04
2024,Prefeitura Municipal de Frecheirinha - CE,CE,% da DCL sobre a RCL AJUSTADA,11.31
2024,Prefeitura Municipal de Fortaleza - CE,CE,DÍVIDA CONSOLIDADA,4241449823.01
2024,Prefeitura Municipal de Fortaleza - CE,CE,Precatórios (inclusive) Vencidos e Não Pagos,190126583.29
2024,Prefeitura Municipal de Fortaleza - CE,CE,Disponibilidade de Caixa,1834315764.86
2024,Prefeitura Municipal de Fortaleza - CE,CE,Disponibilidade de Caixa Bruta,1962546279.21
2024,Prefeitura Municipal de Fortaleza - CE,CE,RECEITA CORRENTE LÍQUIDA,10807631643.69
2024,Prefeitura Municipal de Fortaleza - CE,CE,RECEITA CORRENTE LÍQUIDA AJUSTADA PARA CÁLCULO DOS LIMITES DE ENDIVIDAMENTO,10753671372.69
2024,Prefeitura Municipal de Fortaleza - CE,CE,% da DC sobre a RCL AJUSTADA (I/VI),39.44
2024,Prefeitura Municipal de Fortaleza - CE,CE,% da DCL sobre a RCL AJUSTADA,22.02
2024,Prefeitura Municipal de Graça - CE,CE,DÍVIDA CONSOLIDADA,948130.68
2024,Prefeitura Municipal de Graça - CE,CE,Disponibilidade de Caixa,13972352.96
2024,Prefeitura Municipal de Graça - CE,CE,Disponibilidade de Caixa Bruta,16311211.65
2024,Prefeitura Municipal de Graça - CE,CE,RECEITA CORRENTE LÍQUIDA,81420041.1
2024,Prefeitura Municipal de Graça - CE,CE,RECEITA CORRENTE LÍQUIDA AJUSTADA PARA CÁLCULO DOS LIMITES DE ENDIVIDAMENTO,80570041.1
2024,Prefeitura Municipal de Graça - CE,CE,% da DC sobre a RCL AJUSTADA (I/VI),1.18
2024,Prefeitura Municipal de Graça - CE,CE,% da DCL sobre a RCL AJUSTADA,-16.17
2024,Prefeitura Municipal de Graça - CE,CE,Precatórios (Não incluídos na DC),1557.2
2024,Prefeitura Municipal de General Sampaio - CE,CE,DÍVIDA CONSOLIDADA,8289693.26
2024,Prefeitura Municipal de General Sampaio - CE,CE,Disponibilidade de Caixa,2631521.64
2024,Prefeitura Municipal de General Sampaio - CE,CE,Disponibilidade de Caixa Bruta,5023363.68
2024,Prefeitura Municipal de General Sampaio - CE,CE,RECEITA CORRENTE LÍQUIDA,51710622.49
2024,Prefeitura Municipal de General Sampaio - CE,CE,RECEITA CORRENTE LÍQUIDA AJUSTADA PARA CÁLCULO DOS LIMITES DE ENDIVIDAMENTO,50005714.49
2024,Prefeitura Municipal de General Sampaio - CE,CE,% da DC sobre a RCL AJUSTADA (I/VI),16.58
2024,Prefeitura Municipal de General Sampaio - CE,CE,% da DCL sobre a RCL AJUSTADA,11.32
2024,Prefeitura Municipal de Granja - CE,CE,DÍVIDA CONSOLIDADA,70642867.5
2024,Prefeitura Municipal de Granja - CE,CE,Disponibilidade de Caixa,33047858.13
2024,Prefeitura Municipal de Granja - CE,CE,Disponibilidade de Caixa Bruta,36596152.86
2024,Prefeitura Municipal de Granja - CE,CE,RECEITA CORRENTE LÍQUIDA,242034824.93
2024,Prefeitura Municipal de Granja - CE,CE,RECEITA CORRENTE LÍQUIDA AJUSTADA PARA CÁLCULO DOS LIMITES DE ENDIVIDAMENTO,239167183.93
2024,Prefeitura Municipal de Granja - CE,CE,% da DC sobre a RCL AJUSTADA (I/VI),29.54
2024,Prefeitura Municipal de Granja - CE,CE,% da DCL sobre a RCL AJUSTADA,15.72
2024,Prefeitura Municipal de Groaíras - CE,CE,DÍVIDA CONSOLIDADA,605652.4
2024,Prefeitura Municipal de Groaíras - CE,CE,Precatórios (inclusive) Vencidos e Não Pagos,127013.76
2024,Prefeitura Municipal de Groaíras - CE,CE,Disponibilidade de Caixa,-459563.85
2024,Prefeitura Municipal de Groaíras - CE,CE,RECEITA CORRENTE LÍQUIDA,57787539.38
2024,Prefeitura Municipal de Groaíras - CE,CE,RECEITA CORRENTE LÍQUIDA AJUSTADA PARA CÁLCULO DOS LIMITES DE ENDIVIDAMENTO,55884039.38
2024,Prefeitura Municipal de Groaíras - CE,CE,% da DC sobre a RCL AJUSTADA (I/VI),1.08
2024,Prefeitura Municipal de Groaíras - CE,CE,% da DCL sobre a RCL AJUSTADA,1.91
2024,Prefeitura Municipal de Granjeiro - CE,CE,DÍVIDA CONSOLIDADA,12882622.23
2024,Prefeitura Municipal de Granjeiro - CE,CE,Disponibilidade de Caixa,6649499.55
2024,Prefeitura Municipal de Granjeiro - CE,CE,Disponibilidade de Caixa Bruta,7380900.35
2024,Prefeitura Municipal de Granjeiro - CE,CE,RECEITA CORRENTE LÍQUIDA,39000795.96
2024,Prefeitura Municipal de Granjeiro - CE,CE,RECEITA CORRENTE LÍQUIDA AJUSTADA PARA CÁLCULO DOS LIMITES DE ENDIVIDAMENTO,38750795.96
2024,Prefeitura Municipal de Granjeiro - CE,CE,% da DC sobre a RCL AJUSTADA (I/VI),33.24
2024,Prefeitura Municipal de Granjeiro - CE,CE,% da DCL sobre a RCL AJUSTADA,16.09
2024,Prefeitura Municipal de Guaraciaba do Norte - CE,CE,DÍVIDA CONSOLIDADA,35825153.46
2024,Prefeitura Municipal de Guaraciaba do Norte - CE,CE,Disponibilidade de Caixa,40262496.87
2024,Prefeitura Municipal de Guaraciaba do Norte - CE,CE,Disponibilidade de Caixa Bruta,44106356.29
2024,Prefeitura Municipal de Guaraciaba do Norte - CE,CE,RECEITA CORRENTE LÍQUIDA,174232490.91
2024,Prefeitura Municipal de Guaraciaba do Norte - CE,CE,RECEITA CORRENTE LÍQUIDA AJUSTADA PARA CÁLCULO DOS LIMITES DE ENDIVIDAMENTO,174072490.91
2024,Prefeitura Municipal de Guaraciaba do Norte - CE,CE,% da DC sobre a RCL AJUSTADA (I/VI),20.58
2024,Prefeitura Municipal de Guaraciaba do Norte - CE,CE,% da DCL sobre a RCL AJUSTADA,-2.55
2024,Prefeitura Municipal de Guaraciaba do Norte - CE,CE,Precatórios (Não incluídos na DC),3002.97
2024,Prefeitura Municipal de Hidrolândia - CE,CE,DÍVIDA CONSOLIDADA,6048107.14
2024,Prefeitura Municipal de Hidrolândia - CE,CE,Disponibilidade de Caixa,7338628.5
2024,Prefeitura Municipal de Hidrolândia - CE,CE,Disponibilidade de Caixa Bruta,8818636.84
2024,Prefeitura Municipal de Hidrolândia - CE,CE,RECEITA CORRENTE LÍQUIDA,78151454.45
2024,Prefeitura Municipal de Hidrolândia - CE,CE,RECEITA CORRENTE LÍQUIDA AJUSTADA PARA CÁLCULO DOS LIMITES DE ENDIVIDAMENTO,77965954.45
2024,Prefeitura Municipal de Hidrolândia - CE,CE,% da DC sobre a RCL AJUSTADA (I/VI),7.76
2024,Prefeitura Municipal de Hidrolândia - CE,CE,% da DCL sobre a RCL AJUSTADA,-1.66
2024,Prefeitura Municipal de Guaramiranga - CE,CE,DÍVIDA CONSOLIDADA,14135358.28
2024,Prefeitura Municipal de Guaramiranga - CE,CE,Precatórios (inclusive) Vencidos e Não Pagos,29285.87
2024,Prefeitura Municipal de Guaramiranga - CE,CE,Disponibilidade de Caixa,6733139.25
2024,Prefeitura Municipal de Guaramiranga - CE,CE,Disponibilidade de Caixa Bruta,8998991.65
2024,Prefeitura Municipal de Guaramiranga - CE,CE,RECEITA CORRENTE LÍQUIDA,44038004.49
2024,Prefeitura Municipal de Guaramiranga - CE,CE,RECEITA CORRENTE LÍQUIDA AJUSTADA PARA CÁLCULO DOS LIMITES DE ENDIVIDAMENTO,42480326.49
2024,Prefeitura Municipal de Guaramiranga - CE,CE,% da DC sobre a RCL AJUSTADA (I/VI),33.28
2024,Prefeitura Municipal de Guaramiranga - CE,CE,% da DCL sobre a RCL AJUSTADA,17.43
2024,Prefeitura Municipal de Guaiúba - CE,CE,DÍVIDA CONSOLIDADA,19606822.63
2024,Prefeitura Municipal de Guaiúba - CE,CE,Disponibilidade de Caixa,8679733.14
2024,Prefeitura Municipal de Guaiúba - CE,CE,Disponibilidade de Caixa Bruta,13772219.12
2024,Prefeitura Municipal de Guaiúba - CE,CE,RECEITA CORRENTE LÍQUIDA,106696978.29
2024,Prefeitura Municipal de Guaiúba - CE,CE,RECEITA CORRENTE LÍQUIDA AJUSTADA PARA CÁLCULO DOS LIMITES DE ENDIVIDAMENTO,104099157.29
2024,Prefeitura Municipal de Guaiúba - CE,CE,% da DC sobre a RCL AJUSTADA (I/VI),18.83
2024,Prefeitura Municipal de Guaiúba - CE,CE,% da DCL sobre a RCL AJUSTADA,10.43
2024,Prefeitura Municipal de Guaiúba - CE,CE,Precatórios (Não incluídos na DC),25784.6
2024,Prefeitura Municipal de Horizonte - CE,CE,DÍVIDA CONSOLIDADA,118115911.68
2024,Prefeitura Municipal de Horizonte - CE,CE,Precatórios (inclusive) Vencidos e Não Pagos,782151.89
2024,Prefeitura Municipal de Horizonte - CE,CE,Disponibilidade de Caixa,67307514.54
2024,Prefeitura Municipal de Horizonte - CE,CE,Disponibilidade de Caixa Bruta,70098935.16
2024,Prefeitura Municipal de Horizonte - CE,CE,RECEITA CORRENTE LÍQUIDA,356359564.27
2024,Prefeitura Municipal de Horizonte - CE,CE,RECEITA CORRENTE LÍQUIDA AJUSTADA PARA CÁLCULO DOS LIMITES DE ENDIVIDAMENTO,354609564.27
2024,Prefeitura Municipal de Horizonte - CE,CE,% da DC sobre a RCL AJUSTADA (I/VI),33.31
2024,Prefeitura Municipal de Horizonte - CE,CE,% da DCL sobre a RCL AJUSTADA,14.32
2024,Prefeitura Municipal de Ibaretama - CE,CE,DÍVIDA CONSOLIDADA,23916803.85
2024,Prefeitura Municipal de Ibaretama - CE,CE,Disponibilidade de Caixa,5961026.87
2024,Prefeitura Municipal de Ibaretama - CE,CE,Disponibilidade de Caixa Bruta,8594774.3
2024,Prefeitura Municipal de Ibaretama - CE,CE,RECEITA CORRENTE LÍQUIDA,65949165.98
2024,Prefeitura Municipal de Ibaretama - CE,CE,RECEITA CORRENTE LÍQUIDA AJUSTADA PARA CÁLCULO DOS LIMITES DE ENDIVIDAMENTO,65949165.98
2024,Prefeitura Municipal de Ibaretama - CE,CE,% da DC sobre a RCL AJUSTADA (I/VI),36.27
2024,Prefeitura Municipal de Ibaretama - CE,CE,% da DCL sobre a RCL AJUSTADA,27.23
2024,Prefeitura Municipal de Ibaretama - CE,CE,Precatórios (Não incluídos na DC),12683.4
2024,Prefeitura Municipal de Icó - CE,CE,DÍVIDA CONSOLIDADA,83978182.03
2024,Prefeitura Municipal de Icó - CE,CE,Disponibilidade de Caixa,34553658.73
2024,Prefeitura Municipal de Icó - CE,CE,Disponibilidade de Caixa Bruta,48296675.02
2024,Prefeitura Municipal de Icó - CE,CE,RECEITA CORRENTE LÍQUIDA,270817527.46
2024,Prefeitura Municipal de Icó - CE,CE,RECEITA CORRENTE LÍQUIDA AJUSTADA PARA CÁLCULO DOS LIMITES DE ENDIVIDAMENTO,265592313.46
2024,Prefeitura Municipal de Icó - CE,CE,% da DC sobre a RCL AJUSTADA (I/VI),31.62
2024,Prefeitura Municipal de Icó - CE,CE,% da DCL sobre a RCL AJUSTADA,18.61
2024,Prefeitura Municipal de Ibiapina - CE,CE,DÍVIDA CONSOLIDADA,9153855.57
2024,Prefeitura Municipal de Ibiapina - CE,CE,Disponibilidade de Caixa,831486.56
2024,Prefeitura Municipal de Ibiapina - CE,CE,Disponibilidade de Caixa Bruta,8785357.26
2024,Prefeitura Municipal de Ibiapina - CE,CE,RECEITA CORRENTE LÍQUIDA,116419211.65
2024,Prefeitura Municipal de Ibiapina - CE,CE,RECEITA CORRENTE LÍQUIDA AJUSTADA PARA CÁLCULO DOS LIMITES DE ENDIVIDAMENTO,114169211.65
2024,Prefeitura Municipal de Ibiapina - CE,CE,% da DC sobre a RCL AJUSTADA (I/VI),8.02
2024,Prefeitura Municipal de Ibiapina - CE,CE,% da DCL sobre a RCL AJUSTADA,7.29
2024,Prefeitura Municipal de Ibicuitinga - CE,CE,DÍVIDA CONSOLIDADA,25815737.89
2024,Prefeitura Municipal de Ibicuitinga - CE,CE,Precatórios (inclusive) Vencidos e Não Pagos,1472835.19
2024,Prefeitura Municipal de Ibicuitinga - CE,CE,Disponibilidade de Caixa,6825285.99
2024,Prefeitura Municipal de Ibicuitinga - CE,CE,Disponibilidade de Caixa Bruta,10630826.86
2024,Prefeitura Municipal de Ibicuitinga - CE,CE,RECEITA CORRENTE LÍQUIDA,71327121.31
2024,Prefeitura Municipal de Ibicuitinga - CE,CE,RECEITA CORRENTE LÍQUIDA AJUSTADA PARA CÁLCULO DOS LIMITES DE ENDIVIDAMENTO,69509150.31
2024,Prefeitura Municipal de Ibicuitinga - CE,CE,% da DC sobre a RCL AJUSTADA (I/VI),37.14
2024,Prefeitura Municipal de Ibicuitinga - CE,CE,% da DCL sobre a RCL AJUSTADA,27.32
2024,Prefeitura Municipal de Icapuí - CE,CE,DÍVIDA CONSOLIDADA,55413445.23
2024,Prefeitura Municipal de Icapuí - CE,CE,Precatórios (inclusive) Vencidos e Não Pagos,163576.77
2024,Prefeitura Municipal de Icapuí - CE,CE,Disponibilidade de Caixa Bruta,11528238.21
2024,Prefeitura Municipal de Icapuí - CE,CE,RECEITA CORRENTE LÍQUIDA,120684612.33
2024,Prefeitura Municipal de Icapuí - CE,CE,RECEITA CORRENTE LÍQUIDA AJUSTADA PARA CÁLCULO DOS LIMITES DE ENDIVIDAMENTO,119936777.33
2024,Prefeitura Municipal de Icapuí - CE,CE,% da DC sobre a RCL AJUSTADA (I/VI),46.2
2024,Prefeitura Municipal de Icapuí - CE,CE,% da DCL sobre a RCL AJUSTADA,46.2
2024,Prefeitura Municipal de Icapuí - CE,CE,Precatórios (Não incluídos na DC),183205.97
2024,Prefeitura Municipal de Iguatu - CE,CE,DÍVIDA CONSOLIDADA,82707374.46
2024,Prefeitura Municipal de Iguatu - CE,CE,Disponibilidade de Caixa,-25615642.08
2024,Prefeitura Municipal de Iguatu - CE,CE,Disponibilidade de Caixa Bruta,32328205.41
2024,Prefeitura Municipal de Iguatu - CE,CE,RECEITA CORRENTE LÍQUIDA,409964647.64
2024,Prefeitura Municipal de Iguatu - CE,CE,RECEITA CORRENTE LÍQUIDA AJUSTADA PARA CÁLCULO DOS LIMITES DE ENDIVIDAMENTO,408691910.99
2024,Prefeitura Municipal de Iguatu - CE,CE,% da DC sobre a RCL AJUSTADA (I/VI),20.24
2024,Prefeitura Municipal de Iguatu - CE,CE,% da DCL sobre a RCL AJUSTADA,26.5
2024,Prefeitura Municipal de Independência - CE,CE,Disponibilidade de Caixa,12652775.49
2024,Prefeitura Municipal de Independência - CE,CE,Disponibilidade de Caixa Bruta,16762311.95
2024,Prefeitura Municipal de Independência - CE,CE,RECEITA CORRENTE LÍQUIDA,94643373.5
2024,Prefeitura Municipal de Independência - CE,CE,RECEITA CORRENTE LÍQUIDA AJUSTADA PARA CÁLCULO DOS LIMITES DE ENDIVIDAMENTO,94143373.5
2024,Prefeitura Municipal de Independência - CE,CE,% da DCL sobre a RCL AJUSTADA,-13.44
2024,Prefeitura Municipal de Independência - CE,CE,Precatórios (Não incluídos na DC),14671.29
2024,Prefeitura Municipal de Ipaumirim - CE,CE,DÍVIDA CONSOLIDADA,7982226.09
2024,Prefeitura Municipal de Ipaumirim - CE,CE,Disponibilidade de Caixa,5170941.77
2024,Prefeitura Municipal de Ipaumirim - CE,CE,Disponibilidade de Caixa Bruta,5634432.4
2024,Prefeitura Municipal de Ipaumirim - CE,CE,RECEITA CORRENTE LÍQUIDA,58245942.27
2024,Prefeitura Municipal de Ipaumirim - CE,CE,RECEITA CORRENTE LÍQUIDA AJUSTADA PARA CÁLCULO DOS LIMITES DE ENDIVIDAMENTO,56474964.72
2024,Prefeitura Municipal de Ipaumirim - CE,CE,% da DC sobre a RCL AJUSTADA (I/VI),14.13
2024,Prefeitura Municipal de Ipaumirim - CE,CE,% da DCL sobre a RCL AJUSTADA,4.98
2024,Prefeitura Municipal de Ipaumirim - CE,CE,Precatórios (Não incluídos na DC),493139.87
2024,Prefeitura Municipal de Ipu - CE,CE,Disponibilidade de Caixa,117129071.64
2024,Prefeitura Municipal de Ipu - CE,CE,Disponibilidade de Caixa Bruta,122521663.42
2024,Prefeitura Municipal de Ipu - CE,CE,RECEITA CORRENTE LÍQUIDA,198309887.55
2024,Prefeitura Municipal de Ipu - CE,CE,RECEITA CORRENTE LÍQUIDA AJUSTADA PARA CÁLCULO DOS LIMITES DE ENDIVIDAMENTO,190856300.55
2024,Prefeitura Municipal de Ipu - CE,CE,% da DCL sobre a RCL AJUSTADA,-61.37
2024,Prefeitura Municipal de Ipaporanga - CE,CE,DÍVIDA CONSOLIDADA,344399.68
2024,Prefeitura Municipal de Ipaporanga - CE,CE,Disponibilidade de Caixa,-2809981.18
2024,Prefeitura Municipal de Ipaporanga - CE,CE,RECEITA CORRENTE LÍQUIDA,65801029.37
2024,Prefeitura Municipal de Ipaporanga - CE,CE,RECEITA CORRENTE LÍQUIDA AJUSTADA PARA CÁLCULO DOS LIMITES DE ENDIVIDAMENTO,65677100.41
2024,Prefeitura Municipal de Ipaporanga - CE,CE,% da DC sobre a RCL AJUSTADA (I/VI),0.52
2024,Prefeitura Municipal de Ipaporanga - CE,CE,% da DCL sobre a RCL AJUSTADA,4.8
2024,Prefeitura Municipal de Ipaporanga - CE,CE,Precatórios (Não incluídos na DC),1000.0
2024,Prefeitura Municipal de Iracema - CE,CE,DÍVIDA CONSOLIDADA,24496634.95
2024,Prefeitura Municipal de Iracema - CE,CE,Precatórios (inclusive) Vencidos e Não Pagos,208760.81
2024,Prefeitura Municipal de Iracema - CE,CE,Disponibilidade de Caixa,2785628.7
2024,Prefeitura Municipal de Iracema - CE,CE,Disponibilidade de Caixa Bruta,7179163.88
2024,Prefeitura Municipal de Iracema - CE,CE,RECEITA CORRENTE LÍQUIDA,72960719.61
2024,Prefeitura Municipal de Iracema - CE,CE,RECEITA CORRENTE LÍQUIDA AJUSTADA PARA CÁLCULO DOS LIMITES DE ENDIVIDAMENTO,72132837.61
2024,Prefeitura Municipal de Iracema - CE,CE,% da DC sobre a RCL AJUSTADA (I/VI),33.96
2024,Prefeitura Municipal de Iracema - CE,CE,% da DCL sobre a RCL AJUSTADA,30.09
2024,Prefeitura Municipal de Ipueiras - CE,CE,DÍVIDA CONSOLIDADA,20574653.64
2024,Prefeitura Municipal de Ipueiras - CE,CE,Disponibilidade de Caixa,14529609.15
2024,Prefeitura Municipal de Ipueiras - CE,CE,Disponibilidade de Caixa Bruta,19138569.81
2024,Prefeitura Municipal de Ipueiras - CE,CE,RECEITA CORRENTE LÍQUIDA,161148008.11
2024,Prefeitura Municipal de Ipueiras - CE,CE,RECEITA CORRENTE LÍQUIDA AJUSTADA PARA CÁLCULO DOS LIMITES DE ENDIVIDAMENTO,161148008.11
2024,Prefeitura Municipal de Ipueiras - CE,CE,% da DC sobre a RCL AJUSTADA (I/VI),12.77
2024,Prefeitura Municipal de Ipueiras - CE,CE,% da DCL sobre a RCL AJUSTADA,3.68
2024,Prefeitura Municipal de Itaiçaba - CE,CE,DÍVIDA CONSOLIDADA,17244323.12
2024,Prefeitura Municipal de Itaiçaba - CE,CE,Disponibilidade de Caixa,4673879.62
2024,Prefeitura Municipal de Itaiçaba - CE,CE,Disponibilidade de Caixa Bruta,6071101.31
2024,Prefeitura Municipal de Itaiçaba - CE,CE,RECEITA CORRENTE LÍQUIDA,40220649.42
2024,Prefeitura Municipal de Itaiçaba - CE,CE,RECEITA CORRENTE LÍQUIDA AJUSTADA PARA CÁLCULO DOS LIMITES DE ENDIVIDAMENTO,39946891.42
2024,Prefeitura Municipal de Itaiçaba - CE,CE,% da DC sobre a RCL AJUSTADA (I/VI),43.17
2024,Prefeitura Municipal de Itaiçaba - CE,CE,% da DCL sobre a RCL AJUSTADA,31.34
2024,Prefeitura Municipal de Irauçuba - CE,CE,DÍVIDA CONSOLIDADA,15933092.8
2024,Prefeitura Municipal de Irauçuba - CE,CE,Disponibilidade de Caixa,16524233.11
2024,Prefeitura Municipal de Irauçuba - CE,CE,Disponibilidade de Caixa Bruta,18526374.2
2024,Prefeitura Municipal de Irauçuba - CE,CE,RECEITA CORRENTE LÍQUIDA,115991832.85
2024,Prefeitura Municipal de Irauçuba - CE,CE,RECEITA CORRENTE LÍQUIDA AJUSTADA PARA CÁLCULO DOS LIMITES DE ENDIVIDAMENTO,113716832.85
2024,Prefeitura Municipal de Irauçuba - CE,CE,% da DC sobre a RCL AJUSTADA (I/VI),14.01
2024,Prefeitura Municipal de Irauçuba - CE,CE,% da DCL sobre a RCL AJUSTADA,-0.55
2024,Prefeitura Municipal de Itaitinga - CE,CE,DÍVIDA CONSOLIDADA,8514792.39
2024,Prefeitura Municipal de Itaitinga - CE,CE,Precatórios (inclusive) Vencidos e Não Pagos,379209.93
2024,Prefeitura Municipal de Itaitinga - CE,CE,Disponibilidade de Caixa,13357537.79
2024,Prefeitura Municipal de Itaitinga - CE,CE,Disponibilidade de Caixa Bruta,35786954.13
2024,Prefeitura Municipal de Itaitinga - CE,CE,RECEITA CORRENTE LÍQUIDA,262336361.4
2024,Prefeitura Municipal de Itaitinga - CE,CE,RECEITA CORRENTE LÍQUIDA AJUSTADA PARA CÁLCULO DOS LIMITES DE ENDIVIDAMENTO,260141309.4
2024,Prefeitura Municipal de Itaitinga - CE,CE,% da DC sobre a RCL AJUSTADA (I/VI),3.27
2024,Prefeitura Municipal de Itaitinga - CE,CE,% da DCL sobre a RCL AJUSTADA,-1.86
2024,Prefeitura Municipal de Itapajé - CE,CE,DÍVIDA CONSOLIDADA,23711091.35
2024,Prefeitura Municipal de Itapajé - CE,CE,Disponibilidade de Caixa,7776429.18
2024,Prefeitura Municipal de Itapajé - CE,CE,Disponibilidade de Caixa Bruta,37074868.43
2024,Prefeitura Municipal de Itapajé - CE,CE,RECEITA CORRENTE LÍQUIDA,185413403.88
2024,Prefeitura Municipal de Itapajé - CE,CE,RECEITA CORRENTE LÍQUIDA AJUSTADA PARA CÁLCULO DOS LIMITES DE ENDIVIDAMENTO,184070608.88
2024,Prefeitura Municipal de Itapajé - CE,CE,% da DC sobre a RCL AJUSTADA (I/VI),12.88
2024,Prefeitura Municipal de Itapajé - CE,CE,% da DCL sobre a RCL AJUSTADA,8.66
2024,Prefeitura Municipal de Itapiúna - CE,CE,DÍVIDA CONSOLIDADA,19685629.53
2024,Prefeitura Municipal de Itapiúna - CE,CE,Disponibilidade de Caixa,10463335.07
2024,Prefeitura Municipal de Itapiúna - CE,CE,Disponibilidade de Caixa Bruta,12574466.61
2024,Prefeitura Municipal de Itapiúna - CE,CE,RECEITA CORRENTE LÍQUIDA,82090831.33
2024,Prefeitura Municipal de Itapiúna - CE,CE,RECEITA CORRENTE LÍQUIDA AJUSTADA PARA CÁLCULO DOS LIMITES DE ENDIVIDAMENTO,81060831.33
2024,Prefeitura Municipal de Itapiúna - CE,CE,% da DC sobre a RCL AJUSTADA (I/VI),24.29
2024,Prefeitura Municipal de Itapiúna - CE,CE,% da DCL sobre a RCL AJUSTADA,11.38
2024,Prefeitura Municipal de Itapiúna - CE,CE,Precatórios (Não incluídos na DC),328273.13
2024,Prefeitura Municipal de Itapipoca - CE,CE,DÍVIDA CONSOLIDADA,172230502.67
2024,Prefeitura Municipal de Itapipoca - CE,CE,Disponibilidade de Caixa,71151708.42
2024,Prefeitura Municipal de Itapipoca - CE,CE,Disponibilidade de Caixa Bruta,103097976.19
2024,Prefeitura Municipal de Itapipoca - CE,CE,RECEITA CORRENTE LÍQUIDA,670956310.39
2024,Prefeitura Municipal de Itapipoca - CE,CE,RECEITA CORRENTE LÍQUIDA AJUSTADA PARA CÁLCULO DOS LIMITES DE ENDIVIDAMENTO,665079989.39
2024,Prefeitura Municipal de Itapipoca - CE,CE,% da DC sobre a RCL AJUSTADA (I/VI),25.9
2024,Prefeitura Municipal de Itapipoca - CE,CE,% da DCL sobre a RCL AJUSTADA,15.2
2024,Prefeitura Municipal de Itapipoca - CE,CE,Precatórios (Não incluídos na DC),5343847.66
2024,Prefeitura Municipal de Itarema - CE,CE,DÍVIDA CONSOLIDADA,60867299.26
2024,Prefeitura Municipal de Itarema - CE,CE,Disponibilidade de Caixa,16645617.23
2024,Prefeitura Municipal de Itarema - CE,CE,Disponibilidade de Caixa Bruta,27570461.52
2024,Prefeitura Municipal de Itarema - CE,CE,RECEITA CORRENTE LÍQUIDA,180567088.66
2024,Prefeitura Municipal de Itarema - CE,CE,RECEITA CORRENTE LÍQUIDA AJUSTADA PARA CÁLCULO DOS LIMITES DE ENDIVIDAMENTO,177379873.66
2024,Prefeitura Municipal de Itarema - CE,CE,% da DC sobre a RCL AJUSTADA (I/VI),34.31
2024,Prefeitura Municipal de Itarema - CE,CE,% da DCL sobre a RCL AJUSTADA,24.93
2024,Prefeitura Municipal de Itatira - CE,CE,DÍVIDA CONSOLIDADA,30705959.18
2024,Prefeitura Municipal de Itatira - CE,CE,Disponibilidade de Caixa,2525916.99
2024,Prefeitura Municipal de Itatira - CE,CE,Disponibilidade de Caixa Bruta,3757731.23
2024,Prefeitura Municipal de Itatira - CE,CE,RECEITA CORRENTE LÍQUIDA,154965335.59
2024,Prefeitura Municipal de Itatira - CE,CE,RECEITA CORRENTE LÍQUIDA AJUSTADA PARA CÁLCULO DOS LIMITES DE ENDIVIDAMENTO,154965335.59
2024,Prefeitura Municipal de Itatira - CE,CE,% da DC sobre a RCL AJUSTADA (I/VI),19.81
2024,Prefeitura Municipal de Itatira - CE,CE,% da DCL sobre a RCL AJUSTADA,18.18
2024,Prefeitura Municipal de Jaguaretama - CE,CE,DÍVIDA CONSOLIDADA,34184539.65
2024,Prefeitura Municipal de Jaguaretama - CE,CE,Precatórios (inclusive) Vencidos e Não Pagos,392777.1
2024,Prefeitura Municipal de Jaguaretama - CE,CE,Disponibilidade de Caixa,19923313.58
2024,Prefeitura Municipal de Jaguaretama - CE,CE,Disponibilidade de Caixa Bruta,20982859.81
2024,Prefeitura Municipal de Jaguaretama - CE,CE,RECEITA CORRENTE LÍQUIDA,106407962.11
2024,Prefeitura Municipal de Jaguaretama - CE,CE,RECEITA CORRENTE LÍQUIDA AJUSTADA PARA CÁLCULO DOS LIMITES DE ENDIVIDAMENTO,102351125.76
2024,Prefeitura Municipal de Jaguaretama - CE,CE,% da DC sobre a RCL AJUSTADA (I/VI),33.4
2024,Prefeitura Municipal de Jaguaretama - CE,CE,% da DCL sobre a RCL AJUSTADA,13.93
2024,Prefeitura Municipal de Jaguaretama - CE,CE,Precatórios (Não incluídos na DC),134318.64
2024,Prefeitura Municipal de Jaguaribara - CE,CE,DÍVIDA CONSOLIDADA,15098453.12
2024,Prefeitura Municipal de Jaguaribara - CE,CE,Disponibilidade de Caixa,4705953.53
2024,Prefeitura Municipal de Jaguaribara - CE,CE,Disponibilidade de Caixa Bruta,7803651.68
2024,Prefeitura Municipal de Jaguaribara - CE,CE,RECEITA CORRENTE LÍQUIDA,69926892.91
2024,Prefeitura Municipal de Jaguaribara - CE,CE,RECEITA CORRENTE LÍQUIDA AJUSTADA PARA CÁLCULO DOS LIMITES DE ENDIVIDAMENTO,66523496.91
2024,Prefeitura Municipal de Jaguaribara - CE,CE,% da DC sobre a RCL AJUSTADA (I/VI),22.7
2024,Prefeitura Municipal de Jaguaribara - CE,CE,% da DCL sobre a RCL AJUSTADA,15.61
2024,Prefeitura Municipal de Jaguaruana - CE,CE,DÍVIDA CONSOLIDADA,84244983.67
2024,Prefeitura Municipal de Jaguaruana - CE,CE,Precatórios (inclusive) Vencidos e Não Pagos,71148.4
2024,Prefeitura Municipal de Jaguaruana - CE,CE,Disponibilidade de Caixa,4763679.55
2024,Prefeitura Municipal de Jaguaruana - CE,CE,Disponibilidade de Caixa Bruta,12007616.37
2024,Prefeitura Municipal de Jaguaruana - CE,CE,RECEITA CORRENTE LÍQUIDA,131561506.1
2024,Prefeitura Municipal de Jaguaruana - CE,CE,RECEITA CORRENTE LÍQUIDA AJUSTADA PARA CÁLCULO DOS LIMITES DE ENDIVIDAMENTO,129609056.1
2024,Prefeitura Municipal de Jaguaruana - CE,CE,% da DC sobre a RCL AJUSTADA (I/VI),65.0
2024,Prefeitura Municipal de Jaguaruana - CE,CE,% da DCL sobre a RCL AJUSTADA,61.24
2024,Prefeitura Municipal de Jardim - CE,CE,DÍVIDA CONSOLIDADA,37935983.36
2024,Prefeitura Municipal de Jardim - CE,CE,Precatórios (inclusive) Vencidos e Não Pagos,5.0
2024,Prefeitura Municipal de Jardim - CE,CE,Disponibilidade de Caixa,8788652.58
2024,Prefeitura Municipal de Jardim - CE,CE,Disponibilidade de Caixa Bruta,13855849.99
2024,Prefeitura Municipal de Jardim - CE,CE,RECEITA CORRENTE LÍQUIDA,107939854.85
2024,Prefeitura Municipal de Jardim - CE,CE,RECEITA CORRENTE LÍQUIDA AJUSTADA PARA CÁLCULO DOS LIMITES DE ENDIVIDAMENTO,107089854.85
2024,Prefeitura Municipal de Jardim - CE,CE,% da DC sobre a RCL AJUSTADA (I/VI),35.42
2024,Prefeitura Municipal de Jardim - CE,CE,% da DCL sobre a RCL AJUSTADA,27.22
2024,Prefeitura Municipal de Jardim - CE,CE,Precatórios (Não incluídos na DC),422303.55
2024,Prefeitura Municipal de Jijoca de Jericoacoara - CE,CE,DÍVIDA CONSOLIDADA,28161828.1
2024,Prefeitura Municipal de Jijoca de Jericoacoara - CE,CE,Precatórios (inclusive) Vencidos e Não Pagos,386535.19
2024,Prefeitura Municipal de Jijoca de Jericoacoara - CE,CE,Disponibilidade de Caixa,12389357.03
2024,Prefeitura Municipal de Jijoca de Jericoacoara - CE,CE,Disponibilidade de Caixa Bruta,22297722.95
2024,Prefeitura Municipal de Jijoca de Jericoacoara - CE,CE,RECEITA CORRENTE LÍQUIDA,170870308.59
2024,Prefeitura Municipal de Jijoca de Jericoacoara - CE,CE,RECEITA CORRENTE LÍQUIDA AJUSTADA PARA CÁLCULO DOS LIMITES DE ENDIVIDAMENTO,168372411.59
2024,Prefeitura Municipal de Jijoca de Jericoacoara - CE,CE,% da DC sobre a RCL AJUSTADA (I/VI),16.73
2024,Prefeitura Municipal de Jijoca de Jericoacoara - CE,CE,% da DCL sobre a RCL AJUSTADA,9.37
2024,Prefeitura Municipal de Jijoca de Jericoacoara - CE,CE,Precatórios (Não incluídos na DC),7550.15
2024,Prefeitura Municipal de Jati - CE,CE,DÍVIDA CONSOLIDADA,9136407.28
2024,Prefeitura Municipal de Jati - CE,CE,Disponibilidade de Caixa,5867380.44
2024,Prefeitura Municipal de Jati - CE,CE,Disponibilidade de Caixa Bruta,5906615.95
2024,Prefeitura Municipal de Jati - CE,CE,RECEITA CORRENTE LÍQUIDA,43789287.67
2024,Prefeitura Municipal de Jati - CE,CE,RECEITA CORRENTE LÍQUIDA AJUSTADA PARA CÁLCULO DOS LIMITES DE ENDIVIDAMENTO,43239329.67
2024,Prefeitura Municipal de Jati - CE,CE,% da DC sobre a RCL AJUSTADA (I/VI),21.13
2024,Prefeitura Municipal de Jati - CE,CE,% da DCL sobre a RCL AJUSTADA,7.56
2024,Prefeitura Municipal de Juazeiro do Norte - CE,CE,DÍVIDA CONSOLIDADA,583650465.01
2024,Prefeitura Municipal de Juazeiro do Norte - CE,CE,Disponibilidade de Caixa,80725957.88
2024,Prefeitura Municipal de Juazeiro do Norte - CE,CE,Disponibilidade de Caixa Bruta,119781632.91
2024,Prefeitura Municipal de Juazeiro do Norte - CE,CE,RECEITA CORRENTE LÍQUIDA,866423369.52
2024,Prefeitura Municipal de Juazeiro do Norte - CE,CE,RECEITA CORRENTE LÍQUIDA AJUSTADA PARA CÁLCULO DOS LIMITES DE ENDIVIDAMENTO,862252106.52
2024,Prefeitura Municipal de Juazeiro do Norte - CE,CE,% da DC sobre a RCL AJUSTADA (I/VI),67.69
2024,Prefeitura Municipal de Juazeiro do Norte - CE,CE,% da DCL sobre a RCL AJUSTADA,58.33
2024,Prefeitura Municipal de Juazeiro do Norte - CE,CE,Precatórios (Não incluídos na DC),274745.04
2024,Prefeitura Municipal de Jucás - CE,CE,DÍVIDA CONSOLIDADA,37733168.25
2024,Prefeitura Municipal de Jucás - CE,CE,Precatórios (inclusive) Vencidos e Não Pagos,394271.55
2024,Prefeitura Municipal de Jucás - CE,CE,Disponibilidade de Caixa,11354413.73
2024,Prefeitura Municipal de Jucás - CE,CE,Disponibilidade de Caixa Bruta,16906414.91
2024,Prefeitura Municipal de Jucás - CE,CE,RECEITA CORRENTE LÍQUIDA,120976781.75
2024,Prefeitura Municipal de Jucás - CE,CE,RECEITA CORRENTE LÍQUIDA AJUSTADA PARA CÁLCULO DOS LIMITES DE ENDIVIDAMENTO,120175332.75
2024,Prefeitura Municipal de Jucás - CE,CE,% da DC sobre a RCL AJUSTADA (I/VI),31.4
2024,Prefeitura Municipal de Jucás - CE,CE,% da DCL sobre a RCL AJUSTADA,21.95
2024,Prefeitura Municipal de Limoeiro do Norte - CE,CE,DÍVIDA CONSOLIDADA,70198307.58
2024,Prefeitura Municipal de Limoeiro do Norte - CE,CE,Disponibilidade de Caixa,-984479.75
2024,Prefeitura Municipal de Limoeiro do Norte - CE,CE,Disponibilidade de Caixa Bruta,22196501.54
2024,Prefeitura Municipal de Limoeiro do Norte - CE,CE,RECEITA CORRENTE LÍQUIDA,230778822.87
2024,Prefeitura Municipal de Limoeiro do Norte - CE,CE,RECEITA CORRENTE LÍQUIDA AJUSTADA PARA CÁLCULO DOS LIMITES DE ENDIVIDAMENTO,228381764.87
2024,Prefeitura Municipal de Limoeiro do Norte - CE,CE,% da DC sobre a RCL AJUSTADA (I/VI),30.74
2024,Prefeitura Municipal de Limoeiro do Norte - CE,CE,% da DCL sobre a RCL AJUSTADA,31.17
2024,Prefeitura Municipal de Limoeiro do Norte - CE,CE,Precatórios (Não incluídos na DC),58445.77
2024,Prefeitura Municipal de Lavras da Mangabeira - CE,CE,DÍVIDA CONSOLIDADA,31745649.62
2024,Prefeitura Municipal de Lavras da Mangabeira - CE,CE,Disponibilidade de Caixa,17885764.86
2024,Prefeitura Municipal de Lavras da Mangabeira - CE,CE,Disponibilidade de Caixa Bruta,19141680.5
2024,Prefeitura Municipal de Lavras da Mangabeira - CE,CE,RECEITA CORRENTE LÍQUIDA,117752376.36
2024,Prefeitura Municipal de Lavras da Mangabeira - CE,CE,RECEITA CORRENTE LÍQUIDA AJUSTADA PARA CÁLCULO DOS LIMITES DE ENDIVIDAMENTO,114145786.78
2024,Prefeitura Municipal de Lavras da Mangabeira - CE,CE,% da DC sobre a RCL AJUSTADA (I/VI),27.81
2024,Prefeitura Municipal de Lavras da Mangabeira - CE,CE,% da DCL sobre a RCL AJUSTADA,12.1
2024,Prefeitura Municipal de Lavras da Mangabeira - CE,CE,Precatórios (Não incluídos na DC),112269.57
2024,Prefeitura Municipal de Maracanaú - CE,CE,DÍVIDA CONSOLIDADA,410296151.19
2024,Prefeitura Municipal de Maracanaú - CE,CE,Precatórios (inclusive) Vencidos e Não Pagos,1040000.4
2024,Prefeitura Municipal de Maracanaú - CE,CE,Disponibilidade de Caixa,246909319.45
2024,Prefeitura Municipal de Maracanaú - CE,CE,Disponibilidade de Caixa Bruta,261191598.56
2024,Prefeitura Municipal de Maracanaú - CE,CE,RECEITA CORRENTE LÍQUIDA,1184900009.79
2024,Prefeitura Municipal de Maracanaú - CE,CE,RECEITA CORRENTE LÍQUIDA AJUSTADA PARA CÁLCULO DOS LIMITES DE ENDIVIDAMENTO,1169076203.79
2024,Prefeitura Municipal de Maracanaú - CE,CE,% da DC sobre a RCL AJUSTADA (I/VI),35.1
2024,Prefeitura Municipal de Maracanaú - CE,CE,% da DCL sobre a RCL AJUSTADA,11.35
2024,Prefeitura Municipal de Maracanaú - CE,CE,Precatórios (Não incluídos na DC),372260.99
2024,Prefeitura Municipal de Madalena - CE,CE,DÍVIDA CONSOLIDADA,23634214.29
2024,Prefeitura Municipal de Madalena - CE,CE,Disponibilidade de Caixa,1617964.79
2024,Prefeitura Municipal de Madalena - CE,CE,Disponibilidade de Caixa Bruta,9341301.47
2024,Prefeitura Municipal de Madalena - CE,CE,RECEITA CORRENTE LÍQUIDA,92813690.09
2024,Prefeitura Municipal de Madalena - CE,CE,RECEITA CORRENTE LÍQUIDA AJUSTADA PARA CÁLCULO DOS LIMITES DE ENDIVIDAMENTO,92113690.09
2024,Prefeitura Municipal de Madalena - CE,CE,% da DC sobre a RCL AJUSTADA (I/VI),25.66
2024,Prefeitura Municipal de Madalena - CE,CE,% da DCL sobre a RCL AJUSTADA,23.9
2024,Prefeitura Municipal de Marco - CE,CE,DÍVIDA CONSOLIDADA,308498.72
2024,Prefeitura Municipal de Marco - CE,CE,Disponibilidade de Caixa,27762490.97
2024,Prefeitura Municipal de Marco - CE,CE,Disponibilidade de Caixa Bruta,28002292.27
2024,Prefeitura Municipal de Marco - CE,CE,RECEITA CORRENTE LÍQUIDA,138113685.73
2024,Prefeitura Municipal de Marco - CE,CE,RECEITA CORRENTE LÍQUIDA AJUSTADA PARA CÁLCULO DOS LIMITES DE ENDIVIDAMENTO,138113685.73
2024,Prefeitura Municipal de Marco - CE,CE,% da DC sobre a RCL AJUSTADA (I/VI),0.22
2024,Prefeitura Municipal de Marco - CE,CE,% da DCL sobre a RCL AJUSTADA,-21.6
2024,Prefeitura Municipal de Maranguape - CE,CE,DÍVIDA CONSOLIDADA,28726498.49
2024,Prefeitura Municipal de Maranguape - CE,CE,Disponibilidade de Caixa,44195909.19
2024,Prefeitura Municipal de Maranguape - CE,CE,Disponibilidade de Caixa Bruta,62447607.38
2024,Prefeitura Municipal de Maranguape - CE,CE,RECEITA CORRENTE LÍQUIDA,371783520.43
2024,Prefeitura Municipal de Maranguape - CE,CE,RECEITA CORRENTE LÍQUIDA AJUSTADA PARA CÁLCULO DOS LIMITES DE ENDIVIDAMENTO,361794001.43
2024,Prefeitura Municipal de Maranguape - CE,CE,% da DC sobre a RCL AJUSTADA (I/VI),7.94
2024,Prefeitura Municipal de Maranguape - CE,CE,% da DCL sobre a RCL AJUSTADA,-4.28
2024,Prefeitura Municipal de Massapê - CE,CE,DÍVIDA CONSOLIDADA,15692502.69
2024,Prefeitura Municipal de Massapê - CE,CE,Disponibilidade de Caixa,7769807.41
2024,Prefeitura Municipal de Massapê - CE,CE,Disponibilidade de Caixa Bruta,11946413.67
2024,Prefeitura Municipal de Massapê - CE,CE,RECEITA CORRENTE LÍQUIDA,166171728.99
2024,Prefeitura Municipal de Massapê - CE,CE,RECEITA CORRENTE LÍQUIDA AJUSTADA PARA CÁLCULO DOS LIMITES DE ENDIVIDAMENTO,164073907.99
2024,Prefeitura Municipal de Massapê - CE,CE,% da DC sobre a RCL AJUSTADA (I/VI),9.56
2024,Prefeitura Municipal de Massapê - CE,CE,% da DCL sobre a RCL AJUSTADA,4.83
2024,Prefeitura Municipal de Massapê - CE,CE,Precatórios (Não incluídos na DC),48606.88
2024,Prefeitura Municipal de Martinópole - CE,CE,DÍVIDA CONSOLIDADA,10127643.04
2024,Prefeitura Municipal de Martinópole - CE,CE,Disponibilidade de Caixa,6810396.39
2024,Prefeitura Municipal de Martinópole - CE,CE,Disponibilidade de Caixa Bruta,7653094.92
2024,Prefeitura Municipal de Martinópole - CE,CE,RECEITA CORRENTE LÍQUIDA,65217574.86
2024,Prefeitura Municipal de Martinópole - CE,CE,RECEITA CORRENTE LÍQUIDA AJUSTADA PARA CÁLCULO DOS LIMITES DE ENDIVIDAMENTO,64717574.86
2024,Prefeitura Municipal de Martinópole - CE,CE,% da DC sobre a RCL AJUSTADA (I/VI),15.65
2024,Prefeitura Municipal de Martinópole - CE,CE,% da DCL sobre a RCL AJUSTADA,5.13
2024,Prefeitura Municipal de Mauriti - CE,CE,DÍVIDA CONSOLIDADA,35473791.26
2024,Prefeitura Municipal de Mauriti - CE,CE,Disponibilidade de Caixa,15867210.0
2024,Prefeitura Municipal de Mauriti - CE,CE,Disponibilidade de Caixa Bruta,19145813.14
2024,Prefeitura Municipal de Mauriti - CE,CE,RECEITA CORRENTE LÍQUIDA,195315273.75
2024,Prefeitura Municipal de Mauriti - CE,CE,RECEITA CORRENTE LÍQUIDA AJUSTADA PARA CÁLCULO DOS LIMITES DE ENDIVIDAMENTO,193034380.75
2024,Prefeitura Municipal de Mauriti - CE,CE,% da DC sobre a RCL AJUSTADA (I/VI),18.38
2024,Prefeitura Municipal de Mauriti - CE,CE,% da DCL sobre a RCL AJUSTADA,10.16
2024,Prefeitura Municipal de Meruoca - CE,CE,DÍVIDA CONSOLIDADA,20577588.12
2024,Prefeitura Municipal de Meruoca - CE,CE,Disponibilidade de Caixa,4199146.51
2024,Prefeitura Municipal de Meruoca - CE,CE,Disponibilidade de Caixa Bruta,9248765.8
2024,Prefeitura Municipal de Meruoca - CE,CE,RECEITA CORRENTE LÍQUIDA,86741556.76
2024,Prefeitura Municipal de Meruoca - CE,CE,RECEITA CORRENTE LÍQUIDA AJUSTADA PARA CÁLCULO DOS LIMITES DE ENDIVIDAMENTO,84198474.76
2024,Prefeitura Municipal de Meruoca - CE,CE,% da DC sobre a RCL AJUSTADA (I/VI),24.44
2024,Prefeitura Municipal de Meruoca - CE,CE,% da DCL sobre a RCL AJUSTADA,19.45
2024,Prefeitura Municipal de Milagres - CE,CE,DÍVIDA CONSOLIDADA,7695914.01
2024,Prefeitura Municipal de Milagres - CE,CE,Disponibilidade de Caixa,60063947.48
2024,Prefeitura Municipal de Milagres - CE,CE,Disponibilidade de Caixa Bruta,70975051.46
2024,Prefeitura Municipal de Milagres - CE,CE,RECEITA CORRENTE LÍQUIDA,129676581.57
2024,Prefeitura Municipal de Milagres - CE,CE,RECEITA CORRENTE LÍQUIDA AJUSTADA PARA CÁLCULO DOS LIMITES DE ENDIVIDAMENTO,129676581.57
2024,Prefeitura Municipal de Milagres - CE,CE,% da DC sobre a RCL AJUSTADA (I/VI),5.93
2024,Prefeitura Municipal de Milagres - CE,CE,% da DCL sobre a RCL AJUSTADA,-40.38
2024,Prefeitura Municipal de Miraíma - CE,CE,DÍVIDA CONSOLIDADA,17841577.7
2024,Prefeitura Municipal de Miraíma - CE,CE,Disponibilidade de Caixa,3047749.54
2024,Prefeitura Municipal de Miraíma - CE,CE,Disponibilidade de Caixa Bruta,3374358.34
2024,Prefeitura Municipal de Miraíma - CE,CE,RECEITA CORRENTE LÍQUIDA,63656727.55
2024,Prefeitura Municipal de Miraíma - CE,CE,RECEITA CORRENTE LÍQUIDA AJUSTADA PARA CÁLCULO DOS LIMITES DE ENDIVIDAMENTO,62664333.55
2024,Prefeitura Municipal de Miraíma - CE,CE,% da DC sobre a RCL AJUSTADA (I/VI),28.47
2024,Prefeitura Municipal de Miraíma - CE,CE,% da DCL sobre a RCL AJUSTADA,23.54
2024,Prefeitura Municipal de Milhã - CE,CE,DÍVIDA CONSOLIDADA,17095030.72
2024,Prefeitura Municipal de Milhã - CE,CE,Disponibilidade de Caixa,9253306.76
2024,Prefeitura Municipal de Milhã - CE,CE,Disponibilidade de Caixa Bruta,11520585.1
2024,Prefeitura Municipal de Milhã - CE,CE,RECEITA CORRENTE LÍQUIDA,76484563.78
2024,Prefeitura Municipal de Milhã - CE,CE,RECEITA CORRENTE LÍQUIDA AJUSTADA PARA CÁLCULO DOS LIMITES DE ENDIVIDAMENTO,75424563.78
2024,Prefeitura Municipal de Milhã - CE,CE,% da DC sobre a RCL AJUSTADA (I/VI),22.67
2024,Prefeitura Municipal de Milhã - CE,CE,% da DCL sobre a RCL AJUSTADA,10.4
2024,Prefeitura Municipal de Missão Velha - CE,CE,DÍVIDA CONSOLIDADA,119742754.35
2024,Prefeitura Municipal de Missão Velha - CE,CE,Disponibilidade de Caixa,3279659.56
2024,Prefeitura Municipal de Missão Velha - CE,CE,Disponibilidade de Caixa Bruta,13021684.57
2024,Prefeitura Municipal de Missão Velha - CE,CE,RECEITA CORRENTE LÍQUIDA,149188267.82
2024,Prefeitura Municipal de Missão Velha - CE,CE,RECEITA CORRENTE LÍQUIDA AJUSTADA PARA CÁLCULO DOS LIMITES DE ENDIVIDAMENTO,145620161.82
2024,Prefeitura Municipal de Missão Velha - CE,CE,% da DC sobre a RCL AJUSTADA (I/VI),82.23
2024,Prefeitura Municipal de Missão Velha - CE,CE,% da DCL sobre a RCL AJUSTADA,79.98
2024,Prefeitura Municipal de Missão Velha - CE,CE,Precatórios (Não incluídos na DC),44390.2
2024,Prefeitura Municipal de Morrinhos - CE,CE,DÍVIDA CONSOLIDADA,4577682.3
2024,Prefeitura Municipal de Morrinhos - CE,CE,Disponibilidade de Caixa,10565795.51
2024,Prefeitura Municipal de Morrinhos - CE,CE,Disponibilidade de Caixa Bruta,13903305.83
2024,Prefeitura Municipal de Morrinhos - CE,CE,RECEITA CORRENTE LÍQUIDA,93548836.27
2024,Prefeitura Municipal de Morrinhos - CE,CE,RECEITA CORRENTE LÍQUIDA AJUSTADA PARA CÁLCULO DOS LIMITES DE ENDIVIDAMENTO,93048836.27
2024,Prefeitura Municipal de Morrinhos - CE,CE,% da DC sobre a RCL AJUSTADA (I/VI),4.92
2024,Prefeitura Municipal de Morrinhos - CE,CE,% da DCL sobre a RCL AJUSTADA,-6.45
2024,Prefeitura Municipal de Morrinhos - CE,CE,Precatórios (Não incluídos na DC),7023.93
2024,Prefeitura Municipal de Mombaça - CE,CE,DÍVIDA CONSOLIDADA,57119557.63
2024,Prefeitura Municipal de Mombaça - CE,CE,Disponibilidade de Caixa,13924007.82
2024,Prefeitura Municipal de Mombaça - CE,CE,Disponibilidade de Caixa Bruta,17372003.74
2024,Prefeitura Municipal de Mombaça - CE,CE,RECEITA CORRENTE LÍQUIDA,173137109.05
2024,Prefeitura Municipal de Mombaça - CE,CE,RECEITA CORRENTE LÍQUIDA AJUSTADA PARA CÁLCULO DOS LIMITES DE ENDIVIDAMENTO,167630375.05
2024,Prefeitura Municipal de Mombaça - CE,CE,% da DC sobre a RCL AJUSTADA (I/VI),34.07
2024,Prefeitura Municipal de Mombaça - CE,CE,% da DCL sobre a RCL AJUSTADA,25.77
2024,Prefeitura Municipal de Monsenhor Tabosa - CE,CE,DÍVIDA CONSOLIDADA,24273464.85
2024,Prefeitura Municipal de Monsenhor Tabosa - CE,CE,Disponibilidade de Caixa,5188821.9
2024,Prefeitura Municipal de Monsenhor Tabosa - CE,CE,Disponibilidade de Caixa Bruta,9655555.37
2024,Prefeitura Municipal de Monsenhor Tabosa - CE,CE,RECEITA CORRENTE LÍQUIDA,109227177.24
2024,Prefeitura Municipal de Monsenhor Tabosa - CE,CE,RECEITA CORRENTE LÍQUIDA AJUSTADA PARA CÁLCULO DOS LIMITES DE ENDIVIDAMENTO,108427177.24
2024,Prefeitura Municipal de Monsenhor Tabosa - CE,CE,% da DC sobre a RCL AJUSTADA (I/VI),22.39
2024,Prefeitura Municipal de Monsenhor Tabosa - CE,CE,% da DCL sobre a RCL AJUSTADA,17.6
2024,Prefeitura Municipal de Morada Nova - CE,CE,DÍVIDA CONSOLIDADA,25101239.05
2024,Prefeitura Municipal de Morada Nova - CE,CE,Disponibilidade de Caixa,5406260.33
2024,Prefeitura Municipal de Morada Nova - CE,CE,Disponibilidade de Caixa Bruta,15671835.77
2024,Prefeitura Municipal de Morada Nova - CE,CE,RECEITA CORRENTE LÍQUIDA,257907699.55
2024,Prefeitura Municipal de Morada Nova - CE,CE,RECEITA CORRENTE LÍQUIDA AJUSTADA PARA CÁLCULO DOS LIMITES DE ENDIVIDAMENTO,245999585.55
2024,Prefeitura Municipal de Morada Nova - CE,CE,% da DC sobre a RCL AJUSTADA (I/VI),10.2
2024,Prefeitura Municipal de Morada Nova - CE,CE,% da DCL sobre a RCL AJUSTADA,8.01
2024,Prefeitura Municipal de Morada Nova - CE,CE,Precatórios (Não incluídos na DC),255675.12
2024,Prefeitura Municipal de Mulungu - CE,CE,DÍVIDA CONSOLIDADA,18084476.97
2024,Prefeitura Municipal de Mulungu - CE,CE,Disponibilidade de Caixa,1625337.77
2024,Prefeitura Municipal de Mulungu - CE,CE,Disponibilidade de Caixa Bruta,4155303.7
2024,Prefeitura Municipal de Mulungu - CE,CE,RECEITA CORRENTE LÍQUIDA,57317462.82
2024,Prefeitura Municipal de Mulungu - CE,CE,RECEITA CORRENTE LÍQUIDA AJUSTADA PARA CÁLCULO DOS LIMITES DE ENDIVIDAMENTO,56853462.82
2024,Prefeitura Municipal de Mulungu - CE,CE,% da DC sobre a RCL AJUSTADA (I/VI),31.81
2024,Prefeitura Municipal de Mulungu - CE,CE,% da DCL sobre a RCL AJUSTADA,28.95
2024,Prefeitura Municipal de Nova Russas - CE,CE,DÍVIDA CONSOLIDADA,614272.24
2024,Prefeitura Municipal de Nova Russas - CE,CE,Disponibilidade de Caixa,-9790553.55
2024,Prefeitura Municipal de Nova Russas - CE,CE,RECEITA CORRENTE LÍQUIDA,165145230.52
2024,Prefeitura Municipal de Nova Russas - CE,CE,RECEITA CORRENTE LÍQUIDA AJUSTADA PARA CÁLCULO DOS LIMITES DE ENDIVIDAMENTO,163387380.52
2024,Prefeitura Municipal de Nova Russas - CE,CE,% da DC sobre a RCL AJUSTADA (I/VI),0.38
2024,Prefeitura Municipal de Nova Russas - CE,CE,% da DCL sobre a RCL AJUSTADA,6.37
2024,Prefeitura Municipal de Nova Olinda - CE,CE,DÍVIDA CONSOLIDADA,10315041.17
2024,Prefeitura Municipal de Nova Olinda - CE,CE,Disponibilidade de Caixa,10016564.0
2024,Prefeitura Municipal de Nova Olinda - CE,CE,Disponibilidade de Caixa Bruta,10768564.65
2024,Prefeitura Municipal de Nova Olinda - CE,CE,RECEITA CORRENTE LÍQUIDA,71120773.93
2024,Prefeitura Municipal de Nova Olinda - CE,CE,RECEITA CORRENTE LÍQUIDA AJUSTADA PARA CÁLCULO DOS LIMITES DE ENDIVIDAMENTO,69320773.93
2024,Prefeitura Municipal de Nova Olinda - CE,CE,% da DC sobre a RCL AJUSTADA (I/VI),14.88
2024,Prefeitura Municipal de Nova Olinda - CE,CE,% da DCL sobre a RCL AJUSTADA,0.43
2024,Prefeitura Municipal de Nova Olinda - CE,CE,Precatórios (Não incluídos na DC),17974.72
2024,Prefeitura Municipal de Novo Oriente - CE,CE,DÍVIDA CONSOLIDADA,39817205.15
2024,Prefeitura Municipal de Novo Oriente - CE,CE,Disponibilidade de Caixa,8226437.92
2024,Prefeitura Municipal de Novo Oriente - CE,CE,Disponibilidade de Caixa Bruta,13904657.32
2024,Prefeitura Municipal de Novo Oriente - CE,CE,RECEITA CORRENTE LÍQUIDA,131360974.47
2024,Prefeitura Municipal de Novo Oriente - CE,CE,RECEITA CORRENTE LÍQUIDA AJUSTADA PARA CÁLCULO DOS LIMITES DE ENDIVIDAMENTO,131750974.47
2024,Prefeitura Municipal de Novo Oriente - CE,CE,% da DC sobre a RCL AJUSTADA (I/VI),30.22
2024,Prefeitura Municipal de Novo Oriente - CE,CE,% da DCL sobre a RCL AJUSTADA,23.98
2024,Prefeitura Municipal de Novo Oriente - CE,CE,Precatórios (Não incluídos na DC),668.8
2024,Prefeitura Municipal de Ocara - CE,CE,DÍVIDA CONSOLIDADA,13626549.79
2024,Prefeitura Municipal de Ocara - CE,CE,Disponibilidade de Caixa,845821.36
2024,Prefeitura Municipal de Ocara - CE,CE,Disponibilidade de Caixa Bruta,5902927.68
2024,Prefeitura Municipal de Ocara - CE,CE,RECEITA CORRENTE LÍQUIDA,100865696.81
2024,Prefeitura Municipal de Ocara - CE,CE,RECEITA CORRENTE LÍQUIDA AJUSTADA PARA CÁLCULO DOS LIMITES DE ENDIVIDAMENTO,98683932.81
2024,Prefeitura Municipal de Ocara - CE,CE,% da DC sobre a RCL AJUSTADA (I/VI),13.81
2024,Prefeitura Municipal de Ocara - CE,CE,% da DCL sobre a RCL AJUSTADA,12.94
2024,Prefeitura Municipal de Pacajus - CE,CE,DÍVIDA CONSOLIDADA,140361281.98
2024,Prefeitura Municipal de Pacajus - CE,CE,Disponibilidade de Caixa,494475.23
2024,Prefeitura Municipal de Pacajus - CE,CE,Disponibilidade de Caixa Bruta,20587376.48
2024,Prefeitura Municipal de Pacajus - CE,CE,RECEITA CORRENTE LÍQUIDA,248664494.72
2024,Prefeitura Municipal de Pacajus - CE,CE,RECEITA CORRENTE LÍQUIDA AJUSTADA PARA CÁLCULO DOS LIMITES DE ENDIVIDAMENTO,244664494.72
2024,Prefeitura Municipal de Pacajus - CE,CE,% da DC sobre a RCL AJUSTADA (I/VI),57.37
2024,Prefeitura Municipal de Pacajus - CE,CE,% da DCL sobre a RCL AJUSTADA,57.17
2024,Prefeitura Municipal de Pacajus - CE,CE,Precatórios (Não incluídos na DC),107118.04
2024,Prefeitura Municipal de Pacoti - CE,CE,DÍVIDA CONSOLIDADA,14467794.18
2024,Prefeitura Municipal de Pacoti - CE,CE,Disponibilidade de Caixa,2414319.21
2024,Prefeitura Municipal de Pacoti - CE,CE,Disponibilidade de Caixa Bruta,7041881.33
2024,Prefeitura Municipal de Pacoti - CE,CE,RECEITA CORRENTE LÍQUIDA,60462546.87
2024,Prefeitura Municipal de Pacoti - CE,CE,RECEITA CORRENTE LÍQUIDA AJUSTADA PARA CÁLCULO DOS LIMITES DE ENDIVIDAMENTO,60349546.87
2024,Prefeitura Municipal de Pacoti - CE,CE,% da DC sobre a RCL AJUSTADA (I/VI),23.97
2024,Prefeitura Municipal de Pacoti - CE,CE,% da DCL sobre a RCL AJUSTADA,19.97
2024,Prefeitura Municipal de Pacatuba - CE,CE,DÍVIDA CONSOLIDADA,86646945.41
2024,Prefeitura Municipal de Pacatuba - CE,CE,Disponibilidade de Caixa,-7427806.6
2024,Prefeitura Municipal de Pacatuba - CE,CE,Disponibilidade de Caixa Bruta,21379143.81
2024,Prefeitura Municipal de Pacatuba - CE,CE,RECEITA CORRENTE LÍQUIDA,286469642.05
2024,Prefeitura Municipal de Pacatuba - CE,CE,RECEITA CORRENTE LÍQUIDA AJUSTADA PARA CÁLCULO DOS LIMITES DE ENDIVIDAMENTO,282405370.05
2024,Prefeitura Municipal de Pacatuba - CE,CE,% da DC sobre a RCL AJUSTADA (I/VI),30.68
2024,Prefeitura Municipal de Pacatuba - CE,CE,% da DCL sobre a RCL AJUSTADA,33.31
2024,Prefeitura Municipal de Pacujá - CE,CE,DÍVIDA CONSOLIDADA,2503.05
2024,Prefeitura Municipal de Pacujá - CE,CE,Disponibilidade de Caixa,-2198894.12
2024,Prefeitura Municipal de Pacujá - CE,CE,RECEITA CORRENTE LÍQUIDA,47307415.37
2024,Prefeitura Municipal de Pacujá - CE,CE,RECEITA CORRENTE LÍQUIDA AJUSTADA PARA CÁLCULO DOS LIMITES DE ENDIVIDAMENTO,47307415.37
2024,Prefeitura Municipal de Pacujá - CE,CE,% da DC sobre a RCL AJUSTADA (I/VI),0.01
2024,Prefeitura Municipal de Pacujá - CE,CE,% da DCL sobre a RCL AJUSTADA,4.65
2024,Prefeitura Municipal de Pacujá - CE,CE,Precatórios (Não incluídos na DC),42963.41
2024,Prefeitura Municipal de Palhano - CE,CE,DÍVIDA CONSOLIDADA,16065729.21
2024,Prefeitura Municipal de Palhano - CE,CE,Disponibilidade de Caixa,878159.71
2024,Prefeitura Municipal de Palhano - CE,CE,Disponibilidade de Caixa Bruta,4284685.05
2024,Prefeitura Municipal de Palhano - CE,CE,RECEITA CORRENTE LÍQUIDA,43890150.26
2024,Prefeitura Municipal de Palhano - CE,CE,RECEITA CORRENTE LÍQUIDA AJUSTADA PARA CÁLCULO DOS LIMITES DE ENDIVIDAMENTO,42290150.26
2024,Prefeitura Municipal de Palhano - CE,CE,% da DC sobre a RCL AJUSTADA (I/VI),37.99
2024,Prefeitura Municipal de Palhano - CE,CE,% da DCL sobre a RCL AJUSTADA,35.91
2024,Prefeitura Municipal de Palmácia - CE,CE,DÍVIDA CONSOLIDADA,26955100.7
2024,Prefeitura Municipal de Palmácia - CE,CE,Disponibilidade de Caixa,1631581.25
2024,Prefeitura Municipal de Palmácia - CE,CE,Disponibilidade de Caixa Bruta,6179436.52
2024,Prefeitura Municipal de Palmácia - CE,CE,RECEITA CORRENTE LÍQUIDA,53607096.93
2024,Prefeitura Municipal de Palmácia - CE,CE,RECEITA CORRENTE LÍQUIDA AJUSTADA PARA CÁLCULO DOS LIMITES DE ENDIVIDAMENTO,53282096.93
2024,Prefeitura Municipal de Palmácia - CE,CE,% da DC sobre a RCL AJUSTADA (I/VI),50.59
2024,Prefeitura Municipal de Palmácia - CE,CE,% da DCL sobre a RCL AJUSTADA,47.52
2024,Prefeitura Municipal de Paracuru - CE,CE,DÍVIDA CONSOLIDADA,59053189.67
2024,Prefeitura Municipal de Paracuru - CE,CE,Precatórios (inclusive) Vencidos e Não Pagos,187225.58
2024,Prefeitura Municipal de Paracuru - CE,CE,Disponibilidade de Caixa,-9920262.57
2024,Prefeitura Municipal de Paracuru - CE,CE,Disponibilidade de Caixa Bruta,8092283.27
2024,Prefeitura Municipal de Paracuru - CE,CE,RECEITA CORRENTE LÍQUIDA,167109460.42
2024,Prefeitura Municipal de Paracuru - CE,CE,RECEITA CORRENTE LÍQUIDA AJUSTADA PARA CÁLCULO DOS LIMITES DE ENDIVIDAMENTO,165009460.42
2024,Prefeitura Municipal de Paracuru - CE,CE,% da DC sobre a RCL AJUSTADA (I/VI),35.79
2024,Prefeitura Municipal de Paracuru - CE,CE,% da DCL sobre a RCL AJUSTADA,41.8
2024,Prefeitura Municipal de Paracuru - CE,CE,Precatórios (Não incluídos na DC),87010.79
2024,Prefeitura Municipal de Paraipaba - CE,CE,DÍVIDA CONSOLIDADA,26628166.59
2024,Prefeitura Municipal de Paraipaba - CE,CE,Disponibilidade de Caixa,29619140.18
2024,Prefeitura Municipal de Paraipaba - CE,CE,Disponibilidade de Caixa Bruta,38949596.52
2024,Prefeitura Municipal de Paraipaba - CE,CE,RECEITA CORRENTE LÍQUIDA,149678803.78
2024,Prefeitura Municipal de Paraipaba - CE,CE,RECEITA CORRENTE LÍQUIDA AJUSTADA PARA CÁLCULO DOS LIMITES DE ENDIVIDAMENTO,143576910.78
2024,Prefeitura Municipal de Paraipaba - CE,CE,% da DC sobre a RCL AJUSTADA (I/VI),18.55
2024,Prefeitura Municipal de Paraipaba - CE,CE,% da DCL sobre a RCL AJUSTADA,-2.08
2024,Prefeitura Municipal de Paramoti - CE,CE,DÍVIDA CONSOLIDADA,13667032.11
2024,Prefeitura Municipal de Paramoti - CE,CE,Disponibilidade de Caixa,-402805.22
2024,Prefeitura Municipal de Paramoti - CE,CE,Disponibilidade de Caixa Bruta,11323773.57
2024,Prefeitura Municipal de Paramoti - CE,CE,RECEITA CORRENTE LÍQUIDA,57327951.51
2024,Prefeitura Municipal de Paramoti - CE,CE,RECEITA CORRENTE LÍQUIDA AJUSTADA PARA CÁLCULO DOS LIMITES DE ENDIVIDAMENTO,57327951.51
2024,Prefeitura Municipal de Paramoti - CE,CE,% da DC sobre a RCL AJUSTADA (I/VI),23.84
2024,Prefeitura Municipal de Paramoti - CE,CE,% da DCL sobre a RCL AJUSTADA,24.54
2024,Prefeitura Municipal de Pedra Branca - CE,CE,DÍVIDA CONSOLIDADA,61340632.78
2024,Prefeitura Municipal de Pedra Branca - CE,CE,Disponibilidade de Caixa,44604624.28
2024,Prefeitura Municipal de Pedra Branca - CE,CE,Disponibilidade de Caixa Bruta,51724311.02
2024,Prefeitura Municipal de Pedra Branca - CE,CE,RECEITA CORRENTE LÍQUIDA,181120768.77
2024,Prefeitura Municipal de Pedra Branca - CE,CE,RECEITA CORRENTE LÍQUIDA AJUSTADA PARA CÁLCULO DOS LIMITES DE ENDIVIDAMENTO,176605268.77
2024,Prefeitura Municipal de Pedra Branca - CE,CE,% da DC sobre a RCL AJUSTADA (I/VI),34.73
2024,Prefeitura Municipal de Pedra Branca - CE,CE,% da DCL sobre a RCL AJUSTADA,9.48
2024,Prefeitura Municipal de Penaforte - CE,CE,DÍVIDA CONSOLIDADA,19926381.72
2024,Prefeitura Municipal de Penaforte - CE,CE,Disponibilidade de Caixa,-3609181.89
2024,Prefeitura Municipal de Penaforte - CE,CE,Disponibilidade de Caixa Bruta,3256304.23
2024,Prefeitura Municipal de Penaforte - CE,CE,RECEITA CORRENTE LÍQUIDA,47098709.98
2024,Prefeitura Municipal de Penaforte - CE,CE,RECEITA CORRENTE LÍQUIDA AJUSTADA PARA CÁLCULO DOS LIMITES DE ENDIVIDAMENTO,45817308.62
2024,Prefeitura Municipal de Penaforte - CE,CE,% da DC sobre a RCL AJUSTADA (I/VI),43.49
2024,Prefeitura Municipal de Penaforte - CE,CE,% da DCL sobre a RCL AJUSTADA,51.37
2024,Prefeitura Municipal de Pentecoste - CE,CE,DÍVIDA CONSOLIDADA,23537114.1
2024,Prefeitura Municipal de Pentecoste - CE,CE,Disponibilidade de Caixa,23535045.67
2024,Prefeitura Municipal de Pentecoste - CE,CE,Disponibilidade de Caixa Bruta,24998592.22
2024,Prefeitura Municipal de Pentecoste - CE,CE,RECEITA CORRENTE LÍQUIDA,154605036.25
2024,Prefeitura Municipal de Pentecoste - CE,CE,RECEITA CORRENTE LÍQUIDA AJUSTADA PARA CÁLCULO DOS LIMITES DE ENDIVIDAMENTO,150654465.25
2024,Prefeitura Municipal de Pentecoste - CE,CE,% da DC sobre a RCL AJUSTADA (I/VI),15.62
2024,Prefeitura Municipal de Pereiro - CE,CE,DÍVIDA CONSOLIDADA,728050.11
2024,Prefeitura Municipal de Pereiro - CE,CE,Disponibilidade de Caixa,37356974.48
2024,Prefeitura Municipal de Pereiro - CE,CE,Disponibilidade de Caixa Bruta,38850047.31
2024,Prefeitura Municipal de Pereiro - CE,CE,RECEITA CORRENTE LÍQUIDA,92139168.09
2024,Prefeitura Municipal de Pereiro - CE,CE,RECEITA CORRENTE LÍQUIDA AJUSTADA PARA CÁLCULO DOS LIMITES DE ENDIVIDAMENTO,91239168.09
2024,Prefeitura Municipal de Pereiro - CE,CE,% da DC sobre a RCL AJUSTADA (I/VI),0.8
2024,Prefeitura Municipal de Pereiro - CE,CE,% da DCL sobre a RCL AJUSTADA,-40.15
2024,Prefeitura Municipal de Pindoretama - CE,CE,DÍVIDA CONSOLIDADA,31089884.16
2024,Prefeitura Municipal de Pindoretama - CE,CE,Precatórios (inclusive) Vencidos e Não Pagos,289673.97
2024,Prefeitura Municipal de Pindoretama - CE,CE,Disponibilidade de Caixa,2703804.71
2024,Prefeitura Municipal de Pindoretama - CE,CE,Disponibilidade de Caixa Bruta,9851612.77
2024,Prefeitura Municipal de Pindoretama - CE,CE,RECEITA CORRENTE LÍQUIDA,103133912.64
2024,Prefeitura Municipal de Pindoretama - CE,CE,RECEITA CORRENTE LÍQUIDA AJUSTADA PARA CÁLCULO DOS LIMITES DE ENDIVIDAMENTO,102254912.64
2024,Prefeitura Municipal de Pindoretama - CE,CE,% da DC sobre a RCL AJUSTADA (I/VI),30.4
2024,Prefeitura Municipal de Pindoretama - CE,CE,% da DCL sobre a RCL AJUSTADA,27.76
2024,Prefeitura Municipal de Piquet Carneiro - CE,CE,DÍVIDA CONSOLIDADA,15511301.92
2024,Prefeitura Municipal de Piquet Carneiro - CE,CE,Disponibilidade de Caixa,9088049.24
2024,Prefeitura Municipal de Piquet Carneiro - CE,CE,Disponibilidade de Caixa Bruta,11195525.91
2024,Prefeitura Municipal de Piquet Carneiro - CE,CE,RECEITA CORRENTE LÍQUIDA,80115036.33
2024,Prefeitura Municipal de Piquet Carneiro - CE,CE,RECEITA CORRENTE LÍQUIDA AJUSTADA PARA CÁLCULO DOS LIMITES DE ENDIVIDAMENTO,78675975.33
2024,Prefeitura Municipal de Piquet Carneiro - CE,CE,% da DC sobre a RCL AJUSTADA (I/VI),19.72
2024,Prefeitura Municipal de Piquet Carneiro - CE,CE,% da DCL sobre a RCL AJUSTADA,8.16
2024,Prefeitura Municipal de Pires Ferreira - CE,CE,DÍVIDA CONSOLIDADA,7570144.84
2024,Prefeitura Municipal de Pires Ferreira - CE,CE,Disponibilidade de Caixa,2657899.55
2024,Prefeitura Municipal de Pires Ferreira - CE,CE,Disponibilidade de Caixa Bruta,9334090.54
2024,Prefeitura Municipal de Pires Ferreira - CE,CE,RECEITA CORRENTE LÍQUIDA,51368681.04
2024,Prefeitura Municipal de Pires Ferreira - CE,CE,RECEITA CORRENTE LÍQUIDA AJUSTADA PARA CÁLCULO DOS LIMITES DE ENDIVIDAMENTO,50918681.04
2024,Prefeitura Municipal de Pires Ferreira - CE,CE,% da DC sobre a RCL AJUSTADA (I/VI),14.87
2024,Prefeitura Municipal de Pires Ferreira - CE,CE,% da DCL sobre a RCL AJUSTADA,9.65
2024,Prefeitura Municipal de Potiretama - CE,CE,DÍVIDA CONSOLIDADA,13634255.44
2024,Prefeitura Municipal de Potiretama - CE,CE,Disponibilidade de Caixa,4279867.08
2024,Prefeitura Municipal de Potiretama - CE,CE,Disponibilidade de Caixa Bruta,6854725.33
2024,Prefeitura Municipal de Potiretama - CE,CE,RECEITA CORRENTE LÍQUIDA,46366817.39
2024,Prefeitura Municipal de Potiretama - CE,CE,RECEITA CORRENTE LÍQUIDA AJUSTADA PARA CÁLCULO DOS LIMITES DE ENDIVIDAMENTO,45168290.39
2024,Prefeitura Municipal de Potiretama - CE,CE,% da DC sobre a RCL AJUSTADA (I/VI),30.19
2024,Prefeitura Municipal de Potiretama - CE,CE,% da DCL sobre a RCL AJUSTADA,20.65
2024,Prefeitura Municipal de Potengi - CE,CE,DÍVIDA CONSOLIDADA,7788519.79
2024,Prefeitura Municipal de Potengi - CE,CE,Disponibilidade de Caixa,-1416123.69
2024,Prefeitura Municipal de Potengi - CE,CE,Disponibilidade de Caixa Bruta,3216475.22
2024,Prefeitura Municipal de Potengi - CE,CE,RECEITA CORRENTE LÍQUIDA,45125776.8
2024,Prefeitura Municipal de Potengi - CE,CE,RECEITA CORRENTE LÍQUIDA AJUSTADA PARA CÁLCULO DOS LIMITES DE ENDIVIDAMENTO,45125776.8
2024,Prefeitura Municipal de Potengi - CE,CE,% da DC sobre a RCL AJUSTADA (I/VI),17.26
2024,Prefeitura Municipal de Potengi - CE,CE,% da DCL sobre a RCL AJUSTADA,20.4
2024,Prefeitura Municipal de Porteiras - CE,CE,DÍVIDA CONSOLIDADA,3420160.06
2024,Prefeitura Municipal de Porteiras - CE,CE,Disponibilidade de Caixa,16226392.77
2024,Prefeitura Municipal de Porteiras - CE,CE,Disponibilidade de Caixa Bruta,16365357.34
2024,Prefeitura Municipal de Porteiras - CE,CE,RECEITA CORRENTE LÍQUIDA,84515251.45
2024,Prefeitura Municipal de Porteiras - CE,CE,RECEITA CORRENTE LÍQUIDA AJUSTADA PARA CÁLCULO DOS LIMITES DE ENDIVIDAMENTO,84515251.45
2024,Prefeitura Municipal de Porteiras - CE,CE,% da DC sobre a RCL AJUSTADA (I/VI),4.05
2024,Prefeitura Municipal de Porteiras - CE,CE,% da DCL sobre a RCL AJUSTADA,-15.15
2024,Prefeitura Municipal de Quixadá - CE,CE,DÍVIDA CONSOLIDADA,32225659.13
2024,Prefeitura Municipal de Quixadá - CE,CE,Precatórios (inclusive) Vencidos e Não Pagos,7128660.46
2024,Prefeitura Municipal de Quixadá - CE,CE,Disponibilidade de Caixa,21983006.18
2024,Prefeitura Municipal de Quixadá - CE,CE,Disponibilidade de Caixa Bruta,34462696.94
2024,Prefeitura Municipal de Quixadá - CE,CE,RECEITA CORRENTE LÍQUIDA,333869193.43
2024,Prefeitura Municipal de Quixadá - CE,CE,RECEITA CORRENTE LÍQUIDA AJUSTADA PARA CÁLCULO DOS LIMITES DE ENDIVIDAMENTO,322804352.43
2024,Prefeitura Municipal de Quixadá - CE,CE,% da DC sobre a RCL AJUSTADA (I/VI),9.98
2024,Prefeitura Municipal de Quixadá - CE,CE,% da DCL sobre a RCL AJUSTADA,3.17
2024,Prefeitura Municipal de Quixadá - CE,CE,Precatórios (Não incluídos na DC),27979.11
2024,Prefeitura Municipal de Quixeramobim - CE,CE,DÍVIDA CONSOLIDADA,86490528.19
2024,Prefeitura Municipal de Quixeramobim - CE,CE,Disponibilidade de Caixa,1966454.84
2024,Prefeitura Municipal de Quixeramobim - CE,CE,Disponibilidade de Caixa Bruta,36188245.98
2024,Prefeitura Municipal de Quixeramobim - CE,CE,RECEITA CORRENTE LÍQUIDA,343810999.4
2024,Prefeitura Municipal de Quixeramobim - CE,CE,RECEITA CORRENTE LÍQUIDA AJUSTADA PARA CÁLCULO DOS LIMITES DE ENDIVIDAMENTO,336942556.4
2024,Prefeitura Municipal de Quixeramobim - CE,CE,% da DC sobre a RCL AJUSTADA (I/VI),25.67
2024,Prefeitura Municipal de Quixeramobim - CE,CE,% da DCL sobre a RCL AJUSTADA,25.08
2024,Prefeitura Municipal de Quixeramobim - CE,CE,Precatórios (Não incluídos na DC),14236.03
2024,Prefeitura Municipal de Quixelô - CE,CE,DÍVIDA CONSOLIDADA,6276388.41
2024,Prefeitura Municipal de Quixelô - CE,CE,Disponibilidade de Caixa,5063457.06
2024,Prefeitura Municipal de Quixelô - CE,CE,Disponibilidade de Caixa Bruta,6618352.64
2024,Prefeitura Municipal de Quixelô - CE,CE,RECEITA CORRENTE LÍQUIDA,83530368.86
2024,Prefeitura Municipal de Quixelô - CE,CE,RECEITA CORRENTE LÍQUIDA AJUSTADA PARA CÁLCULO DOS LIMITES DE ENDIVIDAMENTO,82530368.86
2024,Prefeitura Municipal de Quixelô - CE,CE,% da DC sobre a RCL AJUSTADA (I/VI),7.6
2024,Prefeitura Municipal de Quixelô - CE,CE,% da DCL sobre a RCL AJUSTADA,1.47
2024,Prefeitura Municipal de Quixeré - CE,CE,DÍVIDA CONSOLIDADA,7557390.18
2024,Prefeitura Municipal de Quixeré - CE,CE,Disponibilidade de Caixa,13804661.38
2024,Prefeitura Municipal de Quixeré - CE,CE,Disponibilidade de Caixa Bruta,15919449.49
2024,Prefeitura Municipal de Quixeré - CE,CE,RECEITA CORRENTE LÍQUIDA,104878339.55
2024,Prefeitura Municipal de Quixeré - CE,CE,RECEITA CORRENTE LÍQUIDA AJUSTADA PARA CÁLCULO DOS LIMITES DE ENDIVIDAMENTO,104228339.55
2024,Prefeitura Municipal de Quixeré - CE,CE,% da DC sobre a RCL AJUSTADA (I/VI),7.25
2024,Prefeitura Municipal de Quixeré - CE,CE,% da DCL sobre a RCL AJUSTADA,-6.0
2024,Prefeitura Municipal de Redenção - CE,CE,DÍVIDA CONSOLIDADA,95819059.22
2024,Prefeitura Municipal de Redenção - CE,CE,Disponibilidade de Caixa,15581785.33
2024,Prefeitura Municipal de Redenção - CE,CE,Disponibilidade de Caixa Bruta,18804863.16
2024,Prefeitura Municipal de Redenção - CE,CE,RECEITA CORRENTE LÍQUIDA,131532397.69
2024,Prefeitura Municipal de Redenção - CE,CE,RECEITA CORRENTE LÍQUIDA AJUSTADA PARA CÁLCULO DOS LIMITES DE ENDIVIDAMENTO,131252397.69
2024,Prefeitura Municipal de Redenção - CE,CE,% da DC sobre a RCL AJUSTADA (I/VI),73.0
2024,Prefeitura Municipal de Redenção - CE,CE,% da DCL sobre a RCL AJUSTADA,61.13
2024,Prefeitura Municipal de Russas - CE,CE,DÍVIDA CONSOLIDADA,6093859.05
2024,Prefeitura Municipal de Russas - CE,CE,Disponibilidade de Caixa,27267924.12
2024,Prefeitura Municipal de Russas - CE,CE,Disponibilidade de Caixa Bruta,31160598.34
2024,Prefeitura Municipal de Russas - CE,CE,RECEITA CORRENTE LÍQUIDA,306778994.01
2024,Prefeitura Municipal de Russas - CE,CE,RECEITA CORRENTE LÍQUIDA AJUSTADA PARA CÁLCULO DOS LIMITES DE ENDIVIDAMENTO,301474354.01
2024,Prefeitura Municipal de Russas - CE,CE,% da DC sobre a RCL AJUSTADA (I/VI),2.02
2024,Prefeitura Municipal de Russas - CE,CE,% da DCL sobre a RCL AJUSTADA,-7.02
2024,Prefeitura Municipal de Russas - CE,CE,Precatórios (Não incluídos na DC),69754.54
2024,Prefeitura Municipal de Reriutaba - CE,CE,DÍVIDA CONSOLIDADA,18629285.79
2024,Prefeitura Municipal de Reriutaba - CE,CE,Disponibilidade de Caixa,-2435204.38
2024,Prefeitura Municipal de Reriutaba - CE,CE,Disponibilidade de Caixa Bruta,10795936.54
2024,Prefeitura Municipal de Reriutaba - CE,CE,RECEITA CORRENTE LÍQUIDA,95552598.64
2024,Prefeitura Municipal de Reriutaba - CE,CE,RECEITA CORRENTE LÍQUIDA AJUSTADA PARA CÁLCULO DOS LIMITES DE ENDIVIDAMENTO,94952598.64
2024,Prefeitura Municipal de Reriutaba - CE,CE,% da DC sobre a RCL AJUSTADA (I/VI),19.62
2024,Prefeitura Municipal de Reriutaba - CE,CE,% da DCL sobre a RCL AJUSTADA,22.18
2024,Prefeitura Municipal de Reriutaba - CE,CE,Precatórios (Não incluídos na DC),530067.9
2024,Prefeitura Municipal de Saboeiro - CE,CE,DÍVIDA CONSOLIDADA,18839351.58
2024,Prefeitura Municipal de Saboeiro - CE,CE,Disponibilidade de Caixa,4089866.91
2024,Prefeitura Municipal de Saboeiro - CE,CE,Disponibilidade de Caixa Bruta,8310935.56
2024,Prefeitura Municipal de Saboeiro - CE,CE,RECEITA CORRENTE LÍQUIDA,76708868.47
2024,Prefeitura Municipal de Saboeiro - CE,CE,RECEITA CORRENTE LÍQUIDA AJUSTADA PARA CÁLCULO DOS LIMITES DE ENDIVIDAMENTO,75758868.47
2024,Prefeitura Municipal de Saboeiro - CE,CE,% da DC sobre a RCL AJUSTADA (I/VI),24.87
2024,Prefeitura Municipal de Saboeiro - CE,CE,% da DCL sobre a RCL AJUSTADA,19.47
2024,Prefeitura Municipal de Santana do Acaraú - CE,CE,DÍVIDA CONSOLIDADA,41448738.55
2024,Prefeitura Municipal de Santana do Acaraú - CE,CE,Disponibilidade de Caixa,12160423.1
2024,Prefeitura Municipal de Santana do Acaraú - CE,CE,Disponibilidade de Caixa Bruta,18729207.0
2024,Prefeitura Municipal de Santana do Acaraú - CE,CE,RECEITA CORRENTE LÍQUIDA,111769193.96
2024,Prefeitura Municipal de Santana do Acaraú - CE,CE,RECEITA CORRENTE LÍQUIDA AJUSTADA PARA CÁLCULO DOS LIMITES DE ENDIVIDAMENTO,111269193.96
2024,Prefeitura Municipal de Santana do Acaraú - CE,CE,% da DC sobre a RCL AJUSTADA (I/VI),37.25
2024,Prefeitura Municipal de Santana do Acaraú - CE,CE,% da DCL sobre a RCL AJUSTADA,26.26
2024,Prefeitura Municipal de Salitre - CE,CE,DÍVIDA CONSOLIDADA,13516920.25
2024,Prefeitura Municipal de Salitre - CE,CE,Disponibilidade de Caixa,218761.37
2024,Prefeitura Municipal de Salitre - CE,CE,Disponibilidade de Caixa Bruta,8910541.77
2024,Prefeitura Municipal de Salitre - CE,CE,RECEITA CORRENTE LÍQUIDA,83501712.72
2024,Prefeitura Municipal de Salitre - CE,CE,RECEITA CORRENTE LÍQUIDA AJUSTADA PARA CÁLCULO DOS LIMITES DE ENDIVIDAMENTO,83501712.72
2024,Prefeitura Municipal de Salitre - CE,CE,% da DC sobre a RCL AJUSTADA (I/VI),16.19
2024,Prefeitura Municipal de Salitre - CE,CE,% da DCL sobre a RCL AJUSTADA,15.93
2024,Prefeitura Municipal de Salitre - CE,CE,Precatórios (Não incluídos na DC),6620.87
2024,Prefeitura Municipal de Santana do Cariri - CE,CE,DÍVIDA CONSOLIDADA,26692606.15
2024,Prefeitura Municipal de Santana do Cariri - CE,CE,Disponibilidade de Caixa,31602422.36
2024,Prefeitura Municipal de Santana do Cariri - CE,CE,Disponibilidade de Caixa Bruta,42994809.62
2024,Prefeitura Municipal de Santana do Cariri - CE,CE,RECEITA CORRENTE LÍQUIDA,73403106.19
2024,Prefeitura Municipal de Santana do Cariri - CE,CE,RECEITA CORRENTE LÍQUIDA AJUSTADA PARA CÁLCULO DOS LIMITES DE ENDIVIDAMENTO,72003106.19
2024,Prefeitura Municipal de Santana do Cariri - CE,CE,% da DC sobre a RCL AJUSTADA (I/VI),37.07
2024,Prefeitura Municipal de Santana do Cariri - CE,CE,% da DCL sobre a RCL AJUSTADA,-6.82
2024,Prefeitura Municipal de Santa Quitéria - CE,CE,DÍVIDA CONSOLIDADA,103871658.54
2024,Prefeitura Municipal de Santa Quitéria - CE,CE,Disponibilidade de Caixa,6354203.33
2024,Prefeitura Municipal de Santa Quitéria - CE,CE,Disponibilidade de Caixa Bruta,16693978.79
2024,Prefeitura Municipal de Santa Quitéria - CE,CE,RECEITA CORRENTE LÍQUIDA,163327175.26
2024,Prefeitura Municipal de Santa Quitéria - CE,CE,RECEITA CORRENTE LÍQUIDA AJUSTADA PARA CÁLCULO DOS LIMITES DE ENDIVIDAMENTO,161452873.26
2024,Prefeitura Municipal de Santa Quitéria - CE,CE,% da DC sobre a RCL AJUSTADA (I/VI),64.34
2024,Prefeitura Municipal de Santa Quitéria - CE,CE,% da DCL sobre a RCL AJUSTADA,60.4
2024,Prefeitura Municipal de São Benedito - CE,CE,DÍVIDA CONSOLIDADA,52174787.02
2024,Prefeitura Municipal de São Benedito - CE,CE,Disponibilidade de Caixa,14285422.4
2024,Prefeitura Municipal de São Benedito - CE,CE,Disponibilidade de Caixa Bruta,22077406.91
2024,Prefeitura Municipal de São Benedito - CE,CE,RECEITA CORRENTE LÍQUIDA,189913037.57
2024,Prefeitura Municipal de São Benedito - CE,CE,RECEITA CORRENTE LÍQUIDA AJUSTADA PARA CÁLCULO DOS LIMITES DE ENDIVIDAMENTO,182715194.57
2024,Prefeitura Municipal de São Benedito - CE,CE,% da DC sobre a RCL AJUSTADA (I/VI),28.56
2024,Prefeitura Municipal de São Benedito - CE,CE,% da DCL sobre a RCL AJUSTADA,20.74
2024,Prefeitura Municipal de São Benedito - CE,CE,Precatórios (Não incluídos na DC),30604.14
2024,Prefeitura Municipal de São Gonçalo do Amarante - CE,CE,DÍVIDA CONSOLIDADA,109135390.17
2024,Prefeitura Municipal de São Gonçalo do Amarante - CE,CE,Disponibilidade de Caixa,84008641.84
2024,Prefeitura Municipal de São Gonçalo do Amarante - CE,CE,Disponibilidade de Caixa Bruta,91595044.1
2024,Prefeitura Municipal de São Gonçalo do Amarante - CE,CE,RECEITA CORRENTE LÍQUIDA,548719759.95
2024,Prefeitura Municipal de São Gonçalo do Amarante - CE,CE,RECEITA CORRENTE LÍQUIDA AJUSTADA PARA CÁLCULO DOS LIMITES DE ENDIVIDAMENTO,548623699.95
2024,Prefeitura Municipal de São Gonçalo do Amarante - CE,CE,% da DC sobre a RCL AJUSTADA (I/VI),19.89
2024,Prefeitura Municipal de São Gonçalo do Amarante - CE,CE,% da DCL sobre a RCL AJUSTADA,4.58
2024,Prefeitura Municipal de São Gonçalo do Amarante - CE,CE,Precatórios (Não incluídos na DC),7030.43
2024,Prefeitura Municipal de São João do Jaguaribe - CE,CE,DÍVIDA CONSOLIDADA,2453866.21
2024,Prefeitura Municipal de São João do Jaguaribe - CE,CE,Disponibilidade de Caixa,-745636.24
2024,Prefeitura Municipal de São João do Jaguaribe - CE,CE,RECEITA CORRENTE LÍQUIDA,37875904.27
2024,Prefeitura Municipal de São João do Jaguaribe - CE,CE,RECEITA CORRENTE LÍQUIDA AJUSTADA PARA CÁLCULO DOS LIMITES DE ENDIVIDAMENTO,37450054.27
2024,Prefeitura Municipal de São João do Jaguaribe - CE,CE,% da DC sobre a RCL AJUSTADA (I/VI),6.55
2024,Prefeitura Municipal de São João do Jaguaribe - CE,CE,% da DCL sobre a RCL AJUSTADA,8.54
2024,Prefeitura Municipal de Senador Pompeu - CE,CE,DÍVIDA CONSOLIDADA,18535965.09
2024,Prefeitura Municipal de Senador Pompeu - CE,CE,Disponibilidade de Caixa,19966190.0
2024,Prefeitura Municipal de Senador Pompeu - CE,CE,Disponibilidade de Caixa Bruta,20803191.77
2024,Prefeitura Municipal de Senador Pompeu - CE,CE,RECEITA CORRENTE LÍQUIDA,106844135.8
2024,Prefeitura Municipal de Senador Pompeu - CE,CE,RECEITA CORRENTE LÍQUIDA AJUSTADA PARA CÁLCULO DOS LIMITES DE ENDIVIDAMENTO,106044135.8
2024,Prefeitura Municipal de Senador Pompeu - CE,CE,% da DC sobre a RCL AJUSTADA (I/VI),17.48
2024,Prefeitura Municipal de Senador Pompeu - CE,CE,% da DCL sobre a RCL AJUSTADA,-1.35
2024,Prefeitura Municipal de Senador Pompeu - CE,CE,Precatórios (Não incluídos na DC),4884040.79
2024,Prefeitura Municipal de São Luís do Curu - CE,CE,DÍVIDA CONSOLIDADA,10352343.82
2024,Prefeitura Municipal de São Luís do Curu - CE,CE,Disponibilidade de Caixa,747599.28
2024,Prefeitura Municipal de São Luís do Curu - CE,CE,Disponibilidade de Caixa Bruta,2487585.27
2024,Prefeitura Municipal de São Luís do Curu - CE,CE,RECEITA CORRENTE LÍQUIDA,47917224.32
2024,Prefeitura Municipal de São Luís do Curu - CE,CE,RECEITA CORRENTE LÍQUIDA AJUSTADA PARA CÁLCULO DOS LIMITES DE ENDIVIDAMENTO,47917224.32
2024,Prefeitura Municipal de São Luís do Curu - CE,CE,% da DC sobre a RCL AJUSTADA (I/VI),21.6
2024,Prefeitura Municipal de São Luís do Curu - CE,CE,% da DCL sobre a RCL AJUSTADA,20.04
2024,Prefeitura Municipal de Sobral - CE,CE,DÍVIDA CONSOLIDADA,223419126.13
2024,Prefeitura Municipal de Sobral - CE,CE,Disponibilidade de Caixa,148691773.92
2024,Prefeitura Municipal de Sobral - CE,CE,Disponibilidade de Caixa Bruta,188284422.73
2024,Prefeitura Municipal de Sobral - CE,CE,RECEITA CORRENTE LÍQUIDA,1160301033.71
2024,Prefeitura Municipal de Sobral - CE,CE,RECEITA CORRENTE LÍQUIDA AJUSTADA PARA CÁLCULO DOS LIMITES DE ENDIVIDAMENTO,1152039033.71
2024,Prefeitura Municipal de Sobral - CE,CE,% da DC sobre a RCL AJUSTADA (I/VI),19.39
2024,Prefeitura Municipal de Sobral - CE,CE,% da DCL sobre a RCL AJUSTADA,6.49
2024,Prefeitura Municipal de Tabuleiro do Norte - CE,CE,DÍVIDA CONSOLIDADA,26594271.83
2024,Prefeitura Municipal de Tabuleiro do Norte - CE,CE,Precatórios (inclusive) Vencidos e Não Pagos,71036.03
2024,Prefeitura Municipal de Tabuleiro do Norte - CE,CE,Disponibilidade de Caixa,19674606.02
2024,Prefeitura Municipal de Tabuleiro do Norte - CE,CE,Disponibilidade de Caixa Bruta,23598159.64
2024,Prefeitura Municipal de Tabuleiro do Norte - CE,CE,RECEITA CORRENTE LÍQUIDA,133445474.4
2024,Prefeitura Municipal de Tabuleiro do Norte - CE,CE,RECEITA CORRENTE LÍQUIDA AJUSTADA PARA CÁLCULO DOS LIMITES DE ENDIVIDAMENTO,131085702.4
2024,Prefeitura Municipal de Tabuleiro do Norte - CE,CE,% da DC sobre a RCL AJUSTADA (I/VI),20.29
2024,Prefeitura Municipal de Tabuleiro do Norte - CE,CE,% da DCL sobre a RCL AJUSTADA,5.28
2024,Prefeitura Municipal de Tabuleiro do Norte - CE,CE,Precatórios (Não incluídos na DC),1829489.34
2024,Prefeitura Municipal de Solonópole - CE,CE,DÍVIDA CONSOLIDADA,12351743.01
2024,Prefeitura Municipal de Solonópole - CE,CE,Precatórios (inclusive) Vencidos e Não Pagos,30657.19
2024,Prefeitura Municipal de Solonópole - CE,CE,Disponibilidade de Caixa,18234422.29
2024,Prefeitura Municipal de Solonópole - CE,CE,Disponibilidade de Caixa Bruta,20880461.62
2024,Prefeitura Municipal de Solonópole - CE,CE,RECEITA CORRENTE LÍQUIDA,114519970.8
2024,Prefeitura Municipal de Solonópole - CE,CE,RECEITA CORRENTE LÍQUIDA AJUSTADA PARA CÁLCULO DOS LIMITES DE ENDIVIDAMENTO,110742061.8
2024,Prefeitura Municipal de Solonópole - CE,CE,% da DC sobre a RCL AJUSTADA (I/VI),11.15
2024,Prefeitura Municipal de Solonópole - CE,CE,% da DCL sobre a RCL AJUSTADA,-5.32
2024,Prefeitura Municipal de Solonópole - CE,CE,Precatórios (Não incluídos na DC),107023.2
2024,Prefeitura Municipal de Tamboril - CE,CE,DÍVIDA CONSOLIDADA,36874304.13
2024,Prefeitura Municipal de Tamboril - CE,CE,Disponibilidade de Caixa,-4618307.96
2024,Prefeitura Municipal de Tamboril - CE,CE,RECEITA CORRENTE LÍQUIDA,124791173.24
2024,Prefeitura Municipal de Tamboril - CE,CE,RECEITA CORRENTE LÍQUIDA AJUSTADA PARA CÁLCULO DOS LIMITES DE ENDIVIDAMENTO,118391153.24
2024,Prefeitura Municipal de Tamboril - CE,CE,% da DC sobre a RCL AJUSTADA (I/VI),31.15
2024,Prefeitura Municipal de Tamboril - CE,CE,% da DCL sobre a RCL AJUSTADA,35.05
2024,Prefeitura Municipal de Tamboril - CE,CE,Precatórios (Não incluídos na DC),18000.0
2024,Prefeitura Municipal de Tarrafas - CE,CE,DÍVIDA CONSOLIDADA,17412878.83
2024,Prefeitura Municipal de Tarrafas - CE,CE,Disponibilidade de Caixa,-88955.01
2024,Prefeitura Municipal de Tarrafas - CE,CE,Disponibilidade de Caixa Bruta,1823171.49
2024,Prefeitura Municipal de Tarrafas - CE,CE,RECEITA CORRENTE LÍQUIDA,38769506.69
2024,Prefeitura Municipal de Tarrafas - CE,CE,RECEITA CORRENTE LÍQUIDA AJUSTADA PARA CÁLCULO DOS LIMITES DE ENDIVIDAMENTO,38256787.47
2024,Prefeitura Municipal de Tarrafas - CE,CE,% da DC sobre a RCL AJUSTADA (I/VI),45.52
2024,Prefeitura Municipal de Tarrafas - CE,CE,% da DCL sobre a RCL AJUSTADA,45.75
2024,Prefeitura Municipal de Tauá - CE,CE,DÍVIDA CONSOLIDADA,68542262.57
2024,Prefeitura Municipal de Tauá - CE,CE,Disponibilidade de Caixa,161187735.39
2024,Prefeitura Municipal de Tauá - CE,CE,Disponibilidade de Caixa Bruta,166119625.3
2024,Prefeitura Municipal de Tauá - CE,CE,RECEITA CORRENTE LÍQUIDA,341905065.73
2024,Prefeitura Municipal de Tauá - CE,CE,RECEITA CORRENTE LÍQUIDA AJUSTADA PARA CÁLCULO DOS LIMITES DE ENDIVIDAMENTO,321190623.73
2024,Prefeitura Municipal de Tauá - CE,CE,% da DC sobre a RCL AJUSTADA (I/VI),21.34
2024,Prefeitura Municipal de Tauá - CE,CE,% da DCL sobre a RCL AJUSTADA,-28.84
2024,Prefeitura Municipal de Tauá - CE,CE,Precatórios (Não incluídos na DC),549981.8
2024,Prefeitura Municipal de Trairi - CE,CE,DÍVIDA CONSOLIDADA,13817335.41
2024,Prefeitura Municipal de Trairi - CE,CE,Disponibilidade de Caixa,17422160.08
2024,Prefeitura Municipal de Trairi - CE,CE,Disponibilidade de Caixa Bruta,33078128.43
2024,Prefeitura Municipal de Trairi - CE,CE,RECEITA CORRENTE LÍQUIDA,245061154.88
2024,Prefeitura Municipal de Trairi - CE,CE,RECEITA CORRENTE LÍQUIDA AJUSTADA PARA CÁLCULO DOS LIMITES DE ENDIVIDAMENTO,245061154.88
2024,Prefeitura Municipal de Trairi - CE,CE,% da DC sobre a RCL AJUSTADA (I/VI),5.64
2024,Prefeitura Municipal de Trairi - CE,CE,% da DCL sobre a RCL AJUSTADA,-1.47
2024,Prefeitura Municipal de Trairi - CE,CE,Precatórios (Não incluídos na DC),31406745.73
2024,Prefeitura Municipal de Tejuçuoca - CE,CE,DÍVIDA CONSOLIDADA,14173612.01
2024,Prefeitura Municipal de Tejuçuoca - CE,CE,Disponibilidade de Caixa,17192334.81
2024,Prefeitura Municipal de Tejuçuoca - CE,CE,Disponibilidade de Caixa Bruta,20431984.55
2024,Prefeitura Municipal de Tejuçuoca - CE,CE,RECEITA CORRENTE LÍQUIDA,106611963.78
2024,Prefeitura Municipal de Tejuçuoca - CE,CE,RECEITA CORRENTE LÍQUIDA AJUSTADA PARA CÁLCULO DOS LIMITES DE ENDIVIDAMENTO,104958507.78
2024,Prefeitura Municipal de Tejuçuoca - CE,CE,% da DC sobre a RCL AJUSTADA (I/VI),13.5
2024,Prefeitura Municipal de Tejuçuoca - CE,CE,% da DCL sobre a RCL AJUSTADA,-2.88
2024,Prefeitura Municipal de Tianguá - CE,CE,DÍVIDA CONSOLIDADA,26801138.28
2024,Prefeitura Municipal de Tianguá - CE,CE,Precatórios (inclusive) Vencidos e Não Pagos,60334.03
2024,Prefeitura Municipal de Tianguá - CE,CE,Disponibilidade de Caixa,57196877.83
2024,Prefeitura Municipal de Tianguá - CE,CE,Disponibilidade de Caixa Bruta,63767992.1
2024,Prefeitura Municipal de Tianguá - CE,CE,RECEITA CORRENTE LÍQUIDA,355101364.17
2024,Prefeitura Municipal de Tianguá - CE,CE,RECEITA CORRENTE LÍQUIDA AJUSTADA PARA CÁLCULO DOS LIMITES DE ENDIVIDAMENTO,354257434.17
2024,Prefeitura Municipal de Tianguá - CE,CE,% da DC sobre a RCL AJUSTADA (I/VI),7.57
2024,Prefeitura Municipal de Tianguá - CE,CE,% da DCL sobre a RCL AJUSTADA,-8.62
2024,Prefeitura Municipal de Tururu - CE,CE,DÍVIDA CONSOLIDADA,15173763.41
2024,Prefeitura Municipal de Tururu - CE,CE,Disponibilidade de Caixa,7917429.88
2024,Prefeitura Municipal de Tururu - CE,CE,Disponibilidade de Caixa Bruta,8954588.31
2024,Prefeitura Municipal de Tururu - CE,CE,RECEITA CORRENTE LÍQUIDA,74693233.64
2024,Prefeitura Municipal de Tururu - CE,CE,RECEITA CORRENTE LÍQUIDA AJUSTADA PARA CÁLCULO DOS LIMITES DE ENDIVIDAMENTO,74393233.64
2024,Prefeitura Municipal de Tururu - CE,CE,% da DC sobre a RCL AJUSTADA (I/VI),20.4
2024,Prefeitura Municipal de Tururu - CE,CE,% da DCL sobre a RCL AJUSTADA,9.75
2024,Prefeitura Municipal de Umirim - CE,CE,DÍVIDA CONSOLIDADA,32763555.01
2024,Prefeitura Municipal de Umirim - CE,CE,Disponibilidade de Caixa,-6374795.07
2024,Prefeitura Municipal de Umirim - CE,CE,Disponibilidade de Caixa Bruta,2087492.74
2024,Prefeitura Municipal de Umirim - CE,CE,RECEITA CORRENTE LÍQUIDA,82702403.02
2024,Prefeitura Municipal de Umirim - CE,CE,RECEITA CORRENTE LÍQUIDA AJUSTADA PARA CÁLCULO DOS LIMITES DE ENDIVIDAMENTO,81720964.33
2024,Prefeitura Municipal de Umirim - CE,CE,% da DC sobre a RCL AJUSTADA (I/VI),40.09
2024,Prefeitura Municipal de Umirim - CE,CE,% da DCL sobre a RCL AJUSTADA,47.89
2024,Prefeitura Municipal de Ubajara - CE,CE,DÍVIDA CONSOLIDADA,23750000.0
2024,Prefeitura Municipal de Ubajara - CE,CE,Disponibilidade de Caixa,33736866.73
2024,Prefeitura Municipal de Ubajara - CE,CE,Disponibilidade de Caixa Bruta,36025909.7
2024,Prefeitura Municipal de Ubajara - CE,CE,RECEITA CORRENTE LÍQUIDA,153675259.98
2024,Prefeitura Municipal de Ubajara - CE,CE,RECEITA CORRENTE LÍQUIDA AJUSTADA PARA CÁLCULO DOS LIMITES DE ENDIVIDAMENTO,152975259.98
2024,Prefeitura Municipal de Ubajara - CE,CE,% da DC sobre a RCL AJUSTADA (I/VI),15.53
2024,Prefeitura Municipal de Ubajara - CE,CE,% da DCL sobre a RCL AJUSTADA,-6.54
2024,Prefeitura Municipal de Umari - CE,CE,DÍVIDA CONSOLIDADA,16369061.78
2024,Prefeitura Municipal de Umari - CE,CE,Disponibilidade de Caixa,242681.36
2024,Prefeitura Municipal de Umari - CE,CE,Disponibilidade de Caixa Bruta,3580347.75
2024,Prefeitura Municipal de Umari - CE,CE,RECEITA CORRENTE LÍQUIDA,40613269.09
2024,Prefeitura Municipal de Umari - CE,CE,RECEITA CORRENTE LÍQUIDA AJUSTADA PARA CÁLCULO DOS LIMITES DE ENDIVIDAMENTO,39257032.09
2024,Prefeitura Municipal de Umari - CE,CE,% da DC sobre a RCL AJUSTADA (I/VI),41.7
2024,Prefeitura Municipal de Umari - CE,CE,% da DCL sobre a RCL AJUSTADA,41.02
2024,Prefeitura Municipal de Uruburetama - CE,CE,DÍVIDA CONSOLIDADA,51650204.39
2024,Prefeitura Municipal de Uruburetama - CE,CE,Disponibilidade de Caixa,11252959.52
2024,Prefeitura Municipal de Uruburetama - CE,CE,Disponibilidade de Caixa Bruta,12909519.11
2024,Prefeitura Municipal de Uruburetama - CE,CE,RECEITA CORRENTE LÍQUIDA,105170605.22
2024,Prefeitura Municipal de Uruburetama - CE,CE,RECEITA CORRENTE LÍQUIDA AJUSTADA PARA CÁLCULO DOS LIMITES DE ENDIVIDAMENTO,104659520.22
2024,Prefeitura Municipal de Uruburetama - CE,CE,% da DC sobre a RCL AJUSTADA (I/VI),49.35
2024,Prefeitura Municipal de Uruburetama - CE,CE,% da DCL sobre a RCL AJUSTADA,38.6
2024,Prefeitura Municipal de Viçosa do Ceará - CE,CE,DÍVIDA CONSOLIDADA,4745418.34
2024,Prefeitura Municipal de Viçosa do Ceará - CE,CE,Disponibilidade de Caixa,41845908.08
2024,Prefeitura Municipal de Viçosa do Ceará - CE,CE,Disponibilidade de Caixa Bruta,45344645.77
2024,Prefeitura Municipal de Viçosa do Ceará - CE,CE,RECEITA CORRENTE LÍQUIDA,227676361.92
2024,Prefeitura Municipal de Viçosa do Ceará - CE,CE,RECEITA CORRENTE LÍQUIDA AJUSTADA PARA CÁLCULO DOS LIMITES DE ENDIVIDAMENTO,227676361.92
2024,Prefeitura Municipal de Viçosa do Ceará - CE,CE,% da DC sobre a RCL AJUSTADA (I/VI),2.08
2024,Prefeitura Municipal de Viçosa do Ceará - CE,CE,% da DCL sobre a RCL AJUSTADA,-16.33
2024,Prefeitura Municipal de Várzea Alegre - CE,CE,DÍVIDA CONSOLIDADA,44932346.64
2024,Prefeitura Municipal de Várzea Alegre - CE,CE,Disponibilidade de Caixa,22774574.3
2024,Prefeitura Municipal de Várzea Alegre - CE,CE,Disponibilidade de Caixa Bruta,26842535.35
2024,Prefeitura Municipal de Várzea Alegre - CE,CE,RECEITA CORRENTE LÍQUIDA,155765540.31
2024,Prefeitura Municipal de Várzea Alegre - CE,CE,RECEITA CORRENTE LÍQUIDA AJUSTADA PARA CÁLCULO DOS LIMITES DE ENDIVIDAMENTO,150925528.31
2024,Prefeitura Municipal de Várzea Alegre - CE,CE,% da DC sobre a RCL AJUSTADA (I/VI),29.77
2024,Prefeitura Municipal de Várzea Alegre - CE,CE,% da DCL sobre a RCL AJUSTADA,14.68
