exercicio,instituicao,uf,conta,valor
2019,Prefeitura Municipal de Alagoinha - PE,PE,DÍVIDA CONSOLIDADA,4451408.86
2019,Prefeitura Municipal de Alagoinha - PE,PE,Disponibilidade de Caixa Bruta,1979127.1
2019,Prefeitura Municipal de Alagoinha - PE,PE,RECEITA CORRENTE LÍQUIDA,34498154.26
2019,Prefeitura Municipal de Aliança - PE,PE,Disponibilidade de Caixa,1438622.36
2019,Prefeitura Municipal de Aliança - PE,PE,Disponibilidade de Caixa Bruta,-169512.73
2019,Prefeitura Municipal de Aliança - PE,PE,RECEITA CORRENTE LÍQUIDA,68170864.09
2019,Prefeitura Municipal de Afrânio - PE,PE,DÍVIDA CONSOLIDADA,7044227.64
2019,Prefeitura Municipal de Afrânio - PE,PE,Disponibilidade de Caixa,3760507.55
2019,Prefeitura Municipal de Afrânio - PE,PE,Disponibilidade de Caixa Bruta,4266921.1
2019,Prefeitura Municipal de Afrânio - PE,PE,RECEITA CORRENTE LÍQUIDA,47057835.72
2019,Prefeitura Municipal de Agrestina - PE,PE,DÍVIDA CONSOLIDADA,21468206.71
2019,Prefeitura Municipal de Agrestina - PE,PE,Disponibilidade de Caixa,12061859.85
2019,Prefeitura Municipal de Agrestina - PE,PE,Disponibilidade de Caixa Bruta,14351432.44
2019,Prefeitura Municipal de Agrestina - PE,PE,RECEITA CORRENTE LÍQUIDA,59558746.62
2019,Prefeitura Municipal de Águas Belas - PE,PE,DÍVIDA CONSOLIDADA,25689954.74
2019,Prefeitura Municipal de Águas Belas - PE,PE,Disponibilidade de Caixa Bruta,4684114.68
2019,Prefeitura Municipal de Águas Belas - PE,PE,RECEITA CORRENTE LÍQUIDA,76933741.64
2019,Prefeitura Municipal de Água Preta - PE,PE,DÍVIDA CONSOLIDADA,33243278.86
2019,Prefeitura Municipal de Água Preta - PE,PE,Precatórios (inclusive) Vencidos e Não Pagos,2397485.87
2019,Prefeitura Municipal de Água Preta - PE,PE,Disponibilidade de Caixa Bruta,2629290.19
2019,Prefeitura Municipal de Água Preta - PE,PE,RECEITA CORRENTE LÍQUIDA,66372635.46
2019,Prefeitura Municipal de Abreu e Lima - PE,PE,DÍVIDA CONSOLIDADA,26507838.49
2019,Prefeitura Municipal de Abreu e Lima - PE,PE,Disponibilidade de Caixa,7756014.14
2019,Prefeitura Municipal de Abreu e Lima - PE,PE,Disponibilidade de Caixa Bruta,14998310.28
2019,Prefeitura Municipal de Abreu e Lima - PE,PE,RECEITA CORRENTE LÍQUIDA,149899978.35
2019,Prefeitura Municipal de Amaraji - PE,PE,RECEITA CORRENTE LÍQUIDA,50149893.09
2019,Prefeitura Municipal de Altinho - PE,PE,DÍVIDA CONSOLIDADA,12916599.5
2019,Prefeitura Municipal de Altinho - PE,PE,Disponibilidade de Caixa,467237.41
2019,Prefeitura Municipal de Altinho - PE,PE,Disponibilidade de Caixa Bruta,4319496.83
2019,Prefeitura Municipal de Altinho - PE,PE,RECEITA CORRENTE LÍQUIDA,55054028.17
2019,Prefeitura Municipal de Araripina - PE,PE,DÍVIDA CONSOLIDADA,73356645.7
2019,Prefeitura Municipal de Araripina - PE,PE,Disponibilidade de Caixa,1119464.87
2019,Prefeitura Municipal de Araripina - PE,PE,Disponibilidade de Caixa Bruta,16842042.4
2019,Prefeitura Municipal de Araripina - PE,PE,RECEITA CORRENTE LÍQUIDA,158431373.98
2019,Prefeitura Municipal de Barra de Guabiraba - PE,PE,DÍVIDA CONSOLIDADA,3633389.58
2019,Prefeitura Municipal de Barra de Guabiraba - PE,PE,Precatórios (inclusive) Vencidos e Não Pagos,64471.21
2019,Prefeitura Municipal de Barra de Guabiraba - PE,PE,Disponibilidade de Caixa,921985.99
2019,Prefeitura Municipal de Barra de Guabiraba - PE,PE,Disponibilidade de Caixa Bruta,2047970.87
2019,Prefeitura Municipal de Barra de Guabiraba - PE,PE,RECEITA CORRENTE LÍQUIDA,34154128.91
2019,Prefeitura Municipal de Arcoverde - PE,PE,DÍVIDA CONSOLIDADA,2171352.79
2019,Prefeitura Municipal de Arcoverde - PE,PE,Disponibilidade de Caixa,2238861.41
2019,Prefeitura Municipal de Arcoverde - PE,PE,Disponibilidade de Caixa Bruta,15783076.1
2019,Prefeitura Municipal de Arcoverde - PE,PE,RECEITA CORRENTE LÍQUIDA,138793280.13
2019,Prefeitura Municipal de Araçoiaba - PE,PE,Disponibilidade de Caixa,4064906.92
2019,Prefeitura Municipal de Araçoiaba - PE,PE,Disponibilidade de Caixa Bruta,1856132.72
2019,Prefeitura Municipal de Araçoiaba - PE,PE,RECEITA CORRENTE LÍQUIDA,44864426.44
2019,Prefeitura Municipal de Angelim - PE,PE,DÍVIDA CONSOLIDADA,464772.34
2019,Prefeitura Municipal de Angelim - PE,PE,Disponibilidade de Caixa,748739.19
2019,Prefeitura Municipal de Angelim - PE,PE,Disponibilidade de Caixa Bruta,3769601.83
2019,Prefeitura Municipal de Angelim - PE,PE,RECEITA CORRENTE LÍQUIDA,28326032.8
2019,Prefeitura Municipal de Angelim - PE,PE,Precatórios (Não incluídos na DC),40552446.86
2019,Prefeitura Municipal de Barreiros - PE,PE,DÍVIDA CONSOLIDADA,40749636.36
2019,Prefeitura Municipal de Barreiros - PE,PE,Disponibilidade de Caixa Bruta,6611568.91
2019,Prefeitura Municipal de Barreiros - PE,PE,RECEITA CORRENTE LÍQUIDA,88542148.15
2019,Prefeitura Municipal de Belém de Maria - PE,PE,RECEITA CORRENTE LÍQUIDA,29345613.32
2019,Prefeitura Municipal de Belém do São Francisco - PE,PE,DÍVIDA CONSOLIDADA,220311.96
2019,Prefeitura Municipal de Belém do São Francisco - PE,PE,Disponibilidade de Caixa Bruta,3427969.31
2019,Prefeitura Municipal de Belém do São Francisco - PE,PE,RECEITA CORRENTE LÍQUIDA,46074135.29
2019,Prefeitura Municipal de Betânia - PE,PE,DÍVIDA CONSOLIDADA,9485465.9
2019,Prefeitura Municipal de Betânia - PE,PE,Disponibilidade de Caixa Bruta,1055615.2
2019,Prefeitura Municipal de Betânia - PE,PE,RECEITA CORRENTE LÍQUIDA,29028868.62
2019,Prefeitura Municipal de Bom Conselho - PE,PE,DÍVIDA CONSOLIDADA,23132097.63
2019,Prefeitura Municipal de Bom Conselho - PE,PE,Precatórios (inclusive) Vencidos e Não Pagos,3471225.32
2019,Prefeitura Municipal de Bom Conselho - PE,PE,Disponibilidade de Caixa Bruta,15264259.16
2019,Prefeitura Municipal de Bom Conselho - PE,PE,RECEITA CORRENTE LÍQUIDA,94074455.75
2019,Prefeitura Municipal de Bodocó - PE,PE,DÍVIDA CONSOLIDADA,4578672.65
2019,Prefeitura Municipal de Bodocó - PE,PE,Disponibilidade de Caixa,4830050.96
2019,Prefeitura Municipal de Bodocó - PE,PE,Disponibilidade de Caixa Bruta,14589767.77
2019,Prefeitura Municipal de Bodocó - PE,PE,RECEITA CORRENTE LÍQUIDA,74350014.05
2019,Prefeitura Municipal de Belo Jardim - PE,PE,DÍVIDA CONSOLIDADA,18104253.62
2019,Prefeitura Municipal de Belo Jardim - PE,PE,Precatórios (inclusive) Vencidos e Não Pagos,233963.73
2019,Prefeitura Municipal de Belo Jardim - PE,PE,Disponibilidade de Caixa,989457.99
2019,Prefeitura Municipal de Belo Jardim - PE,PE,Disponibilidade de Caixa Bruta,10380935.92
2019,Prefeitura Municipal de Belo Jardim - PE,PE,RECEITA CORRENTE LÍQUIDA,184685465.56
2019,Prefeitura Municipal de Bezerros - PE,PE,DÍVIDA CONSOLIDADA,26800691.93
2019,Prefeitura Municipal de Bezerros - PE,PE,Disponibilidade de Caixa Bruta,12196536.44
2019,Prefeitura Municipal de Bezerros - PE,PE,RECEITA CORRENTE LÍQUIDA,107416561.03
2019,Prefeitura Municipal de Bom Jardim - PE,PE,DÍVIDA CONSOLIDADA,1623795.66
2019,Prefeitura Municipal de Bom Jardim - PE,PE,Disponibilidade de Caixa,8271885.14
2019,Prefeitura Municipal de Bom Jardim - PE,PE,Disponibilidade de Caixa Bruta,8532313.28
2019,Prefeitura Municipal de Bom Jardim - PE,PE,RECEITA CORRENTE LÍQUIDA,69430310.33
2019,Prefeitura Municipal de Bonito - PE,PE,DÍVIDA CONSOLIDADA,27095702.77
2019,Prefeitura Municipal de Bonito - PE,PE,Disponibilidade de Caixa,12640926.12
2019,Prefeitura Municipal de Bonito - PE,PE,Disponibilidade de Caixa Bruta,15692966.21
2019,Prefeitura Municipal de Bonito - PE,PE,RECEITA CORRENTE LÍQUIDA,73285583.69
2019,Prefeitura Municipal de Brejão - PE,PE,Disponibilidade de Caixa,756388.08
2019,Prefeitura Municipal de Brejão - PE,PE,Disponibilidade de Caixa Bruta,3285015.63
2019,Prefeitura Municipal de Brejão - PE,PE,RECEITA CORRENTE LÍQUIDA,25830656.22
2019,Prefeitura Municipal de Brejão - PE,PE,Precatórios (Não incluídos na DC),2272029.49
2019,Prefeitura Municipal de Buenos Aires - PE,PE,DÍVIDA CONSOLIDADA,444646.25
2019,Prefeitura Municipal de Buenos Aires - PE,PE,Disponibilidade de Caixa,10866303.57
2019,Prefeitura Municipal de Buenos Aires - PE,PE,Disponibilidade de Caixa Bruta,11006916.33
2019,Prefeitura Municipal de Buenos Aires - PE,PE,RECEITA CORRENTE LÍQUIDA,28886466.33
2019,Prefeitura Municipal de Buíque - PE,PE,DÍVIDA CONSOLIDADA,3049525.26
2019,Prefeitura Municipal de Buíque - PE,PE,Disponibilidade de Caixa,10404291.64
2019,Prefeitura Municipal de Buíque - PE,PE,Disponibilidade de Caixa Bruta,11712306.03
2019,Prefeitura Municipal de Buíque - PE,PE,RECEITA CORRENTE LÍQUIDA,95798677.16
2019,Prefeitura Municipal de Brejo da Madre de Deus - PE,PE,DÍVIDA CONSOLIDADA,1146413.17
2019,Prefeitura Municipal de Brejo da Madre de Deus - PE,PE,Precatórios (inclusive) Vencidos e Não Pagos,36106.57
2019,Prefeitura Municipal de Brejo da Madre de Deus - PE,PE,Disponibilidade de Caixa Bruta,5573909.63
2019,Prefeitura Municipal de Brejo da Madre de Deus - PE,PE,RECEITA CORRENTE LÍQUIDA,90109987.31
2019,Prefeitura Municipal de Cabo de Santo Agostinho - PE,PE,DÍVIDA CONSOLIDADA,15700874.5
2019,Prefeitura Municipal de Cabo de Santo Agostinho - PE,PE,Disponibilidade de Caixa,162599551.2
2019,Prefeitura Municipal de Cabo de Santo Agostinho - PE,PE,Disponibilidade de Caixa Bruta,170443944.0
2019,Prefeitura Municipal de Cabo de Santo Agostinho - PE,PE,RECEITA CORRENTE LÍQUIDA,714204112.44
2019,Prefeitura Municipal de Cabrobó - PE,PE,DÍVIDA CONSOLIDADA,16835811.56
2019,Prefeitura Municipal de Cabrobó - PE,PE,Disponibilidade de Caixa,1688152.53
2019,Prefeitura Municipal de Cabrobó - PE,PE,Disponibilidade de Caixa Bruta,4219819.11
2019,Prefeitura Municipal de Cabrobó - PE,PE,RECEITA CORRENTE LÍQUIDA,68604492.87
2019,Prefeitura Municipal de Cachoeirinha - PE,PE,DÍVIDA CONSOLIDADA,9561127.97
2019,Prefeitura Municipal de Cachoeirinha - PE,PE,Disponibilidade de Caixa,2501540.84
2019,Prefeitura Municipal de Cachoeirinha - PE,PE,Disponibilidade de Caixa Bruta,2867530.92
2019,Prefeitura Municipal de Cachoeirinha - PE,PE,RECEITA CORRENTE LÍQUIDA,40905574.77
2019,Prefeitura Municipal de Caetés - PE,PE,DÍVIDA CONSOLIDADA,6708775.12
2019,Prefeitura Municipal de Caetés - PE,PE,Disponibilidade de Caixa,5824988.3
2019,Prefeitura Municipal de Caetés - PE,PE,Disponibilidade de Caixa Bruta,8198696.4
2019,Prefeitura Municipal de Caetés - PE,PE,RECEITA CORRENTE LÍQUIDA,58011096.57
2019,Prefeitura Municipal de Calumbi - PE,PE,Disponibilidade de Caixa,469205.97
2019,Prefeitura Municipal de Calumbi - PE,PE,Disponibilidade de Caixa Bruta,4215145.16
2019,Prefeitura Municipal de Calumbi - PE,PE,RECEITA CORRENTE LÍQUIDA,20454668.15
2019,Prefeitura Municipal de Calumbi - PE,PE,Precatórios (Não incluídos na DC),339892.27
2019,Prefeitura Municipal de Camocim de São Félix - PE,PE,DÍVIDA CONSOLIDADA,1001274.88
2019,Prefeitura Municipal de Camocim de São Félix - PE,PE,Precatórios (inclusive) Vencidos e Não Pagos,109297.62
2019,Prefeitura Municipal de Camocim de São Félix - PE,PE,Disponibilidade de Caixa,647464.06
2019,Prefeitura Municipal de Camocim de São Félix - PE,PE,Disponibilidade de Caixa Bruta,2543556.1
2019,Prefeitura Municipal de Camocim de São Félix - PE,PE,RECEITA CORRENTE LÍQUIDA,38439328.89
2019,Prefeitura Municipal de Camaragibe - PE,PE,DÍVIDA CONSOLIDADA,50499383.69
2019,Prefeitura Municipal de Camaragibe - PE,PE,Disponibilidade de Caixa,871187.22
2019,Prefeitura Municipal de Camaragibe - PE,PE,Disponibilidade de Caixa Bruta,9181996.63
2019,Prefeitura Municipal de Camaragibe - PE,PE,RECEITA CORRENTE LÍQUIDA,262132445.1
2019,Prefeitura Municipal de Canhotinho - PE,PE,DÍVIDA CONSOLIDADA,5180812.37
2019,Prefeitura Municipal de Canhotinho - PE,PE,Disponibilidade de Caixa,6696068.6
2019,Prefeitura Municipal de Canhotinho - PE,PE,Disponibilidade de Caixa Bruta,14890961.79
2019,Prefeitura Municipal de Canhotinho - PE,PE,RECEITA CORRENTE LÍQUIDA,64662726.67
2019,Prefeitura Municipal de Capoeiras - PE,PE,DÍVIDA CONSOLIDADA,389150.88
2019,Prefeitura Municipal de Capoeiras - PE,PE,Disponibilidade de Caixa Bruta,2191343.07
2019,Prefeitura Municipal de Capoeiras - PE,PE,RECEITA CORRENTE LÍQUIDA,43652344.44
2019,Prefeitura Municipal de Carpina - PE,PE,DÍVIDA CONSOLIDADA,718506.11
2019,Prefeitura Municipal de Carpina - PE,PE,Precatórios (inclusive) Vencidos e Não Pagos,625096.01
2019,Prefeitura Municipal de Carpina - PE,PE,Disponibilidade de Caixa Bruta,8078253.02
2019,Prefeitura Municipal de Carpina - PE,PE,RECEITA CORRENTE LÍQUIDA,131768547.36
2019,Prefeitura Municipal de Caruaru - PE,PE,DÍVIDA CONSOLIDADA,128297975.36
2019,Prefeitura Municipal de Caruaru - PE,PE,Disponibilidade de Caixa,57797468.79
2019,Prefeitura Municipal de Caruaru - PE,PE,Disponibilidade de Caixa Bruta,89348113.14
2019,Prefeitura Municipal de Caruaru - PE,PE,RECEITA CORRENTE LÍQUIDA,672102917.0
2019,Prefeitura Municipal de Carnaubeira da Penha - PE,PE,DÍVIDA CONSOLIDADA,1242409.49
2019,Prefeitura Municipal de Carnaubeira da Penha - PE,PE,Disponibilidade de Caixa,8339866.83
2019,Prefeitura Municipal de Carnaubeira da Penha - PE,PE,Disponibilidade de Caixa Bruta,9573849.36
2019,Prefeitura Municipal de Carnaubeira da Penha - PE,PE,RECEITA CORRENTE LÍQUIDA,25291499.02
2019,Prefeitura Municipal de Casinhas - PE,PE,DÍVIDA CONSOLIDADA,9225655.83
2019,Prefeitura Municipal de Casinhas - PE,PE,Disponibilidade de Caixa,1482735.65
2019,Prefeitura Municipal de Casinhas - PE,PE,Disponibilidade de Caixa Bruta,2067070.73
2019,Prefeitura Municipal de Casinhas - PE,PE,RECEITA CORRENTE LÍQUIDA,33889248.31
2019,Prefeitura Municipal de Catende - PE,PE,DÍVIDA CONSOLIDADA,12979481.56
2019,Prefeitura Municipal de Catende - PE,PE,Disponibilidade de Caixa Bruta,12136629.27
2019,Prefeitura Municipal de Catende - PE,PE,RECEITA CORRENTE LÍQUIDA,66783000.94
2019,Prefeitura Municipal de Catende - PE,PE,Precatórios (Não incluídos na DC),109045.35
2019,Prefeitura Municipal de Chã Grande - PE,PE,DÍVIDA CONSOLIDADA,13612382.17
2019,Prefeitura Municipal de Chã Grande - PE,PE,Disponibilidade de Caixa,1741978.1
2019,Prefeitura Municipal de Chã Grande - PE,PE,Disponibilidade de Caixa Bruta,4262389.19
2019,Prefeitura Municipal de Chã Grande - PE,PE,RECEITA CORRENTE LÍQUIDA,50896858.94
2019,Prefeitura Municipal de Cedro - PE,PE,Disponibilidade de Caixa,1483004.15
2019,Prefeitura Municipal de Cedro - PE,PE,Disponibilidade de Caixa Bruta,1483004.15
2019,Prefeitura Municipal de Cedro - PE,PE,RECEITA CORRENTE LÍQUIDA,27157690.21
2019,Prefeitura Municipal de Chã de Alegria - PE,PE,Disponibilidade de Caixa,1394026.55
2019,Prefeitura Municipal de Chã de Alegria - PE,PE,Disponibilidade de Caixa Bruta,4383156.9
2019,Prefeitura Municipal de Chã de Alegria - PE,PE,RECEITA CORRENTE LÍQUIDA,31856503.1
2019,Prefeitura Municipal de Condado - PE,PE,DÍVIDA CONSOLIDADA,33847626.87
2019,Prefeitura Municipal de Condado - PE,PE,Precatórios (inclusive) Vencidos e Não Pagos,110427.99
2019,Prefeitura Municipal de Condado - PE,PE,Disponibilidade de Caixa,9309380.79
2019,Prefeitura Municipal de Condado - PE,PE,Disponibilidade de Caixa Bruta,9989095.78
2019,Prefeitura Municipal de Condado - PE,PE,RECEITA CORRENTE LÍQUIDA,48014854.66
2019,Prefeitura Municipal de Condado - PE,PE,Precatórios (Não incluídos na DC),257273.27
2019,Prefeitura Municipal de Cortês - PE,PE,DÍVIDA CONSOLIDADA,11863672.64
2019,Prefeitura Municipal de Cortês - PE,PE,Precatórios (inclusive) Vencidos e Não Pagos,339885.79
2019,Prefeitura Municipal de Cortês - PE,PE,Disponibilidade de Caixa,6004386.59
2019,Prefeitura Municipal de Cortês - PE,PE,Disponibilidade de Caixa Bruta,8602049.0
2019,Prefeitura Municipal de Cortês - PE,PE,RECEITA CORRENTE LÍQUIDA,47269537.85
2019,Prefeitura Municipal de Cumaru - PE,PE,DÍVIDA CONSOLIDADA,18747619.37
2019,Prefeitura Municipal de Cumaru - PE,PE,Disponibilidade de Caixa Bruta,4831666.91
2019,Prefeitura Municipal de Cumaru - PE,PE,RECEITA CORRENTE LÍQUIDA,31150933.55
2019,Prefeitura Municipal de Cumaru - PE,PE,Precatórios (Não incluídos na DC),508548337.75
2019,Prefeitura Municipal de Cupira - PE,PE,DÍVIDA CONSOLIDADA,52176631.1
2019,Prefeitura Municipal de Cupira - PE,PE,Disponibilidade de Caixa,613592.55
2019,Prefeitura Municipal de Cupira - PE,PE,Disponibilidade de Caixa Bruta,4275189.72
2019,Prefeitura Municipal de Cupira - PE,PE,RECEITA CORRENTE LÍQUIDA,49809255.89
2019,Prefeitura Municipal de Cupira - PE,PE,Precatórios (Não incluídos na DC),189509.54
2019,Prefeitura Municipal de Custódia - PE,PE,DÍVIDA CONSOLIDADA,10793292.41
2019,Prefeitura Municipal de Custódia - PE,PE,Disponibilidade de Caixa Bruta,16805969.38
2019,Prefeitura Municipal de Custódia - PE,PE,RECEITA CORRENTE LÍQUIDA,97801026.01
2019,Prefeitura Municipal de Dormentes - PE,PE,DÍVIDA CONSOLIDADA,14249276.88
2019,Prefeitura Municipal de Dormentes - PE,PE,Disponibilidade de Caixa,1322806.85
2019,Prefeitura Municipal de Dormentes - PE,PE,Disponibilidade de Caixa Bruta,4615239.6
2019,Prefeitura Municipal de Dormentes - PE,PE,RECEITA CORRENTE LÍQUIDA,45670072.83
2019,Prefeitura Municipal de Escada - PE,PE,DÍVIDA CONSOLIDADA,34622786.2
2019,Prefeitura Municipal de Escada - PE,PE,Precatórios (inclusive) Vencidos e Não Pagos,13862.95
2019,Prefeitura Municipal de Escada - PE,PE,Disponibilidade de Caixa Bruta,5813948.84
2019,Prefeitura Municipal de Escada - PE,PE,RECEITA CORRENTE LÍQUIDA,107995735.64
2019,Prefeitura Municipal de Exu - PE,PE,RECEITA CORRENTE LÍQUIDA,64003310.49
2019,Prefeitura Municipal de Feira Nova - PE,PE,Disponibilidade de Caixa,976743.5
2019,Prefeitura Municipal de Feira Nova - PE,PE,Disponibilidade de Caixa Bruta,-1504224.72
2019,Prefeitura Municipal de Feira Nova - PE,PE,RECEITA CORRENTE LÍQUIDA,47550189.92
2019,Prefeitura Municipal de Ferreiros - PE,PE,RECEITA CORRENTE LÍQUIDA,26887609.59
2019,Prefeitura Municipal de Floresta - PE,PE,RECEITA CORRENTE LÍQUIDA,76217606.13
2019,Prefeitura Municipal de Frei Miguelinho - PE,PE,DÍVIDA CONSOLIDADA,6950267.11
2019,Prefeitura Municipal de Frei Miguelinho - PE,PE,Disponibilidade de Caixa,2295368.06
2019,Prefeitura Municipal de Frei Miguelinho - PE,PE,Disponibilidade de Caixa Bruta,2555440.73
2019,Prefeitura Municipal de Frei Miguelinho - PE,PE,RECEITA CORRENTE LÍQUIDA,30933713.76
2019,Prefeitura Municipal de Gameleira - PE,PE,Disponibilidade de Caixa,2845058.62
2019,Prefeitura Municipal de Gameleira - PE,PE,Disponibilidade de Caixa Bruta,3036804.07
2019,Prefeitura Municipal de Gameleira - PE,PE,RECEITA CORRENTE LÍQUIDA,49359535.43
2019,Prefeitura Municipal de Garanhuns - PE,PE,DÍVIDA CONSOLIDADA,6916857.72
2019,Prefeitura Municipal de Garanhuns - PE,PE,Precatórios (inclusive) Vencidos e Não Pagos,573946.13
2019,Prefeitura Municipal de Garanhuns - PE,PE,Disponibilidade de Caixa,32143625.41
2019,Prefeitura Municipal de Garanhuns - PE,PE,Disponibilidade de Caixa Bruta,32991738.63
2019,Prefeitura Municipal de Garanhuns - PE,PE,RECEITA CORRENTE LÍQUIDA,263457431.32
2019,Prefeitura Municipal de Garanhuns - PE,PE,Precatórios (Não incluídos na DC),378306842.06
2019,Prefeitura Municipal de Glória do Goitá - PE,PE,DÍVIDA CONSOLIDADA,3192125.92
2019,Prefeitura Municipal de Glória do Goitá - PE,PE,Disponibilidade de Caixa,3750072.33
2019,Prefeitura Municipal de Glória do Goitá - PE,PE,Disponibilidade de Caixa Bruta,5023941.07
2019,Prefeitura Municipal de Glória do Goitá - PE,PE,RECEITA CORRENTE LÍQUIDA,54113008.82
2019,Prefeitura Municipal de Glória do Goitá - PE,PE,Precatórios (Não incluídos na DC),12000.0
2019,Prefeitura Municipal de Goiana - PE,PE,Disponibilidade de Caixa,138264020.24
2019,Prefeitura Municipal de Goiana - PE,PE,Disponibilidade de Caixa Bruta,139691544.62
2019,Prefeitura Municipal de Goiana - PE,PE,RECEITA CORRENTE LÍQUIDA,258651784.18
2019,Prefeitura Municipal de Goiana - PE,PE,Precatórios (Não incluídos na DC),126396371.73
2019,Prefeitura Municipal de Granito - PE,PE,DÍVIDA CONSOLIDADA,667849.44
2019,Prefeitura Municipal de Granito - PE,PE,Disponibilidade de Caixa,3932602.3
2019,Prefeitura Municipal de Granito - PE,PE,Disponibilidade de Caixa Bruta,4003272.87
2019,Prefeitura Municipal de Granito - PE,PE,RECEITA CORRENTE LÍQUIDA,23471729.87
2019,Prefeitura Municipal de Iati - PE,PE,Disponibilidade de Caixa,6831514.75
2019,Prefeitura Municipal de Iati - PE,PE,Disponibilidade de Caixa Bruta,22969801.44
2019,Prefeitura Municipal de Iati - PE,PE,RECEITA CORRENTE LÍQUIDA,48286246.52
2019,Prefeitura Municipal de Igarassu - PE,PE,DÍVIDA CONSOLIDADA,37654038.69
2019,Prefeitura Municipal de Igarassu - PE,PE,Disponibilidade de Caixa,82736471.96
2019,Prefeitura Municipal de Igarassu - PE,PE,Disponibilidade de Caixa Bruta,96909881.51
2019,Prefeitura Municipal de Igarassu - PE,PE,RECEITA CORRENTE LÍQUIDA,220580296.29
2019,Prefeitura Municipal de Gravatá - PE,PE,DÍVIDA CONSOLIDADA,59935065.74
2019,Prefeitura Municipal de Gravatá - PE,PE,Disponibilidade de Caixa,6751475.69
2019,Prefeitura Municipal de Gravatá - PE,PE,Disponibilidade de Caixa Bruta,23612767.22
2019,Prefeitura Municipal de Gravatá - PE,PE,RECEITA CORRENTE LÍQUIDA,160752237.1
2019,Prefeitura Municipal de Gravatá - PE,PE,Precatórios (Não incluídos na DC),2009720.16
2019,Prefeitura Municipal de Ibirajuba - PE,PE,DÍVIDA CONSOLIDADA,7971420.14
2019,Prefeitura Municipal de Ibirajuba - PE,PE,Disponibilidade de Caixa,1076818.48
2019,Prefeitura Municipal de Ibirajuba - PE,PE,Disponibilidade de Caixa Bruta,2820799.11
2019,Prefeitura Municipal de Ibirajuba - PE,PE,RECEITA CORRENTE LÍQUIDA,21073157.93
2019,Prefeitura Municipal de Ibimirim - PE,PE,Disponibilidade de Caixa,4090354.57
2019,Prefeitura Municipal de Ibimirim - PE,PE,Disponibilidade de Caixa Bruta,6793902.22
2019,Prefeitura Municipal de Ibimirim - PE,PE,RECEITA CORRENTE LÍQUIDA,53074541.44
2019,Prefeitura Municipal de Ilha de Itamaracá - PE,PE,DÍVIDA CONSOLIDADA,17818237.73
2019,Prefeitura Municipal de Ilha de Itamaracá - PE,PE,Disponibilidade de Caixa Bruta,1377284.59
2019,Prefeitura Municipal de Ilha de Itamaracá - PE,PE,RECEITA CORRENTE LÍQUIDA,56926142.05
2019,Prefeitura Municipal de Inajá - PE,PE,DÍVIDA CONSOLIDADA,6809679.69
2019,Prefeitura Municipal de Inajá - PE,PE,Disponibilidade de Caixa,3107085.18
2019,Prefeitura Municipal de Inajá - PE,PE,Disponibilidade de Caixa Bruta,12857856.8
2019,Prefeitura Municipal de Inajá - PE,PE,RECEITA CORRENTE LÍQUIDA,39625036.34
2019,Prefeitura Municipal de Itacuruba - PE,PE,DÍVIDA CONSOLIDADA,8538532.15
2019,Prefeitura Municipal de Itacuruba - PE,PE,Disponibilidade de Caixa Bruta,1310559.79
2019,Prefeitura Municipal de Itacuruba - PE,PE,RECEITA CORRENTE LÍQUIDA,25623106.29
2019,Prefeitura Municipal de Itaíba - PE,PE,DÍVIDA CONSOLIDADA,973955.84
2019,Prefeitura Municipal de Itaíba - PE,PE,Disponibilidade de Caixa,14386271.0
2019,Prefeitura Municipal de Itaíba - PE,PE,Disponibilidade de Caixa Bruta,21509161.88
2019,Prefeitura Municipal de Itaíba - PE,PE,RECEITA CORRENTE LÍQUIDA,77458992.46
2019,Prefeitura Municipal de Ipojuca - PE,PE,DÍVIDA CONSOLIDADA,18403741.41
2019,Prefeitura Municipal de Ipojuca - PE,PE,Precatórios (inclusive) Vencidos e Não Pagos,10118.72
2019,Prefeitura Municipal de Ipojuca - PE,PE,Disponibilidade de Caixa,68433754.03
2019,Prefeitura Municipal de Ipojuca - PE,PE,Disponibilidade de Caixa Bruta,89434305.91
2019,Prefeitura Municipal de Ipojuca - PE,PE,RECEITA CORRENTE LÍQUIDA,764244020.79
2019,Prefeitura Municipal de Ipubi - PE,PE,Disponibilidade de Caixa Bruta,11805634.53
2019,Prefeitura Municipal de Ipubi - PE,PE,RECEITA CORRENTE LÍQUIDA,63541714.31
2019,Prefeitura Municipal de Ipubi - PE,PE,Precatórios (Não incluídos na DC),128862405.6
2019,Prefeitura Municipal de Itambé - PE,PE,DÍVIDA CONSOLIDADA,29711878.51
2019,Prefeitura Municipal de Itambé - PE,PE,Disponibilidade de Caixa,2181865.37
2019,Prefeitura Municipal de Itambé - PE,PE,Disponibilidade de Caixa Bruta,6715903.08
2019,Prefeitura Municipal de Itambé - PE,PE,RECEITA CORRENTE LÍQUIDA,67471519.72
2019,Prefeitura Municipal de Itapissuma - PE,PE,DÍVIDA CONSOLIDADA,5386895.52
2019,Prefeitura Municipal de Itapissuma - PE,PE,Disponibilidade de Caixa,16613749.3
2019,Prefeitura Municipal de Itapissuma - PE,PE,Disponibilidade de Caixa Bruta,23334620.37
2019,Prefeitura Municipal de Itapissuma - PE,PE,RECEITA CORRENTE LÍQUIDA,89895189.87
2019,Prefeitura Municipal de Jaboatão dos Guararapes - PE,PE,DÍVIDA CONSOLIDADA,146055618.37
2019,Prefeitura Municipal de Jaboatão dos Guararapes - PE,PE,Precatórios (inclusive) Vencidos e Não Pagos,9255577.19
2019,Prefeitura Municipal de Jaboatão dos Guararapes - PE,PE,Disponibilidade de Caixa,191235543.14
2019,Prefeitura Municipal de Jaboatão dos Guararapes - PE,PE,Disponibilidade de Caixa Bruta,223992009.24
2019,Prefeitura Municipal de Jaboatão dos Guararapes - PE,PE,RECEITA CORRENTE LÍQUIDA,1184446662.57
2019,Prefeitura Municipal de Jaqueira - PE,PE,DÍVIDA CONSOLIDADA,19988508.45
2019,Prefeitura Municipal de Jaqueira - PE,PE,Disponibilidade de Caixa,981230.42
2019,Prefeitura Municipal de Jaqueira - PE,PE,Disponibilidade de Caixa Bruta,3072309.14
2019,Prefeitura Municipal de Jaqueira - PE,PE,RECEITA CORRENTE LÍQUIDA,35729329.74
2019,Prefeitura Municipal de Itaquitinga - PE,PE,DÍVIDA CONSOLIDADA,8188142.01
2019,Prefeitura Municipal de Itaquitinga - PE,PE,Disponibilidade de Caixa Bruta,2428362.56
2019,Prefeitura Municipal de Itaquitinga - PE,PE,RECEITA CORRENTE LÍQUIDA,34261735.57
2019,Prefeitura Municipal de Jatobá - PE,PE,DÍVIDA CONSOLIDADA,15100250.36
2019,Prefeitura Municipal de Jatobá - PE,PE,Disponibilidade de Caixa,636853.06
2019,Prefeitura Municipal de Jatobá - PE,PE,Disponibilidade de Caixa Bruta,2158599.13
2019,Prefeitura Municipal de Jatobá - PE,PE,RECEITA CORRENTE LÍQUIDA,34393521.63
2019,Prefeitura Municipal de Joaquim Nabuco - PE,PE,RECEITA CORRENTE LÍQUIDA,40310063.04
2019,Prefeitura Municipal de João Alfredo - PE,PE,DÍVIDA CONSOLIDADA,24198713.55
2019,Prefeitura Municipal de João Alfredo - PE,PE,Precatórios (inclusive) Vencidos e Não Pagos,167558.59
2019,Prefeitura Municipal de João Alfredo - PE,PE,Disponibilidade de Caixa,4536635.93
2019,Prefeitura Municipal de João Alfredo - PE,PE,Disponibilidade de Caixa Bruta,10089991.42
2019,Prefeitura Municipal de João Alfredo - PE,PE,RECEITA CORRENTE LÍQUIDA,60305324.04
2019,Prefeitura Municipal de João Alfredo - PE,PE,Precatórios (Não incluídos na DC),118596937.76
2019,Prefeitura Municipal de Jurema - PE,PE,Disponibilidade de Caixa,1997185.01
2019,Prefeitura Municipal de Jurema - PE,PE,Disponibilidade de Caixa Bruta,5020826.14
2019,Prefeitura Municipal de Jurema - PE,PE,RECEITA CORRENTE LÍQUIDA,37103349.28
2019,Prefeitura Municipal de Lagoa de Itaenga - PE,PE,DÍVIDA CONSOLIDADA,41369134.03
2019,Prefeitura Municipal de Lagoa de Itaenga - PE,PE,Precatórios (inclusive) Vencidos e Não Pagos,7133.38
2019,Prefeitura Municipal de Lagoa de Itaenga - PE,PE,Disponibilidade de Caixa Bruta,1456800.31
2019,Prefeitura Municipal de Lagoa de Itaenga - PE,PE,RECEITA CORRENTE LÍQUIDA,46465930.66
2019,Prefeitura Municipal de Lagoa do Carro - PE,PE,DÍVIDA CONSOLIDADA,14844840.52
2019,Prefeitura Municipal de Lagoa do Carro - PE,PE,Disponibilidade de Caixa Bruta,3211477.03
2019,Prefeitura Municipal de Lagoa do Carro - PE,PE,RECEITA CORRENTE LÍQUIDA,37339853.37
2019,Prefeitura Municipal de Lagoa dos Gatos - PE,PE,DÍVIDA CONSOLIDADA,1353908.65
2019,Prefeitura Municipal de Lagoa dos Gatos - PE,PE,Disponibilidade de Caixa,3298424.97
2019,Prefeitura Municipal de Lagoa dos Gatos - PE,PE,Disponibilidade de Caixa Bruta,3487862.75
2019,Prefeitura Municipal de Lagoa dos Gatos - PE,PE,RECEITA CORRENTE LÍQUIDA,33441232.73
2019,Prefeitura Municipal de Lagoa do Ouro - PE,PE,DÍVIDA CONSOLIDADA,1694371.97
2019,Prefeitura Municipal de Lagoa do Ouro - PE,PE,Precatórios (inclusive) Vencidos e Não Pagos,69155.15
2019,Prefeitura Municipal de Lagoa do Ouro - PE,PE,Disponibilidade de Caixa,3591500.66
2019,Prefeitura Municipal de Lagoa do Ouro - PE,PE,Disponibilidade de Caixa Bruta,5567194.35
2019,Prefeitura Municipal de Lagoa do Ouro - PE,PE,RECEITA CORRENTE LÍQUIDA,36704771.3
2019,Prefeitura Municipal de Lagoa do Ouro - PE,PE,Precatórios (Não incluídos na DC),7478578.32
2019,Prefeitura Municipal de Lajedo - PE,PE,DÍVIDA CONSOLIDADA,2833454.63
2019,Prefeitura Municipal de Lajedo - PE,PE,Disponibilidade de Caixa Bruta,5335764.26
2019,Prefeitura Municipal de Lajedo - PE,PE,RECEITA CORRENTE LÍQUIDA,83604616.16
2019,Prefeitura Municipal de Lagoa Grande - PE,PE,DÍVIDA CONSOLIDADA,7238506.06
2019,Prefeitura Municipal de Lagoa Grande - PE,PE,Disponibilidade de Caixa,2132006.64
2019,Prefeitura Municipal de Lagoa Grande - PE,PE,Disponibilidade de Caixa Bruta,6983697.91
2019,Prefeitura Municipal de Lagoa Grande - PE,PE,RECEITA CORRENTE LÍQUIDA,56561400.15
2019,Prefeitura Municipal de Limoeiro - PE,PE,DÍVIDA CONSOLIDADA,8406074.76
2019,Prefeitura Municipal de Limoeiro - PE,PE,Disponibilidade de Caixa Bruta,7577226.2
2019,Prefeitura Municipal de Limoeiro - PE,PE,RECEITA CORRENTE LÍQUIDA,103241792.46
2019,Prefeitura Municipal de Macaparana - PE,PE,DÍVIDA CONSOLIDADA,1040841.14
2019,Prefeitura Municipal de Macaparana - PE,PE,Disponibilidade de Caixa Bruta,3785763.64
2019,Prefeitura Municipal de Macaparana - PE,PE,RECEITA CORRENTE LÍQUIDA,52772843.65
2019,Prefeitura Municipal de Maraial - PE,PE,RECEITA CORRENTE LÍQUIDA,29224734.21
2019,Prefeitura Municipal de Manari - PE,PE,DÍVIDA CONSOLIDADA,452054.31
2019,Prefeitura Municipal de Manari - PE,PE,Disponibilidade de Caixa Bruta,3270984.98
2019,Prefeitura Municipal de Manari - PE,PE,RECEITA CORRENTE LÍQUIDA,45681379.84
2019,Prefeitura Municipal de Machados - PE,PE,DÍVIDA CONSOLIDADA,6980729.46
2019,Prefeitura Municipal de Machados - PE,PE,Disponibilidade de Caixa,7782428.87
2019,Prefeitura Municipal de Machados - PE,PE,Disponibilidade de Caixa Bruta,8192485.02
2019,Prefeitura Municipal de Machados - PE,PE,RECEITA CORRENTE LÍQUIDA,31421387.58
2019,Prefeitura Municipal de Machados - PE,PE,Precatórios (Não incluídos na DC),48760740.7
2019,Prefeitura Municipal de Moreilândia - PE,PE,RECEITA CORRENTE LÍQUIDA,27977227.28
2019,Prefeitura Municipal de Moreilândia - PE,PE,Precatórios (Não incluídos na DC),53479.02
2019,Prefeitura Municipal de Mirandiba - PE,PE,DÍVIDA CONSOLIDADA,75705.63
2019,Prefeitura Municipal de Mirandiba - PE,PE,Disponibilidade de Caixa Bruta,3178982.54
2019,Prefeitura Municipal de Mirandiba - PE,PE,RECEITA CORRENTE LÍQUIDA,31698489.97
2019,Prefeitura Municipal de Moreno - PE,PE,DÍVIDA CONSOLIDADA,60774023.05
2019,Prefeitura Municipal de Moreno - PE,PE,Disponibilidade de Caixa,9805937.02
2019,Prefeitura Municipal de Moreno - PE,PE,Disponibilidade de Caixa Bruta,10361986.72
2019,Prefeitura Municipal de Moreno - PE,PE,RECEITA CORRENTE LÍQUIDA,101365673.72
2019,Prefeitura Municipal de Nazaré da Mata - PE,PE,DÍVIDA CONSOLIDADA,61074168.4
2019,Prefeitura Municipal de Nazaré da Mata - PE,PE,Disponibilidade de Caixa Bruta,4199663.67
2019,Prefeitura Municipal de Nazaré da Mata - PE,PE,RECEITA CORRENTE LÍQUIDA,51900230.1
2019,Prefeitura Municipal de Olinda - PE,PE,DÍVIDA CONSOLIDADA,96227612.31
2019,Prefeitura Municipal de Olinda - PE,PE,Disponibilidade de Caixa,112181800.62
2019,Prefeitura Municipal de Olinda - PE,PE,Disponibilidade de Caixa Bruta,127415214.69
2019,Prefeitura Municipal de Olinda - PE,PE,RECEITA CORRENTE LÍQUIDA,601552053.92
2019,Prefeitura Municipal de Orobó - PE,PE,DÍVIDA CONSOLIDADA,21369000.51
2019,Prefeitura Municipal de Orobó - PE,PE,Precatórios (inclusive) Vencidos e Não Pagos,617517.38
2019,Prefeitura Municipal de Orobó - PE,PE,Disponibilidade de Caixa,6920549.81
2019,Prefeitura Municipal de Orobó - PE,PE,Disponibilidade de Caixa Bruta,6925515.29
2019,Prefeitura Municipal de Orobó - PE,PE,RECEITA CORRENTE LÍQUIDA,53905947.82
2019,Prefeitura Municipal de Ouricuri - PE,PE,RECEITA CORRENTE LÍQUIDA,113770996.43
2019,Prefeitura Municipal de Orocó - PE,PE,DÍVIDA CONSOLIDADA,2780174.48
2019,Prefeitura Municipal de Orocó - PE,PE,Disponibilidade de Caixa Bruta,3154465.42
2019,Prefeitura Municipal de Orocó - PE,PE,RECEITA CORRENTE LÍQUIDA,36915576.72
2019,Prefeitura Municipal de Panelas - PE,PE,DÍVIDA CONSOLIDADA,12431878.72
2019,Prefeitura Municipal de Panelas - PE,PE,Disponibilidade de Caixa,16697791.64
2019,Prefeitura Municipal de Panelas - PE,PE,Disponibilidade de Caixa Bruta,25004930.6
2019,Prefeitura Municipal de Panelas - PE,PE,RECEITA CORRENTE LÍQUIDA,61767449.63
2019,Prefeitura Municipal de Palmeirina - PE,PE,DÍVIDA CONSOLIDADA,808838.8
2019,Prefeitura Municipal de Palmeirina - PE,PE,Disponibilidade de Caixa Bruta,1448340.64
2019,Prefeitura Municipal de Palmeirina - PE,PE,RECEITA CORRENTE LÍQUIDA,21641303.78
2019,Prefeitura Municipal de Palmares - PE,PE,DÍVIDA CONSOLIDADA,26324652.94
2019,Prefeitura Municipal de Palmares - PE,PE,Disponibilidade de Caixa Bruta,8907670.81
2019,Prefeitura Municipal de Palmares - PE,PE,RECEITA CORRENTE LÍQUIDA,129608761.01
2019,Prefeitura Municipal de Paranatama - PE,PE,DÍVIDA CONSOLIDADA,8894916.88
2019,Prefeitura Municipal de Paranatama - PE,PE,Precatórios (inclusive) Vencidos e Não Pagos,18240.68
2019,Prefeitura Municipal de Paranatama - PE,PE,Disponibilidade de Caixa,2769296.33
2019,Prefeitura Municipal de Paranatama - PE,PE,Disponibilidade de Caixa Bruta,4458586.21
2019,Prefeitura Municipal de Paranatama - PE,PE,RECEITA CORRENTE LÍQUIDA,38119728.15
2019,Prefeitura Municipal de Parnamirim - PE,PE,RECEITA CORRENTE LÍQUIDA,43920039.94
2019,Prefeitura Municipal de Paudalho - PE,PE,DÍVIDA CONSOLIDADA,73240191.59
2019,Prefeitura Municipal de Paudalho - PE,PE,Disponibilidade de Caixa Bruta,11649790.76
2019,Prefeitura Municipal de Paudalho - PE,PE,RECEITA CORRENTE LÍQUIDA,104606301.79
2019,Prefeitura Municipal de Paudalho - PE,PE,Precatórios (Não incluídos na DC),1003483.18
2019,Prefeitura Municipal de Passira - PE,PE,DÍVIDA CONSOLIDADA,12861422.65
2019,Prefeitura Municipal de Passira - PE,PE,Disponibilidade de Caixa Bruta,3320681.25
2019,Prefeitura Municipal de Passira - PE,PE,RECEITA CORRENTE LÍQUIDA,54107299.88
2019,Prefeitura Municipal de Paulista - PE,PE,DÍVIDA CONSOLIDADA,32752539.11
2019,Prefeitura Municipal de Paulista - PE,PE,Disponibilidade de Caixa,89178197.47
2019,Prefeitura Municipal de Paulista - PE,PE,Disponibilidade de Caixa Bruta,92720746.3
2019,Prefeitura Municipal de Paulista - PE,PE,RECEITA CORRENTE LÍQUIDA,443273837.71
2019,Prefeitura Municipal de Pedra - PE,PE,Disponibilidade de Caixa Bruta,2169956.6
2019,Prefeitura Municipal de Pedra - PE,PE,RECEITA CORRENTE LÍQUIDA,46106591.23
2019,Prefeitura Municipal de Petrolândia - PE,PE,DÍVIDA CONSOLIDADA,4084349.24
2019,Prefeitura Municipal de Petrolândia - PE,PE,Disponibilidade de Caixa,7496100.7
2019,Prefeitura Municipal de Petrolândia - PE,PE,Disponibilidade de Caixa Bruta,9337165.91
2019,Prefeitura Municipal de Petrolândia - PE,PE,RECEITA CORRENTE LÍQUIDA,80562848.76
2019,Prefeitura Municipal de Pesqueira - PE,PE,DÍVIDA CONSOLIDADA,36400709.44
2019,Prefeitura Municipal de Pesqueira - PE,PE,Disponibilidade de Caixa Bruta,11078791.79
2019,Prefeitura Municipal de Pesqueira - PE,PE,RECEITA CORRENTE LÍQUIDA,121237803.14
2019,Prefeitura Municipal de Pesqueira - PE,PE,Precatórios (Não incluídos na DC),321869.73
2019,Prefeitura Municipal de Petrolina - PE,PE,DÍVIDA CONSOLIDADA,160843339.92
2019,Prefeitura Municipal de Petrolina - PE,PE,Precatórios (inclusive) Vencidos e Não Pagos,49272081.16
2019,Prefeitura Municipal de Petrolina - PE,PE,Disponibilidade de Caixa,65867955.43
2019,Prefeitura Municipal de Petrolina - PE,PE,Disponibilidade de Caixa Bruta,99861065.38
2019,Prefeitura Municipal de Petrolina - PE,PE,RECEITA CORRENTE LÍQUIDA,656619747.63
2019,Prefeitura Municipal de Poção - PE,PE,DÍVIDA CONSOLIDADA,6069610.15
2019,Prefeitura Municipal de Poção - PE,PE,Disponibilidade de Caixa,1243844.5
2019,Prefeitura Municipal de Poção - PE,PE,Disponibilidade de Caixa Bruta,3019526.98
2019,Prefeitura Municipal de Poção - PE,PE,RECEITA CORRENTE LÍQUIDA,28805283.03
2019,Prefeitura Municipal de Poção - PE,PE,Precatórios (Não incluídos na DC),54490.32
2019,Prefeitura Municipal de Primavera - PE,PE,Disponibilidade de Caixa Bruta,-367995.48
2019,Prefeitura Municipal de Primavera - PE,PE,RECEITA CORRENTE LÍQUIDA,32509366.71
2019,Prefeitura Municipal de Pombos - PE,PE,DÍVIDA CONSOLIDADA,6389726.65
2019,Prefeitura Municipal de Pombos - PE,PE,Disponibilidade de Caixa,1547385.17
2019,Prefeitura Municipal de Pombos - PE,PE,Disponibilidade de Caixa Bruta,10239866.8
2019,Prefeitura Municipal de Pombos - PE,PE,RECEITA CORRENTE LÍQUIDA,55385634.83
2019,Prefeitura Municipal de Quipapá - PE,PE,DÍVIDA CONSOLIDADA,718545.58
2019,Prefeitura Municipal de Quipapá - PE,PE,Disponibilidade de Caixa Bruta,3876765.55
2019,Prefeitura Municipal de Quipapá - PE,PE,RECEITA CORRENTE LÍQUIDA,49199248.35
2019,Prefeitura Municipal de Ribeirão - PE,PE,DÍVIDA CONSOLIDADA,29423710.44
2019,Prefeitura Municipal de Ribeirão - PE,PE,Disponibilidade de Caixa Bruta,5050565.1
2019,Prefeitura Municipal de Ribeirão - PE,PE,RECEITA CORRENTE LÍQUIDA,76330855.02
2019,Prefeitura Municipal de Riacho das Almas - PE,PE,DÍVIDA CONSOLIDADA,6818787.49
2019,Prefeitura Municipal de Riacho das Almas - PE,PE,Disponibilidade de Caixa,937509.28
2019,Prefeitura Municipal de Riacho das Almas - PE,PE,Disponibilidade de Caixa Bruta,3658684.03
2019,Prefeitura Municipal de Riacho das Almas - PE,PE,RECEITA CORRENTE LÍQUIDA,45545781.34
2019,Prefeitura Municipal de Riacho das Almas - PE,PE,Precatórios (Não incluídos na DC),290188351.78
2019,Prefeitura Municipal de Rio Formoso - PE,PE,DÍVIDA CONSOLIDADA,59754601.53
2019,Prefeitura Municipal de Rio Formoso - PE,PE,Disponibilidade de Caixa Bruta,5679347.52
2019,Prefeitura Municipal de Rio Formoso - PE,PE,RECEITA CORRENTE LÍQUIDA,60358874.12
2019,Prefeitura Municipal de Recife - PE,PE,DÍVIDA CONSOLIDADA,1167347987.33
2019,Prefeitura Municipal de Recife - PE,PE,Disponibilidade de Caixa,723710206.81
2019,Prefeitura Municipal de Recife - PE,PE,Disponibilidade de Caixa Bruta,740067657.39
2019,Prefeitura Municipal de Recife - PE,PE,RECEITA CORRENTE LÍQUIDA,4376903334.2
2019,Prefeitura Municipal de Sairé - PE,PE,DÍVIDA CONSOLIDADA,20848274.39
2019,Prefeitura Municipal de Sairé - PE,PE,Disponibilidade de Caixa Bruta,1281128.82
2019,Prefeitura Municipal de Sairé - PE,PE,RECEITA CORRENTE LÍQUIDA,26167528.81
2019,Prefeitura Municipal de Salgadinho - PE,PE,DÍVIDA CONSOLIDADA,9827218.74
2019,Prefeitura Municipal de Salgadinho - PE,PE,RECEITA CORRENTE LÍQUIDA,26891430.3
2019,Prefeitura Municipal de Salgadinho - PE,PE,Precatórios (Não incluídos na DC),104222.6
2019,Prefeitura Municipal de Salgueiro - PE,PE,DÍVIDA CONSOLIDADA,18024526.48
2019,Prefeitura Municipal de Salgueiro - PE,PE,Disponibilidade de Caixa,6590374.16
2019,Prefeitura Municipal de Salgueiro - PE,PE,Disponibilidade de Caixa Bruta,8082083.48
2019,Prefeitura Municipal de Salgueiro - PE,PE,RECEITA CORRENTE LÍQUIDA,120309477.82
2019,Prefeitura Municipal de Saloá - PE,PE,DÍVIDA CONSOLIDADA,1344711.26
2019,Prefeitura Municipal de Saloá - PE,PE,Disponibilidade de Caixa Bruta,6170943.85
2019,Prefeitura Municipal de Saloá - PE,PE,RECEITA CORRENTE LÍQUIDA,37286331.36
2019,Prefeitura Municipal de Santa Cruz - PE,PE,RECEITA CORRENTE LÍQUIDA,35554107.71
2019,Prefeitura Municipal de Santa Cruz da Baixa Verde - PE,PE,DÍVIDA CONSOLIDADA,-165966.48
2019,Prefeitura Municipal de Santa Cruz da Baixa Verde - PE,PE,Disponibilidade de Caixa Bruta,2081293.96
2019,Prefeitura Municipal de Santa Cruz da Baixa Verde - PE,PE,RECEITA CORRENTE LÍQUIDA,31533710.22
2019,Prefeitura Municipal de Sanharó - PE,PE,DÍVIDA CONSOLIDADA,15959471.17
2019,Prefeitura Municipal de Sanharó - PE,PE,Disponibilidade de Caixa,3012516.78
2019,Prefeitura Municipal de Sanharó - PE,PE,Disponibilidade de Caixa Bruta,4172184.56
2019,Prefeitura Municipal de Sanharó - PE,PE,RECEITA CORRENTE LÍQUIDA,46295855.86
2019,Prefeitura Municipal de Sanharó - PE,PE,Precatórios (Não incluídos na DC),-17680.72
2019,Prefeitura Municipal de Santa Filomena - PE,PE,RECEITA CORRENTE LÍQUIDA,35713354.43
2019,Prefeitura Municipal de Santa Cruz do Capibaribe - PE,PE,DÍVIDA CONSOLIDADA,15914770.0
2019,Prefeitura Municipal de Santa Cruz do Capibaribe - PE,PE,Disponibilidade de Caixa,26102906.44
2019,Prefeitura Municipal de Santa Cruz do Capibaribe - PE,PE,Disponibilidade de Caixa Bruta,48404426.63
2019,Prefeitura Municipal de Santa Cruz do Capibaribe - PE,PE,RECEITA CORRENTE LÍQUIDA,159043099.02
2019,Prefeitura Municipal de Santa Maria da Boa Vista - PE,PE,DÍVIDA CONSOLIDADA,21040510.63
2019,Prefeitura Municipal de Santa Maria da Boa Vista - PE,PE,Disponibilidade de Caixa,5115434.28
2019,Prefeitura Municipal de Santa Maria da Boa Vista - PE,PE,Disponibilidade de Caixa Bruta,14615244.3
2019,Prefeitura Municipal de Santa Maria da Boa Vista - PE,PE,RECEITA CORRENTE LÍQUIDA,87450272.29
2019,Prefeitura Municipal de Santa Maria do Cambucá - PE,PE,DÍVIDA CONSOLIDADA,634555.55
2019,Prefeitura Municipal de Santa Maria do Cambucá - PE,PE,Disponibilidade de Caixa,2998082.7
2019,Prefeitura Municipal de Santa Maria do Cambucá - PE,PE,Disponibilidade de Caixa Bruta,3064315.32
2019,Prefeitura Municipal de Santa Maria do Cambucá - PE,PE,RECEITA CORRENTE LÍQUIDA,30902162.69
2019,Prefeitura Municipal de Santa Terezinha - PE,PE,DÍVIDA CONSOLIDADA,708710.51
2019,Prefeitura Municipal de Santa Terezinha - PE,PE,Disponibilidade de Caixa,99822.69
2019,Prefeitura Municipal de Santa Terezinha - PE,PE,Disponibilidade de Caixa Bruta,1180410.14
2019,Prefeitura Municipal de Santa Terezinha - PE,PE,RECEITA CORRENTE LÍQUIDA,27097571.09
2019,Prefeitura Municipal de São Caitano - PE,PE,DÍVIDA CONSOLIDADA,16119463.86
2019,Prefeitura Municipal de São Caitano - PE,PE,Disponibilidade de Caixa,22888128.67
2019,Prefeitura Municipal de São Caitano - PE,PE,Disponibilidade de Caixa Bruta,24150585.67
2019,Prefeitura Municipal de São Caitano - PE,PE,RECEITA CORRENTE LÍQUIDA,63400412.74
2019,Prefeitura Municipal de São Benedito do Sul - PE,PE,DÍVIDA CONSOLIDADA,5375552.87
2019,Prefeitura Municipal de São Benedito do Sul - PE,PE,Disponibilidade de Caixa,608735.3
2019,Prefeitura Municipal de São Benedito do Sul - PE,PE,Disponibilidade de Caixa Bruta,2154699.31
2019,Prefeitura Municipal de São Benedito do Sul - PE,PE,RECEITA CORRENTE LÍQUIDA,30039099.7
2019,Prefeitura Municipal de São Bento do Una - PE,PE,DÍVIDA CONSOLIDADA,3602245.72
2019,Prefeitura Municipal de São Bento do Una - PE,PE,Disponibilidade de Caixa,3132835.48
2019,Prefeitura Municipal de São Bento do Una - PE,PE,Disponibilidade de Caixa Bruta,15228999.28
2019,Prefeitura Municipal de São Bento do Una - PE,PE,RECEITA CORRENTE LÍQUIDA,94655138.1
2019,Prefeitura Municipal de São João - PE,PE,Disponibilidade de Caixa Bruta,4390368.19
2019,Prefeitura Municipal de São João - PE,PE,RECEITA CORRENTE LÍQUIDA,50439313.59
2019,Prefeitura Municipal de São Joaquim do Monte - PE,PE,DÍVIDA CONSOLIDADA,14255999.49
2019,Prefeitura Municipal de São Joaquim do Monte - PE,PE,Precatórios (inclusive) Vencidos e Não Pagos,1082905.32
2019,Prefeitura Municipal de São Joaquim do Monte - PE,PE,Disponibilidade de Caixa Bruta,3989724.96
2019,Prefeitura Municipal de São Joaquim do Monte - PE,PE,RECEITA CORRENTE LÍQUIDA,48155356.4
2019,Prefeitura Municipal de São José da Coroa Grande - PE,PE,DÍVIDA CONSOLIDADA,2123304.54
2019,Prefeitura Municipal de São José da Coroa Grande - PE,PE,Disponibilidade de Caixa,12374610.89
2019,Prefeitura Municipal de São José da Coroa Grande - PE,PE,Disponibilidade de Caixa Bruta,15750026.33
2019,Prefeitura Municipal de São José da Coroa Grande - PE,PE,RECEITA CORRENTE LÍQUIDA,47145452.24
2019,Prefeitura Municipal de São José do Belmonte - PE,PE,DÍVIDA CONSOLIDADA,257457.71
2019,Prefeitura Municipal de São José do Belmonte - PE,PE,Disponibilidade de Caixa,31363479.37
2019,Prefeitura Municipal de São José do Belmonte - PE,PE,Disponibilidade de Caixa Bruta,32214295.06
2019,Prefeitura Municipal de São José do Belmonte - PE,PE,RECEITA CORRENTE LÍQUIDA,85164572.05
2019,Prefeitura Municipal de São Lourenço da Mata - PE,PE,DÍVIDA CONSOLIDADA,24103872.78
2019,Prefeitura Municipal de São Lourenço da Mata - PE,PE,Disponibilidade de Caixa,20355142.52
2019,Prefeitura Municipal de São Lourenço da Mata - PE,PE,Disponibilidade de Caixa Bruta,35703822.19
2019,Prefeitura Municipal de São Lourenço da Mata - PE,PE,RECEITA CORRENTE LÍQUIDA,152947444.84
2019,Prefeitura Municipal de São Vicente Ferrer - PE,PE,DÍVIDA CONSOLIDADA,3192190.74
2019,Prefeitura Municipal de São Vicente Ferrer - PE,PE,Disponibilidade de Caixa,5081982.32
2019,Prefeitura Municipal de São Vicente Ferrer - PE,PE,Disponibilidade de Caixa Bruta,7514571.97
2019,Prefeitura Municipal de São Vicente Ferrer - PE,PE,RECEITA CORRENTE LÍQUIDA,39220254.64
2019,Prefeitura Municipal de Serra Talhada - PE,PE,DÍVIDA CONSOLIDADA,37393346.99
2019,Prefeitura Municipal de Serra Talhada - PE,PE,Disponibilidade de Caixa Bruta,24104463.71
2019,Prefeitura Municipal de Serra Talhada - PE,PE,RECEITA CORRENTE LÍQUIDA,172920414.89
2019,Prefeitura Municipal de Serrita - PE,PE,DÍVIDA CONSOLIDADA,12054819.32
2019,Prefeitura Municipal de Serrita - PE,PE,Disponibilidade de Caixa,155428.72
2019,Prefeitura Municipal de Serrita - PE,PE,Disponibilidade de Caixa Bruta,2873335.09
2019,Prefeitura Municipal de Serrita - PE,PE,RECEITA CORRENTE LÍQUIDA,45031225.16
2019,Prefeitura Municipal de Sertânia - PE,PE,DÍVIDA CONSOLIDADA,-6533.22
2019,Prefeitura Municipal de Sertânia - PE,PE,Disponibilidade de Caixa,11080552.78
2019,Prefeitura Municipal de Sertânia - PE,PE,Disponibilidade de Caixa Bruta,11274796.87
2019,Prefeitura Municipal de Sertânia - PE,PE,RECEITA CORRENTE LÍQUIDA,76848437.67
2019,Prefeitura Municipal de Solidão - PE,PE,DÍVIDA CONSOLIDADA,1286217.8
2019,Prefeitura Municipal de Solidão - PE,PE,Disponibilidade de Caixa,578118.32
2019,Prefeitura Municipal de Solidão - PE,PE,Disponibilidade de Caixa Bruta,1300577.86
2019,Prefeitura Municipal de Solidão - PE,PE,RECEITA CORRENTE LÍQUIDA,18889405.24
2019,Prefeitura Municipal de Surubim - PE,PE,Disponibilidade de Caixa,2656765.68
2019,Prefeitura Municipal de Surubim - PE,PE,Disponibilidade de Caixa Bruta,6911699.39
2019,Prefeitura Municipal de Surubim - PE,PE,RECEITA CORRENTE LÍQUIDA,109022851.14
2019,Prefeitura Municipal de Tabira - PE,PE,DÍVIDA CONSOLIDADA,14082368.85
2019,Prefeitura Municipal de Tabira - PE,PE,Disponibilidade de Caixa,3269630.21
2019,Prefeitura Municipal de Tabira - PE,PE,Disponibilidade de Caixa Bruta,5754562.44
2019,Prefeitura Municipal de Tabira - PE,PE,RECEITA CORRENTE LÍQUIDA,53790733.49
2019,Prefeitura Municipal de Tacaimbó - PE,PE,DÍVIDA CONSOLIDADA,5645925.75
2019,Prefeitura Municipal de Tacaimbó - PE,PE,Disponibilidade de Caixa,955440.57
2019,Prefeitura Municipal de Tacaimbó - PE,PE,Disponibilidade de Caixa Bruta,2890713.49
2019,Prefeitura Municipal de Tacaimbó - PE,PE,RECEITA CORRENTE LÍQUIDA,25793447.57
2019,Prefeitura Municipal de Tacaratu - PE,PE,DÍVIDA CONSOLIDADA,573288.01
2019,Prefeitura Municipal de Tacaratu - PE,PE,Disponibilidade de Caixa,2599650.77
2019,Prefeitura Municipal de Tacaratu - PE,PE,Disponibilidade de Caixa Bruta,7690166.84
2019,Prefeitura Municipal de Tacaratu - PE,PE,RECEITA CORRENTE LÍQUIDA,53427311.46
2019,Prefeitura Municipal de Taquaritinga do Norte - PE,PE,DÍVIDA CONSOLIDADA,18700705.31
2019,Prefeitura Municipal de Taquaritinga do Norte - PE,PE,Disponibilidade de Caixa Bruta,4654798.09
2019,Prefeitura Municipal de Taquaritinga do Norte - PE,PE,RECEITA CORRENTE LÍQUIDA,51330231.33
2019,Prefeitura Municipal de Terra Nova - PE,PE,RECEITA CORRENTE LÍQUIDA,25460953.25
2019,Prefeitura Municipal de Terezinha - PE,PE,Disponibilidade de Caixa,456726.99
2019,Prefeitura Municipal de Terezinha - PE,PE,Disponibilidade de Caixa Bruta,5153252.06
2019,Prefeitura Municipal de Terezinha - PE,PE,RECEITA CORRENTE LÍQUIDA,25993824.8
2019,Prefeitura Municipal de Terezinha - PE,PE,Precatórios (Não incluídos na DC),206647.73
2019,Prefeitura Municipal de Timbaúba - PE,PE,DÍVIDA CONSOLIDADA,2686296.29
2019,Prefeitura Municipal de Timbaúba - PE,PE,Disponibilidade de Caixa,9826691.0
2019,Prefeitura Municipal de Timbaúba - PE,PE,Disponibilidade de Caixa Bruta,9968592.04
2019,Prefeitura Municipal de Timbaúba - PE,PE,RECEITA CORRENTE LÍQUIDA,102785695.04
2019,Prefeitura Municipal de Tracunhaém - PE,PE,Disponibilidade de Caixa,2465943.59
2019,Prefeitura Municipal de Tracunhaém - PE,PE,Disponibilidade de Caixa Bruta,997701.65
2019,Prefeitura Municipal de Tracunhaém - PE,PE,RECEITA CORRENTE LÍQUIDA,30702487.58
2019,Prefeitura Municipal de Tracunhaém - PE,PE,Precatórios (Não incluídos na DC),83105439.05
2019,Prefeitura Municipal de Toritama - PE,PE,DÍVIDA CONSOLIDADA,17527124.41
2019,Prefeitura Municipal de Toritama - PE,PE,Disponibilidade de Caixa,8037578.31
2019,Prefeitura Municipal de Toritama - PE,PE,Disponibilidade de Caixa Bruta,10920200.59
2019,Prefeitura Municipal de Toritama - PE,PE,RECEITA CORRENTE LÍQUIDA,86497663.03
2019,Prefeitura Municipal de Tupanatinga - PE,PE,DÍVIDA CONSOLIDADA,3709037.7
2019,Prefeitura Municipal de Tupanatinga - PE,PE,Disponibilidade de Caixa,9415415.6
2019,Prefeitura Municipal de Tupanatinga - PE,PE,Disponibilidade de Caixa Bruta,20584800.77
2019,Prefeitura Municipal de Tupanatinga - PE,PE,RECEITA CORRENTE LÍQUIDA,54770924.11
2019,Prefeitura Municipal de Tuparetama - PE,PE,DÍVIDA CONSOLIDADA,1787765.62
2019,Prefeitura Municipal de Tuparetama - PE,PE,Disponibilidade de Caixa,4625.77
2019,Prefeitura Municipal de Tuparetama - PE,PE,Disponibilidade de Caixa Bruta,897750.51
2019,Prefeitura Municipal de Tuparetama - PE,PE,RECEITA CORRENTE LÍQUIDA,23689423.1
2019,Prefeitura Municipal de Venturosa - PE,PE,DÍVIDA CONSOLIDADA,4709787.95
2019,Prefeitura Municipal de Venturosa - PE,PE,Precatórios (inclusive) Vencidos e Não Pagos,132413.9
2019,Prefeitura Municipal de Venturosa - PE,PE,Disponibilidade de Caixa,1432285.4
2019,Prefeitura Municipal de Venturosa - PE,PE,Disponibilidade de Caixa Bruta,3021430.57
2019,Prefeitura Municipal de Venturosa - PE,PE,RECEITA CORRENTE LÍQUIDA,40322716.79
2019,Prefeitura Municipal de Verdejante - PE,PE,RECEITA CORRENTE LÍQUIDA,25643707.26
2019,Prefeitura Municipal de Vertente do Lério - PE,PE,DÍVIDA CONSOLIDADA,147821.55
2019,Prefeitura Municipal de Vertente do Lério - PE,PE,Disponibilidade de Caixa,1232496.02
2019,Prefeitura Municipal de Vertente do Lério - PE,PE,Disponibilidade de Caixa Bruta,2187886.05
2019,Prefeitura Municipal de Vertente do Lério - PE,PE,RECEITA CORRENTE LÍQUIDA,22339624.65
2019,Prefeitura Municipal de Vertentes - PE,PE,DÍVIDA CONSOLIDADA,1819486.9
2019,Prefeitura Municipal de Vertentes - PE,PE,Disponibilidade de Caixa,13946170.82
2019,Prefeitura Municipal de Vertentes - PE,PE,Disponibilidade de Caixa Bruta,14700103.45
2019,Prefeitura Municipal de Vertentes - PE,PE,RECEITA CORRENTE LÍQUIDA,43895772.44
2019,Prefeitura Municipal de Vicência - PE,PE,DÍVIDA CONSOLIDADA,33751482.25
2019,Prefeitura Municipal de Vicência - PE,PE,Disponibilidade de Caixa,7373636.11
2019,Prefeitura Municipal de Vicência - PE,PE,Disponibilidade de Caixa Bruta,8886356.39
2019,Prefeitura Municipal de Vicência - PE,PE,RECEITA CORRENTE LÍQUIDA,62364757.74
2019,Prefeitura Municipal de Vitória de Santo Antão - PE,PE,DÍVIDA CONSOLIDADA,11493337.36
2019,Prefeitura Municipal de Vitória de Santo Antão - PE,PE,Precatórios (inclusive) Vencidos e Não Pagos,1277032.47
2019,Prefeitura Municipal de Vitória de Santo Antão - PE,PE,Disponibilidade de Caixa,72419466.21
2019,Prefeitura Municipal de Vitória de Santo Antão - PE,PE,Disponibilidade de Caixa Bruta,83601206.77
2019,Prefeitura Municipal de Vitória de Santo Antão - PE,PE,RECEITA CORRENTE LÍQUIDA,267960893.96
2019,Prefeitura Municipal de Xexéu - PE,PE,Disponibilidade de Caixa,284707.07
2019,Prefeitura Municipal de Xexéu - PE,PE,Disponibilidade de Caixa Bruta,186070.36
2019,Prefeitura Municipal de Xexéu - PE,PE,RECEITA CORRENTE LÍQUIDA,40075512.65
2020,Prefeitura Municipal de Abreu e Lima - PE,PE,DÍVIDA CONSOLIDADA,20382825.49
2020,Prefeitura Municipal de Abreu e Lima - PE,PE,Disponibilidade de Caixa,10203583.59
2020,Prefeitura Municipal de Abreu e Lima - PE,PE,Disponibilidade de Caixa Bruta,16845446.61
2020,Prefeitura Municipal de Abreu e Lima - PE,PE,RECEITA CORRENTE LÍQUIDA,159301254.2
2020,Prefeitura Municipal de Abreu e Lima - PE,PE,% da DC sobre a RCL AJUSTADA (I/VI),12.8
2020,Prefeitura Municipal de Abreu e Lima - PE,PE,% da DCL sobre a RCL AJUSTADA,5.97
2020,Prefeitura Municipal de Agrestina - PE,PE,DÍVIDA CONSOLIDADA,22523015.82
2020,Prefeitura Municipal de Agrestina - PE,PE,Disponibilidade de Caixa,12726016.46
2020,Prefeitura Municipal de Agrestina - PE,PE,Disponibilidade de Caixa Bruta,14990990.04
2020,Prefeitura Municipal de Agrestina - PE,PE,RECEITA CORRENTE LÍQUIDA,63747310.8
2020,Prefeitura Municipal de Agrestina - PE,PE,% da DC sobre a RCL AJUSTADA (I/VI),37.08
2020,Prefeitura Municipal de Agrestina - PE,PE,% da DCL sobre a RCL AJUSTADA,15.97
2020,Prefeitura Municipal de Afrânio - PE,PE,DÍVIDA CONSOLIDADA,7970554.47
2020,Prefeitura Municipal de Afrânio - PE,PE,Disponibilidade de Caixa,3388509.96
2020,Prefeitura Municipal de Afrânio - PE,PE,Disponibilidade de Caixa Bruta,4178776.3
2020,Prefeitura Municipal de Afrânio - PE,PE,RECEITA CORRENTE LÍQUIDA,47478319.97
2020,Prefeitura Municipal de Afrânio - PE,PE,% da DC sobre a RCL AJUSTADA (I/VI),16.79
2020,Prefeitura Municipal de Afrânio - PE,PE,% da DCL sobre a RCL AJUSTADA,9.65
2020,Prefeitura Municipal de Água Preta - PE,PE,DÍVIDA CONSOLIDADA,28302170.54
2020,Prefeitura Municipal de Água Preta - PE,PE,Precatórios (inclusive) Vencidos e Não Pagos,579286.37
2020,Prefeitura Municipal de Água Preta - PE,PE,Disponibilidade de Caixa Bruta,3852387.2
2020,Prefeitura Municipal de Água Preta - PE,PE,RECEITA CORRENTE LÍQUIDA,69152681.01
2020,Prefeitura Municipal de Água Preta - PE,PE,% da DC sobre a RCL AJUSTADA (I/VI),41.59
2020,Prefeitura Municipal de Água Preta - PE,PE,% da DCL sobre a RCL AJUSTADA,41.59
2020,Prefeitura Municipal de Águas Belas - PE,PE,DÍVIDA CONSOLIDADA,29970436.43
2020,Prefeitura Municipal de Águas Belas - PE,PE,Disponibilidade de Caixa Bruta,5909657.22
2020,Prefeitura Municipal de Águas Belas - PE,PE,RECEITA CORRENTE LÍQUIDA,84804459.99
2020,Prefeitura Municipal de Águas Belas - PE,PE,% da DC sobre a RCL AJUSTADA (I/VI),36.92
2020,Prefeitura Municipal de Águas Belas - PE,PE,% da DCL sobre a RCL AJUSTADA,36.92
2020,Prefeitura Municipal de Alagoinha - PE,PE,DÍVIDA CONSOLIDADA,3976681.01
2020,Prefeitura Municipal de Alagoinha - PE,PE,Disponibilidade de Caixa Bruta,1546072.48
2020,Prefeitura Municipal de Alagoinha - PE,PE,RECEITA CORRENTE LÍQUIDA,36650969.08
2020,Prefeitura Municipal de Alagoinha - PE,PE,% da DC sobre a RCL AJUSTADA (I/VI),10.85
2020,Prefeitura Municipal de Alagoinha - PE,PE,% da DCL sobre a RCL AJUSTADA,10.85
2020,Prefeitura Municipal de Aliança - PE,PE,DÍVIDA CONSOLIDADA,50394024.38
2020,Prefeitura Municipal de Aliança - PE,PE,Disponibilidade de Caixa Bruta,8684158.84
2020,Prefeitura Municipal de Aliança - PE,PE,RECEITA CORRENTE LÍQUIDA,75578540.5
2020,Prefeitura Municipal de Aliança - PE,PE,% da DC sobre a RCL AJUSTADA (I/VI),66.68
2020,Prefeitura Municipal de Aliança - PE,PE,% da DCL sobre a RCL AJUSTADA,66.68
2020,Prefeitura Municipal de Altinho - PE,PE,DÍVIDA CONSOLIDADA,5849105.62
2020,Prefeitura Municipal de Altinho - PE,PE,Disponibilidade de Caixa Bruta,2667953.21
2020,Prefeitura Municipal de Altinho - PE,PE,RECEITA CORRENTE LÍQUIDA,41336588.12
2020,Prefeitura Municipal de Altinho - PE,PE,% da DC sobre a RCL AJUSTADA (I/VI),14.15
2020,Prefeitura Municipal de Altinho - PE,PE,% da DCL sobre a RCL AJUSTADA,14.14
2020,Prefeitura Municipal de Amaraji - PE,PE,RECEITA CORRENTE LÍQUIDA,49656232.65
2020,Prefeitura Municipal de Araçoiaba - PE,PE,DÍVIDA CONSOLIDADA,30340817.01
2020,Prefeitura Municipal de Araçoiaba - PE,PE,Disponibilidade de Caixa,16734600.97
2020,Prefeitura Municipal de Araçoiaba - PE,PE,Disponibilidade de Caixa Bruta,21378153.51
2020,Prefeitura Municipal de Araçoiaba - PE,PE,RECEITA CORRENTE LÍQUIDA,48020648.95
2020,Prefeitura Municipal de Araçoiaba - PE,PE,% da DC sobre a RCL AJUSTADA (I/VI),63.18
2020,Prefeitura Municipal de Araçoiaba - PE,PE,% da DCL sobre a RCL AJUSTADA,28.33
2020,Prefeitura Municipal de Angelim - PE,PE,DÍVIDA CONSOLIDADA,290571.11
2020,Prefeitura Municipal de Angelim - PE,PE,Disponibilidade de Caixa,6122737.35
2020,Prefeitura Municipal de Angelim - PE,PE,Disponibilidade de Caixa Bruta,8373396.89
2020,Prefeitura Municipal de Angelim - PE,PE,RECEITA CORRENTE LÍQUIDA,35536148.33
2020,Prefeitura Municipal de Angelim - PE,PE,% da DC sobre a RCL AJUSTADA (I/VI),0.84
2020,Prefeitura Municipal de Angelim - PE,PE,% da DCL sobre a RCL AJUSTADA,-16.86
2020,Prefeitura Municipal de Araripina - PE,PE,DÍVIDA CONSOLIDADA,109199759.75
2020,Prefeitura Municipal de Araripina - PE,PE,Disponibilidade de Caixa,4538123.51
2020,Prefeitura Municipal de Araripina - PE,PE,Disponibilidade de Caixa Bruta,16857339.37
2020,Prefeitura Municipal de Araripina - PE,PE,RECEITA CORRENTE LÍQUIDA,161409424.41
2020,Prefeitura Municipal de Araripina - PE,PE,% da DC sobre a RCL AJUSTADA (I/VI),67.65
2020,Prefeitura Municipal de Araripina - PE,PE,% da DCL sobre a RCL AJUSTADA,64.66
2020,Prefeitura Municipal de Arcoverde - PE,PE,DÍVIDA CONSOLIDADA,1800360.2
2020,Prefeitura Municipal de Arcoverde - PE,PE,Disponibilidade de Caixa,4953366.02
2020,Prefeitura Municipal de Arcoverde - PE,PE,Disponibilidade de Caixa Bruta,15933580.8
2020,Prefeitura Municipal de Arcoverde - PE,PE,RECEITA CORRENTE LÍQUIDA,148453105.05
2020,Prefeitura Municipal de Arcoverde - PE,PE,% da DC sobre a RCL AJUSTADA (I/VI),1.22
2020,Prefeitura Municipal de Arcoverde - PE,PE,% da DCL sobre a RCL AJUSTADA,-2.38
2020,Prefeitura Municipal de Barra de Guabiraba - PE,PE,DÍVIDA CONSOLIDADA,14434625.53
2020,Prefeitura Municipal de Barra de Guabiraba - PE,PE,Precatórios (inclusive) Vencidos e Não Pagos,62481.3
2020,Prefeitura Municipal de Barra de Guabiraba - PE,PE,Disponibilidade de Caixa,1591289.44
2020,Prefeitura Municipal de Barra de Guabiraba - PE,PE,Disponibilidade de Caixa Bruta,2576385.91
2020,Prefeitura Municipal de Barra de Guabiraba - PE,PE,RECEITA CORRENTE LÍQUIDA,33778232.43
2020,Prefeitura Municipal de Barra de Guabiraba - PE,PE,% da DC sobre a RCL AJUSTADA (I/VI),44.04
2020,Prefeitura Municipal de Barra de Guabiraba - PE,PE,% da DCL sobre a RCL AJUSTADA,39.18
2020,Prefeitura Municipal de Barreiros - PE,PE,DÍVIDA CONSOLIDADA,42729191.91
2020,Prefeitura Municipal de Barreiros - PE,PE,Disponibilidade de Caixa Bruta,3180628.98
2020,Prefeitura Municipal de Barreiros - PE,PE,RECEITA CORRENTE LÍQUIDA,103022518.46
2020,Prefeitura Municipal de Barreiros - PE,PE,% da DC sobre a RCL AJUSTADA (I/VI),46.37
2020,Prefeitura Municipal de Barreiros - PE,PE,% da DCL sobre a RCL AJUSTADA,46.37
2020,Prefeitura Municipal de Belém de Maria - PE,PE,DÍVIDA CONSOLIDADA,9500941.57
2020,Prefeitura Municipal de Belém de Maria - PE,PE,Disponibilidade de Caixa Bruta,2726607.83
2020,Prefeitura Municipal de Belém de Maria - PE,PE,RECEITA CORRENTE LÍQUIDA,30877008.83
2020,Prefeitura Municipal de Belém de Maria - PE,PE,% da DC sobre a RCL AJUSTADA (I/VI),30.77
2020,Prefeitura Municipal de Belém de Maria - PE,PE,% da DCL sobre a RCL AJUSTADA,17.24
2020,Prefeitura Municipal de Belo Jardim - PE,PE,DÍVIDA CONSOLIDADA,32189844.58
2020,Prefeitura Municipal de Belo Jardim - PE,PE,Precatórios (inclusive) Vencidos e Não Pagos,233963.73
2020,Prefeitura Municipal de Belo Jardim - PE,PE,Disponibilidade de Caixa Bruta,13366412.68
2020,Prefeitura Municipal de Belo Jardim - PE,PE,RECEITA CORRENTE LÍQUIDA,165613883.59
2020,Prefeitura Municipal de Belo Jardim - PE,PE,% da DC sobre a RCL AJUSTADA (I/VI),19.76
2020,Prefeitura Municipal de Belo Jardim - PE,PE,% da DCL sobre a RCL AJUSTADA,18.24
2020,Prefeitura Municipal de Belém do São Francisco - PE,PE,DÍVIDA CONSOLIDADA,37293851.18
2020,Prefeitura Municipal de Belém do São Francisco - PE,PE,RECEITA CORRENTE LÍQUIDA,46809493.92
2020,Prefeitura Municipal de Belém do São Francisco - PE,PE,% da DC sobre a RCL AJUSTADA (I/VI),79.67
2020,Prefeitura Municipal de Belém do São Francisco - PE,PE,% da DCL sobre a RCL AJUSTADA,79.67
2020,Prefeitura Municipal de Betânia - PE,PE,DÍVIDA CONSOLIDADA,8738367.37
2020,Prefeitura Municipal de Betânia - PE,PE,Disponibilidade de Caixa Bruta,2965727.4
2020,Prefeitura Municipal de Betânia - PE,PE,RECEITA CORRENTE LÍQUIDA,32583146.51
2020,Prefeitura Municipal de Betânia - PE,PE,% da DC sobre a RCL AJUSTADA (I/VI),27.08
2020,Prefeitura Municipal de Betânia - PE,PE,% da DCL sobre a RCL AJUSTADA,27.07
2020,Prefeitura Municipal de Bezerros - PE,PE,DÍVIDA CONSOLIDADA,26959930.29
2020,Prefeitura Municipal de Bezerros - PE,PE,Disponibilidade de Caixa,7749409.12
2020,Prefeitura Municipal de Bezerros - PE,PE,Disponibilidade de Caixa Bruta,14855938.61
2020,Prefeitura Municipal de Bezerros - PE,PE,RECEITA CORRENTE LÍQUIDA,95078310.37
2020,Prefeitura Municipal de Bezerros - PE,PE,% da DC sobre a RCL AJUSTADA (I/VI),28.36
2020,Prefeitura Municipal de Bezerros - PE,PE,% da DCL sobre a RCL AJUSTADA,17.17
2020,Prefeitura Municipal de Bodocó - PE,PE,DÍVIDA CONSOLIDADA,11723041.24
2020,Prefeitura Municipal de Bodocó - PE,PE,Disponibilidade de Caixa,8473018.23
2020,Prefeitura Municipal de Bodocó - PE,PE,Disponibilidade de Caixa Bruta,17697291.53
2020,Prefeitura Municipal de Bodocó - PE,PE,RECEITA CORRENTE LÍQUIDA,78545844.23
2020,Prefeitura Municipal de Bodocó - PE,PE,% da DC sobre a RCL AJUSTADA (I/VI),14.93
2020,Prefeitura Municipal de Bodocó - PE,PE,% da DCL sobre a RCL AJUSTADA,4.14
2020,Prefeitura Municipal de Bom Conselho - PE,PE,DÍVIDA CONSOLIDADA,31377306.23
2020,Prefeitura Municipal de Bom Conselho - PE,PE,Precatórios (inclusive) Vencidos e Não Pagos,3505427.92
2020,Prefeitura Municipal de Bom Conselho - PE,PE,Disponibilidade de Caixa Bruta,7471961.06
2020,Prefeitura Municipal de Bom Conselho - PE,PE,RECEITA CORRENTE LÍQUIDA,99475333.15
2020,Prefeitura Municipal de Bom Conselho - PE,PE,% da DC sobre a RCL AJUSTADA (I/VI),32.71
2020,Prefeitura Municipal de Bom Conselho - PE,PE,% da DCL sobre a RCL AJUSTADA,32.71
2020,Prefeitura Municipal de Bom Jardim - PE,PE,DÍVIDA CONSOLIDADA,1457580.07
2020,Prefeitura Municipal de Bom Jardim - PE,PE,Disponibilidade de Caixa,6531186.26
2020,Prefeitura Municipal de Bom Jardim - PE,PE,Disponibilidade de Caixa Bruta,6707106.4
2020,Prefeitura Municipal de Bom Jardim - PE,PE,RECEITA CORRENTE LÍQUIDA,75534176.46
2020,Prefeitura Municipal de Bom Jardim - PE,PE,% da DC sobre a RCL AJUSTADA (I/VI),1.93
2020,Prefeitura Municipal de Bom Jardim - PE,PE,% da DCL sobre a RCL AJUSTADA,-6.72
2020,Prefeitura Municipal de Bonito - PE,PE,DÍVIDA CONSOLIDADA,24918533.65
2020,Prefeitura Municipal de Bonito - PE,PE,Disponibilidade de Caixa,1245986.95
2020,Prefeitura Municipal de Bonito - PE,PE,Disponibilidade de Caixa Bruta,6194552.72
2020,Prefeitura Municipal de Bonito - PE,PE,RECEITA CORRENTE LÍQUIDA,79180601.21
2020,Prefeitura Municipal de Bonito - PE,PE,% da DC sobre a RCL AJUSTADA (I/VI),31.63
2020,Prefeitura Municipal de Bonito - PE,PE,% da DCL sobre a RCL AJUSTADA,29.7
2020,Prefeitura Municipal de Brejão - PE,PE,RECEITA CORRENTE LÍQUIDA,29302968.82
2020,Prefeitura Municipal de Brejo da Madre de Deus - PE,PE,DÍVIDA CONSOLIDADA,582748.01
2020,Prefeitura Municipal de Brejo da Madre de Deus - PE,PE,Precatórios (inclusive) Vencidos e Não Pagos,32078.47
2020,Prefeitura Municipal de Brejo da Madre de Deus - PE,PE,Disponibilidade de Caixa Bruta,5405899.59
2020,Prefeitura Municipal de Brejo da Madre de Deus - PE,PE,RECEITA CORRENTE LÍQUIDA,95950910.62
2020,Prefeitura Municipal de Brejo da Madre de Deus - PE,PE,% da DC sobre a RCL AJUSTADA (I/VI),0.61
2020,Prefeitura Municipal de Brejo da Madre de Deus - PE,PE,% da DCL sobre a RCL AJUSTADA,0.58
2020,Prefeitura Municipal de Buenos Aires - PE,PE,DÍVIDA CONSOLIDADA,909965.94
2020,Prefeitura Municipal de Buenos Aires - PE,PE,Disponibilidade de Caixa,10042119.77
2020,Prefeitura Municipal de Buenos Aires - PE,PE,Disponibilidade de Caixa Bruta,10286793.34
2020,Prefeitura Municipal de Buenos Aires - PE,PE,RECEITA CORRENTE LÍQUIDA,38828753.04
2020,Prefeitura Municipal de Buenos Aires - PE,PE,% da DC sobre a RCL AJUSTADA (I/VI),2.34
2020,Prefeitura Municipal de Buenos Aires - PE,PE,% da DCL sobre a RCL AJUSTADA,-23.52
2020,Prefeitura Municipal de Buíque - PE,PE,DÍVIDA CONSOLIDADA,4022989.37
2020,Prefeitura Municipal de Buíque - PE,PE,Disponibilidade de Caixa,2756668.2
2020,Prefeitura Municipal de Buíque - PE,PE,Disponibilidade de Caixa Bruta,5044529.75
2020,Prefeitura Municipal de Buíque - PE,PE,RECEITA CORRENTE LÍQUIDA,100305606.58
2020,Prefeitura Municipal de Buíque - PE,PE,% da DC sobre a RCL AJUSTADA (I/VI),4.01
2020,Prefeitura Municipal de Buíque - PE,PE,% da DCL sobre a RCL AJUSTADA,1.26
2020,Prefeitura Municipal de Cabo de Santo Agostinho - PE,PE,DÍVIDA CONSOLIDADA,20472900.77
2020,Prefeitura Municipal de Cabo de Santo Agostinho - PE,PE,Precatórios (inclusive) Vencidos e Não Pagos,702641.06
2020,Prefeitura Municipal de Cabo de Santo Agostinho - PE,PE,Disponibilidade de Caixa,175802734.98
2020,Prefeitura Municipal de Cabo de Santo Agostinho - PE,PE,Disponibilidade de Caixa Bruta,183069462.11
2020,Prefeitura Municipal de Cabo de Santo Agostinho - PE,PE,RECEITA CORRENTE LÍQUIDA,767043252.76
2020,Prefeitura Municipal de Cabo de Santo Agostinho - PE,PE,% da DC sobre a RCL AJUSTADA (I/VI),2.68
2020,Prefeitura Municipal de Cabo de Santo Agostinho - PE,PE,% da DCL sobre a RCL AJUSTADA,-20.56
2020,Prefeitura Municipal de Cabrobó - PE,PE,DÍVIDA CONSOLIDADA,22129749.81
2020,Prefeitura Municipal de Cabrobó - PE,PE,Disponibilidade de Caixa,1508316.21
2020,Prefeitura Municipal de Cabrobó - PE,PE,Disponibilidade de Caixa Bruta,3517961.39
2020,Prefeitura Municipal de Cabrobó - PE,PE,RECEITA CORRENTE LÍQUIDA,68009259.1
2020,Prefeitura Municipal de Cabrobó - PE,PE,% da DC sobre a RCL AJUSTADA (I/VI),32.54
2020,Prefeitura Municipal de Cabrobó - PE,PE,% da DCL sobre a RCL AJUSTADA,30.32
2020,Prefeitura Municipal de Cachoeirinha - PE,PE,DÍVIDA CONSOLIDADA,9206723.0
2020,Prefeitura Municipal de Cachoeirinha - PE,PE,Disponibilidade de Caixa,3356406.47
2020,Prefeitura Municipal de Cachoeirinha - PE,PE,Disponibilidade de Caixa Bruta,3738451.7
2020,Prefeitura Municipal de Cachoeirinha - PE,PE,RECEITA CORRENTE LÍQUIDA,42329055.57
2020,Prefeitura Municipal de Cachoeirinha - PE,PE,% da DC sobre a RCL AJUSTADA (I/VI),21.75
2020,Prefeitura Municipal de Cachoeirinha - PE,PE,% da DCL sobre a RCL AJUSTADA,13.82
2020,Prefeitura Municipal de Caetés - PE,PE,DÍVIDA CONSOLIDADA,6083672.48
2020,Prefeitura Municipal de Caetés - PE,PE,Disponibilidade de Caixa,8510011.07
2020,Prefeitura Municipal de Caetés - PE,PE,Disponibilidade de Caixa Bruta,9653495.06
2020,Prefeitura Municipal de Caetés - PE,PE,RECEITA CORRENTE LÍQUIDA,62867982.36
2020,Prefeitura Municipal de Caetés - PE,PE,% da DC sobre a RCL AJUSTADA (I/VI),9.68
2020,Prefeitura Municipal de Caetés - PE,PE,% da DCL sobre a RCL AJUSTADA,-5.13
2020,Prefeitura Municipal de Calumbi - PE,PE,RECEITA CORRENTE LÍQUIDA,27066172.76
2020,Prefeitura Municipal de Camaragibe - PE,PE,DÍVIDA CONSOLIDADA,65565313.99
2020,Prefeitura Municipal de Camaragibe - PE,PE,Disponibilidade de Caixa,299500933.25
2020,Prefeitura Municipal de Camaragibe - PE,PE,Disponibilidade de Caixa Bruta,302956530.26
2020,Prefeitura Municipal de Camaragibe - PE,PE,RECEITA CORRENTE LÍQUIDA,282641436.59
2020,Prefeitura Municipal de Camaragibe - PE,PE,% da DC sobre a RCL AJUSTADA (I/VI),23.2
2020,Prefeitura Municipal de Camaragibe - PE,PE,% da DCL sobre a RCL AJUSTADA,-82.77
2020,Prefeitura Municipal de Camocim de São Félix - PE,PE,DÍVIDA CONSOLIDADA,1008502.02
2020,Prefeitura Municipal de Camocim de São Félix - PE,PE,Precatórios (inclusive) Vencidos e Não Pagos,109297.62
2020,Prefeitura Municipal de Camocim de São Félix - PE,PE,Disponibilidade de Caixa,2916785.81
2020,Prefeitura Municipal de Camocim de São Félix - PE,PE,Disponibilidade de Caixa Bruta,3180134.35
2020,Prefeitura Municipal de Camocim de São Félix - PE,PE,RECEITA CORRENTE LÍQUIDA,38977838.43
2020,Prefeitura Municipal de Camocim de São Félix - PE,PE,% da DC sobre a RCL AJUSTADA (I/VI),2.59
2020,Prefeitura Municipal de Camocim de São Félix - PE,PE,% da DCL sobre a RCL AJUSTADA,-4.9
2020,Prefeitura Municipal de Canhotinho - PE,PE,DÍVIDA CONSOLIDADA,5232750.32
2020,Prefeitura Municipal de Canhotinho - PE,PE,Disponibilidade de Caixa,8024573.88
2020,Prefeitura Municipal de Canhotinho - PE,PE,Disponibilidade de Caixa Bruta,14360260.01
2020,Prefeitura Municipal de Canhotinho - PE,PE,RECEITA CORRENTE LÍQUIDA,59616576.61
2020,Prefeitura Municipal de Canhotinho - PE,PE,% da DC sobre a RCL AJUSTADA (I/VI),8.87
2020,Prefeitura Municipal de Canhotinho - PE,PE,% da DCL sobre a RCL AJUSTADA,-5.37
2020,Prefeitura Municipal de Capoeiras - PE,PE,DÍVIDA CONSOLIDADA,340350.08
2020,Prefeitura Municipal de Capoeiras - PE,PE,Disponibilidade de Caixa Bruta,2050798.72
2020,Prefeitura Municipal de Capoeiras - PE,PE,RECEITA CORRENTE LÍQUIDA,45371836.03
2020,Prefeitura Municipal de Capoeiras - PE,PE,% da DC sobre a RCL AJUSTADA (I/VI),0.75
2020,Prefeitura Municipal de Capoeiras - PE,PE,% da DCL sobre a RCL AJUSTADA,0.75
2020,Prefeitura Municipal de Carnaubeira da Penha - PE,PE,DÍVIDA CONSOLIDADA,416853.89
2020,Prefeitura Municipal de Carnaubeira da Penha - PE,PE,Disponibilidade de Caixa,7147113.52
2020,Prefeitura Municipal de Carnaubeira da Penha - PE,PE,Disponibilidade de Caixa Bruta,7838069.9
2020,Prefeitura Municipal de Carnaubeira da Penha - PE,PE,RECEITA CORRENTE LÍQUIDA,32832722.2
2020,Prefeitura Municipal de Carnaubeira da Penha - PE,PE,% da DC sobre a RCL AJUSTADA (I/VI),1.27
2020,Prefeitura Municipal de Carnaubeira da Penha - PE,PE,% da DCL sobre a RCL AJUSTADA,-20.5
2020,Prefeitura Municipal de Carpina - PE,PE,DÍVIDA CONSOLIDADA,643778.03
2020,Prefeitura Municipal de Carpina - PE,PE,Precatórios (inclusive) Vencidos e Não Pagos,625096.01
2020,Prefeitura Municipal de Carpina - PE,PE,Disponibilidade de Caixa Bruta,7118615.64
2020,Prefeitura Municipal de Carpina - PE,PE,RECEITA CORRENTE LÍQUIDA,140989537.96
2020,Prefeitura Municipal de Carpina - PE,PE,% da DC sobre a RCL AJUSTADA (I/VI),0.46
2020,Prefeitura Municipal de Carpina - PE,PE,% da DCL sobre a RCL AJUSTADA,0.46
2020,Prefeitura Municipal de Caruaru - PE,PE,DÍVIDA CONSOLIDADA,207010436.25
2020,Prefeitura Municipal de Caruaru - PE,PE,Disponibilidade de Caixa,63162125.39
2020,Prefeitura Municipal de Caruaru - PE,PE,Disponibilidade de Caixa Bruta,96998016.14
2020,Prefeitura Municipal de Caruaru - PE,PE,RECEITA CORRENTE LÍQUIDA,719839151.18
2020,Prefeitura Municipal de Caruaru - PE,PE,% da DC sobre a RCL AJUSTADA (I/VI),28.87
2020,Prefeitura Municipal de Caruaru - PE,PE,% da DCL sobre a RCL AJUSTADA,19.95
2020,Prefeitura Municipal de Casinhas - PE,PE,DÍVIDA CONSOLIDADA,8755853.29
2020,Prefeitura Municipal de Casinhas - PE,PE,Disponibilidade de Caixa,1880463.31
2020,Prefeitura Municipal de Casinhas - PE,PE,Disponibilidade de Caixa Bruta,2854933.03
2020,Prefeitura Municipal de Casinhas - PE,PE,RECEITA CORRENTE LÍQUIDA,35846788.79
2020,Prefeitura Municipal de Casinhas - PE,PE,% da DC sobre a RCL AJUSTADA (I/VI),24.43
2020,Prefeitura Municipal de Casinhas - PE,PE,% da DCL sobre a RCL AJUSTADA,19.08
2020,Prefeitura Municipal de Cedro - PE,PE,Disponibilidade de Caixa Bruta,2580160.58
2020,Prefeitura Municipal de Cedro - PE,PE,RECEITA CORRENTE LÍQUIDA,28588189.06
2020,Prefeitura Municipal de Cedro - PE,PE,% da DCL sobre a RCL AJUSTADA,-2.62
2020,Prefeitura Municipal de Catende - PE,PE,DÍVIDA CONSOLIDADA,12445909.69
2020,Prefeitura Municipal de Catende - PE,PE,Disponibilidade de Caixa Bruta,15073328.77
2020,Prefeitura Municipal de Catende - PE,PE,RECEITA CORRENTE LÍQUIDA,68457275.08
2020,Prefeitura Municipal de Catende - PE,PE,% da DC sobre a RCL AJUSTADA (I/VI),18.18
2020,Prefeitura Municipal de Catende - PE,PE,% da DCL sobre a RCL AJUSTADA,18.18
2020,Prefeitura Municipal de Chã de Alegria - PE,PE,DÍVIDA CONSOLIDADA,417562.45
2020,Prefeitura Municipal de Chã de Alegria - PE,PE,Disponibilidade de Caixa,4972499.6
2020,Prefeitura Municipal de Chã de Alegria - PE,PE,Disponibilidade de Caixa Bruta,7945378.77
2020,Prefeitura Municipal de Chã de Alegria - PE,PE,RECEITA CORRENTE LÍQUIDA,33323859.46
2020,Prefeitura Municipal de Chã de Alegria - PE,PE,% da DC sobre a RCL AJUSTADA (I/VI),1.25
2020,Prefeitura Municipal de Chã de Alegria - PE,PE,% da DCL sobre a RCL AJUSTADA,-13.67
2020,Prefeitura Municipal de Chã Grande - PE,PE,DÍVIDA CONSOLIDADA,13682068.12
2020,Prefeitura Municipal de Chã Grande - PE,PE,Disponibilidade de Caixa,3062241.35
2020,Prefeitura Municipal de Chã Grande - PE,PE,Disponibilidade de Caixa Bruta,5977033.86
2020,Prefeitura Municipal de Chã Grande - PE,PE,RECEITA CORRENTE LÍQUIDA,56587252.06
2020,Prefeitura Municipal de Chã Grande - PE,PE,% da DC sobre a RCL AJUSTADA (I/VI),24.31
2020,Prefeitura Municipal de Chã Grande - PE,PE,% da DCL sobre a RCL AJUSTADA,18.85
2020,Prefeitura Municipal de Condado - PE,PE,DÍVIDA CONSOLIDADA,21508822.17
2020,Prefeitura Municipal de Condado - PE,PE,Disponibilidade de Caixa,9590207.68
2020,Prefeitura Municipal de Condado - PE,PE,Disponibilidade de Caixa Bruta,10211035.94
2020,Prefeitura Municipal de Condado - PE,PE,RECEITA CORRENTE LÍQUIDA,54802333.28
2020,Prefeitura Municipal de Condado - PE,PE,% da DC sobre a RCL AJUSTADA (I/VI),39.25
2020,Prefeitura Municipal de Condado - PE,PE,% da DCL sobre a RCL AJUSTADA,21.75
2020,Prefeitura Municipal de Condado - PE,PE,Precatórios (Não incluídos na DC),-198059.49
2020,Prefeitura Municipal de Cortês - PE,PE,RECEITA CORRENTE LÍQUIDA,39222911.21
2020,Prefeitura Municipal de Cumaru - PE,PE,DÍVIDA CONSOLIDADA,18211789.78
2020,Prefeitura Municipal de Cumaru - PE,PE,Disponibilidade de Caixa Bruta,5423942.46
2020,Prefeitura Municipal de Cumaru - PE,PE,RECEITA CORRENTE LÍQUIDA,34927119.52
2020,Prefeitura Municipal de Cumaru - PE,PE,% da DC sobre a RCL AJUSTADA (I/VI),53.19
2020,Prefeitura Municipal de Cumaru - PE,PE,% da DCL sobre a RCL AJUSTADA,53.17
2020,Prefeitura Municipal de Cupira - PE,PE,DÍVIDA CONSOLIDADA,48790703.98
2020,Prefeitura Municipal de Cupira - PE,PE,Precatórios (inclusive) Vencidos e Não Pagos,70789.68
2020,Prefeitura Municipal de Cupira - PE,PE,Disponibilidade de Caixa,1453031.65
2020,Prefeitura Municipal de Cupira - PE,PE,Disponibilidade de Caixa Bruta,5590653.42
2020,Prefeitura Municipal de Cupira - PE,PE,RECEITA CORRENTE LÍQUIDA,54159735.94
2020,Prefeitura Municipal de Cupira - PE,PE,% da DC sobre a RCL AJUSTADA (I/VI),90.09
2020,Prefeitura Municipal de Cupira - PE,PE,% da DCL sobre a RCL AJUSTADA,87.4
2020,Prefeitura Municipal de Custódia - PE,PE,DÍVIDA CONSOLIDADA,8974927.9
2020,Prefeitura Municipal de Custódia - PE,PE,Disponibilidade de Caixa Bruta,12319638.33
2020,Prefeitura Municipal de Custódia - PE,PE,RECEITA CORRENTE LÍQUIDA,81468320.86
2020,Prefeitura Municipal de Custódia - PE,PE,% da DC sobre a RCL AJUSTADA (I/VI),11.45
2020,Prefeitura Municipal de Custódia - PE,PE,% da DCL sobre a RCL AJUSTADA,11.4
2020,Prefeitura Municipal de Escada - PE,PE,DÍVIDA CONSOLIDADA,31764703.57
2020,Prefeitura Municipal de Escada - PE,PE,Precatórios (inclusive) Vencidos e Não Pagos,13862.95
2020,Prefeitura Municipal de Escada - PE,PE,Disponibilidade de Caixa Bruta,7141068.88
2020,Prefeitura Municipal de Escada - PE,PE,RECEITA CORRENTE LÍQUIDA,110839664.96
2020,Prefeitura Municipal de Escada - PE,PE,% da DC sobre a RCL AJUSTADA (I/VI),28.66
2020,Prefeitura Municipal de Escada - PE,PE,% da DCL sobre a RCL AJUSTADA,28.29
2020,Prefeitura Municipal de Exu - PE,PE,DÍVIDA CONSOLIDADA,5275630.26
2020,Prefeitura Municipal de Exu - PE,PE,Disponibilidade de Caixa,4911179.52
2020,Prefeitura Municipal de Exu - PE,PE,Disponibilidade de Caixa Bruta,7183445.92
2020,Prefeitura Municipal de Exu - PE,PE,RECEITA CORRENTE LÍQUIDA,68292907.82
2020,Prefeitura Municipal de Exu - PE,PE,% da DC sobre a RCL AJUSTADA (I/VI),7.86
2020,Prefeitura Municipal de Exu - PE,PE,% da DCL sobre a RCL AJUSTADA,0.54
2020,Prefeitura Municipal de Feira Nova - PE,PE,Disponibilidade de Caixa,1478243.15
2020,Prefeitura Municipal de Feira Nova - PE,PE,RECEITA CORRENTE LÍQUIDA,49245358.21
2020,Prefeitura Municipal de Feira Nova - PE,PE,% da DCL sobre a RCL AJUSTADA,-3.0
2020,Prefeitura Municipal de Ferreiros - PE,PE,DÍVIDA CONSOLIDADA,1310784.37
2020,Prefeitura Municipal de Ferreiros - PE,PE,RECEITA CORRENTE LÍQUIDA,32131711.59
2020,Prefeitura Municipal de Ferreiros - PE,PE,% da DC sobre a RCL AJUSTADA (I/VI),4.08
2020,Prefeitura Municipal de Ferreiros - PE,PE,% da DCL sobre a RCL AJUSTADA,4.08
2020,Prefeitura Municipal de Floresta - PE,PE,DÍVIDA CONSOLIDADA,19335192.87
2020,Prefeitura Municipal de Floresta - PE,PE,Disponibilidade de Caixa,4832276.08
2020,Prefeitura Municipal de Floresta - PE,PE,Disponibilidade de Caixa Bruta,7026292.46
2020,Prefeitura Municipal de Floresta - PE,PE,RECEITA CORRENTE LÍQUIDA,78872764.41
2020,Prefeitura Municipal de Floresta - PE,PE,% da DC sobre a RCL AJUSTADA (I/VI),24.72
2020,Prefeitura Municipal de Floresta - PE,PE,% da DCL sobre a RCL AJUSTADA,1.44
2020,Prefeitura Municipal de Gameleira - PE,PE,RECEITA CORRENTE LÍQUIDA,52017698.36
2020,Prefeitura Municipal de Frei Miguelinho - PE,PE,DÍVIDA CONSOLIDADA,6511408.1
2020,Prefeitura Municipal de Frei Miguelinho - PE,PE,Disponibilidade de Caixa,2643977.57
2020,Prefeitura Municipal de Frei Miguelinho - PE,PE,Disponibilidade de Caixa Bruta,2887190.97
2020,Prefeitura Municipal de Frei Miguelinho - PE,PE,RECEITA CORRENTE LÍQUIDA,35826005.37
2020,Prefeitura Municipal de Frei Miguelinho - PE,PE,% da DC sobre a RCL AJUSTADA (I/VI),18.94
2020,Prefeitura Municipal de Frei Miguelinho - PE,PE,% da DCL sobre a RCL AJUSTADA,9.33
2020,Prefeitura Municipal de Garanhuns - PE,PE,DÍVIDA CONSOLIDADA,8226443.92
2020,Prefeitura Municipal de Garanhuns - PE,PE,Precatórios (inclusive) Vencidos e Não Pagos,643877.41
2020,Prefeitura Municipal de Garanhuns - PE,PE,Disponibilidade de Caixa,31276469.23
2020,Prefeitura Municipal de Garanhuns - PE,PE,Disponibilidade de Caixa Bruta,32258623.48
2020,Prefeitura Municipal de Garanhuns - PE,PE,RECEITA CORRENTE LÍQUIDA,270890579.49
2020,Prefeitura Municipal de Garanhuns - PE,PE,% da DC sobre a RCL AJUSTADA (I/VI),3.06
2020,Prefeitura Municipal de Garanhuns - PE,PE,% da DCL sobre a RCL AJUSTADA,-8.57
2020,Prefeitura Municipal de Glória do Goitá - PE,PE,RECEITA CORRENTE LÍQUIDA,62030428.93
2020,Prefeitura Municipal de Goiana - PE,PE,DÍVIDA CONSOLIDADA,3385116.25
2020,Prefeitura Municipal de Goiana - PE,PE,Disponibilidade de Caixa,247896526.75
2020,Prefeitura Municipal de Goiana - PE,PE,Disponibilidade de Caixa Bruta,250062011.58
2020,Prefeitura Municipal de Goiana - PE,PE,RECEITA CORRENTE LÍQUIDA,334437748.43
2020,Prefeitura Municipal de Goiana - PE,PE,% da DC sobre a RCL AJUSTADA (I/VI),1.01
2020,Prefeitura Municipal de Goiana - PE,PE,% da DCL sobre a RCL AJUSTADA,-73.11
2020,Prefeitura Municipal de Iati - PE,PE,RECEITA CORRENTE LÍQUIDA,53499088.86
2020,Prefeitura Municipal de Gravatá - PE,PE,DÍVIDA CONSOLIDADA,56327184.57
2020,Prefeitura Municipal de Gravatá - PE,PE,Disponibilidade de Caixa,17306285.16
2020,Prefeitura Municipal de Gravatá - PE,PE,Disponibilidade de Caixa Bruta,35489329.83
2020,Prefeitura Municipal de Gravatá - PE,PE,RECEITA CORRENTE LÍQUIDA,172733684.23
2020,Prefeitura Municipal de Gravatá - PE,PE,% da DC sobre a RCL AJUSTADA (I/VI),32.61
2020,Prefeitura Municipal de Gravatá - PE,PE,% da DCL sobre a RCL AJUSTADA,22.59
2020,Prefeitura Municipal de Gravatá - PE,PE,Precatórios (Não incluídos na DC),480281.38
2020,Prefeitura Municipal de Ibimirim - PE,PE,DÍVIDA CONSOLIDADA,11688826.28
2020,Prefeitura Municipal de Ibimirim - PE,PE,Disponibilidade de Caixa,14092140.63
2020,Prefeitura Municipal de Ibimirim - PE,PE,Disponibilidade de Caixa Bruta,16548967.06
2020,Prefeitura Municipal de Ibimirim - PE,PE,RECEITA CORRENTE LÍQUIDA,66905442.43
2020,Prefeitura Municipal de Ibimirim - PE,PE,% da DC sobre a RCL AJUSTADA (I/VI),17.7
2020,Prefeitura Municipal de Ibimirim - PE,PE,% da DCL sobre a RCL AJUSTADA,-3.64
2020,Prefeitura Municipal de Igarassu - PE,PE,DÍVIDA CONSOLIDADA,37025546.87
2020,Prefeitura Municipal de Igarassu - PE,PE,Precatórios (inclusive) Vencidos e Não Pagos,4240995.58
2020,Prefeitura Municipal de Igarassu - PE,PE,Disponibilidade de Caixa,45132386.18
2020,Prefeitura Municipal de Igarassu - PE,PE,Disponibilidade de Caixa Bruta,51246891.6
2020,Prefeitura Municipal de Igarassu - PE,PE,RECEITA CORRENTE LÍQUIDA,223845419.07
2020,Prefeitura Municipal de Igarassu - PE,PE,% da DC sobre a RCL AJUSTADA (I/VI),16.75
2020,Prefeitura Municipal de Igarassu - PE,PE,% da DCL sobre a RCL AJUSTADA,-3.67
2020,Prefeitura Municipal de Ibirajuba - PE,PE,DÍVIDA CONSOLIDADA,7588452.82
2020,Prefeitura Municipal de Ibirajuba - PE,PE,Disponibilidade de Caixa,4383731.35
2020,Prefeitura Municipal de Ibirajuba - PE,PE,Disponibilidade de Caixa Bruta,4576241.85
2020,Prefeitura Municipal de Ibirajuba - PE,PE,RECEITA CORRENTE LÍQUIDA,28687006.37
2020,Prefeitura Municipal de Ibirajuba - PE,PE,% da DC sobre a RCL AJUSTADA (I/VI),26.45
2020,Prefeitura Municipal de Ibirajuba - PE,PE,% da DCL sobre a RCL AJUSTADA,11.17
2020,Prefeitura Municipal de Ilha de Itamaracá - PE,PE,DÍVIDA CONSOLIDADA,5175463.17
2020,Prefeitura Municipal de Ilha de Itamaracá - PE,PE,Disponibilidade de Caixa,12404783.12
2020,Prefeitura Municipal de Ilha de Itamaracá - PE,PE,Disponibilidade de Caixa Bruta,17101877.28
2020,Prefeitura Municipal de Ilha de Itamaracá - PE,PE,RECEITA CORRENTE LÍQUIDA,61829848.5
2020,Prefeitura Municipal de Ilha de Itamaracá - PE,PE,% da DC sobre a RCL AJUSTADA (I/VI),8.37
2020,Prefeitura Municipal de Ilha de Itamaracá - PE,PE,% da DCL sobre a RCL AJUSTADA,-11.69
2020,Prefeitura Municipal de Inajá - PE,PE,DÍVIDA CONSOLIDADA,6359501.15
2020,Prefeitura Municipal de Inajá - PE,PE,Disponibilidade de Caixa Bruta,7020961.65
2020,Prefeitura Municipal de Inajá - PE,PE,RECEITA CORRENTE LÍQUIDA,46545834.98
2020,Prefeitura Municipal de Inajá - PE,PE,% da DC sobre a RCL AJUSTADA (I/VI),13.66
2020,Prefeitura Municipal de Inajá - PE,PE,% da DCL sobre a RCL AJUSTADA,13.66
2020,Prefeitura Municipal de Ipojuca - PE,PE,DÍVIDA CONSOLIDADA,18105863.59
2020,Prefeitura Municipal de Ipojuca - PE,PE,Precatórios (inclusive) Vencidos e Não Pagos,10118.72
2020,Prefeitura Municipal de Ipojuca - PE,PE,Disponibilidade de Caixa,69275658.25
2020,Prefeitura Municipal de Ipojuca - PE,PE,Disponibilidade de Caixa Bruta,84898623.42
2020,Prefeitura Municipal de Ipojuca - PE,PE,RECEITA CORRENTE LÍQUIDA,776723226.85
2020,Prefeitura Municipal de Ipojuca - PE,PE,% da DC sobre a RCL AJUSTADA (I/VI),2.37
2020,Prefeitura Municipal de Ipojuca - PE,PE,% da DCL sobre a RCL AJUSTADA,-6.69
2020,Prefeitura Municipal de Ipojuca - PE,PE,Precatórios (Não incluídos na DC),571776.24
2020,Prefeitura Municipal de Ipubi - PE,PE,DÍVIDA CONSOLIDADA,39546482.67
2020,Prefeitura Municipal de Ipubi - PE,PE,Disponibilidade de Caixa Bruta,11521851.13
2020,Prefeitura Municipal de Ipubi - PE,PE,RECEITA CORRENTE LÍQUIDA,70535370.84
2020,Prefeitura Municipal de Ipubi - PE,PE,% da DC sobre a RCL AJUSTADA (I/VI),56.07
2020,Prefeitura Municipal de Ipubi - PE,PE,% da DCL sobre a RCL AJUSTADA,56.07
2020,Prefeitura Municipal de Itacuruba - PE,PE,DÍVIDA CONSOLIDADA,8018455.18
2020,Prefeitura Municipal de Itacuruba - PE,PE,Disponibilidade de Caixa Bruta,2399285.3
2020,Prefeitura Municipal de Itacuruba - PE,PE,RECEITA CORRENTE LÍQUIDA,26328514.28
2020,Prefeitura Municipal de Itacuruba - PE,PE,% da DC sobre a RCL AJUSTADA (I/VI),30.46
2020,Prefeitura Municipal de Itacuruba - PE,PE,% da DCL sobre a RCL AJUSTADA,29.53
2020,Prefeitura Municipal de Itaíba - PE,PE,DÍVIDA CONSOLIDADA,247832.6
2020,Prefeitura Municipal de Itaíba - PE,PE,Disponibilidade de Caixa,6063708.29
2020,Prefeitura Municipal de Itaíba - PE,PE,Disponibilidade de Caixa Bruta,12978813.5
2020,Prefeitura Municipal de Itaíba - PE,PE,RECEITA CORRENTE LÍQUIDA,64493480.17
2020,Prefeitura Municipal de Itaíba - PE,PE,% da DC sobre a RCL AJUSTADA (I/VI),0.38
2020,Prefeitura Municipal de Itaíba - PE,PE,% da DCL sobre a RCL AJUSTADA,-9.02
2020,Prefeitura Municipal de Itambé - PE,PE,DÍVIDA CONSOLIDADA,28513397.64
2020,Prefeitura Municipal de Itambé - PE,PE,Disponibilidade de Caixa Bruta,3746204.13
2020,Prefeitura Municipal de Itambé - PE,PE,RECEITA CORRENTE LÍQUIDA,76841254.86
2020,Prefeitura Municipal de Itambé - PE,PE,% da DC sobre a RCL AJUSTADA (I/VI),37.11
2020,Prefeitura Municipal de Itambé - PE,PE,% da DCL sobre a RCL AJUSTADA,37.11
2020,Prefeitura Municipal de Itapissuma - PE,PE,DÍVIDA CONSOLIDADA,4821509.67
2020,Prefeitura Municipal de Itapissuma - PE,PE,Disponibilidade de Caixa,11293711.55
2020,Prefeitura Municipal de Itapissuma - PE,PE,Disponibilidade de Caixa Bruta,13858604.25
2020,Prefeitura Municipal de Itapissuma - PE,PE,RECEITA CORRENTE LÍQUIDA,98661618.68
2020,Prefeitura Municipal de Itapissuma - PE,PE,% da DC sobre a RCL AJUSTADA (I/VI),4.89
2020,Prefeitura Municipal de Itapissuma - PE,PE,% da DCL sobre a RCL AJUSTADA,-6.56
2020,Prefeitura Municipal de Itaquitinga - PE,PE,DÍVIDA CONSOLIDADA,8238550.42
2020,Prefeitura Municipal de Itaquitinga - PE,PE,Disponibilidade de Caixa Bruta,3041491.92
2020,Prefeitura Municipal de Itaquitinga - PE,PE,RECEITA CORRENTE LÍQUIDA,36692797.39
2020,Prefeitura Municipal de Itaquitinga - PE,PE,% da DC sobre a RCL AJUSTADA (I/VI),22.45
2020,Prefeitura Municipal de Itaquitinga - PE,PE,% da DCL sobre a RCL AJUSTADA,18.83
2020,Prefeitura Municipal de Jaboatão dos Guararapes - PE,PE,DÍVIDA CONSOLIDADA,186420386.66
2020,Prefeitura Municipal de Jaboatão dos Guararapes - PE,PE,Precatórios (inclusive) Vencidos e Não Pagos,4587037.27
2020,Prefeitura Municipal de Jaboatão dos Guararapes - PE,PE,Disponibilidade de Caixa,205760935.32
2020,Prefeitura Municipal de Jaboatão dos Guararapes - PE,PE,Disponibilidade de Caixa Bruta,233501799.17
2020,Prefeitura Municipal de Jaboatão dos Guararapes - PE,PE,RECEITA CORRENTE LÍQUIDA,1292039450.51
2020,Prefeitura Municipal de Jaboatão dos Guararapes - PE,PE,% da DC sobre a RCL AJUSTADA (I/VI),14.43
2020,Prefeitura Municipal de Jaboatão dos Guararapes - PE,PE,% da DCL sobre a RCL AJUSTADA,-1.68
2020,Prefeitura Municipal de Jaqueira - PE,PE,DÍVIDA CONSOLIDADA,18898307.5
2020,Prefeitura Municipal de Jaqueira - PE,PE,Disponibilidade de Caixa,127353.89
2020,Prefeitura Municipal de Jaqueira - PE,PE,Disponibilidade de Caixa Bruta,3208902.57
2020,Prefeitura Municipal de Jaqueira - PE,PE,RECEITA CORRENTE LÍQUIDA,37499294.69
2020,Prefeitura Municipal de Jaqueira - PE,PE,% da DC sobre a RCL AJUSTADA (I/VI),50.4
2020,Prefeitura Municipal de Jaqueira - PE,PE,% da DCL sobre a RCL AJUSTADA,50.06
2020,Prefeitura Municipal de Jatobá - PE,PE,DÍVIDA CONSOLIDADA,13231456.96
2020,Prefeitura Municipal de Jatobá - PE,PE,Disponibilidade de Caixa,752551.17
2020,Prefeitura Municipal de Jatobá - PE,PE,Disponibilidade de Caixa Bruta,2596880.61
2020,Prefeitura Municipal de Jatobá - PE,PE,RECEITA CORRENTE LÍQUIDA,36956758.9
2020,Prefeitura Municipal de Jatobá - PE,PE,% da DC sobre a RCL AJUSTADA (I/VI),35.8
2020,Prefeitura Municipal de Jatobá - PE,PE,% da DCL sobre a RCL AJUSTADA,33.77
2020,Prefeitura Municipal de João Alfredo - PE,PE,DÍVIDA CONSOLIDADA,25748715.38
2020,Prefeitura Municipal de João Alfredo - PE,PE,Precatórios (inclusive) Vencidos e Não Pagos,167558.59
2020,Prefeitura Municipal de João Alfredo - PE,PE,Disponibilidade de Caixa,3467533.69
2020,Prefeitura Municipal de João Alfredo - PE,PE,Disponibilidade de Caixa Bruta,5016884.24
2020,Prefeitura Municipal de João Alfredo - PE,PE,RECEITA CORRENTE LÍQUIDA,64761045.02
2020,Prefeitura Municipal de João Alfredo - PE,PE,% da DC sobre a RCL AJUSTADA (I/VI),39.76
2020,Prefeitura Municipal de João Alfredo - PE,PE,% da DCL sobre a RCL AJUSTADA,33.96
2020,Prefeitura Municipal de Joaquim Nabuco - PE,PE,RECEITA CORRENTE LÍQUIDA,40976802.09
2020,Prefeitura Municipal de Jurema - PE,PE,RECEITA CORRENTE LÍQUIDA,51905317.1
2020,Prefeitura Municipal de Lagoa de Itaenga - PE,PE,DÍVIDA CONSOLIDADA,42375317.58
2020,Prefeitura Municipal de Lagoa de Itaenga - PE,PE,RECEITA CORRENTE LÍQUIDA,51411687.29
2020,Prefeitura Municipal de Lagoa de Itaenga - PE,PE,% da DC sobre a RCL AJUSTADA (I/VI),83.78
2020,Prefeitura Municipal de Lagoa de Itaenga - PE,PE,% da DCL sobre a RCL AJUSTADA,83.78
2020,Prefeitura Municipal de Lagoa do Ouro - PE,PE,DÍVIDA CONSOLIDADA,8022414.68
2020,Prefeitura Municipal de Lagoa do Ouro - PE,PE,Precatórios (inclusive) Vencidos e Não Pagos,7327.07
2020,Prefeitura Municipal de Lagoa do Ouro - PE,PE,Disponibilidade de Caixa,4907943.81
2020,Prefeitura Municipal de Lagoa do Ouro - PE,PE,Disponibilidade de Caixa Bruta,6533049.35
2020,Prefeitura Municipal de Lagoa do Ouro - PE,PE,RECEITA CORRENTE LÍQUIDA,41362426.37
2020,Prefeitura Municipal de Lagoa do Ouro - PE,PE,% da DC sobre a RCL AJUSTADA (I/VI),21.03
2020,Prefeitura Municipal de Lagoa do Ouro - PE,PE,% da DCL sobre a RCL AJUSTADA,8.17
2020,Prefeitura Municipal de Lagoa do Carro - PE,PE,DÍVIDA CONSOLIDADA,13731488.11
2020,Prefeitura Municipal de Lagoa do Carro - PE,PE,Disponibilidade de Caixa Bruta,2366675.98
2020,Prefeitura Municipal de Lagoa do Carro - PE,PE,RECEITA CORRENTE LÍQUIDA,42269929.46
2020,Prefeitura Municipal de Lagoa do Carro - PE,PE,% da DC sobre a RCL AJUSTADA (I/VI),32.49
2020,Prefeitura Municipal de Lagoa do Carro - PE,PE,% da DCL sobre a RCL AJUSTADA,32.49
2020,Prefeitura Municipal de Lagoa dos Gatos - PE,PE,DÍVIDA CONSOLIDADA,598545.31
2020,Prefeitura Municipal de Lagoa dos Gatos - PE,PE,Disponibilidade de Caixa,3954161.04
2020,Prefeitura Municipal de Lagoa dos Gatos - PE,PE,Disponibilidade de Caixa Bruta,4007840.18
2020,Prefeitura Municipal de Lagoa dos Gatos - PE,PE,RECEITA CORRENTE LÍQUIDA,36207634.9
2020,Prefeitura Municipal de Lagoa dos Gatos - PE,PE,% da DC sobre a RCL AJUSTADA (I/VI),1.7
2020,Prefeitura Municipal de Lagoa dos Gatos - PE,PE,% da DCL sobre a RCL AJUSTADA,-9.51
2020,Prefeitura Municipal de Lagoa Grande - PE,PE,DÍVIDA CONSOLIDADA,6551501.94
2020,Prefeitura Municipal de Lagoa Grande - PE,PE,Disponibilidade de Caixa,17615233.26
2020,Prefeitura Municipal de Lagoa Grande - PE,PE,Disponibilidade de Caixa Bruta,22603251.31
2020,Prefeitura Municipal de Lagoa Grande - PE,PE,RECEITA CORRENTE LÍQUIDA,77027554.12
2020,Prefeitura Municipal de Lagoa Grande - PE,PE,% da DC sobre a RCL AJUSTADA (I/VI),8.77
2020,Prefeitura Municipal de Lagoa Grande - PE,PE,% da DCL sobre a RCL AJUSTADA,-16.42
2020,Prefeitura Municipal de Lajedo - PE,PE,DÍVIDA CONSOLIDADA,2740660.47
2020,Prefeitura Municipal de Lajedo - PE,PE,Disponibilidade de Caixa,1248845.51
2020,Prefeitura Municipal de Lajedo - PE,PE,Disponibilidade de Caixa Bruta,8343179.27
2020,Prefeitura Municipal de Lajedo - PE,PE,RECEITA CORRENTE LÍQUIDA,90428751.15
2020,Prefeitura Municipal de Lajedo - PE,PE,% da DC sobre a RCL AJUSTADA (I/VI),3.1
2020,Prefeitura Municipal de Lajedo - PE,PE,% da DCL sobre a RCL AJUSTADA,1.69
2020,Prefeitura Municipal de Lajedo - PE,PE,Precatórios (Não incluídos na DC),900164.77
2020,Prefeitura Municipal de Limoeiro - PE,PE,DÍVIDA CONSOLIDADA,59178108.21
2020,Prefeitura Municipal de Limoeiro - PE,PE,Disponibilidade de Caixa,5606423.37
2020,Prefeitura Municipal de Limoeiro - PE,PE,Disponibilidade de Caixa Bruta,30709223.88
2020,Prefeitura Municipal de Limoeiro - PE,PE,RECEITA CORRENTE LÍQUIDA,112590245.47
2020,Prefeitura Municipal de Limoeiro - PE,PE,% da DC sobre a RCL AJUSTADA (I/VI),52.56
2020,Prefeitura Municipal de Limoeiro - PE,PE,% da DCL sobre a RCL AJUSTADA,47.58
2020,Prefeitura Municipal de Macaparana - PE,PE,DÍVIDA CONSOLIDADA,661780.49
2020,Prefeitura Municipal de Macaparana - PE,PE,Disponibilidade de Caixa Bruta,6967662.61
2020,Prefeitura Municipal de Macaparana - PE,PE,RECEITA CORRENTE LÍQUIDA,57595330.22
2020,Prefeitura Municipal de Macaparana - PE,PE,% da DC sobre a RCL AJUSTADA (I/VI),1.15
2020,Prefeitura Municipal de Macaparana - PE,PE,% da DCL sobre a RCL AJUSTADA,-0.92
2020,Prefeitura Municipal de Machados - PE,PE,RECEITA CORRENTE LÍQUIDA,34509546.86
2020,Prefeitura Municipal de Manari - PE,PE,DÍVIDA CONSOLIDADA,462054.31
2020,Prefeitura Municipal de Manari - PE,PE,Disponibilidade de Caixa Bruta,3711245.76
2020,Prefeitura Municipal de Manari - PE,PE,RECEITA CORRENTE LÍQUIDA,50796919.41
2020,Prefeitura Municipal de Manari - PE,PE,% da DC sobre a RCL AJUSTADA (I/VI),0.91
2020,Prefeitura Municipal de Manari - PE,PE,% da DCL sobre a RCL AJUSTADA,-3.65
2020,Prefeitura Municipal de Maraial - PE,PE,RECEITA CORRENTE LÍQUIDA,24545527.57
2020,Prefeitura Municipal de Mirandiba - PE,PE,Disponibilidade de Caixa Bruta,3160592.11
2020,Prefeitura Municipal de Mirandiba - PE,PE,RECEITA CORRENTE LÍQUIDA,34547390.7
2020,Prefeitura Municipal de Moreilândia - PE,PE,RECEITA CORRENTE LÍQUIDA,29918582.18
2020,Prefeitura Municipal de Moreno - PE,PE,DÍVIDA CONSOLIDADA,61803412.36
2020,Prefeitura Municipal de Moreno - PE,PE,Disponibilidade de Caixa,5839699.02
2020,Prefeitura Municipal de Moreno - PE,PE,Disponibilidade de Caixa Bruta,8305104.29
2020,Prefeitura Municipal de Moreno - PE,PE,RECEITA CORRENTE LÍQUIDA,106765932.42
2020,Prefeitura Municipal de Moreno - PE,PE,% da DC sobre a RCL AJUSTADA (I/VI),57.89
2020,Prefeitura Municipal de Moreno - PE,PE,% da DCL sobre a RCL AJUSTADA,51.55
2020,Prefeitura Municipal de Nazaré da Mata - PE,PE,DÍVIDA CONSOLIDADA,59878364.64
2020,Prefeitura Municipal de Nazaré da Mata - PE,PE,Disponibilidade de Caixa Bruta,5099444.2
2020,Prefeitura Municipal de Nazaré da Mata - PE,PE,RECEITA CORRENTE LÍQUIDA,56890326.36
2020,Prefeitura Municipal de Nazaré da Mata - PE,PE,% da DC sobre a RCL AJUSTADA (I/VI),105.62
2020,Prefeitura Municipal de Nazaré da Mata - PE,PE,% da DCL sobre a RCL AJUSTADA,105.62
2020,Prefeitura Municipal de Olinda - PE,PE,DÍVIDA CONSOLIDADA,63038156.71
2020,Prefeitura Municipal de Olinda - PE,PE,Precatórios (inclusive) Vencidos e Não Pagos,10802370.25
2020,Prefeitura Municipal de Olinda - PE,PE,Disponibilidade de Caixa,74807988.54
2020,Prefeitura Municipal de Olinda - PE,PE,Disponibilidade de Caixa Bruta,101177232.07
2020,Prefeitura Municipal de Olinda - PE,PE,RECEITA CORRENTE LÍQUIDA,612198157.54
2020,Prefeitura Municipal de Olinda - PE,PE,% da DC sobre a RCL AJUSTADA (I/VI),10.3
2020,Prefeitura Municipal de Olinda - PE,PE,% da DCL sobre a RCL AJUSTADA,-1.96
2020,Prefeitura Municipal de Orobó - PE,PE,DÍVIDA CONSOLIDADA,29637739.62
2020,Prefeitura Municipal de Orobó - PE,PE,Precatórios (inclusive) Vencidos e Não Pagos,333942.43
2020,Prefeitura Municipal de Orobó - PE,PE,Disponibilidade de Caixa,15259989.65
2020,Prefeitura Municipal de Orobó - PE,PE,Disponibilidade de Caixa Bruta,15381969.81
2020,Prefeitura Municipal de Orobó - PE,PE,RECEITA CORRENTE LÍQUIDA,62369220.2
2020,Prefeitura Municipal de Orobó - PE,PE,% da DC sobre a RCL AJUSTADA (I/VI),47.52
2020,Prefeitura Municipal de Orobó - PE,PE,% da DCL sobre a RCL AJUSTADA,19.33
2020,Prefeitura Municipal de Orocó - PE,PE,RECEITA CORRENTE LÍQUIDA,38217343.32
2020,Prefeitura Municipal de Ouricuri - PE,PE,DÍVIDA CONSOLIDADA,109772610.87
2020,Prefeitura Municipal de Ouricuri - PE,PE,Disponibilidade de Caixa Bruta,4230884.27
2020,Prefeitura Municipal de Ouricuri - PE,PE,RECEITA CORRENTE LÍQUIDA,120827590.57
2020,Prefeitura Municipal de Ouricuri - PE,PE,% da DC sobre a RCL AJUSTADA (I/VI),90.85
2020,Prefeitura Municipal de Ouricuri - PE,PE,% da DCL sobre a RCL AJUSTADA,90.85
2020,Prefeitura Municipal de Palmares - PE,PE,DÍVIDA CONSOLIDADA,13865880.91
2020,Prefeitura Municipal de Palmares - PE,PE,Disponibilidade de Caixa Bruta,10253287.47
2020,Prefeitura Municipal de Palmares - PE,PE,RECEITA CORRENTE LÍQUIDA,130585581.35
2020,Prefeitura Municipal de Palmares - PE,PE,% da DC sobre a RCL AJUSTADA (I/VI),10.81
2020,Prefeitura Municipal de Palmares - PE,PE,% da DCL sobre a RCL AJUSTADA,10.81
2020,Prefeitura Municipal de Palmeirina - PE,PE,DÍVIDA CONSOLIDADA,761212.74
2020,Prefeitura Municipal de Palmeirina - PE,PE,Disponibilidade de Caixa Bruta,1861619.56
2020,Prefeitura Municipal de Palmeirina - PE,PE,RECEITA CORRENTE LÍQUIDA,23640361.1
2020,Prefeitura Municipal de Palmeirina - PE,PE,% da DC sobre a RCL AJUSTADA (I/VI),3.22
2020,Prefeitura Municipal de Palmeirina - PE,PE,% da DCL sobre a RCL AJUSTADA,3.22
2020,Prefeitura Municipal de Panelas - PE,PE,DÍVIDA CONSOLIDADA,11323621.7
2020,Prefeitura Municipal de Panelas - PE,PE,Disponibilidade de Caixa,19148138.79
2020,Prefeitura Municipal de Panelas - PE,PE,Disponibilidade de Caixa Bruta,27086558.2
2020,Prefeitura Municipal de Panelas - PE,PE,RECEITA CORRENTE LÍQUIDA,65575059.93
2020,Prefeitura Municipal de Panelas - PE,PE,% da DC sobre a RCL AJUSTADA (I/VI),17.27
2020,Prefeitura Municipal de Panelas - PE,PE,% da DCL sobre a RCL AJUSTADA,-11.93
2020,Prefeitura Municipal de Paranatama - PE,PE,DÍVIDA CONSOLIDADA,8468514.5
2020,Prefeitura Municipal de Paranatama - PE,PE,Disponibilidade de Caixa Bruta,3331330.74
2020,Prefeitura Municipal de Paranatama - PE,PE,RECEITA CORRENTE LÍQUIDA,40074073.35
2020,Prefeitura Municipal de Paranatama - PE,PE,% da DC sobre a RCL AJUSTADA (I/VI),21.13
2020,Prefeitura Municipal de Paranatama - PE,PE,% da DCL sobre a RCL AJUSTADA,20.86
2020,Prefeitura Municipal de Parnamirim - PE,PE,DÍVIDA CONSOLIDADA,8550991.62
2020,Prefeitura Municipal de Parnamirim - PE,PE,Disponibilidade de Caixa,3121975.07
2020,Prefeitura Municipal de Parnamirim - PE,PE,Disponibilidade de Caixa Bruta,5074701.9
2020,Prefeitura Municipal de Parnamirim - PE,PE,RECEITA CORRENTE LÍQUIDA,48820357.71
2020,Prefeitura Municipal de Parnamirim - PE,PE,% da DC sobre a RCL AJUSTADA (I/VI),18.38
2020,Prefeitura Municipal de Parnamirim - PE,PE,% da DCL sobre a RCL AJUSTADA,11.67
2020,Prefeitura Municipal de Passira - PE,PE,DÍVIDA CONSOLIDADA,12553928.33
2020,Prefeitura Municipal de Passira - PE,PE,Disponibilidade de Caixa Bruta,4535065.48
2020,Prefeitura Municipal de Passira - PE,PE,RECEITA CORRENTE LÍQUIDA,59577008.45
2020,Prefeitura Municipal de Passira - PE,PE,% da DC sobre a RCL AJUSTADA (I/VI),21.07
2020,Prefeitura Municipal de Passira - PE,PE,% da DCL sobre a RCL AJUSTADA,20.29
2020,Prefeitura Municipal de Paudalho - PE,PE,DÍVIDA CONSOLIDADA,81010722.67
2020,Prefeitura Municipal de Paudalho - PE,PE,Precatórios (inclusive) Vencidos e Não Pagos,1256256.61
2020,Prefeitura Municipal de Paudalho - PE,PE,Disponibilidade de Caixa,5277907.11
2020,Prefeitura Municipal de Paudalho - PE,PE,Disponibilidade de Caixa Bruta,19419688.47
2020,Prefeitura Municipal de Paudalho - PE,PE,RECEITA CORRENTE LÍQUIDA,118934259.67
2020,Prefeitura Municipal de Paudalho - PE,PE,% da DC sobre a RCL AJUSTADA (I/VI),68.26
2020,Prefeitura Municipal de Paudalho - PE,PE,% da DCL sobre a RCL AJUSTADA,63.82
2020,Prefeitura Municipal de Pedra - PE,PE,DÍVIDA CONSOLIDADA,2558104.85
2020,Prefeitura Municipal de Pedra - PE,PE,Disponibilidade de Caixa Bruta,2674370.12
2020,Prefeitura Municipal de Pedra - PE,PE,RECEITA CORRENTE LÍQUIDA,47266532.57
2020,Prefeitura Municipal de Pedra - PE,PE,% da DC sobre a RCL AJUSTADA (I/VI),5.41
2020,Prefeitura Municipal de Pedra - PE,PE,% da DCL sobre a RCL AJUSTADA,3.73
2020,Prefeitura Municipal de Pesqueira - PE,PE,DÍVIDA CONSOLIDADA,35928147.58
2020,Prefeitura Municipal de Pesqueira - PE,PE,Disponibilidade de Caixa Bruta,10382670.28
2020,Prefeitura Municipal de Pesqueira - PE,PE,RECEITA CORRENTE LÍQUIDA,126489133.38
2020,Prefeitura Municipal de Pesqueira - PE,PE,% da DC sobre a RCL AJUSTADA (I/VI),28.4
2020,Prefeitura Municipal de Pesqueira - PE,PE,% da DCL sobre a RCL AJUSTADA,27.39
2020,Prefeitura Municipal de Paulista - PE,PE,DÍVIDA CONSOLIDADA,36747780.97
2020,Prefeitura Municipal de Paulista - PE,PE,Precatórios (inclusive) Vencidos e Não Pagos,4298441.68
2020,Prefeitura Municipal de Paulista - PE,PE,Disponibilidade de Caixa,70308948.87
2020,Prefeitura Municipal de Paulista - PE,PE,Disponibilidade de Caixa Bruta,74191680.55
2020,Prefeitura Municipal de Paulista - PE,PE,RECEITA CORRENTE LÍQUIDA,462573896.81
2020,Prefeitura Municipal de Paulista - PE,PE,% da DC sobre a RCL AJUSTADA (I/VI),7.94
2020,Prefeitura Municipal de Paulista - PE,PE,% da DCL sobre a RCL AJUSTADA,-7.96
2020,Prefeitura Municipal de Petrolina - PE,PE,DÍVIDA CONSOLIDADA,174051256.11
2020,Prefeitura Municipal de Petrolina - PE,PE,Precatórios (inclusive) Vencidos e Não Pagos,39684551.96
2020,Prefeitura Municipal de Petrolina - PE,PE,Disponibilidade de Caixa,88489838.41
2020,Prefeitura Municipal de Petrolina - PE,PE,Disponibilidade de Caixa Bruta,129052361.82
2020,Prefeitura Municipal de Petrolina - PE,PE,RECEITA CORRENTE LÍQUIDA,694418583.91
2020,Prefeitura Municipal de Petrolina - PE,PE,% da DC sobre a RCL AJUSTADA (I/VI),25.06
2020,Prefeitura Municipal de Petrolina - PE,PE,% da DCL sobre a RCL AJUSTADA,12.33
2020,Prefeitura Municipal de Poção - PE,PE,DÍVIDA CONSOLIDADA,5950515.38
2020,Prefeitura Municipal de Poção - PE,PE,Disponibilidade de Caixa,1214161.52
2020,Prefeitura Municipal de Poção - PE,PE,Disponibilidade de Caixa Bruta,3288903.4
2020,Prefeitura Municipal de Poção - PE,PE,RECEITA CORRENTE LÍQUIDA,31696436.73
2020,Prefeitura Municipal de Poção - PE,PE,% da DC sobre a RCL AJUSTADA (I/VI),19.75
2020,Prefeitura Municipal de Poção - PE,PE,% da DCL sobre a RCL AJUSTADA,15.2
2020,Prefeitura Municipal de Pombos - PE,PE,DÍVIDA CONSOLIDADA,954110.64
2020,Prefeitura Municipal de Pombos - PE,PE,Disponibilidade de Caixa Bruta,5033855.12
2020,Prefeitura Municipal de Pombos - PE,PE,RECEITA CORRENTE LÍQUIDA,58872123.07
2020,Prefeitura Municipal de Pombos - PE,PE,% da DC sobre a RCL AJUSTADA (I/VI),1.62
2020,Prefeitura Municipal de Pombos - PE,PE,% da DCL sobre a RCL AJUSTADA,1.62
2020,Prefeitura Municipal de Primavera - PE,PE,DÍVIDA CONSOLIDADA,17732847.84
2020,Prefeitura Municipal de Primavera - PE,PE,Disponibilidade de Caixa Bruta,2271675.38
2020,Prefeitura Municipal de Primavera - PE,PE,RECEITA CORRENTE LÍQUIDA,34940192.82
2020,Prefeitura Municipal de Primavera - PE,PE,% da DC sobre a RCL AJUSTADA (I/VI),50.75
2020,Prefeitura Municipal de Primavera - PE,PE,% da DCL sobre a RCL AJUSTADA,50.75
2020,Prefeitura Municipal de Quipapá - PE,PE,DÍVIDA CONSOLIDADA,8296.55
2020,Prefeitura Municipal de Quipapá - PE,PE,Disponibilidade de Caixa Bruta,1624746.04
2020,Prefeitura Municipal de Quipapá - PE,PE,RECEITA CORRENTE LÍQUIDA,52075896.51
2020,Prefeitura Municipal de Quipapá - PE,PE,% da DC sobre a RCL AJUSTADA (I/VI),0.02
2020,Prefeitura Municipal de Quipapá - PE,PE,% da DCL sobre a RCL AJUSTADA,-6.84
2020,Prefeitura Municipal de Recife - PE,PE,DÍVIDA CONSOLIDADA,1543013779.06
2020,Prefeitura Municipal de Recife - PE,PE,Disponibilidade de Caixa,655027735.82
2020,Prefeitura Municipal de Recife - PE,PE,Disponibilidade de Caixa Bruta,687170224.84
2020,Prefeitura Municipal de Recife - PE,PE,RECEITA CORRENTE LÍQUIDA,4669648833.68
2020,Prefeitura Municipal de Recife - PE,PE,% da DC sobre a RCL AJUSTADA (I/VI),33.04
2020,Prefeitura Municipal de Recife - PE,PE,% da DCL sobre a RCL AJUSTADA,17.98
2020,Prefeitura Municipal de Riacho das Almas - PE,PE,DÍVIDA CONSOLIDADA,5866710.75
2020,Prefeitura Municipal de Riacho das Almas - PE,PE,Disponibilidade de Caixa,2349149.52
2020,Prefeitura Municipal de Riacho das Almas - PE,PE,Disponibilidade de Caixa Bruta,3536599.0
2020,Prefeitura Municipal de Riacho das Almas - PE,PE,RECEITA CORRENTE LÍQUIDA,48231625.3
2020,Prefeitura Municipal de Riacho das Almas - PE,PE,% da DC sobre a RCL AJUSTADA (I/VI),12.16
2020,Prefeitura Municipal de Riacho das Almas - PE,PE,% da DCL sobre a RCL AJUSTADA,7.29
2020,Prefeitura Municipal de Petrolândia - PE,PE,DÍVIDA CONSOLIDADA,3510483.01
2020,Prefeitura Municipal de Petrolândia - PE,PE,Disponibilidade de Caixa,4982185.29
2020,Prefeitura Municipal de Petrolândia - PE,PE,Disponibilidade de Caixa Bruta,7298789.57
2020,Prefeitura Municipal de Petrolândia - PE,PE,RECEITA CORRENTE LÍQUIDA,84086846.95
2020,Prefeitura Municipal de Petrolândia - PE,PE,% da DC sobre a RCL AJUSTADA (I/VI),4.17
2020,Prefeitura Municipal de Petrolândia - PE,PE,% da DCL sobre a RCL AJUSTADA,-1.75
2020,Prefeitura Municipal de Ribeirão - PE,PE,DÍVIDA CONSOLIDADA,30889115.57
2020,Prefeitura Municipal de Ribeirão - PE,PE,Disponibilidade de Caixa Bruta,3403150.73
2020,Prefeitura Municipal de Ribeirão - PE,PE,RECEITA CORRENTE LÍQUIDA,79191740.06
2020,Prefeitura Municipal de Ribeirão - PE,PE,% da DC sobre a RCL AJUSTADA (I/VI),39.84
2020,Prefeitura Municipal de Ribeirão - PE,PE,% da DCL sobre a RCL AJUSTADA,39.75
2020,Prefeitura Municipal de Rio Formoso - PE,PE,DÍVIDA CONSOLIDADA,58901818.98
2020,Prefeitura Municipal de Rio Formoso - PE,PE,Disponibilidade de Caixa Bruta,6547435.11
2020,Prefeitura Municipal de Rio Formoso - PE,PE,RECEITA CORRENTE LÍQUIDA,58827670.28
2020,Prefeitura Municipal de Rio Formoso - PE,PE,% da DC sobre a RCL AJUSTADA (I/VI),100.13
2020,Prefeitura Municipal de Rio Formoso - PE,PE,% da DCL sobre a RCL AJUSTADA,100.13
2020,Prefeitura Municipal de Sairé - PE,PE,DÍVIDA CONSOLIDADA,20510325.48
2020,Prefeitura Municipal de Sairé - PE,PE,Precatórios (inclusive) Vencidos e Não Pagos,425925.04
2020,Prefeitura Municipal de Sairé - PE,PE,Disponibilidade de Caixa Bruta,1058773.78
2020,Prefeitura Municipal de Sairé - PE,PE,RECEITA CORRENTE LÍQUIDA,27131724.92
2020,Prefeitura Municipal de Sairé - PE,PE,% da DC sobre a RCL AJUSTADA (I/VI),77.16
2020,Prefeitura Municipal de Sairé - PE,PE,% da DCL sobre a RCL AJUSTADA,77.16
2020,Prefeitura Municipal de Salgueiro - PE,PE,DÍVIDA CONSOLIDADA,17148609.33
2020,Prefeitura Municipal de Salgueiro - PE,PE,Disponibilidade de Caixa,31674528.65
2020,Prefeitura Municipal de Salgueiro - PE,PE,Disponibilidade de Caixa Bruta,33233193.89
2020,Prefeitura Municipal de Salgueiro - PE,PE,RECEITA CORRENTE LÍQUIDA,141441344.12
2020,Prefeitura Municipal de Salgueiro - PE,PE,% da DC sobre a RCL AJUSTADA (I/VI),12.15
2020,Prefeitura Municipal de Salgueiro - PE,PE,% da DCL sobre a RCL AJUSTADA,-10.97
2020,Prefeitura Municipal de Saloá - PE,PE,DÍVIDA CONSOLIDADA,1034841.78
2020,Prefeitura Municipal de Saloá - PE,PE,Disponibilidade de Caixa Bruta,8119378.1
2020,Prefeitura Municipal de Saloá - PE,PE,RECEITA CORRENTE LÍQUIDA,42804303.14
2020,Prefeitura Municipal de Saloá - PE,PE,% da DC sobre a RCL AJUSTADA (I/VI),2.42
2020,Prefeitura Municipal de Saloá - PE,PE,% da DCL sobre a RCL AJUSTADA,-1.53
2020,Prefeitura Municipal de Salgadinho - PE,PE,DÍVIDA CONSOLIDADA,10302147.08
2020,Prefeitura Municipal de Salgadinho - PE,PE,Disponibilidade de Caixa,2680669.33
2020,Prefeitura Municipal de Salgadinho - PE,PE,Disponibilidade de Caixa Bruta,3367168.22
2020,Prefeitura Municipal de Salgadinho - PE,PE,RECEITA CORRENTE LÍQUIDA,28721049.26
2020,Prefeitura Municipal de Salgadinho - PE,PE,% da DC sobre a RCL AJUSTADA (I/VI),35.87
2020,Prefeitura Municipal de Salgadinho - PE,PE,% da DCL sobre a RCL AJUSTADA,26.54
2020,Prefeitura Municipal de Salgadinho - PE,PE,Precatórios (Não incluídos na DC),98222.6
2020,Prefeitura Municipal de Sanharó - PE,PE,DÍVIDA CONSOLIDADA,15648976.05
2020,Prefeitura Municipal de Sanharó - PE,PE,Disponibilidade de Caixa,12449674.11
2020,Prefeitura Municipal de Sanharó - PE,PE,Disponibilidade de Caixa Bruta,12852404.07
2020,Prefeitura Municipal de Sanharó - PE,PE,RECEITA CORRENTE LÍQUIDA,62122656.28
2020,Prefeitura Municipal de Sanharó - PE,PE,% da DC sobre a RCL AJUSTADA (I/VI),25.43
2020,Prefeitura Municipal de Sanharó - PE,PE,% da DCL sobre a RCL AJUSTADA,5.2
2020,Prefeitura Municipal de Santa Cruz - PE,PE,DÍVIDA CONSOLIDADA,3345132.51
2020,Prefeitura Municipal de Santa Cruz - PE,PE,Disponibilidade de Caixa,4389342.37
2020,Prefeitura Municipal de Santa Cruz - PE,PE,Disponibilidade de Caixa Bruta,4762107.91
2020,Prefeitura Municipal de Santa Cruz - PE,PE,RECEITA CORRENTE LÍQUIDA,41113035.16
2020,Prefeitura Municipal de Santa Cruz - PE,PE,% da DC sobre a RCL AJUSTADA (I/VI),8.24
2020,Prefeitura Municipal de Santa Cruz - PE,PE,% da DCL sobre a RCL AJUSTADA,-2.57
2020,Prefeitura Municipal de Santa Cruz da Baixa Verde - PE,PE,DÍVIDA CONSOLIDADA,-936693.64
2020,Prefeitura Municipal de Santa Cruz da Baixa Verde - PE,PE,Disponibilidade de Caixa Bruta,1856584.19
2020,Prefeitura Municipal de Santa Cruz da Baixa Verde - PE,PE,RECEITA CORRENTE LÍQUIDA,30977570.64
2020,Prefeitura Municipal de Santa Cruz da Baixa Verde - PE,PE,% da DC sobre a RCL AJUSTADA (I/VI),-3.02
2020,Prefeitura Municipal de Santa Cruz da Baixa Verde - PE,PE,% da DCL sobre a RCL AJUSTADA,-3.65
2020,Prefeitura Municipal de Santa Cruz do Capibaribe - PE,PE,DÍVIDA CONSOLIDADA,14898197.08
2020,Prefeitura Municipal de Santa Cruz do Capibaribe - PE,PE,Disponibilidade de Caixa,57020772.86
2020,Prefeitura Municipal de Santa Cruz do Capibaribe - PE,PE,Disponibilidade de Caixa Bruta,76681052.95
2020,Prefeitura Municipal de Santa Cruz do Capibaribe - PE,PE,RECEITA CORRENTE LÍQUIDA,184171033.79
2020,Prefeitura Municipal de Santa Cruz do Capibaribe - PE,PE,% da DC sobre a RCL AJUSTADA (I/VI),8.09
2020,Prefeitura Municipal de Santa Cruz do Capibaribe - PE,PE,% da DCL sobre a RCL AJUSTADA,-22.87
2020,Prefeitura Municipal de Santa Filomena - PE,PE,RECEITA CORRENTE LÍQUIDA,37965185.48
2020,Prefeitura Municipal de Santa Maria do Cambucá - PE,PE,RECEITA CORRENTE LÍQUIDA,32889842.88
2020,Prefeitura Municipal de Santa Maria da Boa Vista - PE,PE,DÍVIDA CONSOLIDADA,16128615.83
2020,Prefeitura Municipal de Santa Maria da Boa Vista - PE,PE,RECEITA CORRENTE LÍQUIDA,88830228.98
2020,Prefeitura Municipal de Santa Maria da Boa Vista - PE,PE,% da DC sobre a RCL AJUSTADA (I/VI),18.36
2020,Prefeitura Municipal de Santa Maria da Boa Vista - PE,PE,% da DCL sobre a RCL AJUSTADA,18.36
2020,Prefeitura Municipal de São Benedito do Sul - PE,PE,DÍVIDA CONSOLIDADA,5860043.32
2020,Prefeitura Municipal de São Benedito do Sul - PE,PE,Disponibilidade de Caixa,1110841.01
2020,Prefeitura Municipal de São Benedito do Sul - PE,PE,Disponibilidade de Caixa Bruta,3348126.87
2020,Prefeitura Municipal de São Benedito do Sul - PE,PE,RECEITA CORRENTE LÍQUIDA,32924531.34
2020,Prefeitura Municipal de São Benedito do Sul - PE,PE,% da DC sobre a RCL AJUSTADA (I/VI),18.48
2020,Prefeitura Municipal de São Benedito do Sul - PE,PE,% da DCL sobre a RCL AJUSTADA,14.44
2020,Prefeitura Municipal de São Bento do Una - PE,PE,DÍVIDA CONSOLIDADA,8963375.64
2020,Prefeitura Municipal de São Bento do Una - PE,PE,Disponibilidade de Caixa,4353296.1
2020,Prefeitura Municipal de São Bento do Una - PE,PE,Disponibilidade de Caixa Bruta,11725244.28
2020,Prefeitura Municipal de São Bento do Una - PE,PE,RECEITA CORRENTE LÍQUIDA,100745750.47
2020,Prefeitura Municipal de São Bento do Una - PE,PE,% da DC sobre a RCL AJUSTADA (I/VI),9.01
2020,Prefeitura Municipal de São Bento do Una - PE,PE,% da DCL sobre a RCL AJUSTADA,4.64
2020,Prefeitura Municipal de São Caitano - PE,PE,RECEITA CORRENTE LÍQUIDA,69203272.24
2020,Prefeitura Municipal de São João - PE,PE,RECEITA CORRENTE LÍQUIDA,53353231.63
2020,Prefeitura Municipal de São Joaquim do Monte - PE,PE,DÍVIDA CONSOLIDADA,13948223.91
2020,Prefeitura Municipal de São Joaquim do Monte - PE,PE,Precatórios (inclusive) Vencidos e Não Pagos,1082905.32
2020,Prefeitura Municipal de São Joaquim do Monte - PE,PE,Disponibilidade de Caixa,2464649.49
2020,Prefeitura Municipal de São Joaquim do Monte - PE,PE,Disponibilidade de Caixa Bruta,8573019.37
2020,Prefeitura Municipal de São Joaquim do Monte - PE,PE,RECEITA CORRENTE LÍQUIDA,55559702.23
2020,Prefeitura Municipal de São Joaquim do Monte - PE,PE,% da DC sobre a RCL AJUSTADA (I/VI),26.75
2020,Prefeitura Municipal de São Joaquim do Monte - PE,PE,% da DCL sobre a RCL AJUSTADA,22.02
2020,Prefeitura Municipal de São José do Belmonte - PE,PE,DÍVIDA CONSOLIDADA,257457.71
2020,Prefeitura Municipal de São José do Belmonte - PE,PE,Disponibilidade de Caixa,31363479.37
2020,Prefeitura Municipal de São José do Belmonte - PE,PE,Disponibilidade de Caixa Bruta,32214295.06
2020,Prefeitura Municipal de São José do Belmonte - PE,PE,RECEITA CORRENTE LÍQUIDA,63441604.99
2020,Prefeitura Municipal de São José do Belmonte - PE,PE,% da DC sobre a RCL AJUSTADA (I/VI),0.41
2020,Prefeitura Municipal de São José do Belmonte - PE,PE,% da DCL sobre a RCL AJUSTADA,-49.03
2020,Prefeitura Municipal de São Lourenço da Mata - PE,PE,DÍVIDA CONSOLIDADA,25874879.53
2020,Prefeitura Municipal de São Lourenço da Mata - PE,PE,Disponibilidade de Caixa,27041170.0
2020,Prefeitura Municipal de São Lourenço da Mata - PE,PE,Disponibilidade de Caixa Bruta,41817539.94
2020,Prefeitura Municipal de São Lourenço da Mata - PE,PE,RECEITA CORRENTE LÍQUIDA,172843458.73
2020,Prefeitura Municipal de São Lourenço da Mata - PE,PE,% da DC sobre a RCL AJUSTADA (I/VI),14.97
2020,Prefeitura Municipal de São Lourenço da Mata - PE,PE,% da DCL sobre a RCL AJUSTADA,-0.67
2020,Prefeitura Municipal de Serra Talhada - PE,PE,DÍVIDA CONSOLIDADA,36199839.78
2020,Prefeitura Municipal de Serra Talhada - PE,PE,Precatórios (inclusive) Vencidos e Não Pagos,187553.41
2020,Prefeitura Municipal de Serra Talhada - PE,PE,Disponibilidade de Caixa,3154726.19
2020,Prefeitura Municipal de Serra Talhada - PE,PE,Disponibilidade de Caixa Bruta,27863882.76
2020,Prefeitura Municipal de Serra Talhada - PE,PE,RECEITA CORRENTE LÍQUIDA,188832473.42
2020,Prefeitura Municipal de Serra Talhada - PE,PE,% da DC sobre a RCL AJUSTADA (I/VI),19.17
2020,Prefeitura Municipal de Serra Talhada - PE,PE,% da DCL sobre a RCL AJUSTADA,17.41
2020,Prefeitura Municipal de Sertânia - PE,PE,DÍVIDA CONSOLIDADA,2542823.61
2020,Prefeitura Municipal de Sertânia - PE,PE,Disponibilidade de Caixa,16752382.64
2020,Prefeitura Municipal de Sertânia - PE,PE,Disponibilidade de Caixa Bruta,22275492.42
2020,Prefeitura Municipal de Sertânia - PE,PE,RECEITA CORRENTE LÍQUIDA,89524127.44
2020,Prefeitura Municipal de Sertânia - PE,PE,% da DC sobre a RCL AJUSTADA (I/VI),2.84
2020,Prefeitura Municipal de Sertânia - PE,PE,% da DCL sobre a RCL AJUSTADA,-20.41
2020,Prefeitura Municipal de Surubim - PE,PE,DÍVIDA CONSOLIDADA,5920229.14
2020,Prefeitura Municipal de Surubim - PE,PE,RECEITA CORRENTE LÍQUIDA,114731421.72
2020,Prefeitura Municipal de Surubim - PE,PE,% da DC sobre a RCL AJUSTADA (I/VI),5.16
2020,Prefeitura Municipal de Surubim - PE,PE,% da DCL sobre a RCL AJUSTADA,5.16
2020,Prefeitura Municipal de Tabira - PE,PE,DÍVIDA CONSOLIDADA,12605158.5
2020,Prefeitura Municipal de Tabira - PE,PE,Disponibilidade de Caixa,5867746.9
2020,Prefeitura Municipal de Tabira - PE,PE,Disponibilidade de Caixa Bruta,8574646.38
2020,Prefeitura Municipal de Tabira - PE,PE,RECEITA CORRENTE LÍQUIDA,58300915.37
2020,Prefeitura Municipal de Tabira - PE,PE,% da DC sobre a RCL AJUSTADA (I/VI),22.0
2020,Prefeitura Municipal de Tabira - PE,PE,% da DCL sobre a RCL AJUSTADA,10.82
2020,Prefeitura Municipal de Tacaimbó - PE,PE,DÍVIDA CONSOLIDADA,5493334.9
2020,Prefeitura Municipal de Tacaimbó - PE,PE,Disponibilidade de Caixa,2955779.93
2020,Prefeitura Municipal de Tacaimbó - PE,PE,Disponibilidade de Caixa Bruta,4603152.2
2020,Prefeitura Municipal de Tacaimbó - PE,PE,RECEITA CORRENTE LÍQUIDA,31015518.3
2020,Prefeitura Municipal de Tacaimbó - PE,PE,% da DC sobre a RCL AJUSTADA (I/VI),19.29
2020,Prefeitura Municipal de Tacaimbó - PE,PE,% da DCL sobre a RCL AJUSTADA,7.97
2020,Prefeitura Municipal de Tacaratu - PE,PE,Disponibilidade de Caixa,324648.43
2020,Prefeitura Municipal de Tacaratu - PE,PE,Disponibilidade de Caixa Bruta,4741235.49
2020,Prefeitura Municipal de Tacaratu - PE,PE,RECEITA CORRENTE LÍQUIDA,55280509.89
2020,Prefeitura Municipal de Tacaratu - PE,PE,% da DCL sobre a RCL AJUSTADA,-0.6
2020,Prefeitura Municipal de Taquaritinga do Norte - PE,PE,DÍVIDA CONSOLIDADA,17985494.8
2020,Prefeitura Municipal de Taquaritinga do Norte - PE,PE,Disponibilidade de Caixa Bruta,5481584.07
2020,Prefeitura Municipal de Taquaritinga do Norte - PE,PE,RECEITA CORRENTE LÍQUIDA,54858887.17
2020,Prefeitura Municipal de Taquaritinga do Norte - PE,PE,% da DC sobre a RCL AJUSTADA (I/VI),32.79
2020,Prefeitura Municipal de Taquaritinga do Norte - PE,PE,% da DCL sobre a RCL AJUSTADA,32.79
2020,Prefeitura Municipal de Terezinha - PE,PE,RECEITA CORRENTE LÍQUIDA,23011220.22
2020,Prefeitura Municipal de Terra Nova - PE,PE,DÍVIDA CONSOLIDADA,18252.92
2020,Prefeitura Municipal de Terra Nova - PE,PE,Disponibilidade de Caixa,8275327.47
2020,Prefeitura Municipal de Terra Nova - PE,PE,Disponibilidade de Caixa Bruta,8473587.22
2020,Prefeitura Municipal de Terra Nova - PE,PE,RECEITA CORRENTE LÍQUIDA,27673473.98
2020,Prefeitura Municipal de Terra Nova - PE,PE,% da DC sobre a RCL AJUSTADA (I/VI),0.07
2020,Prefeitura Municipal de Terra Nova - PE,PE,% da DCL sobre a RCL AJUSTADA,-29.84
2020,Prefeitura Municipal de Timbaúba - PE,PE,DÍVIDA CONSOLIDADA,4518599.61
2020,Prefeitura Municipal de Timbaúba - PE,PE,Disponibilidade de Caixa,4296231.03
2020,Prefeitura Municipal de Timbaúba - PE,PE,Disponibilidade de Caixa Bruta,9752150.41
2020,Prefeitura Municipal de Timbaúba - PE,PE,RECEITA CORRENTE LÍQUIDA,113568783.94
2020,Prefeitura Municipal de Timbaúba - PE,PE,% da DC sobre a RCL AJUSTADA (I/VI),3.98
2020,Prefeitura Municipal de Timbaúba - PE,PE,% da DCL sobre a RCL AJUSTADA,0.2
2020,Prefeitura Municipal de Toritama - PE,PE,DÍVIDA CONSOLIDADA,27109977.5
2020,Prefeitura Municipal de Toritama - PE,PE,Disponibilidade de Caixa,11037762.78
2020,Prefeitura Municipal de Toritama - PE,PE,Disponibilidade de Caixa Bruta,13968826.61
2020,Prefeitura Municipal de Toritama - PE,PE,RECEITA CORRENTE LÍQUIDA,95532395.23
2020,Prefeitura Municipal de Toritama - PE,PE,% da DC sobre a RCL AJUSTADA (I/VI),28.38
2020,Prefeitura Municipal de Toritama - PE,PE,% da DCL sobre a RCL AJUSTADA,15.37
2020,Prefeitura Municipal de Tracunhaém - PE,PE,DÍVIDA CONSOLIDADA,15110860.37
2020,Prefeitura Municipal de Tracunhaém - PE,PE,Disponibilidade de Caixa Bruta,1357870.76
2020,Prefeitura Municipal de Tracunhaém - PE,PE,RECEITA CORRENTE LÍQUIDA,31041579.63
2020,Prefeitura Municipal de Tracunhaém - PE,PE,% da DC sobre a RCL AJUSTADA (I/VI),48.68
2020,Prefeitura Municipal de Tracunhaém - PE,PE,% da DCL sobre a RCL AJUSTADA,48.68
2020,Prefeitura Municipal de Tupanatinga - PE,PE,DÍVIDA CONSOLIDADA,5492193.74
2020,Prefeitura Municipal de Tupanatinga - PE,PE,Disponibilidade de Caixa,31231007.47
2020,Prefeitura Municipal de Tupanatinga - PE,PE,Disponibilidade de Caixa Bruta,48541204.03
2020,Prefeitura Municipal de Tupanatinga - PE,PE,RECEITA CORRENTE LÍQUIDA,60029022.09
2020,Prefeitura Municipal de Tupanatinga - PE,PE,% da DC sobre a RCL AJUSTADA (I/VI),9.15
2020,Prefeitura Municipal de Tupanatinga - PE,PE,% da DCL sobre a RCL AJUSTADA,-42.88
2020,Prefeitura Municipal de Venturosa - PE,PE,DÍVIDA CONSOLIDADA,4089154.2
2020,Prefeitura Municipal de Venturosa - PE,PE,Disponibilidade de Caixa,2814793.19
2020,Prefeitura Municipal de Venturosa - PE,PE,Disponibilidade de Caixa Bruta,4445169.22
2020,Prefeitura Municipal de Venturosa - PE,PE,RECEITA CORRENTE LÍQUIDA,45399499.34
2020,Prefeitura Municipal de Venturosa - PE,PE,% da DC sobre a RCL AJUSTADA (I/VI),9.41
2020,Prefeitura Municipal de Venturosa - PE,PE,% da DCL sobre a RCL AJUSTADA,2.75
2020,Prefeitura Municipal de Verdejante - PE,PE,RECEITA CORRENTE LÍQUIDA,25655557.56
2020,Prefeitura Municipal de Vertente do Lério - PE,PE,DÍVIDA CONSOLIDADA,158706.85
2020,Prefeitura Municipal de Vertente do Lério - PE,PE,Disponibilidade de Caixa,906892.37
2020,Prefeitura Municipal de Vertente do Lério - PE,PE,Disponibilidade de Caixa Bruta,1782251.13
2020,Prefeitura Municipal de Vertente do Lério - PE,PE,RECEITA CORRENTE LÍQUIDA,24508816.25
2020,Prefeitura Municipal de Vertente do Lério - PE,PE,% da DC sobre a RCL AJUSTADA (I/VI),0.65
2020,Prefeitura Municipal de Vertente do Lério - PE,PE,% da DCL sobre a RCL AJUSTADA,-3.05
2020,Prefeitura Municipal de Vertentes - PE,PE,DÍVIDA CONSOLIDADA,1091169.13
2020,Prefeitura Municipal de Vertentes - PE,PE,Disponibilidade de Caixa,15519026.29
2020,Prefeitura Municipal de Vertentes - PE,PE,Disponibilidade de Caixa Bruta,15563149.02
2020,Prefeitura Municipal de Vertentes - PE,PE,RECEITA CORRENTE LÍQUIDA,49305280.05
2020,Prefeitura Municipal de Vertentes - PE,PE,% da DC sobre a RCL AJUSTADA (I/VI),2.28
2020,Prefeitura Municipal de Vertentes - PE,PE,% da DCL sobre a RCL AJUSTADA,-30.2
2020,Prefeitura Municipal de Vicência - PE,PE,DÍVIDA CONSOLIDADA,28726346.66
2020,Prefeitura Municipal de Vicência - PE,PE,Disponibilidade de Caixa,8211183.29
2020,Prefeitura Municipal de Vicência - PE,PE,Disponibilidade de Caixa Bruta,9942341.24
2020,Prefeitura Municipal de Vicência - PE,PE,RECEITA CORRENTE LÍQUIDA,72585205.01
2020,Prefeitura Municipal de Vicência - PE,PE,% da DC sobre a RCL AJUSTADA (I/VI),39.58
2020,Prefeitura Municipal de Vicência - PE,PE,% da DCL sobre a RCL AJUSTADA,26.98
2020,Prefeitura Municipal de Vitória de Santo Antão - PE,PE,DÍVIDA CONSOLIDADA,10425557.96
2020,Prefeitura Municipal de Vitória de Santo Antão - PE,PE,Precatórios (inclusive) Vencidos e Não Pagos,1548714.64
2020,Prefeitura Municipal de Vitória de Santo Antão - PE,PE,Disponibilidade de Caixa,71228798.9
2020,Prefeitura Municipal de Vitória de Santo Antão - PE,PE,Disponibilidade de Caixa Bruta,81981496.49
2020,Prefeitura Municipal de Vitória de Santo Antão - PE,PE,RECEITA CORRENTE LÍQUIDA,276940381.49
2020,Prefeitura Municipal de Vitória de Santo Antão - PE,PE,% da DC sobre a RCL AJUSTADA (I/VI),3.77
2020,Prefeitura Municipal de Vitória de Santo Antão - PE,PE,% da DCL sobre a RCL AJUSTADA,-23.31
2021,Prefeitura Municipal de Abreu e Lima - PE,PE,DÍVIDA CONSOLIDADA,21719675.51
2021,Prefeitura Municipal de Abreu e Lima - PE,PE,Disponibilidade de Caixa,32131567.12
2021,Prefeitura Municipal de Abreu e Lima - PE,PE,Disponibilidade de Caixa Bruta,44801908.68
2021,Prefeitura Municipal de Abreu e Lima - PE,PE,RECEITA CORRENTE LÍQUIDA,183990167.65
2021,Prefeitura Municipal de Abreu e Lima - PE,PE,% da DC sobre a RCL AJUSTADA (I/VI),11.8
2021,Prefeitura Municipal de Abreu e Lima - PE,PE,% da DCL sobre a RCL AJUSTADA,-5.64
2020,Prefeitura Municipal de Xexéu - PE,PE,RECEITA CORRENTE LÍQUIDA,40157464.98
2021,Prefeitura Municipal de Afrânio - PE,PE,Disponibilidade de Caixa,747682.04
2021,Prefeitura Municipal de Afrânio - PE,PE,RECEITA CORRENTE LÍQUIDA,52609337.46
2021,Prefeitura Municipal de Afrânio - PE,PE,% da DCL sobre a RCL AJUSTADA,-1.42
2021,Prefeitura Municipal de Água Preta - PE,PE,Disponibilidade de Caixa,22325.72
2021,Prefeitura Municipal de Água Preta - PE,PE,RECEITA CORRENTE LÍQUIDA,75608138.85
2021,Prefeitura Municipal de Água Preta - PE,PE,% da DCL sobre a RCL AJUSTADA,-0.03
2021,Prefeitura Municipal de Agrestina - PE,PE,DÍVIDA CONSOLIDADA,21722311.92
2021,Prefeitura Municipal de Agrestina - PE,PE,Disponibilidade de Caixa,15917270.95
2021,Prefeitura Municipal de Agrestina - PE,PE,Disponibilidade de Caixa Bruta,17476656.41
2021,Prefeitura Municipal de Agrestina - PE,PE,RECEITA CORRENTE LÍQUIDA,70910920.04
2021,Prefeitura Municipal de Agrestina - PE,PE,% da DC sobre a RCL AJUSTADA (I/VI),30.63
2021,Prefeitura Municipal de Agrestina - PE,PE,% da DCL sobre a RCL AJUSTADA,8.19
2021,Prefeitura Municipal de Águas Belas - PE,PE,DÍVIDA CONSOLIDADA,46949132.29
2021,Prefeitura Municipal de Águas Belas - PE,PE,Disponibilidade de Caixa Bruta,8164914.46
2021,Prefeitura Municipal de Águas Belas - PE,PE,RECEITA CORRENTE LÍQUIDA,91412332.0
2021,Prefeitura Municipal de Águas Belas - PE,PE,% da DC sobre a RCL AJUSTADA (I/VI),51.36
2021,Prefeitura Municipal de Águas Belas - PE,PE,% da DCL sobre a RCL AJUSTADA,51.36
2021,Prefeitura Municipal de Alagoinha - PE,PE,DÍVIDA CONSOLIDADA,3597235.1
2021,Prefeitura Municipal de Alagoinha - PE,PE,Disponibilidade de Caixa,4500176.52
2021,Prefeitura Municipal de Alagoinha - PE,PE,Disponibilidade de Caixa Bruta,4768391.86
2021,Prefeitura Municipal de Alagoinha - PE,PE,RECEITA CORRENTE LÍQUIDA,45359687.08
2021,Prefeitura Municipal de Alagoinha - PE,PE,% da DC sobre a RCL AJUSTADA (I/VI),8.07
2021,Prefeitura Municipal de Alagoinha - PE,PE,% da DCL sobre a RCL AJUSTADA,-2.03
2021,Prefeitura Municipal de Aliança - PE,PE,DÍVIDA CONSOLIDADA,45878287.7
2021,Prefeitura Municipal de Aliança - PE,PE,Disponibilidade de Caixa,6079563.06
2021,Prefeitura Municipal de Aliança - PE,PE,Disponibilidade de Caixa Bruta,9649237.54
2021,Prefeitura Municipal de Aliança - PE,PE,RECEITA CORRENTE LÍQUIDA,81061657.03
2021,Prefeitura Municipal de Aliança - PE,PE,% da DC sobre a RCL AJUSTADA (I/VI),56.6
2021,Prefeitura Municipal de Aliança - PE,PE,% da DCL sobre a RCL AJUSTADA,49.1
2021,Prefeitura Municipal de Altinho - PE,PE,DÍVIDA CONSOLIDADA,713119.19
2021,Prefeitura Municipal de Altinho - PE,PE,Disponibilidade de Caixa,589962.36
2021,Prefeitura Municipal de Altinho - PE,PE,Disponibilidade de Caixa Bruta,4485503.35
2021,Prefeitura Municipal de Altinho - PE,PE,RECEITA CORRENTE LÍQUIDA,47834208.29
2021,Prefeitura Municipal de Altinho - PE,PE,% da DC sobre a RCL AJUSTADA (I/VI),1.51
2021,Prefeitura Municipal de Altinho - PE,PE,% da DCL sobre a RCL AJUSTADA,0.26
2021,Prefeitura Municipal de Amaraji - PE,PE,Disponibilidade de Caixa,6697349.76
2021,Prefeitura Municipal de Amaraji - PE,PE,Disponibilidade de Caixa Bruta,7014635.73
2021,Prefeitura Municipal de Amaraji - PE,PE,RECEITA CORRENTE LÍQUIDA,59818589.68
2021,Prefeitura Municipal de Amaraji - PE,PE,% da DCL sobre a RCL AJUSTADA,-11.22
2021,Prefeitura Municipal de Angelim - PE,PE,DÍVIDA CONSOLIDADA,1780192.59
2021,Prefeitura Municipal de Angelim - PE,PE,Disponibilidade de Caixa,5985327.18
2021,Prefeitura Municipal de Angelim - PE,PE,Disponibilidade de Caixa Bruta,8203787.42
2021,Prefeitura Municipal de Angelim - PE,PE,RECEITA CORRENTE LÍQUIDA,32582980.3
2021,Prefeitura Municipal de Angelim - PE,PE,% da DC sobre a RCL AJUSTADA (I/VI),5.54
2021,Prefeitura Municipal de Angelim - PE,PE,% da DCL sobre a RCL AJUSTADA,-13.14
2021,Prefeitura Municipal de Araçoiaba - PE,PE,RECEITA CORRENTE LÍQUIDA,53402723.4
2021,Prefeitura Municipal de Arcoverde - PE,PE,DÍVIDA CONSOLIDADA,5538866.35
2021,Prefeitura Municipal de Arcoverde - PE,PE,Disponibilidade de Caixa,8685905.27
2021,Prefeitura Municipal de Arcoverde - PE,PE,Disponibilidade de Caixa Bruta,18320551.38
2021,Prefeitura Municipal de Arcoverde - PE,PE,RECEITA CORRENTE LÍQUIDA,168533580.94
2021,Prefeitura Municipal de Arcoverde - PE,PE,% da DC sobre a RCL AJUSTADA (I/VI),3.31
2021,Prefeitura Municipal de Arcoverde - PE,PE,% da DCL sobre a RCL AJUSTADA,-2.83
2021,Prefeitura Municipal de Araripina - PE,PE,DÍVIDA CONSOLIDADA,110608942.97
2021,Prefeitura Municipal de Araripina - PE,PE,Disponibilidade de Caixa,11426647.79
2021,Prefeitura Municipal de Araripina - PE,PE,Disponibilidade de Caixa Bruta,22558254.41
2021,Prefeitura Municipal de Araripina - PE,PE,RECEITA CORRENTE LÍQUIDA,179783348.35
2021,Prefeitura Municipal de Araripina - PE,PE,% da DC sobre a RCL AJUSTADA (I/VI),61.65
2021,Prefeitura Municipal de Araripina - PE,PE,% da DCL sobre a RCL AJUSTADA,55.12
2021,Prefeitura Municipal de Barra de Guabiraba - PE,PE,Disponibilidade de Caixa,17580.0
2021,Prefeitura Municipal de Barra de Guabiraba - PE,PE,RECEITA CORRENTE LÍQUIDA,38335188.11
2021,Prefeitura Municipal de Barra de Guabiraba - PE,PE,% da DCL sobre a RCL AJUSTADA,-0.05
2021,Prefeitura Municipal de Barreiros - PE,PE,DÍVIDA CONSOLIDADA,35475023.32
2021,Prefeitura Municipal de Barreiros - PE,PE,Disponibilidade de Caixa Bruta,19549613.27
2021,Prefeitura Municipal de Barreiros - PE,PE,RECEITA CORRENTE LÍQUIDA,102517596.48
2021,Prefeitura Municipal de Barreiros - PE,PE,% da DC sobre a RCL AJUSTADA (I/VI),34.6
2021,Prefeitura Municipal de Barreiros - PE,PE,% da DCL sobre a RCL AJUSTADA,34.6
2021,Prefeitura Municipal de Belém de Maria - PE,PE,RECEITA CORRENTE LÍQUIDA,33562604.05
2021,Prefeitura Municipal de Belo Jardim - PE,PE,DÍVIDA CONSOLIDADA,38117920.73
2021,Prefeitura Municipal de Belo Jardim - PE,PE,Precatórios (inclusive) Vencidos e Não Pagos,233963.73
2021,Prefeitura Municipal de Belo Jardim - PE,PE,Disponibilidade de Caixa Bruta,20521431.59
2021,Prefeitura Municipal de Belo Jardim - PE,PE,RECEITA CORRENTE LÍQUIDA,176282269.93
2021,Prefeitura Municipal de Belo Jardim - PE,PE,% da DC sobre a RCL AJUSTADA (I/VI),21.75
2021,Prefeitura Municipal de Belo Jardim - PE,PE,% da DCL sobre a RCL AJUSTADA,19.44
2021,Prefeitura Municipal de Belém do São Francisco - PE,PE,DÍVIDA CONSOLIDADA,27454142.04
2021,Prefeitura Municipal de Belém do São Francisco - PE,PE,Disponibilidade de Caixa Bruta,5157994.12
2021,Prefeitura Municipal de Belém do São Francisco - PE,PE,RECEITA CORRENTE LÍQUIDA,53314128.46
2021,Prefeitura Municipal de Belém do São Francisco - PE,PE,% da DC sobre a RCL AJUSTADA (I/VI),51.5
2021,Prefeitura Municipal de Belém do São Francisco - PE,PE,% da DCL sobre a RCL AJUSTADA,51.5
2021,Prefeitura Municipal de Betânia - PE,PE,DÍVIDA CONSOLIDADA,7598440.15
2021,Prefeitura Municipal de Betânia - PE,PE,Disponibilidade de Caixa Bruta,4235794.92
2021,Prefeitura Municipal de Betânia - PE,PE,RECEITA CORRENTE LÍQUIDA,35354531.99
2021,Prefeitura Municipal de Betânia - PE,PE,% da DC sobre a RCL AJUSTADA (I/VI),21.49
2021,Prefeitura Municipal de Betânia - PE,PE,% da DCL sobre a RCL AJUSTADA,21.48
2021,Prefeitura Municipal de Bezerros - PE,PE,DÍVIDA CONSOLIDADA,36686754.27
2021,Prefeitura Municipal de Bezerros - PE,PE,Disponibilidade de Caixa,10980628.66
2021,Prefeitura Municipal de Bezerros - PE,PE,Disponibilidade de Caixa Bruta,18371712.64
2021,Prefeitura Municipal de Bezerros - PE,PE,RECEITA CORRENTE LÍQUIDA,130962740.26
2021,Prefeitura Municipal de Bezerros - PE,PE,% da DC sobre a RCL AJUSTADA (I/VI),28.01
2021,Prefeitura Municipal de Bezerros - PE,PE,% da DCL sobre a RCL AJUSTADA,17.43
2021,Prefeitura Municipal de Bezerros - PE,PE,Precatórios (Não incluídos na DC),-25235.8
2021,Prefeitura Municipal de Bodocó - PE,PE,DÍVIDA CONSOLIDADA,22860636.68
2021,Prefeitura Municipal de Bodocó - PE,PE,Disponibilidade de Caixa,14705923.55
2021,Prefeitura Municipal de Bodocó - PE,PE,Disponibilidade de Caixa Bruta,14710158.03
2021,Prefeitura Municipal de Bodocó - PE,PE,RECEITA CORRENTE LÍQUIDA,85428623.48
2021,Prefeitura Municipal de Bodocó - PE,PE,% da DC sobre a RCL AJUSTADA (I/VI),26.76
2021,Prefeitura Municipal de Bodocó - PE,PE,% da DCL sobre a RCL AJUSTADA,9.55
2021,Prefeitura Municipal de Bom Conselho - PE,PE,DÍVIDA CONSOLIDADA,32399310.28
2021,Prefeitura Municipal de Bom Conselho - PE,PE,Precatórios (inclusive) Vencidos e Não Pagos,1288883.44
2021,Prefeitura Municipal de Bom Conselho - PE,PE,Disponibilidade de Caixa Bruta,13314040.92
2021,Prefeitura Municipal de Bom Conselho - PE,PE,RECEITA CORRENTE LÍQUIDA,106570894.88
2021,Prefeitura Municipal de Bom Conselho - PE,PE,% da DC sobre a RCL AJUSTADA (I/VI),30.76
2021,Prefeitura Municipal de Bom Conselho - PE,PE,% da DCL sobre a RCL AJUSTADA,30.76
2021,Prefeitura Municipal de Bom Jardim - PE,PE,DÍVIDA CONSOLIDADA,3377827.13
2021,Prefeitura Municipal de Bom Jardim - PE,PE,Disponibilidade de Caixa,7520010.09
2021,Prefeitura Municipal de Bom Jardim - PE,PE,Disponibilidade de Caixa Bruta,9498807.07
2021,Prefeitura Municipal de Bom Jardim - PE,PE,RECEITA CORRENTE LÍQUIDA,82386485.47
2021,Prefeitura Municipal de Bom Jardim - PE,PE,% da DC sobre a RCL AJUSTADA (I/VI),4.14
2021,Prefeitura Municipal de Bom Jardim - PE,PE,% da DCL sobre a RCL AJUSTADA,-5.08
2021,Prefeitura Municipal de Bonito - PE,PE,DÍVIDA CONSOLIDADA,24167723.04
2021,Prefeitura Municipal de Bonito - PE,PE,Disponibilidade de Caixa,8655601.63
2021,Prefeitura Municipal de Bonito - PE,PE,Disponibilidade de Caixa Bruta,14824173.28
2021,Prefeitura Municipal de Bonito - PE,PE,RECEITA CORRENTE LÍQUIDA,87277679.49
2021,Prefeitura Municipal de Bonito - PE,PE,% da DC sobre a RCL AJUSTADA (I/VI),27.69
2021,Prefeitura Municipal de Bonito - PE,PE,% da DCL sobre a RCL AJUSTADA,17.65
2021,Prefeitura Municipal de Brejão - PE,PE,DÍVIDA CONSOLIDADA,984849.81
2021,Prefeitura Municipal de Brejão - PE,PE,Precatórios (inclusive) Vencidos e Não Pagos,785659.5
2021,Prefeitura Municipal de Brejão - PE,PE,RECEITA CORRENTE LÍQUIDA,30169845.26
2021,Prefeitura Municipal de Brejão - PE,PE,% da DC sobre a RCL AJUSTADA (I/VI),3.26
2021,Prefeitura Municipal de Brejão - PE,PE,% da DCL sobre a RCL AJUSTADA,3.26
2021,Prefeitura Municipal de Brejo da Madre de Deus - PE,PE,RECEITA CORRENTE LÍQUIDA,102947800.53
2021,Prefeitura Municipal de Brejinho - PE,PE,DÍVIDA CONSOLIDADA,1907370.01
2021,Prefeitura Municipal de Brejinho - PE,PE,Disponibilidade de Caixa,4308373.7
2021,Prefeitura Municipal de Brejinho - PE,PE,Disponibilidade de Caixa Bruta,4318965.7
2021,Prefeitura Municipal de Brejinho - PE,PE,RECEITA CORRENTE LÍQUIDA,28596920.07
2021,Prefeitura Municipal de Brejinho - PE,PE,% da DC sobre a RCL AJUSTADA (I/VI),6.71
2021,Prefeitura Municipal de Brejinho - PE,PE,% da DCL sobre a RCL AJUSTADA,-8.45
2021,Prefeitura Municipal de Buenos Aires - PE,PE,DÍVIDA CONSOLIDADA,821050.74
2021,Prefeitura Municipal de Buenos Aires - PE,PE,Disponibilidade de Caixa,11885449.6
2021,Prefeitura Municipal de Buenos Aires - PE,PE,Disponibilidade de Caixa Bruta,12161192.95
2021,Prefeitura Municipal de Buenos Aires - PE,PE,RECEITA CORRENTE LÍQUIDA,36630426.04
2021,Prefeitura Municipal de Buenos Aires - PE,PE,% da DC sobre a RCL AJUSTADA (I/VI),2.24
2021,Prefeitura Municipal de Buenos Aires - PE,PE,% da DCL sobre a RCL AJUSTADA,-30.21
2021,Prefeitura Municipal de Buíque - PE,PE,DÍVIDA CONSOLIDADA,3585583.41
2021,Prefeitura Municipal de Buíque - PE,PE,Disponibilidade de Caixa,7272057.63
2021,Prefeitura Municipal de Buíque - PE,PE,Disponibilidade de Caixa Bruta,8397327.93
2021,Prefeitura Municipal de Buíque - PE,PE,RECEITA CORRENTE LÍQUIDA,108818048.98
2021,Prefeitura Municipal de Buíque - PE,PE,% da DC sobre a RCL AJUSTADA (I/VI),3.3
2021,Prefeitura Municipal de Buíque - PE,PE,% da DCL sobre a RCL AJUSTADA,-3.39
2021,Prefeitura Municipal de Cabrobó - PE,PE,DÍVIDA CONSOLIDADA,19100226.32
2021,Prefeitura Municipal de Cabrobó - PE,PE,Disponibilidade de Caixa,11319058.26
2021,Prefeitura Municipal de Cabrobó - PE,PE,Disponibilidade de Caixa Bruta,13098857.52
2021,Prefeitura Municipal de Cabrobó - PE,PE,RECEITA CORRENTE LÍQUIDA,79119982.9
2021,Prefeitura Municipal de Cabrobó - PE,PE,% da DC sobre a RCL AJUSTADA (I/VI),24.14
2021,Prefeitura Municipal de Cabrobó - PE,PE,% da DCL sobre a RCL AJUSTADA,9.83
2021,Prefeitura Municipal de Cabo de Santo Agostinho - PE,PE,DÍVIDA CONSOLIDADA,15574050.79
2021,Prefeitura Municipal de Cabo de Santo Agostinho - PE,PE,Precatórios (inclusive) Vencidos e Não Pagos,437554.06
2021,Prefeitura Municipal de Cabo de Santo Agostinho - PE,PE,Disponibilidade de Caixa,211328234.28
2021,Prefeitura Municipal de Cabo de Santo Agostinho - PE,PE,Disponibilidade de Caixa Bruta,216747238.45
2021,Prefeitura Municipal de Cabo de Santo Agostinho - PE,PE,RECEITA CORRENTE LÍQUIDA,867762590.03
2021,Prefeitura Municipal de Cabo de Santo Agostinho - PE,PE,% da DC sobre a RCL AJUSTADA (I/VI),1.8
2021,Prefeitura Municipal de Cabo de Santo Agostinho - PE,PE,% da DCL sobre a RCL AJUSTADA,-22.73
2021,Prefeitura Municipal de Cachoeirinha - PE,PE,DÍVIDA CONSOLIDADA,8589137.77
2021,Prefeitura Municipal de Cachoeirinha - PE,PE,Disponibilidade de Caixa,5920102.75
2021,Prefeitura Municipal de Cachoeirinha - PE,PE,Disponibilidade de Caixa Bruta,6301205.16
2021,Prefeitura Municipal de Cachoeirinha - PE,PE,RECEITA CORRENTE LÍQUIDA,48216606.84
2021,Prefeitura Municipal de Cachoeirinha - PE,PE,% da DC sobre a RCL AJUSTADA (I/VI),17.81
2021,Prefeitura Municipal de Cachoeirinha - PE,PE,% da DCL sobre a RCL AJUSTADA,5.54
2021,Prefeitura Municipal de Caetés - PE,PE,DÍVIDA CONSOLIDADA,5445698.47
2021,Prefeitura Municipal de Caetés - PE,PE,Disponibilidade de Caixa,7651823.98
2021,Prefeitura Municipal de Caetés - PE,PE,Disponibilidade de Caixa Bruta,9255372.35
2021,Prefeitura Municipal de Caetés - PE,PE,RECEITA CORRENTE LÍQUIDA,69214589.52
2021,Prefeitura Municipal de Caetés - PE,PE,% da DC sobre a RCL AJUSTADA (I/VI),7.87
2021,Prefeitura Municipal de Caetés - PE,PE,% da DCL sobre a RCL AJUSTADA,-4.57
2021,Prefeitura Municipal de Calumbi - PE,PE,DÍVIDA CONSOLIDADA,1183083.05
2021,Prefeitura Municipal de Calumbi - PE,PE,Precatórios (inclusive) Vencidos e Não Pagos,-12898.83
2021,Prefeitura Municipal de Calumbi - PE,PE,Disponibilidade de Caixa,5867756.22
2021,Prefeitura Municipal de Calumbi - PE,PE,Disponibilidade de Caixa Bruta,7152799.12
2021,Prefeitura Municipal de Calumbi - PE,PE,RECEITA CORRENTE LÍQUIDA,24914632.39
2021,Prefeitura Municipal de Calumbi - PE,PE,% da DC sobre a RCL AJUSTADA (I/VI),4.75
2021,Prefeitura Municipal de Calumbi - PE,PE,% da DCL sobre a RCL AJUSTADA,-18.8
2021,Prefeitura Municipal de Calumbi - PE,PE,Precatórios (Não incluídos na DC),-5121.91
2021,Prefeitura Municipal de Camocim de São Félix - PE,PE,RECEITA CORRENTE LÍQUIDA,45787485.44
2021,Prefeitura Municipal de Camaragibe - PE,PE,DÍVIDA CONSOLIDADA,45505036.5
2021,Prefeitura Municipal de Camaragibe - PE,PE,Disponibilidade de Caixa,308223814.08
2021,Prefeitura Municipal de Camaragibe - PE,PE,Disponibilidade de Caixa Bruta,331726985.24
2021,Prefeitura Municipal de Camaragibe - PE,PE,RECEITA CORRENTE LÍQUIDA,316301920.05
2021,Prefeitura Municipal de Camaragibe - PE,PE,% da DC sobre a RCL AJUSTADA (I/VI),14.39
2021,Prefeitura Municipal de Camaragibe - PE,PE,% da DCL sobre a RCL AJUSTADA,-83.06
2021,Prefeitura Municipal de Canhotinho - PE,PE,DÍVIDA CONSOLIDADA,4541240.86
2021,Prefeitura Municipal de Canhotinho - PE,PE,Disponibilidade de Caixa,8538099.03
2021,Prefeitura Municipal de Canhotinho - PE,PE,Disponibilidade de Caixa Bruta,15513209.0
2021,Prefeitura Municipal de Canhotinho - PE,PE,RECEITA CORRENTE LÍQUIDA,64281023.49
2021,Prefeitura Municipal de Canhotinho - PE,PE,% da DC sobre a RCL AJUSTADA (I/VI),7.06
2021,Prefeitura Municipal de Canhotinho - PE,PE,% da DCL sobre a RCL AJUSTADA,-6.81
2021,Prefeitura Municipal de Carnaubeira da Penha - PE,PE,RECEITA CORRENTE LÍQUIDA,28531195.01
2021,Prefeitura Municipal de Carpina - PE,PE,DÍVIDA CONSOLIDADA,643778.03
2021,Prefeitura Municipal de Carpina - PE,PE,Precatórios (inclusive) Vencidos e Não Pagos,625096.01
2021,Prefeitura Municipal de Carpina - PE,PE,Disponibilidade de Caixa,5340812.41
2021,Prefeitura Municipal de Carpina - PE,PE,Disponibilidade de Caixa Bruta,20030043.1
2021,Prefeitura Municipal de Carpina - PE,PE,RECEITA CORRENTE LÍQUIDA,162565795.48
2021,Prefeitura Municipal de Carpina - PE,PE,% da DC sobre a RCL AJUSTADA (I/VI),0.4
2021,Prefeitura Municipal de Carpina - PE,PE,% da DCL sobre a RCL AJUSTADA,-2.9
2021,Prefeitura Municipal de Caruaru - PE,PE,DÍVIDA CONSOLIDADA,231893500.04
2021,Prefeitura Municipal de Caruaru - PE,PE,Precatórios (inclusive) Vencidos e Não Pagos,16390511.15
2021,Prefeitura Municipal de Caruaru - PE,PE,Disponibilidade de Caixa,123445334.13
2021,Prefeitura Municipal de Caruaru - PE,PE,Disponibilidade de Caixa Bruta,156104653.72
2021,Prefeitura Municipal de Caruaru - PE,PE,RECEITA CORRENTE LÍQUIDA,795897864.3
2021,Prefeitura Municipal de Caruaru - PE,PE,% da DC sobre a RCL AJUSTADA (I/VI),29.37
2021,Prefeitura Municipal de Caruaru - PE,PE,% da DCL sobre a RCL AJUSTADA,13.63
2021,Prefeitura Municipal de Casinhas - PE,PE,DÍVIDA CONSOLIDADA,10894331.59
2021,Prefeitura Municipal de Casinhas - PE,PE,Disponibilidade de Caixa,4476577.19
2021,Prefeitura Municipal de Casinhas - PE,PE,Disponibilidade de Caixa Bruta,5825393.76
2021,Prefeitura Municipal de Casinhas - PE,PE,RECEITA CORRENTE LÍQUIDA,43849633.39
2021,Prefeitura Municipal de Casinhas - PE,PE,% da DC sobre a RCL AJUSTADA (I/VI),24.84
2021,Prefeitura Municipal de Casinhas - PE,PE,% da DCL sobre a RCL AJUSTADA,14.64
2021,Prefeitura Municipal de Catende - PE,PE,DÍVIDA CONSOLIDADA,11190405.03
2021,Prefeitura Municipal de Catende - PE,PE,Disponibilidade de Caixa Bruta,6981225.25
2021,Prefeitura Municipal de Catende - PE,PE,RECEITA CORRENTE LÍQUIDA,76824533.08
2021,Prefeitura Municipal de Catende - PE,PE,% da DC sobre a RCL AJUSTADA (I/VI),14.59
2021,Prefeitura Municipal de Catende - PE,PE,% da DCL sobre a RCL AJUSTADA,14.59
2021,Prefeitura Municipal de Cedro - PE,PE,DÍVIDA CONSOLIDADA,1159107.37
2021,Prefeitura Municipal de Cedro - PE,PE,Disponibilidade de Caixa Bruta,3163520.77
2021,Prefeitura Municipal de Cedro - PE,PE,RECEITA CORRENTE LÍQUIDA,33094977.93
2021,Prefeitura Municipal de Cedro - PE,PE,% da DC sobre a RCL AJUSTADA (I/VI),3.5
2021,Prefeitura Municipal de Cedro - PE,PE,% da DCL sobre a RCL AJUSTADA,3.5
2021,Prefeitura Municipal de Chã de Alegria - PE,PE,DÍVIDA CONSOLIDADA,342327.26
2021,Prefeitura Municipal de Chã de Alegria - PE,PE,Disponibilidade de Caixa,7726777.04
2021,Prefeitura Municipal de Chã de Alegria - PE,PE,Disponibilidade de Caixa Bruta,8022796.36
2021,Prefeitura Municipal de Chã de Alegria - PE,PE,RECEITA CORRENTE LÍQUIDA,35170726.69
2021,Prefeitura Municipal de Chã de Alegria - PE,PE,% da DC sobre a RCL AJUSTADA (I/VI),0.97
2021,Prefeitura Municipal de Chã de Alegria - PE,PE,% da DCL sobre a RCL AJUSTADA,-21.0
2021,Prefeitura Municipal de Chã Grande - PE,PE,DÍVIDA CONSOLIDADA,12060911.33
2021,Prefeitura Municipal de Chã Grande - PE,PE,Precatórios (inclusive) Vencidos e Não Pagos,88916.81
2021,Prefeitura Municipal de Chã Grande - PE,PE,Disponibilidade de Caixa,5830655.77
2021,Prefeitura Municipal de Chã Grande - PE,PE,Disponibilidade de Caixa Bruta,8599248.17
2021,Prefeitura Municipal de Chã Grande - PE,PE,RECEITA CORRENTE LÍQUIDA,63254230.6
2021,Prefeitura Municipal de Chã Grande - PE,PE,% da DC sobre a RCL AJUSTADA (I/VI),19.31
2021,Prefeitura Municipal de Chã Grande - PE,PE,% da DCL sobre a RCL AJUSTADA,9.96
2021,Prefeitura Municipal de Condado - PE,PE,RECEITA CORRENTE LÍQUIDA,61797499.21
2021,Prefeitura Municipal de Cortês - PE,PE,DÍVIDA CONSOLIDADA,8400976.75
2021,Prefeitura Municipal de Cortês - PE,PE,Disponibilidade de Caixa,1969303.34
2021,Prefeitura Municipal de Cortês - PE,PE,Disponibilidade de Caixa Bruta,3604958.68
2021,Prefeitura Municipal de Cortês - PE,PE,RECEITA CORRENTE LÍQUIDA,44239161.93
2021,Prefeitura Municipal de Cortês - PE,PE,% da DC sobre a RCL AJUSTADA (I/VI),18.99
2021,Prefeitura Municipal de Cortês - PE,PE,% da DCL sobre a RCL AJUSTADA,14.54
2021,Prefeitura Municipal de Cumaru - PE,PE,DÍVIDA CONSOLIDADA,18112178.28
2021,Prefeitura Municipal de Cumaru - PE,PE,Disponibilidade de Caixa Bruta,4446967.46
2021,Prefeitura Municipal de Cumaru - PE,PE,RECEITA CORRENTE LÍQUIDA,36371345.52
2021,Prefeitura Municipal de Cumaru - PE,PE,% da DC sobre a RCL AJUSTADA (I/VI),49.8
2021,Prefeitura Municipal de Cumaru - PE,PE,% da DCL sobre a RCL AJUSTADA,47.21
2021,Prefeitura Municipal de Cupira - PE,PE,DÍVIDA CONSOLIDADA,49638224.93
2021,Prefeitura Municipal de Cupira - PE,PE,Disponibilidade de Caixa,2184700.48
2021,Prefeitura Municipal de Cupira - PE,PE,Disponibilidade de Caixa Bruta,6030928.4
2021,Prefeitura Municipal de Cupira - PE,PE,RECEITA CORRENTE LÍQUIDA,61243955.45
2021,Prefeitura Municipal de Cupira - PE,PE,% da DC sobre a RCL AJUSTADA (I/VI),81.58
2021,Prefeitura Municipal de Cupira - PE,PE,% da DCL sobre a RCL AJUSTADA,77.99
2021,Prefeitura Municipal de Custódia - PE,PE,DÍVIDA CONSOLIDADA,8326706.81
2021,Prefeitura Municipal de Custódia - PE,PE,Disponibilidade de Caixa Bruta,11895950.1
2021,Prefeitura Municipal de Custódia - PE,PE,RECEITA CORRENTE LÍQUIDA,89512867.11
2021,Prefeitura Municipal de Custódia - PE,PE,% da DC sobre a RCL AJUSTADA (I/VI),9.3
2021,Prefeitura Municipal de Custódia - PE,PE,% da DCL sobre a RCL AJUSTADA,9.26
2021,Prefeitura Municipal de Escada - PE,PE,DÍVIDA CONSOLIDADA,28730458.22
2021,Prefeitura Municipal de Escada - PE,PE,Precatórios (inclusive) Vencidos e Não Pagos,13862.95
2021,Prefeitura Municipal de Escada - PE,PE,Disponibilidade de Caixa,3758544.93
2021,Prefeitura Municipal de Escada - PE,PE,Disponibilidade de Caixa Bruta,22527318.08
2021,Prefeitura Municipal de Escada - PE,PE,RECEITA CORRENTE LÍQUIDA,121044549.32
2021,Prefeitura Municipal de Escada - PE,PE,% da DC sobre a RCL AJUSTADA (I/VI),23.74
2021,Prefeitura Municipal de Escada - PE,PE,% da DCL sobre a RCL AJUSTADA,19.96
2021,Prefeitura Municipal de Exu - PE,PE,DÍVIDA CONSOLIDADA,6641361.71
2021,Prefeitura Municipal de Exu - PE,PE,Disponibilidade de Caixa,5272661.6
2021,Prefeitura Municipal de Exu - PE,PE,Disponibilidade de Caixa Bruta,7759638.4
2021,Prefeitura Municipal de Exu - PE,PE,RECEITA CORRENTE LÍQUIDA,76272524.17
2021,Prefeitura Municipal de Exu - PE,PE,% da DC sobre a RCL AJUSTADA (I/VI),8.71
2021,Prefeitura Municipal de Exu - PE,PE,% da DCL sobre a RCL AJUSTADA,1.8
2021,Prefeitura Municipal de Exu - PE,PE,Precatórios (Não incluídos na DC),33779.3
2021,Prefeitura Municipal de Feira Nova - PE,PE,DÍVIDA CONSOLIDADA,21588979.52
2021,Prefeitura Municipal de Feira Nova - PE,PE,Disponibilidade de Caixa,13364527.86
2021,Prefeitura Municipal de Feira Nova - PE,PE,Disponibilidade de Caixa Bruta,14716076.91
2021,Prefeitura Municipal de Feira Nova - PE,PE,RECEITA CORRENTE LÍQUIDA,54439079.36
2021,Prefeitura Municipal de Feira Nova - PE,PE,% da DC sobre a RCL AJUSTADA (I/VI),39.66
2021,Prefeitura Municipal de Feira Nova - PE,PE,% da DCL sobre a RCL AJUSTADA,15.11
2021,Prefeitura Municipal de Ferreiros - PE,PE,DÍVIDA CONSOLIDADA,1048753.61
2021,Prefeitura Municipal de Ferreiros - PE,PE,Disponibilidade de Caixa,2625712.08
2021,Prefeitura Municipal de Ferreiros - PE,PE,Disponibilidade de Caixa Bruta,3475920.61
2021,Prefeitura Municipal de Ferreiros - PE,PE,RECEITA CORRENTE LÍQUIDA,35537788.78
2021,Prefeitura Municipal de Ferreiros - PE,PE,% da DC sobre a RCL AJUSTADA (I/VI),2.95
2021,Prefeitura Municipal de Ferreiros - PE,PE,% da DCL sobre a RCL AJUSTADA,-4.44
2021,Prefeitura Municipal de Floresta - PE,PE,DÍVIDA CONSOLIDADA,18822992.23
2021,Prefeitura Municipal de Floresta - PE,PE,Precatórios (inclusive) Vencidos e Não Pagos,12000.0
2021,Prefeitura Municipal de Floresta - PE,PE,Disponibilidade de Caixa,14348399.69
2021,Prefeitura Municipal de Floresta - PE,PE,Disponibilidade de Caixa Bruta,15086282.87
2021,Prefeitura Municipal de Floresta - PE,PE,RECEITA CORRENTE LÍQUIDA,88255388.8
2021,Prefeitura Municipal de Floresta - PE,PE,% da DC sobre a RCL AJUSTADA (I/VI),21.33
2021,Prefeitura Municipal de Floresta - PE,PE,% da DCL sobre a RCL AJUSTADA,-12.34
2021,Prefeitura Municipal de Floresta - PE,PE,Precatórios (Não incluídos na DC),21206.97
2021,Prefeitura Municipal de Gameleira - PE,PE,DÍVIDA CONSOLIDADA,12083658.56
2021,Prefeitura Municipal de Gameleira - PE,PE,Disponibilidade de Caixa,5065094.87
2021,Prefeitura Municipal de Gameleira - PE,PE,Disponibilidade de Caixa Bruta,5069094.87
2021,Prefeitura Municipal de Gameleira - PE,PE,RECEITA CORRENTE LÍQUIDA,57518503.21
2021,Prefeitura Municipal de Gameleira - PE,PE,% da DC sobre a RCL AJUSTADA (I/VI),21.01
2021,Prefeitura Municipal de Gameleira - PE,PE,% da DCL sobre a RCL AJUSTADA,8.54
2021,Prefeitura Municipal de Frei Miguelinho - PE,PE,DÍVIDA CONSOLIDADA,5940264.71
2021,Prefeitura Municipal de Frei Miguelinho - PE,PE,Disponibilidade de Caixa,3192590.44
2021,Prefeitura Municipal de Frei Miguelinho - PE,PE,Disponibilidade de Caixa Bruta,3379833.68
2021,Prefeitura Municipal de Frei Miguelinho - PE,PE,RECEITA CORRENTE LÍQUIDA,38111509.58
2021,Prefeitura Municipal de Frei Miguelinho - PE,PE,% da DC sobre a RCL AJUSTADA (I/VI),15.59
2021,Prefeitura Municipal de Frei Miguelinho - PE,PE,% da DCL sobre a RCL AJUSTADA,5.47
2021,Prefeitura Municipal de Glória do Goitá - PE,PE,RECEITA CORRENTE LÍQUIDA,69738368.78
2021,Prefeitura Municipal de Garanhuns - PE,PE,DÍVIDA CONSOLIDADA,10015332.38
2021,Prefeitura Municipal de Garanhuns - PE,PE,Disponibilidade de Caixa,58635982.54
2021,Prefeitura Municipal de Garanhuns - PE,PE,Disponibilidade de Caixa Bruta,63221179.04
2021,Prefeitura Municipal de Garanhuns - PE,PE,RECEITA CORRENTE LÍQUIDA,304698326.61
2021,Prefeitura Municipal de Garanhuns - PE,PE,% da DC sobre a RCL AJUSTADA (I/VI),3.3
2021,Prefeitura Municipal de Garanhuns - PE,PE,% da DCL sobre a RCL AJUSTADA,-16.41
2021,Prefeitura Municipal de Goiana - PE,PE,DÍVIDA CONSOLIDADA,14083040.31
2021,Prefeitura Municipal de Goiana - PE,PE,Disponibilidade de Caixa,335321975.6
2021,Prefeitura Municipal de Goiana - PE,PE,Disponibilidade de Caixa Bruta,336856178.25
2021,Prefeitura Municipal de Goiana - PE,PE,RECEITA CORRENTE LÍQUIDA,407934949.87
2021,Prefeitura Municipal de Goiana - PE,PE,% da DC sobre a RCL AJUSTADA (I/VI),3.45
2021,Prefeitura Municipal de Goiana - PE,PE,% da DCL sobre a RCL AJUSTADA,-78.75
2021,Prefeitura Municipal de Granito - PE,PE,DÍVIDA CONSOLIDADA,499658.35
2021,Prefeitura Municipal de Granito - PE,PE,Disponibilidade de Caixa,5607359.56
2021,Prefeitura Municipal de Granito - PE,PE,Disponibilidade de Caixa Bruta,5757028.6
2021,Prefeitura Municipal de Granito - PE,PE,RECEITA CORRENTE LÍQUIDA,26497779.4
2021,Prefeitura Municipal de Granito - PE,PE,% da DC sobre a RCL AJUSTADA (I/VI),1.9
2021,Prefeitura Municipal de Granito - PE,PE,% da DCL sobre a RCL AJUSTADA,-19.44
2021,Prefeitura Municipal de Gravatá - PE,PE,DÍVIDA CONSOLIDADA,68929056.6
2021,Prefeitura Municipal de Gravatá - PE,PE,Disponibilidade de Caixa,20117223.97
2021,Prefeitura Municipal de Gravatá - PE,PE,Disponibilidade de Caixa Bruta,39549945.82
2021,Prefeitura Municipal de Gravatá - PE,PE,RECEITA CORRENTE LÍQUIDA,190904777.36
2021,Prefeitura Municipal de Gravatá - PE,PE,% da DC sobre a RCL AJUSTADA (I/VI),36.44
2021,Prefeitura Municipal de Gravatá - PE,PE,% da DCL sobre a RCL AJUSTADA,25.8
2021,Prefeitura Municipal de Iati - PE,PE,RECEITA CORRENTE LÍQUIDA,65056454.35
2021,Prefeitura Municipal de Ibimirim - PE,PE,DÍVIDA CONSOLIDADA,7848430.81
2021,Prefeitura Municipal de Ibimirim - PE,PE,Disponibilidade de Caixa,17877562.1
2021,Prefeitura Municipal de Ibimirim - PE,PE,Disponibilidade de Caixa Bruta,19955683.57
2021,Prefeitura Municipal de Ibimirim - PE,PE,RECEITA CORRENTE LÍQUIDA,64797266.71
2021,Prefeitura Municipal de Ibimirim - PE,PE,% da DC sobre a RCL AJUSTADA (I/VI),12.25
2021,Prefeitura Municipal de Ibimirim - PE,PE,% da DCL sobre a RCL AJUSTADA,-15.66
2021,Prefeitura Municipal de Ibirajuba - PE,PE,DÍVIDA CONSOLIDADA,10645113.86
2021,Prefeitura Municipal de Ibirajuba - PE,PE,Disponibilidade de Caixa,4000058.38
2021,Prefeitura Municipal de Ibirajuba - PE,PE,Disponibilidade de Caixa Bruta,4963988.36
2021,Prefeitura Municipal de Ibirajuba - PE,PE,RECEITA CORRENTE LÍQUIDA,26149137.68
2021,Prefeitura Municipal de Ibirajuba - PE,PE,% da DC sobre a RCL AJUSTADA (I/VI),40.71
2021,Prefeitura Municipal de Ibirajuba - PE,PE,% da DCL sobre a RCL AJUSTADA,25.41
2021,Prefeitura Municipal de Igarassu - PE,PE,DÍVIDA CONSOLIDADA,37834715.01
2021,Prefeitura Municipal de Igarassu - PE,PE,Precatórios (inclusive) Vencidos e Não Pagos,4264637.33
2021,Prefeitura Municipal de Igarassu - PE,PE,Disponibilidade de Caixa,57559963.19
2021,Prefeitura Municipal de Igarassu - PE,PE,Disponibilidade de Caixa Bruta,61754967.66
2021,Prefeitura Municipal de Igarassu - PE,PE,RECEITA CORRENTE LÍQUIDA,244844018.7
2021,Prefeitura Municipal de Igarassu - PE,PE,% da DC sobre a RCL AJUSTADA (I/VI),15.63
2021,Prefeitura Municipal de Igarassu - PE,PE,% da DCL sobre a RCL AJUSTADA,-8.15
2021,Prefeitura Municipal de Ilha de Itamaracá - PE,PE,DÍVIDA CONSOLIDADA,8333162.61
2021,Prefeitura Municipal de Ilha de Itamaracá - PE,PE,Disponibilidade de Caixa,17078985.4
2021,Prefeitura Municipal de Ilha de Itamaracá - PE,PE,Disponibilidade de Caixa Bruta,22504527.48
2021,Prefeitura Municipal de Ilha de Itamaracá - PE,PE,RECEITA CORRENTE LÍQUIDA,63533259.24
2021,Prefeitura Municipal de Ilha de Itamaracá - PE,PE,% da DC sobre a RCL AJUSTADA (I/VI),13.12
2021,Prefeitura Municipal de Ilha de Itamaracá - PE,PE,% da DCL sobre a RCL AJUSTADA,-13.77
2021,Prefeitura Municipal de Inajá - PE,PE,DÍVIDA CONSOLIDADA,6233122.6
2021,Prefeitura Municipal de Inajá - PE,PE,Disponibilidade de Caixa Bruta,4720150.18
2021,Prefeitura Municipal de Inajá - PE,PE,RECEITA CORRENTE LÍQUIDA,50820804.17
2021,Prefeitura Municipal de Inajá - PE,PE,% da DC sobre a RCL AJUSTADA (I/VI),12.26
2021,Prefeitura Municipal de Inajá - PE,PE,% da DCL sobre a RCL AJUSTADA,12.26
2021,Prefeitura Municipal de Ingazeira - PE,PE,Disponibilidade de Caixa,1908529.13
2021,Prefeitura Municipal de Ingazeira - PE,PE,Disponibilidade de Caixa Bruta,2502445.13
2021,Prefeitura Municipal de Ingazeira - PE,PE,RECEITA CORRENTE LÍQUIDA,22070363.88
2021,Prefeitura Municipal de Ingazeira - PE,PE,% da DCL sobre a RCL AJUSTADA,-8.65
2021,Prefeitura Municipal de Ipojuca - PE,PE,DÍVIDA CONSOLIDADA,44570220.58
2021,Prefeitura Municipal de Ipojuca - PE,PE,Disponibilidade de Caixa,158585342.82
2021,Prefeitura Municipal de Ipojuca - PE,PE,Disponibilidade de Caixa Bruta,160817313.0
2021,Prefeitura Municipal de Ipojuca - PE,PE,RECEITA CORRENTE LÍQUIDA,908828287.95
2021,Prefeitura Municipal de Ipojuca - PE,PE,% da DC sobre a RCL AJUSTADA (I/VI),4.93
2021,Prefeitura Municipal de Ipojuca - PE,PE,% da DCL sobre a RCL AJUSTADA,-12.61
2021,Prefeitura Municipal de Ipojuca - PE,PE,Precatórios (Não incluídos na DC),2650951.19
2021,Prefeitura Municipal de Ipubi - PE,PE,DÍVIDA CONSOLIDADA,29601969.56
2021,Prefeitura Municipal de Ipubi - PE,PE,Disponibilidade de Caixa,4464650.11
2021,Prefeitura Municipal de Ipubi - PE,PE,Disponibilidade de Caixa Bruta,24555805.41
2021,Prefeitura Municipal de Ipubi - PE,PE,RECEITA CORRENTE LÍQUIDA,88948145.8
2021,Prefeitura Municipal de Ipubi - PE,PE,% da DC sobre a RCL AJUSTADA (I/VI),33.28
2021,Prefeitura Municipal de Ipubi - PE,PE,% da DCL sobre a RCL AJUSTADA,28.26
2021,Prefeitura Municipal de Itacuruba - PE,PE,DÍVIDA CONSOLIDADA,8710585.61
2021,Prefeitura Municipal de Itacuruba - PE,PE,Disponibilidade de Caixa,4725940.82
2021,Prefeitura Municipal de Itacuruba - PE,PE,Disponibilidade de Caixa Bruta,6918652.97
2021,Prefeitura Municipal de Itacuruba - PE,PE,RECEITA CORRENTE LÍQUIDA,33775405.6
2021,Prefeitura Municipal de Itacuruba - PE,PE,% da DC sobre a RCL AJUSTADA (I/VI),25.87
2021,Prefeitura Municipal de Itacuruba - PE,PE,% da DCL sobre a RCL AJUSTADA,11.11
2021,Prefeitura Municipal de Itaíba - PE,PE,DÍVIDA CONSOLIDADA,1830965.56
2021,Prefeitura Municipal de Itaíba - PE,PE,Disponibilidade de Caixa,7944147.85
2021,Prefeitura Municipal de Itaíba - PE,PE,Disponibilidade de Caixa Bruta,13833599.59
2021,Prefeitura Municipal de Itaíba - PE,PE,RECEITA CORRENTE LÍQUIDA,73181816.13
2021,Prefeitura Municipal de Itaíba - PE,PE,% da DC sobre a RCL AJUSTADA (I/VI),2.5
2021,Prefeitura Municipal de Itaíba - PE,PE,% da DCL sobre a RCL AJUSTADA,-8.35
2021,Prefeitura Municipal de Itambé - PE,PE,DÍVIDA CONSOLIDADA,28945738.71
2021,Prefeitura Municipal de Itambé - PE,PE,Precatórios (inclusive) Vencidos e Não Pagos,61637.32
2021,Prefeitura Municipal de Itambé - PE,PE,Disponibilidade de Caixa,6370269.69
2021,Prefeitura Municipal de Itambé - PE,PE,Disponibilidade de Caixa Bruta,6630928.06
2021,Prefeitura Municipal de Itambé - PE,PE,RECEITA CORRENTE LÍQUIDA,82282782.86
2021,Prefeitura Municipal de Itambé - PE,PE,% da DC sobre a RCL AJUSTADA (I/VI),35.18
2021,Prefeitura Municipal de Itambé - PE,PE,% da DCL sobre a RCL AJUSTADA,27.44
2021,Prefeitura Municipal de Itapissuma - PE,PE,DÍVIDA CONSOLIDADA,3374216.04
2021,Prefeitura Municipal de Itapissuma - PE,PE,Disponibilidade de Caixa,37734324.86
2021,Prefeitura Municipal de Itapissuma - PE,PE,Disponibilidade de Caixa Bruta,39202741.03
2021,Prefeitura Municipal de Itapissuma - PE,PE,RECEITA CORRENTE LÍQUIDA,105296068.81
2021,Prefeitura Municipal de Itapissuma - PE,PE,% da DC sobre a RCL AJUSTADA (I/VI),3.2
2021,Prefeitura Municipal de Itapissuma - PE,PE,% da DCL sobre a RCL AJUSTADA,-32.63
2021,Prefeitura Municipal de Itaquitinga - PE,PE,DÍVIDA CONSOLIDADA,8122501.18
2021,Prefeitura Municipal de Itaquitinga - PE,PE,Disponibilidade de Caixa Bruta,6180303.39
2021,Prefeitura Municipal de Itaquitinga - PE,PE,RECEITA CORRENTE LÍQUIDA,40381294.28
2021,Prefeitura Municipal de Itaquitinga - PE,PE,% da DC sobre a RCL AJUSTADA (I/VI),20.11
2021,Prefeitura Municipal de Itaquitinga - PE,PE,% da DCL sobre a RCL AJUSTADA,19.18
2021,Prefeitura Municipal de Jaboatão dos Guararapes - PE,PE,DÍVIDA CONSOLIDADA,197871075.58
2021,Prefeitura Municipal de Jaboatão dos Guararapes - PE,PE,Precatórios (inclusive) Vencidos e Não Pagos,243295.43
2021,Prefeitura Municipal de Jaboatão dos Guararapes - PE,PE,Disponibilidade de Caixa,330656749.21
2021,Prefeitura Municipal de Jaboatão dos Guararapes - PE,PE,Disponibilidade de Caixa Bruta,351471658.99
2021,Prefeitura Municipal de Jaboatão dos Guararapes - PE,PE,RECEITA CORRENTE LÍQUIDA,1387894538.72
2021,Prefeitura Municipal de Jaboatão dos Guararapes - PE,PE,% da DC sobre a RCL AJUSTADA (I/VI),14.3
2021,Prefeitura Municipal de Jaboatão dos Guararapes - PE,PE,% da DCL sobre a RCL AJUSTADA,-9.81
2021,Prefeitura Municipal de Jataúba - PE,PE,RECEITA CORRENTE LÍQUIDA,46914996.78
2021,Prefeitura Municipal de Jaqueira - PE,PE,DÍVIDA CONSOLIDADA,17670762.97
2021,Prefeitura Municipal de Jaqueira - PE,PE,Disponibilidade de Caixa,3646408.89
2021,Prefeitura Municipal de Jaqueira - PE,PE,Disponibilidade de Caixa Bruta,5799891.1
2021,Prefeitura Municipal de Jaqueira - PE,PE,RECEITA CORRENTE LÍQUIDA,40444587.27
2021,Prefeitura Municipal de Jaqueira - PE,PE,% da DC sobre a RCL AJUSTADA (I/VI),44.46
2021,Prefeitura Municipal de Jaqueira - PE,PE,% da DCL sobre a RCL AJUSTADA,35.29
2021,Prefeitura Municipal de Jatobá - PE,PE,DÍVIDA CONSOLIDADA,13101115.63
2021,Prefeitura Municipal de Jatobá - PE,PE,Disponibilidade de Caixa,2065490.68
2021,Prefeitura Municipal de Jatobá - PE,PE,Disponibilidade de Caixa Bruta,2065490.68
2021,Prefeitura Municipal de Jatobá - PE,PE,RECEITA CORRENTE LÍQUIDA,47725491.33
2021,Prefeitura Municipal de Jatobá - PE,PE,% da DC sobre a RCL AJUSTADA (I/VI),27.45
2021,Prefeitura Municipal de Jatobá - PE,PE,% da DCL sobre a RCL AJUSTADA,23.12
2021,Prefeitura Municipal de João Alfredo - PE,PE,DÍVIDA CONSOLIDADA,24920444.71
2021,Prefeitura Municipal de João Alfredo - PE,PE,Precatórios (inclusive) Vencidos e Não Pagos,167558.59
2021,Prefeitura Municipal de João Alfredo - PE,PE,Disponibilidade de Caixa,8792540.5
2021,Prefeitura Municipal de João Alfredo - PE,PE,Disponibilidade de Caixa Bruta,8995519.61
2021,Prefeitura Municipal de João Alfredo - PE,PE,RECEITA CORRENTE LÍQUIDA,70811583.29
2021,Prefeitura Municipal de João Alfredo - PE,PE,% da DC sobre a RCL AJUSTADA (I/VI),35.72
2021,Prefeitura Municipal de João Alfredo - PE,PE,% da DCL sobre a RCL AJUSTADA,22.7
2021,Prefeitura Municipal de Joaquim Nabuco - PE,PE,RECEITA CORRENTE LÍQUIDA,44019042.53
2021,Prefeitura Municipal de Jucati - PE,PE,DÍVIDA CONSOLIDADA,1248426.6
2021,Prefeitura Municipal de Jucati - PE,PE,Disponibilidade de Caixa,6405083.75
2021,Prefeitura Municipal de Jucati - PE,PE,Disponibilidade de Caixa Bruta,6921304.39
2021,Prefeitura Municipal de Jucati - PE,PE,RECEITA CORRENTE LÍQUIDA,35219133.43
2021,Prefeitura Municipal de Jucati - PE,PE,% da DC sobre a RCL AJUSTADA (I/VI),3.72
2021,Prefeitura Municipal de Jucati - PE,PE,% da DCL sobre a RCL AJUSTADA,-15.37
2021,Prefeitura Municipal de Jurema - PE,PE,Disponibilidade de Caixa,2162545.25
2021,Prefeitura Municipal de Jurema - PE,PE,Disponibilidade de Caixa Bruta,5203236.69
2021,Prefeitura Municipal de Jurema - PE,PE,RECEITA CORRENTE LÍQUIDA,41155567.22
2021,Prefeitura Municipal de Jurema - PE,PE,% da DCL sobre a RCL AJUSTADA,-5.25
2021,Prefeitura Municipal de Lagoa de Itaenga - PE,PE,DÍVIDA CONSOLIDADA,42850973.2
2021,Prefeitura Municipal de Lagoa de Itaenga - PE,PE,Precatórios (inclusive) Vencidos e Não Pagos,95722.35
2021,Prefeitura Municipal de Lagoa de Itaenga - PE,PE,Disponibilidade de Caixa Bruta,2976917.74
2021,Prefeitura Municipal de Lagoa de Itaenga - PE,PE,RECEITA CORRENTE LÍQUIDA,55988090.85
2021,Prefeitura Municipal de Lagoa de Itaenga - PE,PE,% da DC sobre a RCL AJUSTADA (I/VI),77.86
2021,Prefeitura Municipal de Lagoa de Itaenga - PE,PE,% da DCL sobre a RCL AJUSTADA,77.86
2021,Prefeitura Municipal de Lagoa do Carro - PE,PE,DÍVIDA CONSOLIDADA,12954796.08
2021,Prefeitura Municipal de Lagoa do Carro - PE,PE,Disponibilidade de Caixa Bruta,2292797.72
2021,Prefeitura Municipal de Lagoa do Carro - PE,PE,RECEITA CORRENTE LÍQUIDA,48213439.6
2021,Prefeitura Municipal de Lagoa do Carro - PE,PE,% da DC sobre a RCL AJUSTADA (I/VI),26.87
2021,Prefeitura Municipal de Lagoa do Carro - PE,PE,% da DCL sobre a RCL AJUSTADA,26.87
2021,Prefeitura Municipal de Lagoa do Ouro - PE,PE,DÍVIDA CONSOLIDADA,8751663.93
2021,Prefeitura Municipal de Lagoa do Ouro - PE,PE,Disponibilidade de Caixa,6018671.17
2021,Prefeitura Municipal de Lagoa do Ouro - PE,PE,Disponibilidade de Caixa Bruta,7591273.6
2021,Prefeitura Municipal de Lagoa do Ouro - PE,PE,RECEITA CORRENTE LÍQUIDA,41962834.14
2021,Prefeitura Municipal de Lagoa do Ouro - PE,PE,% da DC sobre a RCL AJUSTADA (I/VI),21.19
2021,Prefeitura Municipal de Lagoa do Ouro - PE,PE,% da DCL sobre a RCL AJUSTADA,6.62
2021,Prefeitura Municipal de Lagoa dos Gatos - PE,PE,DÍVIDA CONSOLIDADA,476200.54
2021,Prefeitura Municipal de Lagoa dos Gatos - PE,PE,RECEITA CORRENTE LÍQUIDA,40037685.16
2021,Prefeitura Municipal de Lagoa dos Gatos - PE,PE,% da DC sobre a RCL AJUSTADA (I/VI),1.2
2021,Prefeitura Municipal de Lagoa dos Gatos - PE,PE,% da DCL sobre a RCL AJUSTADA,1.2
2021,Prefeitura Municipal de Lagoa Grande - PE,PE,DÍVIDA CONSOLIDADA,7267222.33
2021,Prefeitura Municipal de Lagoa Grande - PE,PE,Disponibilidade de Caixa,23430943.7
2021,Prefeitura Municipal de Lagoa Grande - PE,PE,Disponibilidade de Caixa Bruta,28448753.03
2021,Prefeitura Municipal de Lagoa Grande - PE,PE,RECEITA CORRENTE LÍQUIDA,69726717.08
2021,Prefeitura Municipal de Lagoa Grande - PE,PE,% da DC sobre a RCL AJUSTADA (I/VI),10.54
2021,Prefeitura Municipal de Lagoa Grande - PE,PE,% da DCL sobre a RCL AJUSTADA,-25.19
2021,Prefeitura Municipal de Lajedo - PE,PE,DÍVIDA CONSOLIDADA,2576845.91
2021,Prefeitura Municipal de Lajedo - PE,PE,Disponibilidade de Caixa,9698208.42
2021,Prefeitura Municipal de Lajedo - PE,PE,Disponibilidade de Caixa Bruta,15769299.15
2021,Prefeitura Municipal de Lajedo - PE,PE,RECEITA CORRENTE LÍQUIDA,98911309.97
2021,Prefeitura Municipal de Lajedo - PE,PE,% da DC sobre a RCL AJUSTADA (I/VI),2.61
2021,Prefeitura Municipal de Lajedo - PE,PE,% da DCL sobre a RCL AJUSTADA,-7.2
2021,Prefeitura Municipal de Lajedo - PE,PE,Precatórios (Não incluídos na DC),954550.54
2021,Prefeitura Municipal de Limoeiro - PE,PE,DÍVIDA CONSOLIDADA,73633582.01
2021,Prefeitura Municipal de Limoeiro - PE,PE,Disponibilidade de Caixa,17877492.68
2021,Prefeitura Municipal de Limoeiro - PE,PE,Disponibilidade de Caixa Bruta,54418404.36
2021,Prefeitura Municipal de Limoeiro - PE,PE,RECEITA CORRENTE LÍQUIDA,121808458.28
2021,Prefeitura Municipal de Limoeiro - PE,PE,% da DC sobre a RCL AJUSTADA (I/VI),60.45
2021,Prefeitura Municipal de Limoeiro - PE,PE,% da DCL sobre a RCL AJUSTADA,45.77
2021,Prefeitura Municipal de Macaparana - PE,PE,DÍVIDA CONSOLIDADA,1115470.74
2021,Prefeitura Municipal de Macaparana - PE,PE,Disponibilidade de Caixa,8171083.37
2021,Prefeitura Municipal de Macaparana - PE,PE,Disponibilidade de Caixa Bruta,9180843.46
2021,Prefeitura Municipal de Macaparana - PE,PE,RECEITA CORRENTE LÍQUIDA,71120863.56
2021,Prefeitura Municipal de Macaparana - PE,PE,% da DC sobre a RCL AJUSTADA (I/VI),1.57
2021,Prefeitura Municipal de Macaparana - PE,PE,% da DCL sobre a RCL AJUSTADA,-9.92
2021,Prefeitura Municipal de Machados - PE,PE,DÍVIDA CONSOLIDADA,3369522.94
2021,Prefeitura Municipal de Machados - PE,PE,Disponibilidade de Caixa,3906659.22
2021,Prefeitura Municipal de Machados - PE,PE,Disponibilidade de Caixa Bruta,4171434.0
2021,Prefeitura Municipal de Machados - PE,PE,RECEITA CORRENTE LÍQUIDA,38537443.21
2021,Prefeitura Municipal de Machados - PE,PE,% da DC sobre a RCL AJUSTADA (I/VI),8.74
2021,Prefeitura Municipal de Machados - PE,PE,% da DCL sobre a RCL AJUSTADA,-1.39
2021,Prefeitura Municipal de Manari - PE,PE,DÍVIDA CONSOLIDADA,1194965.16
2021,Prefeitura Municipal de Manari - PE,PE,Disponibilidade de Caixa Bruta,4929498.28
2021,Prefeitura Municipal de Manari - PE,PE,RECEITA CORRENTE LÍQUIDA,55612073.24
2021,Prefeitura Municipal de Manari - PE,PE,% da DC sobre a RCL AJUSTADA (I/VI),2.15
2021,Prefeitura Municipal de Manari - PE,PE,% da DCL sobre a RCL AJUSTADA,2.13
2021,Prefeitura Municipal de Maraial - PE,PE,RECEITA CORRENTE LÍQUIDA,28399989.8
2021,Prefeitura Municipal de Mirandiba - PE,PE,RECEITA CORRENTE LÍQUIDA,37323667.55
2021,Prefeitura Municipal de Moreilândia - PE,PE,DÍVIDA CONSOLIDADA,1787656.77
2021,Prefeitura Municipal de Moreilândia - PE,PE,Disponibilidade de Caixa,1711956.42
2021,Prefeitura Municipal de Moreilândia - PE,PE,Disponibilidade de Caixa Bruta,4410710.07
2021,Prefeitura Municipal de Moreilândia - PE,PE,RECEITA CORRENTE LÍQUIDA,33346078.6
2021,Prefeitura Municipal de Moreilândia - PE,PE,% da DC sobre a RCL AJUSTADA (I/VI),5.36
2021,Prefeitura Municipal de Moreilândia - PE,PE,% da DCL sobre a RCL AJUSTADA,0.23
2021,Prefeitura Municipal de Moreno - PE,PE,DÍVIDA CONSOLIDADA,58754462.6
2021,Prefeitura Municipal de Moreno - PE,PE,Disponibilidade de Caixa,15768252.08
2021,Prefeitura Municipal de Moreno - PE,PE,Disponibilidade de Caixa Bruta,17190854.53
2021,Prefeitura Municipal de Moreno - PE,PE,RECEITA CORRENTE LÍQUIDA,118498529.86
2021,Prefeitura Municipal de Moreno - PE,PE,% da DC sobre a RCL AJUSTADA (I/VI),49.58
2021,Prefeitura Municipal de Moreno - PE,PE,% da DCL sobre a RCL AJUSTADA,36.28
2021,Prefeitura Municipal de Nazaré da Mata - PE,PE,DÍVIDA CONSOLIDADA,58784758.95
2021,Prefeitura Municipal de Nazaré da Mata - PE,PE,Disponibilidade de Caixa Bruta,6456972.13
2021,Prefeitura Municipal de Nazaré da Mata - PE,PE,RECEITA CORRENTE LÍQUIDA,65635629.26
2021,Prefeitura Municipal de Nazaré da Mata - PE,PE,% da DC sobre a RCL AJUSTADA (I/VI),89.84
2021,Prefeitura Municipal de Nazaré da Mata - PE,PE,% da DCL sobre a RCL AJUSTADA,89.84
2021,Prefeitura Municipal de Olinda - PE,PE,DÍVIDA CONSOLIDADA,49111054.38
2021,Prefeitura Municipal de Olinda - PE,PE,Disponibilidade de Caixa,118453770.25
2021,Prefeitura Municipal de Olinda - PE,PE,Disponibilidade de Caixa Bruta,132177330.82
2021,Prefeitura Municipal de Olinda - PE,PE,RECEITA CORRENTE LÍQUIDA,685614175.1
2021,Prefeitura Municipal de Olinda - PE,PE,% da DC sobre a RCL AJUSTADA (I/VI),7.16
2021,Prefeitura Municipal de Olinda - PE,PE,% da DCL sobre a RCL AJUSTADA,-10.15
2021,Prefeitura Municipal de Orobó - PE,PE,DÍVIDA CONSOLIDADA,21420848.2
2021,Prefeitura Municipal de Orobó - PE,PE,Precatórios (inclusive) Vencidos e Não Pagos,-64749.44
2021,Prefeitura Municipal de Orobó - PE,PE,Disponibilidade de Caixa,10472274.6
2021,Prefeitura Municipal de Orobó - PE,PE,Disponibilidade de Caixa Bruta,10472274.6
2021,Prefeitura Municipal de Orobó - PE,PE,RECEITA CORRENTE LÍQUIDA,67327314.35
2021,Prefeitura Municipal de Orobó - PE,PE,% da DC sobre a RCL AJUSTADA (I/VI),31.82
2021,Prefeitura Municipal de Orobó - PE,PE,% da DCL sobre a RCL AJUSTADA,12.53
2021,Prefeitura Municipal de Ouricuri - PE,PE,RECEITA CORRENTE LÍQUIDA,153844979.09
2021,Prefeitura Municipal de Palmares - PE,PE,RECEITA CORRENTE LÍQUIDA,139764478.9
2021,Prefeitura Municipal de Palmeirina - PE,PE,Disponibilidade de Caixa,4495578.68
2021,Prefeitura Municipal de Palmeirina - PE,PE,Disponibilidade de Caixa Bruta,4522333.36
2021,Prefeitura Municipal de Panelas - PE,PE,RECEITA CORRENTE LÍQUIDA,69205812.38
2021,Prefeitura Municipal de Paranatama - PE,PE,DÍVIDA CONSOLIDADA,10294822.93
2021,Prefeitura Municipal de Paranatama - PE,PE,Disponibilidade de Caixa Bruta,2278382.21
2021,Prefeitura Municipal de Paranatama - PE,PE,RECEITA CORRENTE LÍQUIDA,45059885.06
2021,Prefeitura Municipal de Paranatama - PE,PE,% da DC sobre a RCL AJUSTADA (I/VI),22.85
2021,Prefeitura Municipal de Paranatama - PE,PE,% da DCL sobre a RCL AJUSTADA,22.44
2021,Prefeitura Municipal de Parnamirim - PE,PE,DÍVIDA CONSOLIDADA,7913467.11
2021,Prefeitura Municipal de Parnamirim - PE,PE,Disponibilidade de Caixa,8631833.34
2021,Prefeitura Municipal de Parnamirim - PE,PE,Disponibilidade de Caixa Bruta,9786782.13
2021,Prefeitura Municipal de Parnamirim - PE,PE,RECEITA CORRENTE LÍQUIDA,53944714.28
2021,Prefeitura Municipal de Parnamirim - PE,PE,% da DC sobre a RCL AJUSTADA (I/VI),14.75
2021,Prefeitura Municipal de Parnamirim - PE,PE,% da DCL sobre a RCL AJUSTADA,-1.34
2021,Prefeitura Municipal de Paudalho - PE,PE,RECEITA CORRENTE LÍQUIDA,131567219.33
2021,Prefeitura Municipal de Paulista - PE,PE,DÍVIDA CONSOLIDADA,44232363.71
2021,Prefeitura Municipal de Paulista - PE,PE,Precatórios (inclusive) Vencidos e Não Pagos,6366625.16
2021,Prefeitura Municipal de Paulista - PE,PE,Disponibilidade de Caixa,182805127.58
2021,Prefeitura Municipal de Paulista - PE,PE,Disponibilidade de Caixa Bruta,185877657.44
2021,Prefeitura Municipal de Paulista - PE,PE,RECEITA CORRENTE LÍQUIDA,596628000.75
2021,Prefeitura Municipal de Paulista - PE,PE,% da DC sobre a RCL AJUSTADA (I/VI),7.41
2021,Prefeitura Municipal de Paulista - PE,PE,% da DCL sobre a RCL AJUSTADA,-23.23
2021,Prefeitura Municipal de Orocó - PE,PE,RECEITA CORRENTE LÍQUIDA,40705565.23
2021,Prefeitura Municipal de Pedra - PE,PE,RECEITA CORRENTE LÍQUIDA,47438278.12
2021,Prefeitura Municipal de Pesqueira - PE,PE,DÍVIDA CONSOLIDADA,32042133.36
2021,Prefeitura Municipal de Pesqueira - PE,PE,Precatórios (inclusive) Vencidos e Não Pagos,922301.44
2021,Prefeitura Municipal de Pesqueira - PE,PE,Disponibilidade de Caixa,12733185.75
2021,Prefeitura Municipal de Pesqueira - PE,PE,Disponibilidade de Caixa Bruta,18755790.46
2021,Prefeitura Municipal de Pesqueira - PE,PE,RECEITA CORRENTE LÍQUIDA,138091382.65
2021,Prefeitura Municipal de Pesqueira - PE,PE,% da DC sobre a RCL AJUSTADA (I/VI),23.2
2021,Prefeitura Municipal de Pesqueira - PE,PE,% da DCL sobre a RCL AJUSTADA,13.98
2021,Prefeitura Municipal de Petrolândia - PE,PE,DÍVIDA CONSOLIDADA,3030674.64
2021,Prefeitura Municipal de Petrolândia - PE,PE,Disponibilidade de Caixa,6202640.11
2021,Prefeitura Municipal de Petrolândia - PE,PE,Disponibilidade de Caixa Bruta,10656615.13
2021,Prefeitura Municipal de Petrolândia - PE,PE,RECEITA CORRENTE LÍQUIDA,93560327.42
2021,Prefeitura Municipal de Petrolândia - PE,PE,% da DC sobre a RCL AJUSTADA (I/VI),3.24
2021,Prefeitura Municipal de Petrolândia - PE,PE,% da DCL sobre a RCL AJUSTADA,-3.39
2021,Prefeitura Municipal de Petrolina - PE,PE,DÍVIDA CONSOLIDADA,199002729.07
2021,Prefeitura Municipal de Petrolina - PE,PE,Precatórios (inclusive) Vencidos e Não Pagos,29443322.75
2021,Prefeitura Municipal de Petrolina - PE,PE,Disponibilidade de Caixa,182843083.73
2021,Prefeitura Municipal de Petrolina - PE,PE,Disponibilidade de Caixa Bruta,228969468.31
2021,Prefeitura Municipal de Petrolina - PE,PE,RECEITA CORRENTE LÍQUIDA,839795316.8
2021,Prefeitura Municipal de Petrolina - PE,PE,% da DC sobre a RCL AJUSTADA (I/VI),23.7
2021,Prefeitura Municipal de Petrolina - PE,PE,% da DCL sobre a RCL AJUSTADA,6.14
2021,Prefeitura Municipal de Poção - PE,PE,DÍVIDA CONSOLIDADA,5623206.25
2021,Prefeitura Municipal de Poção - PE,PE,Precatórios (inclusive) Vencidos e Não Pagos,32.59
2021,Prefeitura Municipal de Poção - PE,PE,Disponibilidade de Caixa,2673882.27
2021,Prefeitura Municipal de Poção - PE,PE,Disponibilidade de Caixa Bruta,4253388.3
2021,Prefeitura Municipal de Poção - PE,PE,RECEITA CORRENTE LÍQUIDA,33312264.44
2021,Prefeitura Municipal de Poção - PE,PE,% da DC sobre a RCL AJUSTADA (I/VI),16.88
2021,Prefeitura Municipal de Poção - PE,PE,% da DCL sobre a RCL AJUSTADA,8.85
2021,Prefeitura Municipal de Primavera - PE,PE,DÍVIDA CONSOLIDADA,17783863.76
2021,Prefeitura Municipal de Primavera - PE,PE,Disponibilidade de Caixa,357667.65
2021,Prefeitura Municipal de Primavera - PE,PE,Disponibilidade de Caixa Bruta,2876187.88
2021,Prefeitura Municipal de Primavera - PE,PE,RECEITA CORRENTE LÍQUIDA,38517529.04
2021,Prefeitura Municipal de Primavera - PE,PE,% da DC sobre a RCL AJUSTADA (I/VI),46.17
2021,Prefeitura Municipal de Primavera - PE,PE,% da DCL sobre a RCL AJUSTADA,45.24
2021,Prefeitura Municipal de Pombos - PE,PE,DÍVIDA CONSOLIDADA,-4199938.8
2021,Prefeitura Municipal de Pombos - PE,PE,Disponibilidade de Caixa Bruta,7426741.7
2021,Prefeitura Municipal de Pombos - PE,PE,RECEITA CORRENTE LÍQUIDA,66292923.82
2021,Prefeitura Municipal de Pombos - PE,PE,% da DC sobre a RCL AJUSTADA (I/VI),-6.34
2021,Prefeitura Municipal de Pombos - PE,PE,% da DCL sobre a RCL AJUSTADA,-6.34
2021,Prefeitura Municipal de Quipapá - PE,PE,DÍVIDA CONSOLIDADA,1529286.83
2021,Prefeitura Municipal de Quipapá - PE,PE,Disponibilidade de Caixa Bruta,6403157.25
2021,Prefeitura Municipal de Quipapá - PE,PE,RECEITA CORRENTE LÍQUIDA,59403926.42
2021,Prefeitura Municipal de Quipapá - PE,PE,% da DC sobre a RCL AJUSTADA (I/VI),2.57
2021,Prefeitura Municipal de Quipapá - PE,PE,% da DCL sobre a RCL AJUSTADA,2.57
2021,Prefeitura Municipal de Recife - PE,PE,DÍVIDA CONSOLIDADA,1863163110.15
2021,Prefeitura Municipal de Recife - PE,PE,Disponibilidade de Caixa,932305098.31
2021,Prefeitura Municipal de Recife - PE,PE,Disponibilidade de Caixa Bruta,996489155.71
2021,Prefeitura Municipal de Recife - PE,PE,RECEITA CORRENTE LÍQUIDA,5006844216.51
2021,Prefeitura Municipal de Recife - PE,PE,% da DC sobre a RCL AJUSTADA (I/VI),37.26
2021,Prefeitura Municipal de Recife - PE,PE,% da DCL sobre a RCL AJUSTADA,18.61
2021,Prefeitura Municipal de Ribeirão - PE,PE,DÍVIDA CONSOLIDADA,48606664.17
2021,Prefeitura Municipal de Ribeirão - PE,PE,Disponibilidade de Caixa Bruta,5070128.66
2021,Prefeitura Municipal de Ribeirão - PE,PE,RECEITA CORRENTE LÍQUIDA,89979472.02
2021,Prefeitura Municipal de Ribeirão - PE,PE,% da DC sobre a RCL AJUSTADA (I/VI),54.02
2021,Prefeitura Municipal de Ribeirão - PE,PE,% da DCL sobre a RCL AJUSTADA,53.94
2021,Prefeitura Municipal de Riacho das Almas - PE,PE,DÍVIDA CONSOLIDADA,4864011.05
2021,Prefeitura Municipal de Riacho das Almas - PE,PE,Disponibilidade de Caixa,3818320.4
2021,Prefeitura Municipal de Riacho das Almas - PE,PE,Disponibilidade de Caixa Bruta,3818320.4
2021,Prefeitura Municipal de Riacho das Almas - PE,PE,RECEITA CORRENTE LÍQUIDA,52622260.1
2021,Prefeitura Municipal de Riacho das Almas - PE,PE,% da DC sobre a RCL AJUSTADA (I/VI),9.24
2021,Prefeitura Municipal de Riacho das Almas - PE,PE,% da DCL sobre a RCL AJUSTADA,1.99
2021,Prefeitura Municipal de Salgadinho - PE,PE,DÍVIDA CONSOLIDADA,6956501.84
2021,Prefeitura Municipal de Salgadinho - PE,PE,RECEITA CORRENTE LÍQUIDA,30037598.2
2021,Prefeitura Municipal de Salgadinho - PE,PE,% da DC sobre a RCL AJUSTADA (I/VI),23.24
2021,Prefeitura Municipal de Salgadinho - PE,PE,% da DCL sobre a RCL AJUSTADA,23.24
2021,Prefeitura Municipal de Rio Formoso - PE,PE,DÍVIDA CONSOLIDADA,58277692.1
2021,Prefeitura Municipal de Rio Formoso - PE,PE,Disponibilidade de Caixa Bruta,9390850.73
2021,Prefeitura Municipal de Rio Formoso - PE,PE,RECEITA CORRENTE LÍQUIDA,65924910.23
2021,Prefeitura Municipal de Rio Formoso - PE,PE,% da DC sobre a RCL AJUSTADA (I/VI),88.4
2021,Prefeitura Municipal de Rio Formoso - PE,PE,% da DCL sobre a RCL AJUSTADA,88.4
2021,Prefeitura Municipal de Sairé - PE,PE,RECEITA CORRENTE LÍQUIDA,29835195.49
2021,Prefeitura Municipal de Salgueiro - PE,PE,Disponibilidade de Caixa,799045.86
2021,Prefeitura Municipal de Salgueiro - PE,PE,RECEITA CORRENTE LÍQUIDA,125596319.38
2021,Prefeitura Municipal de Salgueiro - PE,PE,% da DCL sobre a RCL AJUSTADA,-0.64
2021,Prefeitura Municipal de Saloá - PE,PE,DÍVIDA CONSOLIDADA,876182.38
2021,Prefeitura Municipal de Saloá - PE,PE,Disponibilidade de Caixa,6003886.01
2021,Prefeitura Municipal de Saloá - PE,PE,Disponibilidade de Caixa Bruta,14042495.91
2021,Prefeitura Municipal de Saloá - PE,PE,RECEITA CORRENTE LÍQUIDA,46872477.75
2021,Prefeitura Municipal de Saloá - PE,PE,% da DC sobre a RCL AJUSTADA (I/VI),1.87
2021,Prefeitura Municipal de Saloá - PE,PE,% da DCL sobre a RCL AJUSTADA,-13.72
2021,Prefeitura Municipal de Sanharó - PE,PE,DÍVIDA CONSOLIDADA,15397760.09
2021,Prefeitura Municipal de Sanharó - PE,PE,Disponibilidade de Caixa,8791732.93
2021,Prefeitura Municipal de Sanharó - PE,PE,Disponibilidade de Caixa Bruta,10207171.64
2021,Prefeitura Municipal de Sanharó - PE,PE,RECEITA CORRENTE LÍQUIDA,52171529.19
2021,Prefeitura Municipal de Sanharó - PE,PE,% da DC sobre a RCL AJUSTADA (I/VI),29.51
2021,Prefeitura Municipal de Sanharó - PE,PE,% da DCL sobre a RCL AJUSTADA,12.66
2021,Prefeitura Municipal de Sanharó - PE,PE,Precatórios (Não incluídos na DC),13180.17
2021,Prefeitura Municipal de Santa Cruz - PE,PE,DÍVIDA CONSOLIDADA,2738696.78
2021,Prefeitura Municipal de Santa Cruz - PE,PE,Precatórios (inclusive) Vencidos e Não Pagos,5094.79
2021,Prefeitura Municipal de Santa Cruz - PE,PE,Disponibilidade de Caixa,5891588.53
2021,Prefeitura Municipal de Santa Cruz - PE,PE,Disponibilidade de Caixa Bruta,6255325.56
2021,Prefeitura Municipal de Santa Cruz - PE,PE,RECEITA CORRENTE LÍQUIDA,43517408.55
2021,Prefeitura Municipal de Santa Cruz - PE,PE,% da DC sobre a RCL AJUSTADA (I/VI),6.29
2021,Prefeitura Municipal de Santa Cruz - PE,PE,% da DCL sobre a RCL AJUSTADA,-7.25
2021,Prefeitura Municipal de Santa Cruz da Baixa Verde - PE,PE,DÍVIDA CONSOLIDADA,10101777.02
2021,Prefeitura Municipal de Santa Cruz da Baixa Verde - PE,PE,Disponibilidade de Caixa,499612.85
2021,Prefeitura Municipal de Santa Cruz da Baixa Verde - PE,PE,Disponibilidade de Caixa Bruta,3190115.21
2021,Prefeitura Municipal de Santa Cruz da Baixa Verde - PE,PE,RECEITA CORRENTE LÍQUIDA,34290898.09
2021,Prefeitura Municipal de Santa Cruz da Baixa Verde - PE,PE,% da DC sobre a RCL AJUSTADA (I/VI),29.46
2021,Prefeitura Municipal de Santa Cruz da Baixa Verde - PE,PE,% da DCL sobre a RCL AJUSTADA,27.44
2021,Prefeitura Municipal de Santa Cruz do Capibaribe - PE,PE,DÍVIDA CONSOLIDADA,15260130.32
2021,Prefeitura Municipal de Santa Cruz do Capibaribe - PE,PE,Disponibilidade de Caixa,26459520.51
2021,Prefeitura Municipal de Santa Cruz do Capibaribe - PE,PE,Disponibilidade de Caixa Bruta,35025031.91
2021,Prefeitura Municipal de Santa Cruz do Capibaribe - PE,PE,RECEITA CORRENTE LÍQUIDA,200320454.38
2021,Prefeitura Municipal de Santa Cruz do Capibaribe - PE,PE,% da DC sobre a RCL AJUSTADA (I/VI),7.62
2021,Prefeitura Municipal de Santa Cruz do Capibaribe - PE,PE,% da DCL sobre a RCL AJUSTADA,-5.59
2021,Prefeitura Municipal de Santa Maria da Boa Vista - PE,PE,DÍVIDA CONSOLIDADA,28314980.63
2021,Prefeitura Municipal de Santa Maria da Boa Vista - PE,PE,Disponibilidade de Caixa Bruta,11324509.01
2021,Prefeitura Municipal de Santa Maria da Boa Vista - PE,PE,RECEITA CORRENTE LÍQUIDA,94759475.04
2021,Prefeitura Municipal de Santa Maria da Boa Vista - PE,PE,% da DC sobre a RCL AJUSTADA (I/VI),29.88
2021,Prefeitura Municipal de Santa Maria da Boa Vista - PE,PE,% da DCL sobre a RCL AJUSTADA,29.89
2021,Prefeitura Municipal de Santa Maria do Cambucá - PE,PE,DÍVIDA CONSOLIDADA,552884.91
2021,Prefeitura Municipal de Santa Maria do Cambucá - PE,PE,Disponibilidade de Caixa,4152241.22
2021,Prefeitura Municipal de Santa Maria do Cambucá - PE,PE,Disponibilidade de Caixa Bruta,4152696.7
2021,Prefeitura Municipal de Santa Maria do Cambucá - PE,PE,RECEITA CORRENTE LÍQUIDA,37331540.75
2021,Prefeitura Municipal de Santa Maria do Cambucá - PE,PE,% da DC sobre a RCL AJUSTADA (I/VI),1.49
2021,Prefeitura Municipal de Santa Maria do Cambucá - PE,PE,% da DCL sobre a RCL AJUSTADA,-9.71
2021,Prefeitura Municipal de Santa Terezinha - PE,PE,DÍVIDA CONSOLIDADA,620375.34
2021,Prefeitura Municipal de Santa Terezinha - PE,PE,Disponibilidade de Caixa Bruta,1740628.7
2021,Prefeitura Municipal de Santa Terezinha - PE,PE,RECEITA CORRENTE LÍQUIDA,32157371.13
2021,Prefeitura Municipal de Santa Terezinha - PE,PE,% da DC sobre a RCL AJUSTADA (I/VI),1.93
2021,Prefeitura Municipal de Santa Terezinha - PE,PE,% da DCL sobre a RCL AJUSTADA,0.79
2021,Prefeitura Municipal de São Benedito do Sul - PE,PE,DÍVIDA CONSOLIDADA,5984048.53
2021,Prefeitura Municipal de São Benedito do Sul - PE,PE,Disponibilidade de Caixa,2814375.93
2021,Prefeitura Municipal de São Benedito do Sul - PE,PE,Disponibilidade de Caixa Bruta,3974886.36
2021,Prefeitura Municipal de São Benedito do Sul - PE,PE,RECEITA CORRENTE LÍQUIDA,35860580.56
2021,Prefeitura Municipal de São Benedito do Sul - PE,PE,% da DC sobre a RCL AJUSTADA (I/VI),16.69
2021,Prefeitura Municipal de São Benedito do Sul - PE,PE,% da DCL sobre a RCL AJUSTADA,8.84
2021,Prefeitura Municipal de São Bento do Una - PE,PE,DÍVIDA CONSOLIDADA,8693816.27
2021,Prefeitura Municipal de São Bento do Una - PE,PE,Disponibilidade de Caixa,14561012.49
2021,Prefeitura Municipal de São Bento do Una - PE,PE,Disponibilidade de Caixa Bruta,20094325.18
2021,Prefeitura Municipal de São Bento do Una - PE,PE,RECEITA CORRENTE LÍQUIDA,113482232.54
2021,Prefeitura Municipal de São Bento do Una - PE,PE,% da DC sobre a RCL AJUSTADA (I/VI),7.66
2021,Prefeitura Municipal de São Bento do Una - PE,PE,% da DCL sobre a RCL AJUSTADA,-5.17
2021,Prefeitura Municipal de São Caitano - PE,PE,DÍVIDA CONSOLIDADA,17660026.59
2021,Prefeitura Municipal de São Caitano - PE,PE,Precatórios (inclusive) Vencidos e Não Pagos,47270.28
2021,Prefeitura Municipal de São Caitano - PE,PE,Disponibilidade de Caixa,33704423.16
2021,Prefeitura Municipal de São Caitano - PE,PE,Disponibilidade de Caixa Bruta,34553869.07
2021,Prefeitura Municipal de São Caitano - PE,PE,RECEITA CORRENTE LÍQUIDA,95767045.94
2021,Prefeitura Municipal de São Caitano - PE,PE,% da DC sobre a RCL AJUSTADA (I/VI),18.44
2021,Prefeitura Municipal de São Caitano - PE,PE,% da DCL sobre a RCL AJUSTADA,-16.75
2021,Prefeitura Municipal de São João - PE,PE,DÍVIDA CONSOLIDADA,570545.42
2021,Prefeitura Municipal de São João - PE,PE,Disponibilidade de Caixa,5636147.84
2021,Prefeitura Municipal de São João - PE,PE,Disponibilidade de Caixa Bruta,10455193.41
2021,Prefeitura Municipal de São João - PE,PE,RECEITA CORRENTE LÍQUIDA,61747119.75
2021,Prefeitura Municipal de São João - PE,PE,% da DC sobre a RCL AJUSTADA (I/VI),0.92
2021,Prefeitura Municipal de São João - PE,PE,% da DCL sobre a RCL AJUSTADA,-8.59
2021,Prefeitura Municipal de São Joaquim do Monte - PE,PE,DÍVIDA CONSOLIDADA,13369505.25
2021,Prefeitura Municipal de São Joaquim do Monte - PE,PE,Precatórios (inclusive) Vencidos e Não Pagos,971971.3
2021,Prefeitura Municipal de São Joaquim do Monte - PE,PE,Disponibilidade de Caixa,5979004.76
2021,Prefeitura Municipal de São Joaquim do Monte - PE,PE,Disponibilidade de Caixa Bruta,10605447.33
2021,Prefeitura Municipal de São Joaquim do Monte - PE,PE,RECEITA CORRENTE LÍQUIDA,54885412.72
2021,Prefeitura Municipal de São Joaquim do Monte - PE,PE,% da DC sobre a RCL AJUSTADA (I/VI),24.36
2021,Prefeitura Municipal de São Joaquim do Monte - PE,PE,% da DCL sobre a RCL AJUSTADA,13.47
2021,Prefeitura Municipal de São José da Coroa Grande - PE,PE,DÍVIDA CONSOLIDADA,4050360.08
2021,Prefeitura Municipal de São José da Coroa Grande - PE,PE,Disponibilidade de Caixa,8914007.39
2021,Prefeitura Municipal de São José da Coroa Grande - PE,PE,Disponibilidade de Caixa Bruta,13964390.93
2021,Prefeitura Municipal de São José da Coroa Grande - PE,PE,RECEITA CORRENTE LÍQUIDA,56806253.75
2021,Prefeitura Municipal de São José da Coroa Grande - PE,PE,% da DC sobre a RCL AJUSTADA (I/VI),7.13
2021,Prefeitura Municipal de São José da Coroa Grande - PE,PE,% da DCL sobre a RCL AJUSTADA,-8.56
2021,Prefeitura Municipal de São José do Belmonte - PE,PE,DÍVIDA CONSOLIDADA,3886330.05
2021,Prefeitura Municipal de São José do Belmonte - PE,PE,Disponibilidade de Caixa,7378065.62
2021,Prefeitura Municipal de São José do Belmonte - PE,PE,Disponibilidade de Caixa Bruta,7899294.1
2021,Prefeitura Municipal de São José do Belmonte - PE,PE,RECEITA CORRENTE LÍQUIDA,70956606.25
2021,Prefeitura Municipal de São José do Belmonte - PE,PE,% da DC sobre a RCL AJUSTADA (I/VI),5.49
2021,Prefeitura Municipal de São José do Belmonte - PE,PE,% da DCL sobre a RCL AJUSTADA,-4.93
2021,Prefeitura Municipal de São Lourenço da Mata - PE,PE,DÍVIDA CONSOLIDADA,24765000.31
2021,Prefeitura Municipal de São Lourenço da Mata - PE,PE,Disponibilidade de Caixa,34961042.74
2021,Prefeitura Municipal de São Lourenço da Mata - PE,PE,Disponibilidade de Caixa Bruta,54936520.47
2021,Prefeitura Municipal de São Lourenço da Mata - PE,PE,RECEITA CORRENTE LÍQUIDA,185826664.37
2021,Prefeitura Municipal de São Lourenço da Mata - PE,PE,% da DC sobre a RCL AJUSTADA (I/VI),13.33
2021,Prefeitura Municipal de São Lourenço da Mata - PE,PE,% da DCL sobre a RCL AJUSTADA,-5.49
2021,Prefeitura Municipal de São Vicente Ferrer - PE,PE,DÍVIDA CONSOLIDADA,2502596.51
2021,Prefeitura Municipal de São Vicente Ferrer - PE,PE,Disponibilidade de Caixa,11919926.74
2021,Prefeitura Municipal de São Vicente Ferrer - PE,PE,Disponibilidade de Caixa Bruta,12667986.02
2021,Prefeitura Municipal de São Vicente Ferrer - PE,PE,RECEITA CORRENTE LÍQUIDA,48234358.28
2021,Prefeitura Municipal de São Vicente Ferrer - PE,PE,% da DC sobre a RCL AJUSTADA (I/VI),5.19
2021,Prefeitura Municipal de São Vicente Ferrer - PE,PE,% da DCL sobre a RCL AJUSTADA,-19.52
2021,Prefeitura Municipal de Serra Talhada - PE,PE,DÍVIDA CONSOLIDADA,39852862.02
2021,Prefeitura Municipal de Serra Talhada - PE,PE,Precatórios (inclusive) Vencidos e Não Pagos,245303.22
2021,Prefeitura Municipal de Serra Talhada - PE,PE,Disponibilidade de Caixa,11334790.28
2021,Prefeitura Municipal de Serra Talhada - PE,PE,Disponibilidade de Caixa Bruta,33108574.99
2021,Prefeitura Municipal de Serra Talhada - PE,PE,RECEITA CORRENTE LÍQUIDA,204586590.66
2021,Prefeitura Municipal de Serra Talhada - PE,PE,% da DC sobre a RCL AJUSTADA (I/VI),20.55
2021,Prefeitura Municipal de Serra Talhada - PE,PE,% da DCL sobre a RCL AJUSTADA,14.61
2021,Prefeitura Municipal de Serrita - PE,PE,DÍVIDA CONSOLIDADA,10604524.63
2021,Prefeitura Municipal de Serrita - PE,PE,RECEITA CORRENTE LÍQUIDA,55760775.43
2021,Prefeitura Municipal de Serrita - PE,PE,% da DC sobre a RCL AJUSTADA (I/VI),19.02
2021,Prefeitura Municipal de Serrita - PE,PE,% da DCL sobre a RCL AJUSTADA,19.02
2021,Prefeitura Municipal de Sertânia - PE,PE,DÍVIDA CONSOLIDADA,1879018.93
2021,Prefeitura Municipal de Sertânia - PE,PE,Disponibilidade de Caixa,18638965.02
2021,Prefeitura Municipal de Sertânia - PE,PE,Disponibilidade de Caixa Bruta,24038220.57
2021,Prefeitura Municipal de Sertânia - PE,PE,RECEITA CORRENTE LÍQUIDA,96214978.87
2021,Prefeitura Municipal de Sertânia - PE,PE,% da DC sobre a RCL AJUSTADA (I/VI),1.95
2021,Prefeitura Municipal de Sertânia - PE,PE,% da DCL sobre a RCL AJUSTADA,-21.64
2021,Prefeitura Municipal de Sirinhaém - PE,PE,DÍVIDA CONSOLIDADA,62331898.97
2021,Prefeitura Municipal de Sirinhaém - PE,PE,Disponibilidade de Caixa,7104704.81
2021,Prefeitura Municipal de Sirinhaém - PE,PE,Disponibilidade de Caixa Bruta,11532524.58
2021,Prefeitura Municipal de Sirinhaém - PE,PE,RECEITA CORRENTE LÍQUIDA,104155507.03
2021,Prefeitura Municipal de Sirinhaém - PE,PE,% da DC sobre a RCL AJUSTADA (I/VI),59.85
2021,Prefeitura Municipal de Sirinhaém - PE,PE,% da DCL sobre a RCL AJUSTADA,53.02
2021,Prefeitura Municipal de Tabira - PE,PE,DÍVIDA CONSOLIDADA,12213859.38
2021,Prefeitura Municipal de Tabira - PE,PE,Disponibilidade de Caixa,9175639.61
2021,Prefeitura Municipal de Tabira - PE,PE,Disponibilidade de Caixa Bruta,9395704.0
2021,Prefeitura Municipal de Tabira - PE,PE,RECEITA CORRENTE LÍQUIDA,66933967.15
2021,Prefeitura Municipal de Tabira - PE,PE,% da DC sobre a RCL AJUSTADA (I/VI),18.25
2021,Prefeitura Municipal de Tabira - PE,PE,% da DCL sobre a RCL AJUSTADA,4.54
2021,Prefeitura Municipal de Surubim - PE,PE,DÍVIDA CONSOLIDADA,3545994.45
2021,Prefeitura Municipal de Surubim - PE,PE,Disponibilidade de Caixa,8752410.1
2021,Prefeitura Municipal de Surubim - PE,PE,Disponibilidade de Caixa Bruta,9149816.17
2021,Prefeitura Municipal de Surubim - PE,PE,RECEITA CORRENTE LÍQUIDA,140127348.57
2021,Prefeitura Municipal de Surubim - PE,PE,% da DC sobre a RCL AJUSTADA (I/VI),2.53
2021,Prefeitura Municipal de Surubim - PE,PE,% da DCL sobre a RCL AJUSTADA,-3.72
2021,Prefeitura Municipal de Surubim - PE,PE,Precatórios (Não incluídos na DC),786565.31
2021,Prefeitura Municipal de Tacaimbó - PE,PE,DÍVIDA CONSOLIDADA,5911009.77
2021,Prefeitura Municipal de Tacaimbó - PE,PE,Precatórios (inclusive) Vencidos e Não Pagos,54891.0
2021,Prefeitura Municipal de Tacaimbó - PE,PE,Disponibilidade de Caixa,4091998.29
2021,Prefeitura Municipal de Tacaimbó - PE,PE,Disponibilidade de Caixa Bruta,5083008.47
2021,Prefeitura Municipal de Tacaimbó - PE,PE,RECEITA CORRENTE LÍQUIDA,32712658.09
2021,Prefeitura Municipal de Tacaimbó - PE,PE,% da DC sobre a RCL AJUSTADA (I/VI),18.14
2021,Prefeitura Municipal de Tacaimbó - PE,PE,% da DCL sobre a RCL AJUSTADA,5.35
2021,Prefeitura Municipal de Tacaratu - PE,PE,DÍVIDA CONSOLIDADA,24118.29
2021,Prefeitura Municipal de Tacaratu - PE,PE,Disponibilidade de Caixa,5508300.38
2021,Prefeitura Municipal de Tacaratu - PE,PE,Disponibilidade de Caixa Bruta,11113734.6
2021,Prefeitura Municipal de Tamandaré - PE,PE,DÍVIDA CONSOLIDADA,28133782.79
2021,Prefeitura Municipal de Tamandaré - PE,PE,Disponibilidade de Caixa,10579696.62
2021,Prefeitura Municipal de Tamandaré - PE,PE,Disponibilidade de Caixa Bruta,12436305.39
2021,Prefeitura Municipal de Tamandaré - PE,PE,RECEITA CORRENTE LÍQUIDA,79773821.65
2021,Prefeitura Municipal de Tamandaré - PE,PE,% da DC sobre a RCL AJUSTADA (I/VI),35.27
2021,Prefeitura Municipal de Tamandaré - PE,PE,% da DCL sobre a RCL AJUSTADA,22.0
2021,Prefeitura Municipal de Terezinha - PE,PE,DÍVIDA CONSOLIDADA,36.0
2021,Prefeitura Municipal de Terezinha - PE,PE,RECEITA CORRENTE LÍQUIDA,25183085.05
2021,Prefeitura Municipal de Terra Nova - PE,PE,RECEITA CORRENTE LÍQUIDA,33877661.33
2021,Prefeitura Municipal de Timbaúba - PE,PE,DÍVIDA CONSOLIDADA,-580536.45
2021,Prefeitura Municipal de Timbaúba - PE,PE,Disponibilidade de Caixa,12992371.89
2021,Prefeitura Municipal de Timbaúba - PE,PE,Disponibilidade de Caixa Bruta,12997871.89
2021,Prefeitura Municipal de Timbaúba - PE,PE,RECEITA CORRENTE LÍQUIDA,116491909.55
2021,Prefeitura Municipal de Timbaúba - PE,PE,% da DC sobre a RCL AJUSTADA (I/VI),-0.5
2021,Prefeitura Municipal de Timbaúba - PE,PE,% da DCL sobre a RCL AJUSTADA,-11.65
2021,Prefeitura Municipal de Toritama - PE,PE,DÍVIDA CONSOLIDADA,26755990.05
2021,Prefeitura Municipal de Toritama - PE,PE,Disponibilidade de Caixa,23385399.72
2021,Prefeitura Municipal de Toritama - PE,PE,Disponibilidade de Caixa Bruta,25478435.27
2021,Prefeitura Municipal de Toritama - PE,PE,RECEITA CORRENTE LÍQUIDA,103832368.2
2021,Prefeitura Municipal de Toritama - PE,PE,% da DC sobre a RCL AJUSTADA (I/VI),26.03
2021,Prefeitura Municipal de Toritama - PE,PE,% da DCL sobre a RCL AJUSTADA,3.28
2021,Prefeitura Municipal de Tracunhaém - PE,PE,DÍVIDA CONSOLIDADA,2524818.81
2021,Prefeitura Municipal de Tracunhaém - PE,PE,Disponibilidade de Caixa,1675483.02
2021,Prefeitura Municipal de Tracunhaém - PE,PE,Disponibilidade de Caixa Bruta,1981835.17
2021,Prefeitura Municipal de Tracunhaém - PE,PE,RECEITA CORRENTE LÍQUIDA,33987473.76
2021,Prefeitura Municipal de Tracunhaém - PE,PE,% da DC sobre a RCL AJUSTADA (I/VI),7.43
2021,Prefeitura Municipal de Tracunhaém - PE,PE,% da DCL sobre a RCL AJUSTADA,2.5
2021,Prefeitura Municipal de Tupanatinga - PE,PE,DÍVIDA CONSOLIDADA,5230652.5
2021,Prefeitura Municipal de Tupanatinga - PE,PE,Precatórios (inclusive) Vencidos e Não Pagos,34841.78
2021,Prefeitura Municipal de Tupanatinga - PE,PE,Disponibilidade de Caixa Bruta,10290829.58
2021,Prefeitura Municipal de Tupanatinga - PE,PE,RECEITA CORRENTE LÍQUIDA,68133168.09
2021,Prefeitura Municipal de Tupanatinga - PE,PE,% da DC sobre a RCL AJUSTADA (I/VI),7.68
2021,Prefeitura Municipal de Tupanatinga - PE,PE,% da DCL sobre a RCL AJUSTADA,7.68
2021,Prefeitura Municipal de Venturosa - PE,PE,DÍVIDA CONSOLIDADA,3762358.55
2021,Prefeitura Municipal de Venturosa - PE,PE,Precatórios (inclusive) Vencidos e Não Pagos,49420.11
2021,Prefeitura Municipal de Venturosa - PE,PE,Disponibilidade de Caixa,8540835.89
2021,Prefeitura Municipal de Venturosa - PE,PE,Disponibilidade de Caixa Bruta,9230215.02
2021,Prefeitura Municipal de Venturosa - PE,PE,RECEITA CORRENTE LÍQUIDA,51075970.55
2021,Prefeitura Municipal de Venturosa - PE,PE,% da DC sobre a RCL AJUSTADA (I/VI),7.83
2021,Prefeitura Municipal de Venturosa - PE,PE,% da DCL sobre a RCL AJUSTADA,-9.95
2021,Prefeitura Municipal de Verdejante - PE,PE,RECEITA CORRENTE LÍQUIDA,33495677.34
2021,Prefeitura Municipal de Vertente do Lério - PE,PE,DÍVIDA CONSOLIDADA,103349.6
2021,Prefeitura Municipal de Vertente do Lério - PE,PE,Disponibilidade de Caixa,2032803.29
2021,Prefeitura Municipal de Vertente do Lério - PE,PE,Disponibilidade de Caixa Bruta,3271559.18
2021,Prefeitura Municipal de Vertente do Lério - PE,PE,RECEITA CORRENTE LÍQUIDA,27267929.96
2021,Prefeitura Municipal de Vertente do Lério - PE,PE,% da DC sobre a RCL AJUSTADA (I/VI),0.38
2021,Prefeitura Municipal de Vertente do Lério - PE,PE,% da DCL sobre a RCL AJUSTADA,-7.08
2021,Prefeitura Municipal de Vertentes - PE,PE,DÍVIDA CONSOLIDADA,1010083.07
2021,Prefeitura Municipal de Vertentes - PE,PE,Disponibilidade de Caixa,15823678.83
2021,Prefeitura Municipal de Vertentes - PE,PE,Disponibilidade de Caixa Bruta,15971111.81
2021,Prefeitura Municipal de Vertentes - PE,PE,RECEITA CORRENTE LÍQUIDA,53423809.89
2021,Prefeitura Municipal de Vertentes - PE,PE,% da DC sobre a RCL AJUSTADA (I/VI),1.92
2021,Prefeitura Municipal de Vertentes - PE,PE,% da DCL sobre a RCL AJUSTADA,-28.15
2021,Prefeitura Municipal de Vicência - PE,PE,DÍVIDA CONSOLIDADA,21607038.54
2021,Prefeitura Municipal de Vicência - PE,PE,Disponibilidade de Caixa,12997919.51
2021,Prefeitura Municipal de Vicência - PE,PE,Disponibilidade de Caixa Bruta,13590118.88
2021,Prefeitura Municipal de Vicência - PE,PE,RECEITA CORRENTE LÍQUIDA,75460664.92
2021,Prefeitura Municipal de Vicência - PE,PE,% da DC sobre a RCL AJUSTADA (I/VI),28.63
2021,Prefeitura Municipal de Vicência - PE,PE,% da DCL sobre a RCL AJUSTADA,10.46
2021,Prefeitura Municipal de Vitória de Santo Antão - PE,PE,DÍVIDA CONSOLIDADA,8305677.61
2021,Prefeitura Municipal de Vitória de Santo Antão - PE,PE,Precatórios (inclusive) Vencidos e Não Pagos,632955.0
2021,Prefeitura Municipal de Vitória de Santo Antão - PE,PE,Disponibilidade de Caixa,88806342.82
2021,Prefeitura Municipal de Vitória de Santo Antão - PE,PE,Disponibilidade de Caixa Bruta,99583327.88
2021,Prefeitura Municipal de Vitória de Santo Antão - PE,PE,RECEITA CORRENTE LÍQUIDA,313022141.62
2021,Prefeitura Municipal de Vitória de Santo Antão - PE,PE,% da DC sobre a RCL AJUSTADA (I/VI),2.65
2021,Prefeitura Municipal de Vitória de Santo Antão - PE,PE,% da DCL sobre a RCL AJUSTADA,-26.38
2021,Prefeitura Municipal de Xexéu - PE,PE,DÍVIDA CONSOLIDADA,24898330.93
2021,Prefeitura Municipal de Xexéu - PE,PE,Precatórios (inclusive) Vencidos e Não Pagos,9194.67
2021,Prefeitura Municipal de Xexéu - PE,PE,Disponibilidade de Caixa,6065815.37
2021,Prefeitura Municipal de Xexéu - PE,PE,Disponibilidade de Caixa Bruta,14237598.85
2021,Prefeitura Municipal de Xexéu - PE,PE,Precatórios (Não incluídos na DC),12556.02
2022,Prefeitura Municipal de Abreu e Lima - PE,PE,DÍVIDA CONSOLIDADA,20440999.04
2022,Prefeitura Municipal de Abreu e Lima - PE,PE,Disponibilidade de Caixa,105224387.44
2022,Prefeitura Municipal de Abreu e Lima - PE,PE,Disponibilidade de Caixa Bruta,113191153.31
2022,Prefeitura Municipal de Abreu e Lima - PE,PE,RECEITA CORRENTE LÍQUIDA,205875584.76
2022,Prefeitura Municipal de Abreu e Lima - PE,PE,% da DC sobre a RCL AJUSTADA (I/VI),10.14
2022,Prefeitura Municipal de Abreu e Lima - PE,PE,% da DCL sobre a RCL AJUSTADA,-42.06
2022,Prefeitura Municipal de Afrânio - PE,PE,DÍVIDA CONSOLIDADA,5245142.49
2022,Prefeitura Municipal de Afrânio - PE,PE,Disponibilidade de Caixa,11050435.09
2022,Prefeitura Municipal de Afrânio - PE,PE,Disponibilidade de Caixa Bruta,12506323.68
2022,Prefeitura Municipal de Afrânio - PE,PE,RECEITA CORRENTE LÍQUIDA,62793045.94
2022,Prefeitura Municipal de Afrânio - PE,PE,% da DC sobre a RCL AJUSTADA (I/VI),8.45
2022,Prefeitura Municipal de Afrânio - PE,PE,% da DCL sobre a RCL AJUSTADA,-9.35
2022,Prefeitura Municipal de Agrestina - PE,PE,DÍVIDA CONSOLIDADA,21391101.65
2022,Prefeitura Municipal de Agrestina - PE,PE,Precatórios (inclusive) Vencidos e Não Pagos,455141.33
2022,Prefeitura Municipal de Agrestina - PE,PE,Disponibilidade de Caixa,16309261.95
2022,Prefeitura Municipal de Agrestina - PE,PE,Disponibilidade de Caixa Bruta,17958985.98
2022,Prefeitura Municipal de Agrestina - PE,PE,RECEITA CORRENTE LÍQUIDA,74605245.83
2022,Prefeitura Municipal de Agrestina - PE,PE,% da DC sobre a RCL AJUSTADA (I/VI),29.14
2022,Prefeitura Municipal de Agrestina - PE,PE,% da DCL sobre a RCL AJUSTADA,6.84
2022,Prefeitura Municipal de Água Preta - PE,PE,DÍVIDA CONSOLIDADA,24365693.18
2022,Prefeitura Municipal de Água Preta - PE,PE,Disponibilidade de Caixa,346174.44
2022,Prefeitura Municipal de Água Preta - PE,PE,Disponibilidade de Caixa Bruta,9110541.25
2022,Prefeitura Municipal de Água Preta - PE,PE,RECEITA CORRENTE LÍQUIDA,82420071.21
2022,Prefeitura Municipal de Água Preta - PE,PE,% da DC sobre a RCL AJUSTADA (I/VI),29.93
2022,Prefeitura Municipal de Água Preta - PE,PE,% da DCL sobre a RCL AJUSTADA,29.5
2022,Prefeitura Municipal de Águas Belas - PE,PE,DÍVIDA CONSOLIDADA,45754962.76
2022,Prefeitura Municipal de Águas Belas - PE,PE,Precatórios (inclusive) Vencidos e Não Pagos,32580.22
2022,Prefeitura Municipal de Águas Belas - PE,PE,Disponibilidade de Caixa,-10074221.49
2022,Prefeitura Municipal de Águas Belas - PE,PE,Disponibilidade de Caixa Bruta,8597283.5
2022,Prefeitura Municipal de Águas Belas - PE,PE,RECEITA CORRENTE LÍQUIDA,105994891.73
2022,Prefeitura Municipal de Águas Belas - PE,PE,% da DC sobre a RCL AJUSTADA (I/VI),44.15
2022,Prefeitura Municipal de Águas Belas - PE,PE,% da DCL sobre a RCL AJUSTADA,53.86
2022,Prefeitura Municipal de Alagoinha - PE,PE,DÍVIDA CONSOLIDADA,3321478.46
2022,Prefeitura Municipal de Alagoinha - PE,PE,Disponibilidade de Caixa,2210003.4
2022,Prefeitura Municipal de Alagoinha - PE,PE,Disponibilidade de Caixa Bruta,3003961.75
2022,Prefeitura Municipal de Alagoinha - PE,PE,RECEITA CORRENTE LÍQUIDA,48356729.54
2022,Prefeitura Municipal de Alagoinha - PE,PE,% da DC sobre a RCL AJUSTADA (I/VI),7.02
2022,Prefeitura Municipal de Alagoinha - PE,PE,% da DCL sobre a RCL AJUSTADA,2.35
2022,Prefeitura Municipal de Aliança - PE,PE,DÍVIDA CONSOLIDADA,39089035.8
2022,Prefeitura Municipal de Aliança - PE,PE,Precatórios (inclusive) Vencidos e Não Pagos,220723.89
2022,Prefeitura Municipal de Aliança - PE,PE,Disponibilidade de Caixa,1513068.07
2022,Prefeitura Municipal de Aliança - PE,PE,Disponibilidade de Caixa Bruta,11924684.89
2022,Prefeitura Municipal de Aliança - PE,PE,RECEITA CORRENTE LÍQUIDA,95175672.85
2022,Prefeitura Municipal de Aliança - PE,PE,% da DC sobre a RCL AJUSTADA (I/VI),41.07
2022,Prefeitura Municipal de Aliança - PE,PE,% da DCL sobre a RCL AJUSTADA,39.43
2022,Prefeitura Municipal de Aliança - PE,PE,Precatórios (Não incluídos na DC),106303.49
2022,Prefeitura Municipal de Altinho - PE,PE,DÍVIDA CONSOLIDADA,3124496.19
2022,Prefeitura Municipal de Altinho - PE,PE,Disponibilidade de Caixa,-1611254.27
2022,Prefeitura Municipal de Altinho - PE,PE,Disponibilidade de Caixa Bruta,2975410.47
2022,Prefeitura Municipal de Altinho - PE,PE,RECEITA CORRENTE LÍQUIDA,50131056.94
2022,Prefeitura Municipal de Altinho - PE,PE,% da DC sobre a RCL AJUSTADA (I/VI),6.27
2022,Prefeitura Municipal de Altinho - PE,PE,% da DCL sobre a RCL AJUSTADA,9.5
2022,Prefeitura Municipal de Amaraji - PE,PE,DÍVIDA CONSOLIDADA,14073051.75
2022,Prefeitura Municipal de Amaraji - PE,PE,Disponibilidade de Caixa,22247060.85
2022,Prefeitura Municipal de Amaraji - PE,PE,Disponibilidade de Caixa Bruta,27021009.73
2022,Prefeitura Municipal de Amaraji - PE,PE,RECEITA CORRENTE LÍQUIDA,87848243.35
2022,Prefeitura Municipal de Amaraji - PE,PE,% da DC sobre a RCL AJUSTADA (I/VI),16.02
2022,Prefeitura Municipal de Amaraji - PE,PE,% da DCL sobre a RCL AJUSTADA,-9.3
2022,Prefeitura Municipal de Angelim - PE,PE,DÍVIDA CONSOLIDADA,2144447.98
2022,Prefeitura Municipal de Angelim - PE,PE,Disponibilidade de Caixa,5772574.06
2022,Prefeitura Municipal de Angelim - PE,PE,Disponibilidade de Caixa Bruta,8831766.19
2022,Prefeitura Municipal de Angelim - PE,PE,RECEITA CORRENTE LÍQUIDA,39267508.69
2022,Prefeitura Municipal de Angelim - PE,PE,% da DC sobre a RCL AJUSTADA (I/VI),5.63
2022,Prefeitura Municipal de Angelim - PE,PE,% da DCL sobre a RCL AJUSTADA,-9.61
2022,Prefeitura Municipal de Araçoiaba - PE,PE,DÍVIDA CONSOLIDADA,31160995.31
2022,Prefeitura Municipal de Araçoiaba - PE,PE,Disponibilidade de Caixa,23150704.13
2022,Prefeitura Municipal de Araçoiaba - PE,PE,Disponibilidade de Caixa Bruta,24850602.66
2022,Prefeitura Municipal de Araçoiaba - PE,PE,RECEITA CORRENTE LÍQUIDA,64186473.99
2022,Prefeitura Municipal de Araçoiaba - PE,PE,% da DC sobre a RCL AJUSTADA (I/VI),48.78
2022,Prefeitura Municipal de Araçoiaba - PE,PE,% da DCL sobre a RCL AJUSTADA,3.32
2022,Prefeitura Municipal de Araripina - PE,PE,DÍVIDA CONSOLIDADA,113348985.04
2022,Prefeitura Municipal de Araripina - PE,PE,Disponibilidade de Caixa,20150447.14
2022,Prefeitura Municipal de Araripina - PE,PE,Disponibilidade de Caixa Bruta,35799307.48
2022,Prefeitura Municipal de Araripina - PE,PE,RECEITA CORRENTE LÍQUIDA,204400937.92
2022,Prefeitura Municipal de Araripina - PE,PE,% da DC sobre a RCL AJUSTADA (I/VI),55.78
2022,Prefeitura Municipal de Araripina - PE,PE,% da DCL sobre a RCL AJUSTADA,45.72
2022,Prefeitura Municipal de Arcoverde - PE,PE,DÍVIDA CONSOLIDADA,15479529.96
2022,Prefeitura Municipal de Arcoverde - PE,PE,Precatórios (inclusive) Vencidos e Não Pagos,0.04
2022,Prefeitura Municipal de Arcoverde - PE,PE,Disponibilidade de Caixa,-31731811.35
2022,Prefeitura Municipal de Arcoverde - PE,PE,Disponibilidade de Caixa Bruta,25904664.77
2022,Prefeitura Municipal de Arcoverde - PE,PE,RECEITA CORRENTE LÍQUIDA,194801268.37
2022,Prefeitura Municipal de Arcoverde - PE,PE,% da DC sobre a RCL AJUSTADA (I/VI),8.12
2022,Prefeitura Municipal de Arcoverde - PE,PE,% da DCL sobre a RCL AJUSTADA,24.11
2022,Prefeitura Municipal de Barra de Guabiraba - PE,PE,DÍVIDA CONSOLIDADA,13670375.92
2022,Prefeitura Municipal de Barra de Guabiraba - PE,PE,Precatórios (inclusive) Vencidos e Não Pagos,62481.3
2022,Prefeitura Municipal de Barra de Guabiraba - PE,PE,Disponibilidade de Caixa,1096787.57
2022,Prefeitura Municipal de Barra de Guabiraba - PE,PE,Disponibilidade de Caixa Bruta,3652169.21
2022,Prefeitura Municipal de Barra de Guabiraba - PE,PE,RECEITA CORRENTE LÍQUIDA,42532095.59
2022,Prefeitura Municipal de Barra de Guabiraba - PE,PE,% da DC sobre a RCL AJUSTADA (I/VI),33.98
2022,Prefeitura Municipal de Barra de Guabiraba - PE,PE,% da DCL sobre a RCL AJUSTADA,31.25
2022,Prefeitura Municipal de Barreiros - PE,PE,DÍVIDA CONSOLIDADA,40078337.29
2022,Prefeitura Municipal de Barreiros - PE,PE,Disponibilidade de Caixa,-39894917.0
2022,Prefeitura Municipal de Barreiros - PE,PE,Disponibilidade de Caixa Bruta,26717838.1
2022,Prefeitura Municipal de Barreiros - PE,PE,RECEITA CORRENTE LÍQUIDA,123597616.34
2022,Prefeitura Municipal de Barreiros - PE,PE,% da DC sobre a RCL AJUSTADA (I/VI),32.61
2022,Prefeitura Municipal de Barreiros - PE,PE,% da DCL sobre a RCL AJUSTADA,65.07
2022,Prefeitura Municipal de Belém de Maria - PE,PE,DÍVIDA CONSOLIDADA,13177650.17
2022,Prefeitura Municipal de Belém de Maria - PE,PE,Disponibilidade de Caixa,28370.14
2022,Prefeitura Municipal de Belém de Maria - PE,PE,Disponibilidade de Caixa Bruta,3113940.05
2022,Prefeitura Municipal de Belém de Maria - PE,PE,RECEITA CORRENTE LÍQUIDA,38047860.85
2022,Prefeitura Municipal de Belém de Maria - PE,PE,% da DC sobre a RCL AJUSTADA (I/VI),35.92
2022,Prefeitura Municipal de Belém de Maria - PE,PE,% da DCL sobre a RCL AJUSTADA,35.84
2022,Prefeitura Municipal de Belém do São Francisco - PE,PE,DÍVIDA CONSOLIDADA,60691778.16
2022,Prefeitura Municipal de Belém do São Francisco - PE,PE,Disponibilidade de Caixa,45845.26
2022,Prefeitura Municipal de Belém do São Francisco - PE,PE,Disponibilidade de Caixa Bruta,4257858.64
2022,Prefeitura Municipal de Belém do São Francisco - PE,PE,RECEITA CORRENTE LÍQUIDA,59999306.57
2022,Prefeitura Municipal de Belém do São Francisco - PE,PE,% da DC sobre a RCL AJUSTADA (I/VI),101.15
2022,Prefeitura Municipal de Belém do São Francisco - PE,PE,% da DCL sobre a RCL AJUSTADA,101.08
2022,Prefeitura Municipal de Belo Jardim - PE,PE,DÍVIDA CONSOLIDADA,37121930.95
2022,Prefeitura Municipal de Belo Jardim - PE,PE,Precatórios (inclusive) Vencidos e Não Pagos,233963.73
2022,Prefeitura Municipal de Belo Jardim - PE,PE,Disponibilidade de Caixa,-19319622.92
2022,Prefeitura Municipal de Belo Jardim - PE,PE,Disponibilidade de Caixa Bruta,16565921.11
2022,Prefeitura Municipal de Belo Jardim - PE,PE,RECEITA CORRENTE LÍQUIDA,193220786.4
2022,Prefeitura Municipal de Belo Jardim - PE,PE,% da DC sobre a RCL AJUSTADA (I/VI),19.21
2022,Prefeitura Municipal de Belo Jardim - PE,PE,% da DCL sobre a RCL AJUSTADA,26.43
2022,Prefeitura Municipal de Betânia - PE,PE,DÍVIDA CONSOLIDADA,10072710.63
2022,Prefeitura Municipal de Betânia - PE,PE,Disponibilidade de Caixa,-2982200.0
2022,Prefeitura Municipal de Betânia - PE,PE,Disponibilidade de Caixa Bruta,5469249.32
2022,Prefeitura Municipal de Betânia - PE,PE,RECEITA CORRENTE LÍQUIDA,40322678.57
2022,Prefeitura Municipal de Betânia - PE,PE,% da DC sobre a RCL AJUSTADA (I/VI),25.34
2022,Prefeitura Municipal de Betânia - PE,PE,% da DCL sobre a RCL AJUSTADA,32.84
2022,Prefeitura Municipal de Bezerros - PE,PE,DÍVIDA CONSOLIDADA,48457663.26
2022,Prefeitura Municipal de Bezerros - PE,PE,Disponibilidade de Caixa,13793627.41
2022,Prefeitura Municipal de Bezerros - PE,PE,Disponibilidade de Caixa Bruta,21114506.22
2022,Prefeitura Municipal de Bezerros - PE,PE,RECEITA CORRENTE LÍQUIDA,142133189.68
2022,Prefeitura Municipal de Bezerros - PE,PE,% da DC sobre a RCL AJUSTADA (I/VI),34.09
2022,Prefeitura Municipal de Bezerros - PE,PE,% da DCL sobre a RCL AJUSTADA,22.17
2022,Prefeitura Municipal de Bezerros - PE,PE,Precatórios (Não incluídos na DC),465912.51
2022,Prefeitura Municipal de Bodocó - PE,PE,DÍVIDA CONSOLIDADA,17820237.1
2022,Prefeitura Municipal de Bodocó - PE,PE,Precatórios (inclusive) Vencidos e Não Pagos,57340.42
2022,Prefeitura Municipal de Bodocó - PE,PE,Disponibilidade de Caixa,13150402.19
2022,Prefeitura Municipal de Bodocó - PE,PE,Disponibilidade de Caixa Bruta,15307224.73
2022,Prefeitura Municipal de Bodocó - PE,PE,RECEITA CORRENTE LÍQUIDA,89024817.38
2022,Prefeitura Municipal de Bodocó - PE,PE,% da DC sobre a RCL AJUSTADA (I/VI),20.25
2022,Prefeitura Municipal de Bodocó - PE,PE,% da DCL sobre a RCL AJUSTADA,5.18
2022,Prefeitura Municipal de Bodocó - PE,PE,Precatórios (Não incluídos na DC),30425.48
2022,Prefeitura Municipal de Bom Conselho - PE,PE,DÍVIDA CONSOLIDADA,30476803.4
2022,Prefeitura Municipal de Bom Conselho - PE,PE,Precatórios (inclusive) Vencidos e Não Pagos,698476.69
2022,Prefeitura Municipal de Bom Conselho - PE,PE,Disponibilidade de Caixa,-31606380.46
2022,Prefeitura Municipal de Bom Conselho - PE,PE,Disponibilidade de Caixa Bruta,8902339.77
2022,Prefeitura Municipal de Bom Conselho - PE,PE,RECEITA CORRENTE LÍQUIDA,115819496.77
2022,Prefeitura Municipal de Bom Conselho - PE,PE,% da DC sobre a RCL AJUSTADA (I/VI),26.75
2022,Prefeitura Municipal de Bom Conselho - PE,PE,% da DCL sobre a RCL AJUSTADA,54.5
2022,Prefeitura Municipal de Bom Jardim - PE,PE,DÍVIDA CONSOLIDADA,12740370.3
2022,Prefeitura Municipal de Bom Jardim - PE,PE,Disponibilidade de Caixa,7919214.36
2022,Prefeitura Municipal de Bom Jardim - PE,PE,Disponibilidade de Caixa Bruta,9994322.15
2022,Prefeitura Municipal de Bom Jardim - PE,PE,RECEITA CORRENTE LÍQUIDA,95162687.15
2022,Prefeitura Municipal de Bom Jardim - PE,PE,% da DC sobre a RCL AJUSTADA (I/VI),13.54
2022,Prefeitura Municipal de Bom Jardim - PE,PE,% da DCL sobre a RCL AJUSTADA,5.12
2022,Prefeitura Municipal de Bonito - PE,PE,DÍVIDA CONSOLIDADA,17083608.06
2022,Prefeitura Municipal de Bonito - PE,PE,Disponibilidade de Caixa,3623834.85
2022,Prefeitura Municipal de Bonito - PE,PE,Disponibilidade de Caixa Bruta,14108485.36
2022,Prefeitura Municipal de Bonito - PE,PE,RECEITA CORRENTE LÍQUIDA,102285766.11
2022,Prefeitura Municipal de Bonito - PE,PE,% da DC sobre a RCL AJUSTADA (I/VI),16.98
2022,Prefeitura Municipal de Bonito - PE,PE,% da DCL sobre a RCL AJUSTADA,13.36
2022,Prefeitura Municipal de Brejão - PE,PE,DÍVIDA CONSOLIDADA,8888781.55
2022,Prefeitura Municipal de Brejão - PE,PE,Precatórios (inclusive) Vencidos e Não Pagos,785659.5
2022,Prefeitura Municipal de Brejão - PE,PE,Disponibilidade de Caixa,4634638.8
2022,Prefeitura Municipal de Brejão - PE,PE,Disponibilidade de Caixa Bruta,6910800.36
2022,Prefeitura Municipal de Brejão - PE,PE,RECEITA CORRENTE LÍQUIDA,39425055.95
2022,Prefeitura Municipal de Brejão - PE,PE,% da DC sobre a RCL AJUSTADA (I/VI),23.71
2022,Prefeitura Municipal de Brejão - PE,PE,% da DCL sobre a RCL AJUSTADA,11.35
2022,Prefeitura Municipal de Brejinho - PE,PE,DÍVIDA CONSOLIDADA,317808.99
2022,Prefeitura Municipal de Brejinho - PE,PE,Disponibilidade de Caixa,6638457.58
2022,Prefeitura Municipal de Brejinho - PE,PE,Disponibilidade de Caixa Bruta,7882732.68
2022,Prefeitura Municipal de Brejinho - PE,PE,RECEITA CORRENTE LÍQUIDA,34237148.05
2022,Prefeitura Municipal de Brejinho - PE,PE,% da DC sobre a RCL AJUSTADA (I/VI),0.93
2022,Prefeitura Municipal de Brejinho - PE,PE,% da DCL sobre a RCL AJUSTADA,-18.54
2022,Prefeitura Municipal de Brejo da Madre de Deus - PE,PE,DÍVIDA CONSOLIDADA,1043958.82
2022,Prefeitura Municipal de Brejo da Madre de Deus - PE,PE,Precatórios (inclusive) Vencidos e Não Pagos,18992.47
2022,Prefeitura Municipal de Brejo da Madre de Deus - PE,PE,Disponibilidade de Caixa,2627873.79
2022,Prefeitura Municipal de Brejo da Madre de Deus - PE,PE,Disponibilidade de Caixa Bruta,20886407.61
2022,Prefeitura Municipal de Brejo da Madre de Deus - PE,PE,RECEITA CORRENTE LÍQUIDA,126192426.89
2022,Prefeitura Municipal de Brejo da Madre de Deus - PE,PE,% da DC sobre a RCL AJUSTADA (I/VI),0.83
2022,Prefeitura Municipal de Brejo da Madre de Deus - PE,PE,% da DCL sobre a RCL AJUSTADA,-1.26
2022,Prefeitura Municipal de Brejo da Madre de Deus - PE,PE,Precatórios (Não incluídos na DC),54498.9
2022,Prefeitura Municipal de Buenos Aires - PE,PE,DÍVIDA CONSOLIDADA,755779.2
2022,Prefeitura Municipal de Buenos Aires - PE,PE,Disponibilidade de Caixa,28771361.33
2022,Prefeitura Municipal de Buenos Aires - PE,PE,Disponibilidade de Caixa Bruta,28889636.4
2022,Prefeitura Municipal de Buenos Aires - PE,PE,RECEITA CORRENTE LÍQUIDA,45502327.39
2022,Prefeitura Municipal de Buenos Aires - PE,PE,% da DC sobre a RCL AJUSTADA (I/VI),1.7
2022,Prefeitura Municipal de Buenos Aires - PE,PE,% da DCL sobre a RCL AJUSTADA,-63.17
2022,Prefeitura Municipal de Buíque - PE,PE,DÍVIDA CONSOLIDADA,2881381.4
2022,Prefeitura Municipal de Buíque - PE,PE,Disponibilidade de Caixa,5007732.35
2022,Prefeitura Municipal de Buíque - PE,PE,Disponibilidade de Caixa Bruta,10755044.11
2022,Prefeitura Municipal de Buíque - PE,PE,RECEITA CORRENTE LÍQUIDA,132576943.84
2022,Prefeitura Municipal de Buíque - PE,PE,% da DC sobre a RCL AJUSTADA (I/VI),2.19
2022,Prefeitura Municipal de Buíque - PE,PE,% da DCL sobre a RCL AJUSTADA,-1.61
2022,Prefeitura Municipal de Cabo de Santo Agostinho - PE,PE,DÍVIDA CONSOLIDADA,15085928.38
2022,Prefeitura Municipal de Cabo de Santo Agostinho - PE,PE,Precatórios (inclusive) Vencidos e Não Pagos,435771.1
2022,Prefeitura Municipal de Cabo de Santo Agostinho - PE,PE,Disponibilidade de Caixa,140279467.69
2022,Prefeitura Municipal de Cabo de Santo Agostinho - PE,PE,Disponibilidade de Caixa Bruta,154811450.18
2022,Prefeitura Municipal de Cabo de Santo Agostinho - PE,PE,RECEITA CORRENTE LÍQUIDA,885639822.15
2022,Prefeitura Municipal de Cabo de Santo Agostinho - PE,PE,% da DC sobre a RCL AJUSTADA (I/VI),1.71
2022,Prefeitura Municipal de Cabo de Santo Agostinho - PE,PE,% da DCL sobre a RCL AJUSTADA,-14.24
2022,Prefeitura Municipal de Cabrobó - PE,PE,DÍVIDA CONSOLIDADA,17687793.77
2022,Prefeitura Municipal de Cabrobó - PE,PE,Disponibilidade de Caixa,13366616.97
2022,Prefeitura Municipal de Cabrobó - PE,PE,Disponibilidade de Caixa Bruta,15223521.48
2022,Prefeitura Municipal de Cabrobó - PE,PE,RECEITA CORRENTE LÍQUIDA,91723869.53
2022,Prefeitura Municipal de Cabrobó - PE,PE,% da DC sobre a RCL AJUSTADA (I/VI),19.72
2022,Prefeitura Municipal de Cabrobó - PE,PE,% da DCL sobre a RCL AJUSTADA,4.82
2022,Prefeitura Municipal de Cachoeirinha - PE,PE,DÍVIDA CONSOLIDADA,8550698.48
2022,Prefeitura Municipal de Cachoeirinha - PE,PE,Disponibilidade de Caixa,6530870.15
2022,Prefeitura Municipal de Cachoeirinha - PE,PE,Disponibilidade de Caixa Bruta,7874737.17
2022,Prefeitura Municipal de Cachoeirinha - PE,PE,RECEITA CORRENTE LÍQUIDA,54674311.7
2022,Prefeitura Municipal de Cachoeirinha - PE,PE,% da DC sobre a RCL AJUSTADA (I/VI),15.7
2022,Prefeitura Municipal de Cachoeirinha - PE,PE,% da DCL sobre a RCL AJUSTADA,3.71
2022,Prefeitura Municipal de Caetés - PE,PE,DÍVIDA CONSOLIDADA,6983572.58
2022,Prefeitura Municipal de Caetés - PE,PE,Disponibilidade de Caixa,8916143.28
2022,Prefeitura Municipal de Caetés - PE,PE,Disponibilidade de Caixa Bruta,12278134.31
2022,Prefeitura Municipal de Caetés - PE,PE,RECEITA CORRENTE LÍQUIDA,82927547.16
2022,Prefeitura Municipal de Caetés - PE,PE,% da DC sobre a RCL AJUSTADA (I/VI),8.42
2022,Prefeitura Municipal de Caetés - PE,PE,% da DCL sobre a RCL AJUSTADA,-3.6
2022,Prefeitura Municipal de Calumbi - PE,PE,DÍVIDA CONSOLIDADA,1975070.12
2022,Prefeitura Municipal de Calumbi - PE,PE,Disponibilidade de Caixa,4786673.85
2022,Prefeitura Municipal de Calumbi - PE,PE,Disponibilidade de Caixa Bruta,7463335.61
2022,Prefeitura Municipal de Calumbi - PE,PE,RECEITA CORRENTE LÍQUIDA,28874071.81
2022,Prefeitura Municipal de Calumbi - PE,PE,% da DC sobre a RCL AJUSTADA (I/VI),6.86
2022,Prefeitura Municipal de Calumbi - PE,PE,% da DCL sobre a RCL AJUSTADA,-9.77
2022,Prefeitura Municipal de Camaragibe - PE,PE,DÍVIDA CONSOLIDADA,24617507.27
2022,Prefeitura Municipal de Camaragibe - PE,PE,Disponibilidade de Caixa,40245481.77
2022,Prefeitura Municipal de Camaragibe - PE,PE,Disponibilidade de Caixa Bruta,42421961.05
2022,Prefeitura Municipal de Camaragibe - PE,PE,RECEITA CORRENTE LÍQUIDA,346350864.23
2022,Prefeitura Municipal de Camaragibe - PE,PE,% da DC sobre a RCL AJUSTADA (I/VI),7.31
2022,Prefeitura Municipal de Camaragibe - PE,PE,% da DCL sobre a RCL AJUSTADA,-4.64
2022,Prefeitura Municipal de Camaragibe - PE,PE,Precatórios (Não incluídos na DC),1962338.23
2022,Prefeitura Municipal de Camocim de São Félix - PE,PE,Disponibilidade de Caixa,9038954.59
2022,Prefeitura Municipal de Camocim de São Félix - PE,PE,Disponibilidade de Caixa Bruta,9646181.66
2022,Prefeitura Municipal de Camocim de São Félix - PE,PE,RECEITA CORRENTE LÍQUIDA,52709451.81
2022,Prefeitura Municipal de Camocim de São Félix - PE,PE,% da DCL sobre a RCL AJUSTADA,-17.15
2022,Prefeitura Municipal de Canhotinho - PE,PE,DÍVIDA CONSOLIDADA,3872279.04
2022,Prefeitura Municipal de Canhotinho - PE,PE,Disponibilidade de Caixa,8968427.66
2022,Prefeitura Municipal de Canhotinho - PE,PE,Disponibilidade de Caixa Bruta,21532963.13
2022,Prefeitura Municipal de Canhotinho - PE,PE,RECEITA CORRENTE LÍQUIDA,78802581.15
2022,Prefeitura Municipal de Canhotinho - PE,PE,% da DC sobre a RCL AJUSTADA (I/VI),5.06
2022,Prefeitura Municipal de Canhotinho - PE,PE,% da DCL sobre a RCL AJUSTADA,-7.15
2022,Prefeitura Municipal de Camutanga - PE,PE,DÍVIDA CONSOLIDADA,3202236.25
2022,Prefeitura Municipal de Camutanga - PE,PE,Precatórios (inclusive) Vencidos e Não Pagos,324808.78
2022,Prefeitura Municipal de Camutanga - PE,PE,Disponibilidade de Caixa,1187853.84
2022,Prefeitura Municipal de Camutanga - PE,PE,Disponibilidade de Caixa Bruta,4694680.95
2022,Prefeitura Municipal de Camutanga - PE,PE,RECEITA CORRENTE LÍQUIDA,31029717.7
2022,Prefeitura Municipal de Camutanga - PE,PE,% da DC sobre a RCL AJUSTADA (I/VI),10.68
2022,Prefeitura Municipal de Camutanga - PE,PE,% da DCL sobre a RCL AJUSTADA,6.72
2022,Prefeitura Municipal de Camutanga - PE,PE,Precatórios (Não incluídos na DC),2341881.96
2022,Prefeitura Municipal de Capoeiras - PE,PE,DÍVIDA CONSOLIDADA,173510.57
2022,Prefeitura Municipal de Capoeiras - PE,PE,Disponibilidade de Caixa,-6380978.08
2022,Prefeitura Municipal de Capoeiras - PE,PE,Disponibilidade de Caixa Bruta,4831603.78
2022,Prefeitura Municipal de Capoeiras - PE,PE,RECEITA CORRENTE LÍQUIDA,58058000.94
2022,Prefeitura Municipal de Capoeiras - PE,PE,% da DC sobre a RCL AJUSTADA (I/VI),0.31
2022,Prefeitura Municipal de Capoeiras - PE,PE,% da DCL sobre a RCL AJUSTADA,11.72
2022,Prefeitura Municipal de Carpina - PE,PE,DÍVIDA CONSOLIDADA,643778.03
2022,Prefeitura Municipal de Carpina - PE,PE,Precatórios (inclusive) Vencidos e Não Pagos,625096.01
2022,Prefeitura Municipal de Carpina - PE,PE,Disponibilidade de Caixa,-2136582.6
2022,Prefeitura Municipal de Carpina - PE,PE,Disponibilidade de Caixa Bruta,14852371.74
2022,Prefeitura Municipal de Carpina - PE,PE,RECEITA CORRENTE LÍQUIDA,183716675.72
2022,Prefeitura Municipal de Carpina - PE,PE,% da DC sobre a RCL AJUSTADA (I/VI),0.35
2022,Prefeitura Municipal de Carpina - PE,PE,% da DCL sobre a RCL AJUSTADA,1.52
2022,Prefeitura Municipal de Carnaubeira da Penha - PE,PE,DÍVIDA CONSOLIDADA,6794.34
2022,Prefeitura Municipal de Carnaubeira da Penha - PE,PE,Disponibilidade de Caixa,2564951.86
2022,Prefeitura Municipal de Carnaubeira da Penha - PE,PE,Disponibilidade de Caixa Bruta,6264519.51
2022,Prefeitura Municipal de Carnaubeira da Penha - PE,PE,RECEITA CORRENTE LÍQUIDA,36377306.04
2022,Prefeitura Municipal de Carnaubeira da Penha - PE,PE,% da DC sobre a RCL AJUSTADA (I/VI),0.02
2022,Prefeitura Municipal de Carnaubeira da Penha - PE,PE,% da DCL sobre a RCL AJUSTADA,-7.03
2022,Prefeitura Municipal de Caruaru - PE,PE,DÍVIDA CONSOLIDADA,259546739.99
2022,Prefeitura Municipal de Caruaru - PE,PE,Precatórios (inclusive) Vencidos e Não Pagos,13525261.46
2022,Prefeitura Municipal de Caruaru - PE,PE,Disponibilidade de Caixa,108649706.45
2022,Prefeitura Municipal de Caruaru - PE,PE,Disponibilidade de Caixa Bruta,153627654.44
2022,Prefeitura Municipal de Caruaru - PE,PE,RECEITA CORRENTE LÍQUIDA,919797612.56
2022,Prefeitura Municipal de Caruaru - PE,PE,% da DC sobre a RCL AJUSTADA (I/VI),28.47
2022,Prefeitura Municipal de Caruaru - PE,PE,% da DCL sobre a RCL AJUSTADA,16.46
2022,Prefeitura Municipal de Casinhas - PE,PE,DÍVIDA CONSOLIDADA,9908093.94
2022,Prefeitura Municipal de Casinhas - PE,PE,Disponibilidade de Caixa,8324032.94
2022,Prefeitura Municipal de Casinhas - PE,PE,Disponibilidade de Caixa Bruta,9335755.87
2022,Prefeitura Municipal de Casinhas - PE,PE,RECEITA CORRENTE LÍQUIDA,50118499.69
2022,Prefeitura Municipal de Casinhas - PE,PE,% da DC sobre a RCL AJUSTADA (I/VI),19.77
2022,Prefeitura Municipal de Casinhas - PE,PE,% da DCL sobre a RCL AJUSTADA,3.16
2022,Prefeitura Municipal de Cedro - PE,PE,DÍVIDA CONSOLIDADA,925134.02
2022,Prefeitura Municipal de Cedro - PE,PE,Disponibilidade de Caixa,2732912.99
2022,Prefeitura Municipal de Cedro - PE,PE,Disponibilidade de Caixa Bruta,2813813.14
2022,Prefeitura Municipal de Cedro - PE,PE,RECEITA CORRENTE LÍQUIDA,40406076.45
2022,Prefeitura Municipal de Cedro - PE,PE,% da DC sobre a RCL AJUSTADA (I/VI),2.29
2022,Prefeitura Municipal de Cedro - PE,PE,% da DCL sobre a RCL AJUSTADA,-4.47
2022,Prefeitura Municipal de Catende - PE,PE,DÍVIDA CONSOLIDADA,12074616.99
2022,Prefeitura Municipal de Catende - PE,PE,Precatórios (inclusive) Vencidos e Não Pagos,959968.74
2022,Prefeitura Municipal de Catende - PE,PE,Disponibilidade de Caixa,-14132885.51
2022,Prefeitura Municipal de Catende - PE,PE,Disponibilidade de Caixa Bruta,5374758.82
2022,Prefeitura Municipal de Catende - PE,PE,RECEITA CORRENTE LÍQUIDA,88034614.33
2022,Prefeitura Municipal de Catende - PE,PE,% da DC sobre a RCL AJUSTADA (I/VI),13.87
2022,Prefeitura Municipal de Catende - PE,PE,% da DCL sobre a RCL AJUSTADA,30.03
2022,Prefeitura Municipal de Catende - PE,PE,Precatórios (Não incluídos na DC),2055654.72
2022,Prefeitura Municipal de Chã Grande - PE,PE,DÍVIDA CONSOLIDADA,11951627.66
2022,Prefeitura Municipal de Chã Grande - PE,PE,Disponibilidade de Caixa,1656854.95
2022,Prefeitura Municipal de Chã Grande - PE,PE,Disponibilidade de Caixa Bruta,6266564.22
2022,Prefeitura Municipal de Chã Grande - PE,PE,RECEITA CORRENTE LÍQUIDA,72041397.86
2022,Prefeitura Municipal de Chã Grande - PE,PE,% da DC sobre a RCL AJUSTADA (I/VI),16.78
2022,Prefeitura Municipal de Chã Grande - PE,PE,% da DCL sobre a RCL AJUSTADA,14.43
2022,Prefeitura Municipal de Chã de Alegria - PE,PE,DÍVIDA CONSOLIDADA,116190.46
2022,Prefeitura Municipal de Chã de Alegria - PE,PE,Precatórios (inclusive) Vencidos e Não Pagos,62261.49
2022,Prefeitura Municipal de Chã de Alegria - PE,PE,Disponibilidade de Caixa,6572465.34
2022,Prefeitura Municipal de Chã de Alegria - PE,PE,Disponibilidade de Caixa Bruta,9672567.12
2022,Prefeitura Municipal de Chã de Alegria - PE,PE,RECEITA CORRENTE LÍQUIDA,42017030.69
2022,Prefeitura Municipal de Chã de Alegria - PE,PE,% da DC sobre a RCL AJUSTADA (I/VI),0.28
2022,Prefeitura Municipal de Chã de Alegria - PE,PE,% da DCL sobre a RCL AJUSTADA,-15.43
2022,Prefeitura Municipal de Chã de Alegria - PE,PE,Precatórios (Não incluídos na DC),773.77
2022,Prefeitura Municipal de Condado - PE,PE,DÍVIDA CONSOLIDADA,30241025.31
2022,Prefeitura Municipal de Condado - PE,PE,Disponibilidade de Caixa,17851267.71
2022,Prefeitura Municipal de Condado - PE,PE,Disponibilidade de Caixa Bruta,19487929.17
2022,Prefeitura Municipal de Condado - PE,PE,RECEITA CORRENTE LÍQUIDA,82905376.1
2022,Prefeitura Municipal de Condado - PE,PE,% da DC sobre a RCL AJUSTADA (I/VI),37.09
2022,Prefeitura Municipal de Condado - PE,PE,% da DCL sobre a RCL AJUSTADA,14.69
2022,Prefeitura Municipal de Condado - PE,PE,Precatórios (Não incluídos na DC),110427.99
2022,Prefeitura Municipal de Cortês - PE,PE,DÍVIDA CONSOLIDADA,12633561.2
2022,Prefeitura Municipal de Cortês - PE,PE,Disponibilidade de Caixa,-193721.87
2022,Prefeitura Municipal de Cortês - PE,PE,Disponibilidade de Caixa Bruta,5005378.52
2022,Prefeitura Municipal de Cortês - PE,PE,RECEITA CORRENTE LÍQUIDA,50909268.6
2022,Prefeitura Municipal de Cortês - PE,PE,% da DC sobre a RCL AJUSTADA (I/VI),25.12
2022,Prefeitura Municipal de Cortês - PE,PE,% da DCL sobre a RCL AJUSTADA,25.5
2022,Prefeitura Municipal de Cumaru - PE,PE,DÍVIDA CONSOLIDADA,19652477.13
2022,Prefeitura Municipal de Cumaru - PE,PE,Disponibilidade de Caixa,1412390.93
2022,Prefeitura Municipal de Cumaru - PE,PE,Disponibilidade de Caixa Bruta,4624757.57
2022,Prefeitura Municipal de Cumaru - PE,PE,RECEITA CORRENTE LÍQUIDA,46606826.01
2022,Prefeitura Municipal de Cumaru - PE,PE,% da DC sobre a RCL AJUSTADA (I/VI),42.17
2022,Prefeitura Municipal de Cumaru - PE,PE,% da DCL sobre a RCL AJUSTADA,37.2
2022,Prefeitura Municipal de Custódia - PE,PE,DÍVIDA CONSOLIDADA,7164787.94
2022,Prefeitura Municipal de Custódia - PE,PE,Disponibilidade de Caixa,1618439.88
2022,Prefeitura Municipal de Custódia - PE,PE,Disponibilidade de Caixa Bruta,29951547.04
2022,Prefeitura Municipal de Custódia - PE,PE,RECEITA CORRENTE LÍQUIDA,114997488.66
2022,Prefeitura Municipal de Custódia - PE,PE,% da DC sobre a RCL AJUSTADA (I/VI),6.23
2022,Prefeitura Municipal de Custódia - PE,PE,% da DCL sobre a RCL AJUSTADA,4.82
2022,Prefeitura Municipal de Exu - PE,PE,DÍVIDA CONSOLIDADA,7170963.22
2022,Prefeitura Municipal de Exu - PE,PE,Disponibilidade de Caixa,5728071.98
2022,Prefeitura Municipal de Exu - PE,PE,Disponibilidade de Caixa Bruta,9737539.12
2022,Prefeitura Municipal de Exu - PE,PE,RECEITA CORRENTE LÍQUIDA,85841904.68
2022,Prefeitura Municipal de Exu - PE,PE,% da DC sobre a RCL AJUSTADA (I/VI),8.43
2022,Prefeitura Municipal de Exu - PE,PE,% da DCL sobre a RCL AJUSTADA,1.7
2022,Prefeitura Municipal de Escada - PE,PE,DÍVIDA CONSOLIDADA,18634585.49
2022,Prefeitura Municipal de Escada - PE,PE,Precatórios (inclusive) Vencidos e Não Pagos,34081.25
2022,Prefeitura Municipal de Escada - PE,PE,Disponibilidade de Caixa,-1805241.39
2022,Prefeitura Municipal de Escada - PE,PE,Disponibilidade de Caixa Bruta,15380954.14
2022,Prefeitura Municipal de Escada - PE,PE,RECEITA CORRENTE LÍQUIDA,135842401.12
2022,Prefeitura Municipal de Escada - PE,PE,% da DC sobre a RCL AJUSTADA (I/VI),13.77
2022,Prefeitura Municipal de Escada - PE,PE,% da DCL sobre a RCL AJUSTADA,15.1
2022,Prefeitura Municipal de Cupira - PE,PE,DÍVIDA CONSOLIDADA,43901661.52
2022,Prefeitura Municipal de Cupira - PE,PE,Precatórios (inclusive) Vencidos e Não Pagos,119069.96
2022,Prefeitura Municipal de Cupira - PE,PE,Disponibilidade de Caixa,-2601000.93
2022,Prefeitura Municipal de Cupira - PE,PE,Disponibilidade de Caixa Bruta,7549588.95
2022,Prefeitura Municipal de Cupira - PE,PE,RECEITA CORRENTE LÍQUIDA,75536409.97
2022,Prefeitura Municipal de Cupira - PE,PE,% da DC sobre a RCL AJUSTADA (I/VI),58.12
2022,Prefeitura Municipal de Cupira - PE,PE,% da DCL sobre a RCL AJUSTADA,61.56
2022,Prefeitura Municipal de Feira Nova - PE,PE,DÍVIDA CONSOLIDADA,21195976.6
2022,Prefeitura Municipal de Feira Nova - PE,PE,Disponibilidade de Caixa,12577421.31
2022,Prefeitura Municipal de Feira Nova - PE,PE,Disponibilidade de Caixa Bruta,17368714.9
2022,Prefeitura Municipal de Feira Nova - PE,PE,RECEITA CORRENTE LÍQUIDA,56710416.04
2022,Prefeitura Municipal de Feira Nova - PE,PE,% da DC sobre a RCL AJUSTADA (I/VI),37.38
2022,Prefeitura Municipal de Feira Nova - PE,PE,% da DCL sobre a RCL AJUSTADA,15.2
2022,Prefeitura Municipal de Flores - PE,PE,DÍVIDA CONSOLIDADA,6109984.11
2022,Prefeitura Municipal de Flores - PE,PE,Disponibilidade de Caixa,5099244.91
2022,Prefeitura Municipal de Flores - PE,PE,Disponibilidade de Caixa Bruta,5765477.09
2022,Prefeitura Municipal de Flores - PE,PE,RECEITA CORRENTE LÍQUIDA,59433388.8
2022,Prefeitura Municipal de Flores - PE,PE,% da DC sobre a RCL AJUSTADA (I/VI),10.58
2022,Prefeitura Municipal de Flores - PE,PE,% da DCL sobre a RCL AJUSTADA,1.22
2022,Prefeitura Municipal de Floresta - PE,PE,DÍVIDA CONSOLIDADA,17477830.67
2022,Prefeitura Municipal de Floresta - PE,PE,Disponibilidade de Caixa,17805053.02
2022,Prefeitura Municipal de Floresta - PE,PE,Disponibilidade de Caixa Bruta,21122698.85
2022,Prefeitura Municipal de Floresta - PE,PE,RECEITA CORRENTE LÍQUIDA,107715560.16
2022,Prefeitura Municipal de Floresta - PE,PE,% da DC sobre a RCL AJUSTADA (I/VI),16.23
2022,Prefeitura Municipal de Floresta - PE,PE,% da DCL sobre a RCL AJUSTADA,-15.72
2022,Prefeitura Municipal de Gameleira - PE,PE,DÍVIDA CONSOLIDADA,73770984.79
2022,Prefeitura Municipal de Gameleira - PE,PE,Precatórios (inclusive) Vencidos e Não Pagos,119329.81
2022,Prefeitura Municipal de Gameleira - PE,PE,Disponibilidade de Caixa,1066814.32
2022,Prefeitura Municipal de Gameleira - PE,PE,Disponibilidade de Caixa Bruta,3281108.26
2022,Prefeitura Municipal de Gameleira - PE,PE,RECEITA CORRENTE LÍQUIDA,65774540.77
2022,Prefeitura Municipal de Gameleira - PE,PE,% da DC sobre a RCL AJUSTADA (I/VI),114.74
2022,Prefeitura Municipal de Gameleira - PE,PE,% da DCL sobre a RCL AJUSTADA,113.08
2022,Prefeitura Municipal de Frei Miguelinho - PE,PE,DÍVIDA CONSOLIDADA,5047157.7
2022,Prefeitura Municipal de Frei Miguelinho - PE,PE,Disponibilidade de Caixa,3507364.21
2022,Prefeitura Municipal de Frei Miguelinho - PE,PE,Disponibilidade de Caixa Bruta,6097751.27
2022,Prefeitura Municipal de Frei Miguelinho - PE,PE,RECEITA CORRENTE LÍQUIDA,46141010.05
2022,Prefeitura Municipal de Frei Miguelinho - PE,PE,% da DC sobre a RCL AJUSTADA (I/VI),11.06
2022,Prefeitura Municipal de Frei Miguelinho - PE,PE,% da DCL sobre a RCL AJUSTADA,1.92
2022,Prefeitura Municipal de Ferreiros - PE,PE,DÍVIDA CONSOLIDADA,476700.08
2022,Prefeitura Municipal de Ferreiros - PE,PE,Disponibilidade de Caixa,3319710.27
2022,Prefeitura Municipal de Ferreiros - PE,PE,Disponibilidade de Caixa Bruta,3740515.54
2022,Prefeitura Municipal de Ferreiros - PE,PE,RECEITA CORRENTE LÍQUIDA,39447225.49
2022,Prefeitura Municipal de Ferreiros - PE,PE,% da DC sobre a RCL AJUSTADA (I/VI),1.21
2022,Prefeitura Municipal de Ferreiros - PE,PE,% da DCL sobre a RCL AJUSTADA,-7.21
2022,Prefeitura Municipal de Garanhuns - PE,PE,DÍVIDA CONSOLIDADA,14172136.84
2022,Prefeitura Municipal de Garanhuns - PE,PE,Precatórios (inclusive) Vencidos e Não Pagos,681788.99
2022,Prefeitura Municipal de Garanhuns - PE,PE,Disponibilidade de Caixa,71791670.47
2022,Prefeitura Municipal de Garanhuns - PE,PE,Disponibilidade de Caixa Bruta,80990190.23
2022,Prefeitura Municipal de Garanhuns - PE,PE,RECEITA CORRENTE LÍQUIDA,342771587.49
2022,Prefeitura Municipal de Garanhuns - PE,PE,% da DC sobre a RCL AJUSTADA (I/VI),4.15
2022,Prefeitura Municipal de Garanhuns - PE,PE,% da DCL sobre a RCL AJUSTADA,-17.2
2022,Prefeitura Municipal de Glória do Goitá - PE,PE,DÍVIDA CONSOLIDADA,2129298.96
2022,Prefeitura Municipal de Glória do Goitá - PE,PE,Precatórios (inclusive) Vencidos e Não Pagos,35415.26
2022,Prefeitura Municipal de Glória do Goitá - PE,PE,Disponibilidade de Caixa,18909787.91
2022,Prefeitura Municipal de Glória do Goitá - PE,PE,Disponibilidade de Caixa Bruta,24467139.54
2022,Prefeitura Municipal de Glória do Goitá - PE,PE,RECEITA CORRENTE LÍQUIDA,100715664.45
2022,Prefeitura Municipal de Glória do Goitá - PE,PE,% da DC sobre a RCL AJUSTADA (I/VI),2.15
2022,Prefeitura Municipal de Glória do Goitá - PE,PE,% da DCL sobre a RCL AJUSTADA,-19.11
2022,Prefeitura Municipal de Goiana - PE,PE,DÍVIDA CONSOLIDADA,8872987.51
2022,Prefeitura Municipal de Goiana - PE,PE,Precatórios (inclusive) Vencidos e Não Pagos,6914635.35
2022,Prefeitura Municipal de Goiana - PE,PE,Disponibilidade de Caixa,488346226.67
2022,Prefeitura Municipal de Goiana - PE,PE,Disponibilidade de Caixa Bruta,489830413.31
2022,Prefeitura Municipal de Goiana - PE,PE,RECEITA CORRENTE LÍQUIDA,514359038.58
2022,Prefeitura Municipal de Goiana - PE,PE,% da DC sobre a RCL AJUSTADA (I/VI),1.74
2022,Prefeitura Municipal de Goiana - PE,PE,% da DCL sobre a RCL AJUSTADA,-94.34
2022,Prefeitura Municipal de Goiana - PE,PE,Precatórios (Não incluídos na DC),588765.95
2022,Prefeitura Municipal de Gravatá - PE,PE,DÍVIDA CONSOLIDADA,58351460.25
2022,Prefeitura Municipal de Gravatá - PE,PE,Disponibilidade de Caixa,21422707.43
2022,Prefeitura Municipal de Gravatá - PE,PE,Disponibilidade de Caixa Bruta,45122966.12
2022,Prefeitura Municipal de Gravatá - PE,PE,RECEITA CORRENTE LÍQUIDA,224787167.4
2022,Prefeitura Municipal de Gravatá - PE,PE,% da DC sobre a RCL AJUSTADA (I/VI),26.22
2022,Prefeitura Municipal de Gravatá - PE,PE,% da DCL sobre a RCL AJUSTADA,16.59
2022,Prefeitura Municipal de Gravatá - PE,PE,Precatórios (Não incluídos na DC),194702.95
2022,Prefeitura Municipal de Ibimirim - PE,PE,DÍVIDA CONSOLIDADA,18898552.29
2022,Prefeitura Municipal de Ibimirim - PE,PE,Disponibilidade de Caixa,18399029.53
2022,Prefeitura Municipal de Ibimirim - PE,PE,Disponibilidade de Caixa Bruta,22764828.0
2022,Prefeitura Municipal de Ibimirim - PE,PE,RECEITA CORRENTE LÍQUIDA,74618742.86
2022,Prefeitura Municipal de Ibimirim - PE,PE,% da DC sobre a RCL AJUSTADA (I/VI),25.51
2022,Prefeitura Municipal de Ibimirim - PE,PE,% da DCL sobre a RCL AJUSTADA,0.67
2022,Prefeitura Municipal de Granito - PE,PE,DÍVIDA CONSOLIDADA,1117447.28
2022,Prefeitura Municipal de Granito - PE,PE,Disponibilidade de Caixa,3121172.77
2022,Prefeitura Municipal de Granito - PE,PE,Disponibilidade de Caixa Bruta,3937598.05
2022,Prefeitura Municipal de Granito - PE,PE,RECEITA CORRENTE LÍQUIDA,31572175.35
2022,Prefeitura Municipal de Granito - PE,PE,% da DC sobre a RCL AJUSTADA (I/VI),3.7
2022,Prefeitura Municipal de Granito - PE,PE,% da DCL sobre a RCL AJUSTADA,-6.63
2022,Prefeitura Municipal de Iati - PE,PE,DÍVIDA CONSOLIDADA,17609088.51
2022,Prefeitura Municipal de Iati - PE,PE,Precatórios (inclusive) Vencidos e Não Pagos,3633098.38
2022,Prefeitura Municipal de Iati - PE,PE,Disponibilidade de Caixa,-10850513.08
2022,Prefeitura Municipal de Iati - PE,PE,Disponibilidade de Caixa Bruta,2367461.35
2022,Prefeitura Municipal de Iati - PE,PE,RECEITA CORRENTE LÍQUIDA,66177266.14
2022,Prefeitura Municipal de Iati - PE,PE,% da DC sobre a RCL AJUSTADA (I/VI),26.61
2022,Prefeitura Municipal de Iati - PE,PE,% da DCL sobre a RCL AJUSTADA,43.01
2022,Prefeitura Municipal de Iati - PE,PE,Precatórios (Não incluídos na DC),-257.4
2022,Prefeitura Municipal de Ibirajuba - PE,PE,DÍVIDA CONSOLIDADA,10799195.8
2022,Prefeitura Municipal de Ibirajuba - PE,PE,Disponibilidade de Caixa,5879922.84
2022,Prefeitura Municipal de Ibirajuba - PE,PE,Disponibilidade de Caixa Bruta,7781771.24
2022,Prefeitura Municipal de Ibirajuba - PE,PE,RECEITA CORRENTE LÍQUIDA,30041871.94
2022,Prefeitura Municipal de Ibirajuba - PE,PE,% da DC sobre a RCL AJUSTADA (I/VI),36.43
2022,Prefeitura Municipal de Ibirajuba - PE,PE,% da DCL sobre a RCL AJUSTADA,16.6
2022,Prefeitura Municipal de Igarassu - PE,PE,DÍVIDA CONSOLIDADA,24296059.6
2022,Prefeitura Municipal de Igarassu - PE,PE,Precatórios (inclusive) Vencidos e Não Pagos,1960331.45
2022,Prefeitura Municipal de Igarassu - PE,PE,Disponibilidade de Caixa,48069721.24
2022,Prefeitura Municipal de Igarassu - PE,PE,Disponibilidade de Caixa Bruta,63059869.4
2022,Prefeitura Municipal de Igarassu - PE,PE,RECEITA CORRENTE LÍQUIDA,284580764.9
2022,Prefeitura Municipal de Igarassu - PE,PE,% da DC sobre a RCL AJUSTADA (I/VI),8.54
2022,Prefeitura Municipal de Igarassu - PE,PE,% da DCL sobre a RCL AJUSTADA,-12.13
2022,Prefeitura Municipal de Ilha de Itamaracá - PE,PE,DÍVIDA CONSOLIDADA,4361025.75
2022,Prefeitura Municipal de Ilha de Itamaracá - PE,PE,Disponibilidade de Caixa,2021643.75
2022,Prefeitura Municipal de Ilha de Itamaracá - PE,PE,Disponibilidade de Caixa Bruta,16004644.12
2022,Prefeitura Municipal de Ilha de Itamaracá - PE,PE,RECEITA CORRENTE LÍQUIDA,71333037.39
2022,Prefeitura Municipal de Ilha de Itamaracá - PE,PE,% da DC sobre a RCL AJUSTADA (I/VI),6.18
2022,Prefeitura Municipal de Ilha de Itamaracá - PE,PE,% da DCL sobre a RCL AJUSTADA,3.31
2022,Prefeitura Municipal de Inajá - PE,PE,DÍVIDA CONSOLIDADA,3421410.84
2022,Prefeitura Municipal de Inajá - PE,PE,Disponibilidade de Caixa,-3475053.21
2022,Prefeitura Municipal de Inajá - PE,PE,Disponibilidade de Caixa Bruta,3402603.2
2022,Prefeitura Municipal de Inajá - PE,PE,RECEITA CORRENTE LÍQUIDA,58693928.07
2022,Prefeitura Municipal de Inajá - PE,PE,% da DC sobre a RCL AJUSTADA (I/VI),6.08
2022,Prefeitura Municipal de Inajá - PE,PE,% da DCL sobre a RCL AJUSTADA,12.25
2022,Prefeitura Municipal de Ingazeira - PE,PE,Disponibilidade de Caixa,1489053.75
2022,Prefeitura Municipal de Ingazeira - PE,PE,Disponibilidade de Caixa Bruta,2148132.35
2022,Prefeitura Municipal de Ingazeira - PE,PE,RECEITA CORRENTE LÍQUIDA,27100120.65
2022,Prefeitura Municipal de Ingazeira - PE,PE,% da DCL sobre a RCL AJUSTADA,-5.66
2022,Prefeitura Municipal de Ipojuca - PE,PE,DÍVIDA CONSOLIDADA,63455677.68
2022,Prefeitura Municipal de Ipojuca - PE,PE,Disponibilidade de Caixa,272431259.3
2022,Prefeitura Municipal de Ipojuca - PE,PE,Disponibilidade de Caixa Bruta,284492403.1
2022,Prefeitura Municipal de Ipojuca - PE,PE,RECEITA CORRENTE LÍQUIDA,975310781.21
2022,Prefeitura Municipal de Ipojuca - PE,PE,% da DC sobre a RCL AJUSTADA (I/VI),6.51
2022,Prefeitura Municipal de Ipojuca - PE,PE,% da DCL sobre a RCL AJUSTADA,-21.44
2022,Prefeitura Municipal de Ipojuca - PE,PE,Precatórios (Não incluídos na DC),2249151.65
2022,Prefeitura Municipal de Ipubi - PE,PE,DÍVIDA CONSOLIDADA,29754038.82
2022,Prefeitura Municipal de Ipubi - PE,PE,Disponibilidade de Caixa,14111974.45
2022,Prefeitura Municipal de Ipubi - PE,PE,Disponibilidade de Caixa Bruta,29007088.27
2022,Prefeitura Municipal de Ipubi - PE,PE,RECEITA CORRENTE LÍQUIDA,98060201.12
2022,Prefeitura Municipal de Ipubi - PE,PE,% da DC sobre a RCL AJUSTADA (I/VI),30.34
2022,Prefeitura Municipal de Ipubi - PE,PE,% da DCL sobre a RCL AJUSTADA,15.9
2022,Prefeitura Municipal de Itacuruba - PE,PE,DÍVIDA CONSOLIDADA,7783470.37
2022,Prefeitura Municipal de Itacuruba - PE,PE,Disponibilidade de Caixa,1332973.35
2022,Prefeitura Municipal de Itacuruba - PE,PE,Disponibilidade de Caixa Bruta,6592771.72
2022,Prefeitura Municipal de Itacuruba - PE,PE,RECEITA CORRENTE LÍQUIDA,32405611.75
2022,Prefeitura Municipal de Itacuruba - PE,PE,% da DC sobre a RCL AJUSTADA (I/VI),24.42
2022,Prefeitura Municipal de Itacuruba - PE,PE,% da DCL sobre a RCL AJUSTADA,19.47
2022,Prefeitura Municipal de Itaíba - PE,PE,DÍVIDA CONSOLIDADA,4420220.09
2022,Prefeitura Municipal de Itaíba - PE,PE,Disponibilidade de Caixa,-372296.0
2022,Prefeitura Municipal de Itaíba - PE,PE,Disponibilidade de Caixa Bruta,8518599.67
2022,Prefeitura Municipal de Itaíba - PE,PE,RECEITA CORRENTE LÍQUIDA,81436728.89
2022,Prefeitura Municipal de Itaíba - PE,PE,% da DC sobre a RCL AJUSTADA (I/VI),5.69
2022,Prefeitura Municipal de Itaíba - PE,PE,% da DCL sobre a RCL AJUSTADA,6.16
2022,Prefeitura Municipal de Itambé - PE,PE,DÍVIDA CONSOLIDADA,37149601.55
2022,Prefeitura Municipal de Itambé - PE,PE,Precatórios (inclusive) Vencidos e Não Pagos,130382.69
2022,Prefeitura Municipal de Itambé - PE,PE,Disponibilidade de Caixa,7108859.17
2022,Prefeitura Municipal de Itambé - PE,PE,Disponibilidade de Caixa Bruta,9245368.82
2022,Prefeitura Municipal de Itambé - PE,PE,RECEITA CORRENTE LÍQUIDA,85911542.84
2022,Prefeitura Municipal de Itambé - PE,PE,% da DC sobre a RCL AJUSTADA (I/VI),43.49
2022,Prefeitura Municipal de Itambé - PE,PE,% da DCL sobre a RCL AJUSTADA,35.17
2022,Prefeitura Municipal de Itapissuma - PE,PE,DÍVIDA CONSOLIDADA,2797004.18
2022,Prefeitura Municipal de Itapissuma - PE,PE,Disponibilidade de Caixa,25412045.35
2022,Prefeitura Municipal de Itapissuma - PE,PE,Disponibilidade de Caixa Bruta,40378437.44
2022,Prefeitura Municipal de Itapissuma - PE,PE,RECEITA CORRENTE LÍQUIDA,124876944.92
2022,Prefeitura Municipal de Itapissuma - PE,PE,% da DC sobre a RCL AJUSTADA (I/VI),2.27
2022,Prefeitura Municipal de Itapissuma - PE,PE,% da DCL sobre a RCL AJUSTADA,-21.34
2022,Prefeitura Municipal de Itaquitinga - PE,PE,DÍVIDA CONSOLIDADA,10335053.2
2022,Prefeitura Municipal de Itaquitinga - PE,PE,Disponibilidade de Caixa,3249994.16
2022,Prefeitura Municipal de Itaquitinga - PE,PE,Disponibilidade de Caixa Bruta,14222710.63
2022,Prefeitura Municipal de Itaquitinga - PE,PE,RECEITA CORRENTE LÍQUIDA,49511490.41
2022,Prefeitura Municipal de Itaquitinga - PE,PE,% da DC sobre a RCL AJUSTADA (I/VI),20.94
2022,Prefeitura Municipal de Itaquitinga - PE,PE,% da DCL sobre a RCL AJUSTADA,14.35
2022,Prefeitura Municipal de Jaboatão dos Guararapes - PE,PE,DÍVIDA CONSOLIDADA,215648944.58
2022,Prefeitura Municipal de Jaboatão dos Guararapes - PE,PE,Disponibilidade de Caixa,378421997.08
2022,Prefeitura Municipal de Jaboatão dos Guararapes - PE,PE,Disponibilidade de Caixa Bruta,394036129.3
2022,Prefeitura Municipal de Jaboatão dos Guararapes - PE,PE,RECEITA CORRENTE LÍQUIDA,1504360300.52
2022,Prefeitura Municipal de Jaboatão dos Guararapes - PE,PE,% da DC sobre a RCL AJUSTADA (I/VI),14.36
2022,Prefeitura Municipal de Jaboatão dos Guararapes - PE,PE,% da DCL sobre a RCL AJUSTADA,-11.05
2022,Prefeitura Municipal de Jaqueira - PE,PE,DÍVIDA CONSOLIDADA,16254701.23
2022,Prefeitura Municipal de Jaqueira - PE,PE,Disponibilidade de Caixa,1963564.1
2022,Prefeitura Municipal de Jaqueira - PE,PE,Disponibilidade de Caixa Bruta,3774119.92
2022,Prefeitura Municipal de Jaqueira - PE,PE,RECEITA CORRENTE LÍQUIDA,48009081.31
2022,Prefeitura Municipal de Jaqueira - PE,PE,% da DC sobre a RCL AJUSTADA (I/VI),35.2
2022,Prefeitura Municipal de Jaqueira - PE,PE,% da DCL sobre a RCL AJUSTADA,30.95
2022,Prefeitura Municipal de Jataúba - PE,PE,DÍVIDA CONSOLIDADA,12026368.85
2022,Prefeitura Municipal de Jataúba - PE,PE,Disponibilidade de Caixa,9417916.48
2022,Prefeitura Municipal de Jataúba - PE,PE,Disponibilidade de Caixa Bruta,11005149.39
2022,Prefeitura Municipal de Jataúba - PE,PE,RECEITA CORRENTE LÍQUIDA,59391394.89
2022,Prefeitura Municipal de Jataúba - PE,PE,% da DC sobre a RCL AJUSTADA (I/VI),20.34
2022,Prefeitura Municipal de Jataúba - PE,PE,% da DCL sobre a RCL AJUSTADA,4.41
2022,Prefeitura Municipal de Jataúba - PE,PE,Precatórios (Não incluídos na DC),128705.78
2022,Prefeitura Municipal de Jatobá - PE,PE,DÍVIDA CONSOLIDADA,12633587.85
2022,Prefeitura Municipal de Jatobá - PE,PE,Disponibilidade de Caixa,3557573.25
2022,Prefeitura Municipal de Jatobá - PE,PE,Disponibilidade de Caixa Bruta,3942508.58
2022,Prefeitura Municipal de Jatobá - PE,PE,RECEITA CORRENTE LÍQUIDA,51304339.89
2022,Prefeitura Municipal de Jatobá - PE,PE,% da DC sobre a RCL AJUSTADA (I/VI),25.37
2022,Prefeitura Municipal de Jatobá - PE,PE,% da DCL sobre a RCL AJUSTADA,18.22
2022,Prefeitura Municipal de João Alfredo - PE,PE,DÍVIDA CONSOLIDADA,23486787.19
2022,Prefeitura Municipal de João Alfredo - PE,PE,Precatórios (inclusive) Vencidos e Não Pagos,39994.88
2022,Prefeitura Municipal de João Alfredo - PE,PE,Disponibilidade de Caixa,38918305.4
2022,Prefeitura Municipal de João Alfredo - PE,PE,Disponibilidade de Caixa Bruta,40968952.73
2022,Prefeitura Municipal de João Alfredo - PE,PE,RECEITA CORRENTE LÍQUIDA,84870269.44
2022,Prefeitura Municipal de João Alfredo - PE,PE,% da DC sobre a RCL AJUSTADA (I/VI),27.67
2022,Prefeitura Municipal de João Alfredo - PE,PE,% da DCL sobre a RCL AJUSTADA,-18.52
2022,Prefeitura Municipal de Joaquim Nabuco - PE,PE,DÍVIDA CONSOLIDADA,4038282.71
2022,Prefeitura Municipal de Joaquim Nabuco - PE,PE,Disponibilidade de Caixa,2010518.78
2022,Prefeitura Municipal de Joaquim Nabuco - PE,PE,Disponibilidade de Caixa Bruta,3180383.61
2022,Prefeitura Municipal de Joaquim Nabuco - PE,PE,RECEITA CORRENTE LÍQUIDA,46816883.38
2022,Prefeitura Municipal de Joaquim Nabuco - PE,PE,% da DC sobre a RCL AJUSTADA (I/VI),8.63
2022,Prefeitura Municipal de Joaquim Nabuco - PE,PE,% da DCL sobre a RCL AJUSTADA,4.33
2022,Prefeitura Municipal de Jurema - PE,PE,DÍVIDA CONSOLIDADA,6867066.92
2022,Prefeitura Municipal de Jurema - PE,PE,Precatórios (inclusive) Vencidos e Não Pagos,22179.74
2022,Prefeitura Municipal de Jurema - PE,PE,Disponibilidade de Caixa,2486507.69
2022,Prefeitura Municipal de Jurema - PE,PE,Disponibilidade de Caixa Bruta,4324488.64
2022,Prefeitura Municipal de Jurema - PE,PE,RECEITA CORRENTE LÍQUIDA,45768529.32
2022,Prefeitura Municipal de Jurema - PE,PE,% da DC sobre a RCL AJUSTADA (I/VI),15.0
2022,Prefeitura Municipal de Jurema - PE,PE,% da DCL sobre a RCL AJUSTADA,9.57
2022,Prefeitura Municipal de Lagoa de Itaenga - PE,PE,DÍVIDA CONSOLIDADA,39649877.29
2022,Prefeitura Municipal de Lagoa de Itaenga - PE,PE,Disponibilidade de Caixa,-13461861.82
2022,Prefeitura Municipal de Lagoa de Itaenga - PE,PE,Disponibilidade de Caixa Bruta,4419238.59
2022,Prefeitura Municipal de Lagoa de Itaenga - PE,PE,RECEITA CORRENTE LÍQUIDA,63890611.23
2022,Prefeitura Municipal de Lagoa de Itaenga - PE,PE,% da DC sobre a RCL AJUSTADA (I/VI),63.05
2022,Prefeitura Municipal de Lagoa de Itaenga - PE,PE,% da DCL sobre a RCL AJUSTADA,84.45
2022,Prefeitura Municipal de Lagoa do Carro - PE,PE,DÍVIDA CONSOLIDADA,11674932.65
2022,Prefeitura Municipal de Lagoa do Carro - PE,PE,Disponibilidade de Caixa,-9269422.44
2022,Prefeitura Municipal de Lagoa do Carro - PE,PE,Disponibilidade de Caixa Bruta,4578697.68
2022,Prefeitura Municipal de Lagoa do Carro - PE,PE,RECEITA CORRENTE LÍQUIDA,60470030.3
2022,Prefeitura Municipal de Lagoa do Carro - PE,PE,% da DC sobre a RCL AJUSTADA (I/VI),19.65
2022,Prefeitura Municipal de Lagoa do Carro - PE,PE,% da DCL sobre a RCL AJUSTADA,35.25
2022,Prefeitura Municipal de Lagoa do Ouro - PE,PE,DÍVIDA CONSOLIDADA,8377042.47
2022,Prefeitura Municipal de Lagoa do Ouro - PE,PE,Disponibilidade de Caixa,1853703.43
2022,Prefeitura Municipal de Lagoa do Ouro - PE,PE,Disponibilidade de Caixa Bruta,3982223.33
2022,Prefeitura Municipal de Lagoa do Ouro - PE,PE,RECEITA CORRENTE LÍQUIDA,49101075.95
2022,Prefeitura Municipal de Lagoa do Ouro - PE,PE,% da DC sobre a RCL AJUSTADA (I/VI),18.33
2022,Prefeitura Municipal de Lagoa do Ouro - PE,PE,% da DCL sobre a RCL AJUSTADA,14.27
2022,Prefeitura Municipal de Lagoa dos Gatos - PE,PE,DÍVIDA CONSOLIDADA,144754.47
2022,Prefeitura Municipal de Lagoa dos Gatos - PE,PE,Disponibilidade de Caixa,4770235.43
2022,Prefeitura Municipal de Lagoa dos Gatos - PE,PE,Disponibilidade de Caixa Bruta,4785261.11
2022,Prefeitura Municipal de Lagoa dos Gatos - PE,PE,RECEITA CORRENTE LÍQUIDA,47017553.09
2022,Prefeitura Municipal de Lagoa dos Gatos - PE,PE,% da DC sobre a RCL AJUSTADA (I/VI),0.31
2022,Prefeitura Municipal de Lagoa dos Gatos - PE,PE,% da DCL sobre a RCL AJUSTADA,-10.09
2022,Prefeitura Municipal de Lagoa dos Gatos - PE,PE,Precatórios (Não incluídos na DC),45341.08
2022,Prefeitura Municipal de Lagoa Grande - PE,PE,DÍVIDA CONSOLIDADA,7558803.61
2022,Prefeitura Municipal de Lagoa Grande - PE,PE,Disponibilidade de Caixa,33562328.12
2022,Prefeitura Municipal de Lagoa Grande - PE,PE,Disponibilidade de Caixa Bruta,42804294.76
2022,Prefeitura Municipal de Lagoa Grande - PE,PE,RECEITA CORRENTE LÍQUIDA,92984793.82
2022,Prefeitura Municipal de Lagoa Grande - PE,PE,% da DC sobre a RCL AJUSTADA (I/VI),8.45
2022,Prefeitura Municipal de Lagoa Grande - PE,PE,% da DCL sobre a RCL AJUSTADA,-30.4
2022,Prefeitura Municipal de Lajedo - PE,PE,DÍVIDA CONSOLIDADA,765004.93
2022,Prefeitura Municipal de Lajedo - PE,PE,Disponibilidade de Caixa,18147796.22
2022,Prefeitura Municipal de Lajedo - PE,PE,Disponibilidade de Caixa Bruta,24327598.96
2022,Prefeitura Municipal de Lajedo - PE,PE,RECEITA CORRENTE LÍQUIDA,120890741.64
2022,Prefeitura Municipal de Lajedo - PE,PE,% da DC sobre a RCL AJUSTADA (I/VI),0.64
2022,Prefeitura Municipal de Lajedo - PE,PE,% da DCL sobre a RCL AJUSTADA,-14.58
2022,Prefeitura Municipal de Lajedo - PE,PE,Precatórios (Não incluídos na DC),1136205.15
2022,Prefeitura Municipal de Limoeiro - PE,PE,DÍVIDA CONSOLIDADA,63460343.57
2022,Prefeitura Municipal de Limoeiro - PE,PE,Disponibilidade de Caixa,30386760.19
2022,Prefeitura Municipal de Limoeiro - PE,PE,Disponibilidade de Caixa Bruta,72036000.61
2022,Prefeitura Municipal de Limoeiro - PE,PE,RECEITA CORRENTE LÍQUIDA,138946559.86
2022,Prefeitura Municipal de Limoeiro - PE,PE,% da DC sobre a RCL AJUSTADA (I/VI),46.31
2022,Prefeitura Municipal de Limoeiro - PE,PE,% da DCL sobre a RCL AJUSTADA,24.13
2022,Prefeitura Municipal de Macaparana - PE,PE,DÍVIDA CONSOLIDADA,39793.63
2022,Prefeitura Municipal de Macaparana - PE,PE,Disponibilidade de Caixa,11304092.38
2022,Prefeitura Municipal de Macaparana - PE,PE,Disponibilidade de Caixa Bruta,11312295.54
2022,Prefeitura Municipal de Macaparana - PE,PE,RECEITA CORRENTE LÍQUIDA,76838196.24
2022,Prefeitura Municipal de Macaparana - PE,PE,% da DC sobre a RCL AJUSTADA (I/VI),0.05
2022,Prefeitura Municipal de Macaparana - PE,PE,% da DCL sobre a RCL AJUSTADA,-14.66
2022,Prefeitura Municipal de Manari - PE,PE,DÍVIDA CONSOLIDADA,2841480.12
2022,Prefeitura Municipal de Manari - PE,PE,Disponibilidade de Caixa,-28094872.11
2022,Prefeitura Municipal de Manari - PE,PE,Disponibilidade de Caixa Bruta,1974221.09
2022,Prefeitura Municipal de Manari - PE,PE,RECEITA CORRENTE LÍQUIDA,63985541.17
2022,Prefeitura Municipal de Manari - PE,PE,% da DC sobre a RCL AJUSTADA (I/VI),4.44
2022,Prefeitura Municipal de Manari - PE,PE,% da DCL sobre a RCL AJUSTADA,48.35
2022,Prefeitura Municipal de Machados - PE,PE,DÍVIDA CONSOLIDADA,13490596.44
2022,Prefeitura Municipal de Machados - PE,PE,Disponibilidade de Caixa,4237880.79
2022,Prefeitura Municipal de Machados - PE,PE,Disponibilidade de Caixa Bruta,4573104.09
2022,Prefeitura Municipal de Machados - PE,PE,RECEITA CORRENTE LÍQUIDA,47586185.63
2022,Prefeitura Municipal de Machados - PE,PE,% da DC sobre a RCL AJUSTADA (I/VI),28.35
2022,Prefeitura Municipal de Machados - PE,PE,% da DCL sobre a RCL AJUSTADA,19.44
2022,Prefeitura Municipal de Maraial - PE,PE,DÍVIDA CONSOLIDADA,9290771.08
2022,Prefeitura Municipal de Maraial - PE,PE,Disponibilidade de Caixa,-6160061.02
2022,Prefeitura Municipal de Maraial - PE,PE,Disponibilidade de Caixa Bruta,8161872.95
2022,Prefeitura Municipal de Maraial - PE,PE,RECEITA CORRENTE LÍQUIDA,35730030.43
2022,Prefeitura Municipal de Maraial - PE,PE,% da DC sobre a RCL AJUSTADA (I/VI),26.22
2022,Prefeitura Municipal de Maraial - PE,PE,% da DCL sobre a RCL AJUSTADA,43.61
2022,Prefeitura Municipal de Mirandiba - PE,PE,DÍVIDA CONSOLIDADA,537581.47
2022,Prefeitura Municipal de Mirandiba - PE,PE,Precatórios (inclusive) Vencidos e Não Pagos,39066.83
2022,Prefeitura Municipal de Mirandiba - PE,PE,Disponibilidade de Caixa,5917296.07
2022,Prefeitura Municipal de Mirandiba - PE,PE,Disponibilidade de Caixa Bruta,9530999.29
2022,Prefeitura Municipal de Mirandiba - PE,PE,RECEITA CORRENTE LÍQUIDA,47406724.37
2022,Prefeitura Municipal de Mirandiba - PE,PE,% da DC sobre a RCL AJUSTADA (I/VI),1.15
2022,Prefeitura Municipal de Mirandiba - PE,PE,% da DCL sobre a RCL AJUSTADA,-11.49
2022,Prefeitura Municipal de Nazaré da Mata - PE,PE,DÍVIDA CONSOLIDADA,58043791.09
2022,Prefeitura Municipal de Nazaré da Mata - PE,PE,Precatórios (inclusive) Vencidos e Não Pagos,413426.75
2022,Prefeitura Municipal de Nazaré da Mata - PE,PE,Disponibilidade de Caixa,-44557578.49
2022,Prefeitura Municipal de Nazaré da Mata - PE,PE,Disponibilidade de Caixa Bruta,4656888.6
2022,Prefeitura Municipal de Nazaré da Mata - PE,PE,RECEITA CORRENTE LÍQUIDA,70573082.91
2022,Prefeitura Municipal de Nazaré da Mata - PE,PE,% da DC sobre a RCL AJUSTADA (I/VI),82.96
2022,Prefeitura Municipal de Nazaré da Mata - PE,PE,% da DCL sobre a RCL AJUSTADA,146.64
2022,Prefeitura Municipal de Moreilândia - PE,PE,DÍVIDA CONSOLIDADA,1981077.76
2022,Prefeitura Municipal de Moreilândia - PE,PE,Precatórios (inclusive) Vencidos e Não Pagos,122970.15
2022,Prefeitura Municipal de Moreilândia - PE,PE,Disponibilidade de Caixa,3159962.55
2022,Prefeitura Municipal de Moreilândia - PE,PE,Disponibilidade de Caixa Bruta,6799130.81
2022,Prefeitura Municipal de Moreilândia - PE,PE,RECEITA CORRENTE LÍQUIDA,38599951.17
2022,Prefeitura Municipal de Moreilândia - PE,PE,% da DC sobre a RCL AJUSTADA (I/VI),5.27
2022,Prefeitura Municipal de Moreilândia - PE,PE,% da DCL sobre a RCL AJUSTADA,-3.13
2022,Prefeitura Municipal de Moreno - PE,PE,DÍVIDA CONSOLIDADA,57315225.59
2022,Prefeitura Municipal de Moreno - PE,PE,Disponibilidade de Caixa,17878166.89
2022,Prefeitura Municipal de Moreno - PE,PE,Disponibilidade de Caixa Bruta,21170558.94
2022,Prefeitura Municipal de Moreno - PE,PE,RECEITA CORRENTE LÍQUIDA,137285773.99
2022,Prefeitura Municipal de Moreno - PE,PE,% da DC sobre a RCL AJUSTADA (I/VI),42.76
2022,Prefeitura Municipal de Moreno - PE,PE,% da DCL sobre a RCL AJUSTADA,29.42
2022,Prefeitura Municipal de Olinda - PE,PE,DÍVIDA CONSOLIDADA,54555019.74
2022,Prefeitura Municipal de Olinda - PE,PE,Disponibilidade de Caixa,116196408.23
2022,Prefeitura Municipal de Olinda - PE,PE,Disponibilidade de Caixa Bruta,146247896.72
2022,Prefeitura Municipal de Olinda - PE,PE,RECEITA CORRENTE LÍQUIDA,735623804.75
2022,Prefeitura Municipal de Olinda - PE,PE,% da DC sobre a RCL AJUSTADA (I/VI),7.42
2022,Prefeitura Municipal de Olinda - PE,PE,% da DCL sobre a RCL AJUSTADA,-8.41
2022,Prefeitura Municipal de Orocó - PE,PE,DÍVIDA CONSOLIDADA,6532493.52
2022,Prefeitura Municipal de Orocó - PE,PE,Disponibilidade de Caixa,-3737532.85
2022,Prefeitura Municipal de Orocó - PE,PE,Disponibilidade de Caixa Bruta,4961659.77
2022,Prefeitura Municipal de Orocó - PE,PE,RECEITA CORRENTE LÍQUIDA,48761325.43
2022,Prefeitura Municipal de Orocó - PE,PE,% da DC sobre a RCL AJUSTADA (I/VI),13.81
2022,Prefeitura Municipal de Orocó - PE,PE,% da DCL sobre a RCL AJUSTADA,21.72
2022,Prefeitura Municipal de Orobó - PE,PE,DÍVIDA CONSOLIDADA,35068053.37
2022,Prefeitura Municipal de Orobó - PE,PE,Precatórios (inclusive) Vencidos e Não Pagos,117367.14
2022,Prefeitura Municipal de Orobó - PE,PE,Disponibilidade de Caixa,9884553.92
2022,Prefeitura Municipal de Orobó - PE,PE,Disponibilidade de Caixa Bruta,10746173.86
2022,Prefeitura Municipal de Orobó - PE,PE,RECEITA CORRENTE LÍQUIDA,69602020.34
2022,Prefeitura Municipal de Orobó - PE,PE,% da DC sobre a RCL AJUSTADA (I/VI),51.21
2022,Prefeitura Municipal de Orobó - PE,PE,% da DCL sobre a RCL AJUSTADA,36.78
2022,Prefeitura Municipal de Ouricuri - PE,PE,DÍVIDA CONSOLIDADA,114615368.97
2022,Prefeitura Municipal de Ouricuri - PE,PE,Precatórios (inclusive) Vencidos e Não Pagos,188468.6
2022,Prefeitura Municipal de Ouricuri - PE,PE,Disponibilidade de Caixa,1661419.16
2022,Prefeitura Municipal de Ouricuri - PE,PE,Disponibilidade de Caixa Bruta,13452738.61
2022,Prefeitura Municipal de Ouricuri - PE,PE,RECEITA CORRENTE LÍQUIDA,161871993.42
2022,Prefeitura Municipal de Ouricuri - PE,PE,% da DC sobre a RCL AJUSTADA (I/VI),70.81
2022,Prefeitura Municipal de Ouricuri - PE,PE,% da DCL sobre a RCL AJUSTADA,69.78
2022,Prefeitura Municipal de Ouricuri - PE,PE,Precatórios (Não incluídos na DC),57339.15
2022,Prefeitura Municipal de Palmeirina - PE,PE,DÍVIDA CONSOLIDADA,865227.76
2022,Prefeitura Municipal de Palmeirina - PE,PE,Disponibilidade de Caixa,-448723.19
2022,Prefeitura Municipal de Palmeirina - PE,PE,Disponibilidade de Caixa Bruta,5512856.07
2022,Prefeitura Municipal de Palmeirina - PE,PE,RECEITA CORRENTE LÍQUIDA,29035055.82
2022,Prefeitura Municipal de Palmeirina - PE,PE,% da DC sobre a RCL AJUSTADA (I/VI),2.98
2022,Prefeitura Municipal de Palmeirina - PE,PE,% da DCL sobre a RCL AJUSTADA,4.53
2022,Prefeitura Municipal de Panelas - PE,PE,DÍVIDA CONSOLIDADA,3148069.28
2022,Prefeitura Municipal de Panelas - PE,PE,Disponibilidade de Caixa,17838276.1
2022,Prefeitura Municipal de Panelas - PE,PE,Disponibilidade de Caixa Bruta,21180804.2
2022,Prefeitura Municipal de Panelas - PE,PE,RECEITA CORRENTE LÍQUIDA,94073834.71
2022,Prefeitura Municipal de Panelas - PE,PE,% da DC sobre a RCL AJUSTADA (I/VI),3.35
2022,Prefeitura Municipal de Panelas - PE,PE,% da DCL sobre a RCL AJUSTADA,-15.62
2022,Prefeitura Municipal de Paranatama - PE,PE,DÍVIDA CONSOLIDADA,13209600.21
2022,Prefeitura Municipal de Paranatama - PE,PE,Disponibilidade de Caixa,-928727.24
2022,Prefeitura Municipal de Paranatama - PE,PE,Disponibilidade de Caixa Bruta,2687078.75
2022,Prefeitura Municipal de Paranatama - PE,PE,RECEITA CORRENTE LÍQUIDA,51954491.11
2022,Prefeitura Municipal de Paranatama - PE,PE,% da DC sobre a RCL AJUSTADA (I/VI),26.03
2022,Prefeitura Municipal de Paranatama - PE,PE,% da DCL sobre a RCL AJUSTADA,27.8
2022,Prefeitura Municipal de Palmares - PE,PE,DÍVIDA CONSOLIDADA,7309131.17
2022,Prefeitura Municipal de Palmares - PE,PE,Precatórios (inclusive) Vencidos e Não Pagos,40959.48
2022,Prefeitura Municipal de Palmares - PE,PE,Disponibilidade de Caixa,14807875.3
2022,Prefeitura Municipal de Palmares - PE,PE,Disponibilidade de Caixa Bruta,22512216.07
2022,Prefeitura Municipal de Palmares - PE,PE,RECEITA CORRENTE LÍQUIDA,158220596.63
2022,Prefeitura Municipal de Palmares - PE,PE,% da DC sobre a RCL AJUSTADA (I/VI),4.62
2022,Prefeitura Municipal de Palmares - PE,PE,% da DCL sobre a RCL AJUSTADA,-4.74
2022,Prefeitura Municipal de Palmares - PE,PE,Precatórios (Não incluídos na DC),5220229.13
2022,Prefeitura Municipal de Parnamirim - PE,PE,DÍVIDA CONSOLIDADA,26573732.79
2022,Prefeitura Municipal de Parnamirim - PE,PE,Disponibilidade de Caixa,-256290.72
2022,Prefeitura Municipal de Parnamirim - PE,PE,Disponibilidade de Caixa Bruta,12156474.7
2022,Prefeitura Municipal de Parnamirim - PE,PE,RECEITA CORRENTE LÍQUIDA,66493977.04
2022,Prefeitura Municipal de Parnamirim - PE,PE,% da DC sobre a RCL AJUSTADA (I/VI),40.05
2022,Prefeitura Municipal de Parnamirim - PE,PE,% da DCL sobre a RCL AJUSTADA,40.44
2022,Prefeitura Municipal de Parnamirim - PE,PE,Precatórios (Não incluídos na DC),61563.22
2022,Prefeitura Municipal de Passira - PE,PE,DÍVIDA CONSOLIDADA,8826708.29
2022,Prefeitura Municipal de Passira - PE,PE,Precatórios (inclusive) Vencidos e Não Pagos,29623.14
2022,Prefeitura Municipal de Passira - PE,PE,Disponibilidade de Caixa,-15911052.27
2022,Prefeitura Municipal de Passira - PE,PE,Disponibilidade de Caixa Bruta,6067666.98
2022,Prefeitura Municipal de Passira - PE,PE,RECEITA CORRENTE LÍQUIDA,72894883.12
2022,Prefeitura Municipal de Passira - PE,PE,% da DC sobre a RCL AJUSTADA (I/VI),12.31
2022,Prefeitura Municipal de Passira - PE,PE,% da DCL sobre a RCL AJUSTADA,33.86
2022,Prefeitura Municipal de Paudalho - PE,PE,DÍVIDA CONSOLIDADA,74050918.37
2022,Prefeitura Municipal de Paudalho - PE,PE,Disponibilidade de Caixa,10396916.98
2022,Prefeitura Municipal de Paudalho - PE,PE,Disponibilidade de Caixa Bruta,25576403.62
2022,Prefeitura Municipal de Paudalho - PE,PE,RECEITA CORRENTE LÍQUIDA,151595542.37
2022,Prefeitura Municipal de Paudalho - PE,PE,% da DC sobre a RCL AJUSTADA (I/VI),49.83
2022,Prefeitura Municipal de Paudalho - PE,PE,% da DCL sobre a RCL AJUSTADA,42.59
2022,Prefeitura Municipal de Paudalho - PE,PE,Precatórios (Não incluídos na DC),1116910.38
2022,Prefeitura Municipal de Paulista - PE,PE,DÍVIDA CONSOLIDADA,40287140.36
2022,Prefeitura Municipal de Paulista - PE,PE,Precatórios (inclusive) Vencidos e Não Pagos,2749356.8
2022,Prefeitura Municipal de Paulista - PE,PE,Disponibilidade de Caixa,158748360.75
2022,Prefeitura Municipal de Paulista - PE,PE,Disponibilidade de Caixa Bruta,178515572.25
2022,Prefeitura Municipal de Paulista - PE,PE,RECEITA CORRENTE LÍQUIDA,586274888.75
2022,Prefeitura Municipal de Paulista - PE,PE,% da DC sobre a RCL AJUSTADA (I/VI),6.91
2022,Prefeitura Municipal de Paulista - PE,PE,% da DCL sobre a RCL AJUSTADA,-20.32
2022,Prefeitura Municipal de Pedra - PE,PE,DÍVIDA CONSOLIDADA,2110923.61
2022,Prefeitura Municipal de Pedra - PE,PE,Disponibilidade de Caixa,4956275.59
2022,Prefeitura Municipal de Pedra - PE,PE,Disponibilidade de Caixa Bruta,8046214.92
2022,Prefeitura Municipal de Pedra - PE,PE,RECEITA CORRENTE LÍQUIDA,60418317.49
2022,Prefeitura Municipal de Pedra - PE,PE,% da DC sobre a RCL AJUSTADA (I/VI),3.49
2022,Prefeitura Municipal de Pedra - PE,PE,% da DCL sobre a RCL AJUSTADA,-4.71
2022,Prefeitura Municipal de Poção - PE,PE,DÍVIDA CONSOLIDADA,5248631.08
2022,Prefeitura Municipal de Poção - PE,PE,Disponibilidade de Caixa,1110015.75
2022,Prefeitura Municipal de Poção - PE,PE,Disponibilidade de Caixa Bruta,5877978.77
2022,Prefeitura Municipal de Poção - PE,PE,RECEITA CORRENTE LÍQUIDA,41512008.35
2022,Prefeitura Municipal de Poção - PE,PE,% da DC sobre a RCL AJUSTADA (I/VI),13.44
2022,Prefeitura Municipal de Poção - PE,PE,% da DCL sobre a RCL AJUSTADA,10.6
2022,Prefeitura Municipal de Petrolândia - PE,PE,DÍVIDA CONSOLIDADA,3048742.49
2022,Prefeitura Municipal de Petrolândia - PE,PE,Precatórios (inclusive) Vencidos e Não Pagos,466830.45
2022,Prefeitura Municipal de Petrolândia - PE,PE,Disponibilidade de Caixa,11237989.8
2022,Prefeitura Municipal de Petrolândia - PE,PE,Disponibilidade de Caixa Bruta,13257521.72
2022,Prefeitura Municipal de Petrolândia - PE,PE,RECEITA CORRENTE LÍQUIDA,117115007.81
2022,Prefeitura Municipal de Petrolândia - PE,PE,% da DC sobre a RCL AJUSTADA (I/VI),2.61
2022,Prefeitura Municipal de Petrolândia - PE,PE,% da DCL sobre a RCL AJUSTADA,-7.02
2022,Prefeitura Municipal de Pesqueira - PE,PE,DÍVIDA CONSOLIDADA,35458798.71
2022,Prefeitura Municipal de Pesqueira - PE,PE,Disponibilidade de Caixa,-412823.68
2022,Prefeitura Municipal de Pesqueira - PE,PE,Disponibilidade de Caixa Bruta,20158367.82
2022,Prefeitura Municipal de Pesqueira - PE,PE,RECEITA CORRENTE LÍQUIDA,164395202.28
2022,Prefeitura Municipal de Pesqueira - PE,PE,% da DC sobre a RCL AJUSTADA (I/VI),21.96
2022,Prefeitura Municipal de Pesqueira - PE,PE,% da DCL sobre a RCL AJUSTADA,22.22
2022,Prefeitura Municipal de Petrolina - PE,PE,DÍVIDA CONSOLIDADA,171931973.29
2022,Prefeitura Municipal de Petrolina - PE,PE,Precatórios (inclusive) Vencidos e Não Pagos,20263327.13
2022,Prefeitura Municipal de Petrolina - PE,PE,Disponibilidade de Caixa,222342728.92
2022,Prefeitura Municipal de Petrolina - PE,PE,Disponibilidade de Caixa Bruta,289956942.4
2022,Prefeitura Municipal de Petrolina - PE,PE,RECEITA CORRENTE LÍQUIDA,1030613764.25
2022,Prefeitura Municipal de Petrolina - PE,PE,% da DC sobre a RCL AJUSTADA (I/VI),16.68
2022,Prefeitura Municipal de Petrolina - PE,PE,% da DCL sobre a RCL AJUSTADA,-4.89
2022,Prefeitura Municipal de Pombos - PE,PE,DÍVIDA CONSOLIDADA,188289.6
2022,Prefeitura Municipal de Pombos - PE,PE,Disponibilidade de Caixa,334557.68
2022,Prefeitura Municipal de Pombos - PE,PE,Disponibilidade de Caixa Bruta,9499460.55
2022,Prefeitura Municipal de Pombos - PE,PE,RECEITA CORRENTE LÍQUIDA,78859961.1
2022,Prefeitura Municipal de Pombos - PE,PE,% da DC sobre a RCL AJUSTADA (I/VI),0.24
2022,Prefeitura Municipal de Pombos - PE,PE,% da DCL sobre a RCL AJUSTADA,-0.19
2022,Prefeitura Municipal de Primavera - PE,PE,DÍVIDA CONSOLIDADA,17253809.49
2022,Prefeitura Municipal de Primavera - PE,PE,Precatórios (inclusive) Vencidos e Não Pagos,98709.53
2022,Prefeitura Municipal de Primavera - PE,PE,Disponibilidade de Caixa Bruta,10986370.85
2022,Prefeitura Municipal de Primavera - PE,PE,RECEITA CORRENTE LÍQUIDA,47309247.21
2022,Prefeitura Municipal de Primavera - PE,PE,% da DC sobre a RCL AJUSTADA (I/VI),36.47
2022,Prefeitura Municipal de Primavera - PE,PE,% da DCL sobre a RCL AJUSTADA,33.55
2022,Prefeitura Municipal de Primavera - PE,PE,Precatórios (Não incluídos na DC),2315690.38
2022,Prefeitura Municipal de Quipapá - PE,PE,DÍVIDA CONSOLIDADA,11388114.01
2022,Prefeitura Municipal de Quipapá - PE,PE,Precatórios (inclusive) Vencidos e Não Pagos,1380389.63
2022,Prefeitura Municipal de Quipapá - PE,PE,Disponibilidade de Caixa,-18607267.24
2022,Prefeitura Municipal de Quipapá - PE,PE,Disponibilidade de Caixa Bruta,4027611.47
2022,Prefeitura Municipal de Quipapá - PE,PE,RECEITA CORRENTE LÍQUIDA,62465080.15
2022,Prefeitura Municipal de Quipapá - PE,PE,% da DC sobre a RCL AJUSTADA (I/VI),18.38
2022,Prefeitura Municipal de Quipapá - PE,PE,% da DCL sobre a RCL AJUSTADA,48.41
2022,Prefeitura Municipal de Quipapá - PE,PE,Precatórios (Não incluídos na DC),1380389.63
2022,Prefeitura Municipal de Quixaba - PE,PE,DÍVIDA CONSOLIDADA,4725363.54
2022,Prefeitura Municipal de Quixaba - PE,PE,Precatórios (inclusive) Vencidos e Não Pagos,117339.72
2022,Prefeitura Municipal de Quixaba - PE,PE,Disponibilidade de Caixa,11585539.87
2022,Prefeitura Municipal de Quixaba - PE,PE,Disponibilidade de Caixa Bruta,11594928.96
2022,Prefeitura Municipal de Quixaba - PE,PE,RECEITA CORRENTE LÍQUIDA,36967278.14
2022,Prefeitura Municipal de Quixaba - PE,PE,% da DC sobre a RCL AJUSTADA (I/VI),12.96
2022,Prefeitura Municipal de Quixaba - PE,PE,% da DCL sobre a RCL AJUSTADA,-20.56
2022,Prefeitura Municipal de Recife - PE,PE,DÍVIDA CONSOLIDADA,1821190085.53
2022,Prefeitura Municipal de Recife - PE,PE,Disponibilidade de Caixa,1259533697.75
2022,Prefeitura Municipal de Recife - PE,PE,Disponibilidade de Caixa Bruta,1386387057.67
2022,Prefeitura Municipal de Recife - PE,PE,RECEITA CORRENTE LÍQUIDA,5628595329.71
2022,Prefeitura Municipal de Recife - PE,PE,% da DC sobre a RCL AJUSTADA (I/VI),32.46
2022,Prefeitura Municipal de Recife - PE,PE,% da DCL sobre a RCL AJUSTADA,9.92
2022,Prefeitura Municipal de Riacho das Almas - PE,PE,DÍVIDA CONSOLIDADA,5138866.38
2022,Prefeitura Municipal de Riacho das Almas - PE,PE,Disponibilidade de Caixa,3756206.03
2022,Prefeitura Municipal de Riacho das Almas - PE,PE,Disponibilidade de Caixa Bruta,5985886.3
2022,Prefeitura Municipal de Riacho das Almas - PE,PE,RECEITA CORRENTE LÍQUIDA,63431282.22
2022,Prefeitura Municipal de Riacho das Almas - PE,PE,% da DC sobre a RCL AJUSTADA (I/VI),8.19
2022,Prefeitura Municipal de Riacho das Almas - PE,PE,% da DCL sobre a RCL AJUSTADA,2.2
2022,Prefeitura Municipal de Ribeirão - PE,PE,DÍVIDA CONSOLIDADA,41624573.19
2022,Prefeitura Municipal de Ribeirão - PE,PE,Disponibilidade de Caixa,-11960645.29
2022,Prefeitura Municipal de Ribeirão - PE,PE,Disponibilidade de Caixa Bruta,4070651.19
2022,Prefeitura Municipal de Ribeirão - PE,PE,RECEITA CORRENTE LÍQUIDA,110041208.96
2022,Prefeitura Municipal de Ribeirão - PE,PE,% da DC sobre a RCL AJUSTADA (I/VI),38.36
2022,Prefeitura Municipal de Ribeirão - PE,PE,% da DCL sobre a RCL AJUSTADA,49.35
2022,Prefeitura Municipal de Sairé - PE,PE,DÍVIDA CONSOLIDADA,17059146.0
2022,Prefeitura Municipal de Sairé - PE,PE,Precatórios (inclusive) Vencidos e Não Pagos,983.47
2022,Prefeitura Municipal de Sairé - PE,PE,Disponibilidade de Caixa,1483736.49
2022,Prefeitura Municipal de Sairé - PE,PE,Disponibilidade de Caixa Bruta,2216040.01
2022,Prefeitura Municipal de Sairé - PE,PE,RECEITA CORRENTE LÍQUIDA,36121618.7
2022,Prefeitura Municipal de Sairé - PE,PE,% da DC sobre a RCL AJUSTADA (I/VI),47.23
2022,Prefeitura Municipal de Sairé - PE,PE,% da DCL sobre a RCL AJUSTADA,43.12
2022,Prefeitura Municipal de Salgadinho - PE,PE,DÍVIDA CONSOLIDADA,5405835.76
2022,Prefeitura Municipal de Salgadinho - PE,PE,Disponibilidade de Caixa,9167968.49
2022,Prefeitura Municipal de Salgadinho - PE,PE,Disponibilidade de Caixa Bruta,12265359.15
2022,Prefeitura Municipal de Salgadinho - PE,PE,RECEITA CORRENTE LÍQUIDA,34728239.05
2022,Prefeitura Municipal de Salgadinho - PE,PE,% da DC sobre a RCL AJUSTADA (I/VI),16.24
2022,Prefeitura Municipal de Salgadinho - PE,PE,% da DCL sobre a RCL AJUSTADA,-11.3
2022,Prefeitura Municipal de Salgueiro - PE,PE,DÍVIDA CONSOLIDADA,9296365.85
2022,Prefeitura Municipal de Salgueiro - PE,PE,Disponibilidade de Caixa,22983018.16
2022,Prefeitura Municipal de Salgueiro - PE,PE,Disponibilidade de Caixa Bruta,33698741.22
2022,Prefeitura Municipal de Salgueiro - PE,PE,RECEITA CORRENTE LÍQUIDA,155435008.43
2022,Prefeitura Municipal de Salgueiro - PE,PE,% da DC sobre a RCL AJUSTADA (I/VI),5.98
2022,Prefeitura Municipal de Salgueiro - PE,PE,% da DCL sobre a RCL AJUSTADA,-9.26
2022,Prefeitura Municipal de Salgueiro - PE,PE,Precatórios (Não incluídos na DC),53466.42
2022,Prefeitura Municipal de Saloá - PE,PE,DÍVIDA CONSOLIDADA,830277.73
2022,Prefeitura Municipal de Saloá - PE,PE,Disponibilidade de Caixa,3986239.87
2022,Prefeitura Municipal de Saloá - PE,PE,Disponibilidade de Caixa Bruta,15552954.96
2022,Prefeitura Municipal de Saloá - PE,PE,RECEITA CORRENTE LÍQUIDA,52329744.44
2022,Prefeitura Municipal de Saloá - PE,PE,% da DC sobre a RCL AJUSTADA (I/VI),1.59
2022,Prefeitura Municipal de Saloá - PE,PE,% da DCL sobre a RCL AJUSTADA,-8.49
2022,Prefeitura Municipal de Sanharó - PE,PE,DÍVIDA CONSOLIDADA,11203864.5
2022,Prefeitura Municipal de Sanharó - PE,PE,Disponibilidade de Caixa,12256228.37
2022,Prefeitura Municipal de Sanharó - PE,PE,Disponibilidade de Caixa Bruta,13315500.09
2022,Prefeitura Municipal de Sanharó - PE,PE,RECEITA CORRENTE LÍQUIDA,62704987.35
2022,Prefeitura Municipal de Sanharó - PE,PE,% da DC sobre a RCL AJUSTADA (I/VI),17.87
2022,Prefeitura Municipal de Sanharó - PE,PE,% da DCL sobre a RCL AJUSTADA,-1.68
2022,Prefeitura Municipal de Sanharó - PE,PE,Precatórios (Não incluídos na DC),13180.17
2022,Prefeitura Municipal de Santa Cruz - PE,PE,DÍVIDA CONSOLIDADA,9996743.11
2022,Prefeitura Municipal de Santa Cruz - PE,PE,Disponibilidade de Caixa,3693560.88
2022,Prefeitura Municipal de Santa Cruz - PE,PE,Disponibilidade de Caixa Bruta,4667840.51
2022,Prefeitura Municipal de Santa Cruz - PE,PE,RECEITA CORRENTE LÍQUIDA,50502115.51
2022,Prefeitura Municipal de Santa Cruz - PE,PE,% da DC sobre a RCL AJUSTADA (I/VI),20.21
2022,Prefeitura Municipal de Santa Cruz - PE,PE,% da DCL sobre a RCL AJUSTADA,12.74
2022,Prefeitura Municipal de Santa Cruz da Baixa Verde - PE,PE,DÍVIDA CONSOLIDADA,16364388.76
2022,Prefeitura Municipal de Santa Cruz da Baixa Verde - PE,PE,Disponibilidade de Caixa,5739881.94
2022,Prefeitura Municipal de Santa Cruz da Baixa Verde - PE,PE,Disponibilidade de Caixa Bruta,8292885.28
2022,Prefeitura Municipal de Santa Cruz da Baixa Verde - PE,PE,RECEITA CORRENTE LÍQUIDA,42167114.5
2022,Prefeitura Municipal de Santa Cruz da Baixa Verde - PE,PE,% da DC sobre a RCL AJUSTADA (I/VI),42.15
2022,Prefeitura Municipal de Santa Cruz da Baixa Verde - PE,PE,% da DCL sobre a RCL AJUSTADA,26.87
2022,Prefeitura Municipal de Santa Cruz do Capibaribe - PE,PE,DÍVIDA CONSOLIDADA,17526290.97
2022,Prefeitura Municipal de Santa Cruz do Capibaribe - PE,PE,Disponibilidade de Caixa,25525858.59
2022,Prefeitura Municipal de Santa Cruz do Capibaribe - PE,PE,Disponibilidade de Caixa Bruta,43766696.94
2022,Prefeitura Municipal de Santa Cruz do Capibaribe - PE,PE,RECEITA CORRENTE LÍQUIDA,240841465.59
2022,Prefeitura Municipal de Santa Cruz do Capibaribe - PE,PE,% da DC sobre a RCL AJUSTADA (I/VI),7.37
2022,Prefeitura Municipal de Santa Cruz do Capibaribe - PE,PE,% da DCL sobre a RCL AJUSTADA,-3.36
2022,Prefeitura Municipal de Santa Maria da Boa Vista - PE,PE,DÍVIDA CONSOLIDADA,14418889.63
2022,Prefeitura Municipal de Santa Maria da Boa Vista - PE,PE,Disponibilidade de Caixa,499969.99
2022,Prefeitura Municipal de Santa Maria da Boa Vista - PE,PE,Disponibilidade de Caixa Bruta,27254042.69
2022,Prefeitura Municipal de Santa Maria da Boa Vista - PE,PE,RECEITA CORRENTE LÍQUIDA,120068051.56
2022,Prefeitura Municipal de Santa Maria da Boa Vista - PE,PE,% da DC sobre a RCL AJUSTADA (I/VI),12.01
2022,Prefeitura Municipal de Santa Maria da Boa Vista - PE,PE,% da DCL sobre a RCL AJUSTADA,11.34
2022,Prefeitura Municipal de Santa Maria do Cambucá - PE,PE,DÍVIDA CONSOLIDADA,314517.84
2022,Prefeitura Municipal de Santa Maria do Cambucá - PE,PE,Disponibilidade de Caixa,4660499.62
2022,Prefeitura Municipal de Santa Maria do Cambucá - PE,PE,Disponibilidade de Caixa Bruta,4898785.69
2022,Prefeitura Municipal de Santa Maria do Cambucá - PE,PE,RECEITA CORRENTE LÍQUIDA,7432850.65
2022,Prefeitura Municipal de Santa Maria do Cambucá - PE,PE,% da DC sobre a RCL AJUSTADA (I/VI),4.23
2022,Prefeitura Municipal de Santa Maria do Cambucá - PE,PE,% da DCL sobre a RCL AJUSTADA,-58.47
2022,Prefeitura Municipal de Santa Terezinha - PE,PE,DÍVIDA CONSOLIDADA,1667437.17
2022,Prefeitura Municipal de Santa Terezinha - PE,PE,Precatórios (inclusive) Vencidos e Não Pagos,214665.64
2022,Prefeitura Municipal de Santa Terezinha - PE,PE,Disponibilidade de Caixa,50895.86
2022,Prefeitura Municipal de Santa Terezinha - PE,PE,Disponibilidade de Caixa Bruta,3171601.68
2022,Prefeitura Municipal de Santa Terezinha - PE,PE,RECEITA CORRENTE LÍQUIDA,44515036.78
2022,Prefeitura Municipal de Santa Terezinha - PE,PE,% da DC sobre a RCL AJUSTADA (I/VI),3.83
2022,Prefeitura Municipal de Santa Terezinha - PE,PE,% da DCL sobre a RCL AJUSTADA,3.3
2022,Prefeitura Municipal de São Benedito do Sul - PE,PE,DÍVIDA CONSOLIDADA,6190991.95
2022,Prefeitura Municipal de São Benedito do Sul - PE,PE,Disponibilidade de Caixa,362761.2
2022,Prefeitura Municipal de São Benedito do Sul - PE,PE,Disponibilidade de Caixa Bruta,4880781.87
2022,Prefeitura Municipal de São Benedito do Sul - PE,PE,RECEITA CORRENTE LÍQUIDA,42027379.78
2022,Prefeitura Municipal de São Benedito do Sul - PE,PE,% da DC sobre a RCL AJUSTADA (I/VI),14.98
2022,Prefeitura Municipal de São Benedito do Sul - PE,PE,% da DCL sobre a RCL AJUSTADA,14.1
2022,Prefeitura Municipal de São Caitano - PE,PE,DÍVIDA CONSOLIDADA,16533787.72
2022,Prefeitura Municipal de São Caitano - PE,PE,Disponibilidade de Caixa,55112358.41
2022,Prefeitura Municipal de São Caitano - PE,PE,Disponibilidade de Caixa Bruta,56630294.78
2022,Prefeitura Municipal de São Caitano - PE,PE,RECEITA CORRENTE LÍQUIDA,98088465.86
2022,Prefeitura Municipal de São Caitano - PE,PE,% da DC sobre a RCL AJUSTADA (I/VI),17.44
2022,Prefeitura Municipal de São Caitano - PE,PE,% da DCL sobre a RCL AJUSTADA,-40.7
2022,Prefeitura Municipal de São Caitano - PE,PE,Precatórios (Não incluídos na DC),43346.44
2022,Prefeitura Municipal de São Bento do Una - PE,PE,DÍVIDA CONSOLIDADA,8363425.15
2022,Prefeitura Municipal de São Bento do Una - PE,PE,Precatórios (inclusive) Vencidos e Não Pagos,40074.71
2022,Prefeitura Municipal de São Bento do Una - PE,PE,Disponibilidade de Caixa,15536446.69
2022,Prefeitura Municipal de São Bento do Una - PE,PE,Disponibilidade de Caixa Bruta,21130152.01
2022,Prefeitura Municipal de São Bento do Una - PE,PE,RECEITA CORRENTE LÍQUIDA,132697721.55
2022,Prefeitura Municipal de São Bento do Una - PE,PE,% da DC sobre a RCL AJUSTADA (I/VI),6.41
2022,Prefeitura Municipal de São Bento do Una - PE,PE,% da DCL sobre a RCL AJUSTADA,-5.49
2022,Prefeitura Municipal de São Joaquim do Monte - PE,PE,DÍVIDA CONSOLIDADA,13083614.02
2022,Prefeitura Municipal de São Joaquim do Monte - PE,PE,Precatórios (inclusive) Vencidos e Não Pagos,890278.03
2022,Prefeitura Municipal de São Joaquim do Monte - PE,PE,Disponibilidade de Caixa,5248199.48
2022,Prefeitura Municipal de São Joaquim do Monte - PE,PE,Disponibilidade de Caixa Bruta,10438783.66
2022,Prefeitura Municipal de São Joaquim do Monte - PE,PE,RECEITA CORRENTE LÍQUIDA,64610646.08
2022,Prefeitura Municipal de São Joaquim do Monte - PE,PE,% da DC sobre a RCL AJUSTADA (I/VI),20.44
2022,Prefeitura Municipal de São Joaquim do Monte - PE,PE,% da DCL sobre a RCL AJUSTADA,12.24
2022,Prefeitura Municipal de São José da Coroa Grande - PE,PE,DÍVIDA CONSOLIDADA,3139448.97
2022,Prefeitura Municipal de São José da Coroa Grande - PE,PE,Disponibilidade de Caixa,2184603.23
2022,Prefeitura Municipal de São José da Coroa Grande - PE,PE,Disponibilidade de Caixa Bruta,11563331.66
2022,Prefeitura Municipal de São José da Coroa Grande - PE,PE,RECEITA CORRENTE LÍQUIDA,65691978.39
2022,Prefeitura Municipal de São José da Coroa Grande - PE,PE,% da DC sobre a RCL AJUSTADA (I/VI),4.83
2022,Prefeitura Municipal de São José da Coroa Grande - PE,PE,% da DCL sobre a RCL AJUSTADA,1.47
2022,Prefeitura Municipal de São José do Belmonte - PE,PE,DÍVIDA CONSOLIDADA,33374.69
2022,Prefeitura Municipal de São José do Belmonte - PE,PE,Disponibilidade de Caixa,36569072.03
2022,Prefeitura Municipal de São José do Belmonte - PE,PE,Disponibilidade de Caixa Bruta,37268738.02
2022,Prefeitura Municipal de São José do Belmonte - PE,PE,RECEITA CORRENTE LÍQUIDA,84616513.13
2022,Prefeitura Municipal de São José do Belmonte - PE,PE,% da DC sobre a RCL AJUSTADA (I/VI),0.04
2022,Prefeitura Municipal de São José do Belmonte - PE,PE,% da DCL sobre a RCL AJUSTADA,-43.18
2022,Prefeitura Municipal de São José do Belmonte - PE,PE,Precatórios (Não incluídos na DC),6239808.77
2022,Prefeitura Municipal de São José do Egito - PE,PE,DÍVIDA CONSOLIDADA,5066702.14
2022,Prefeitura Municipal de São José do Egito - PE,PE,Disponibilidade de Caixa,-3767712.16
2022,Prefeitura Municipal de São José do Egito - PE,PE,Disponibilidade de Caixa Bruta,8309563.29
2022,Prefeitura Municipal de São José do Egito - PE,PE,RECEITA CORRENTE LÍQUIDA,96682149.6
2022,Prefeitura Municipal de São José do Egito - PE,PE,% da DC sobre a RCL AJUSTADA (I/VI),5.69
2022,Prefeitura Municipal de São José do Egito - PE,PE,% da DCL sobre a RCL AJUSTADA,9.03
2022,Prefeitura Municipal de São João - PE,PE,DÍVIDA CONSOLIDADA,8432760.3
2022,Prefeitura Municipal de São João - PE,PE,Disponibilidade de Caixa,-74251.74
2022,Prefeitura Municipal de São João - PE,PE,Disponibilidade de Caixa Bruta,7317628.71
2022,Prefeitura Municipal de São João - PE,PE,RECEITA CORRENTE LÍQUIDA,70317274.76
2022,Prefeitura Municipal de São João - PE,PE,% da DC sobre a RCL AJUSTADA (I/VI),12.32
2022,Prefeitura Municipal de São João - PE,PE,% da DCL sobre a RCL AJUSTADA,7.78
2022,Prefeitura Municipal de São Lourenço da Mata - PE,PE,DÍVIDA CONSOLIDADA,15703544.62
2022,Prefeitura Municipal de São Lourenço da Mata - PE,PE,Disponibilidade de Caixa,88669731.36
2022,Prefeitura Municipal de São Lourenço da Mata - PE,PE,Disponibilidade de Caixa Bruta,123201236.85
2022,Prefeitura Municipal de São Lourenço da Mata - PE,PE,RECEITA CORRENTE LÍQUIDA,229963644.35
2022,Prefeitura Municipal de São Lourenço da Mata - PE,PE,% da DC sobre a RCL AJUSTADA (I/VI),6.94
2022,Prefeitura Municipal de São Lourenço da Mata - PE,PE,% da DCL sobre a RCL AJUSTADA,-32.23
2022,Prefeitura Municipal de São Vicente Ferrer - PE,PE,DÍVIDA CONSOLIDADA,720785.86
2022,Prefeitura Municipal de São Vicente Ferrer - PE,PE,Disponibilidade de Caixa,3696300.26
2022,Prefeitura Municipal de São Vicente Ferrer - PE,PE,Disponibilidade de Caixa Bruta,4017635.68
2022,Prefeitura Municipal de São Vicente Ferrer - PE,PE,RECEITA CORRENTE LÍQUIDA,57120207.7
2022,Prefeitura Municipal de São Vicente Ferrer - PE,PE,% da DC sobre a RCL AJUSTADA (I/VI),1.26
2022,Prefeitura Municipal de São Vicente Ferrer - PE,PE,% da DCL sobre a RCL AJUSTADA,-5.21
2022,Prefeitura Municipal de Serrita - PE,PE,DÍVIDA CONSOLIDADA,9087682.5
2022,Prefeitura Municipal de Serrita - PE,PE,Disponibilidade de Caixa,1426055.75
2022,Prefeitura Municipal de Serrita - PE,PE,Disponibilidade de Caixa Bruta,6047838.19
2022,Prefeitura Municipal de Serrita - PE,PE,RECEITA CORRENTE LÍQUIDA,64646551.51
2022,Prefeitura Municipal de Serrita - PE,PE,% da DC sobre a RCL AJUSTADA (I/VI),14.53
2022,Prefeitura Municipal de Serrita - PE,PE,% da DCL sobre a RCL AJUSTADA,12.25
2022,Prefeitura Municipal de Serra Talhada - PE,PE,DÍVIDA CONSOLIDADA,39213598.54
2022,Prefeitura Municipal de Serra Talhada - PE,PE,Precatórios (inclusive) Vencidos e Não Pagos,98675.66
2022,Prefeitura Municipal de Serra Talhada - PE,PE,Disponibilidade de Caixa,12495694.94
2022,Prefeitura Municipal de Serra Talhada - PE,PE,Disponibilidade de Caixa Bruta,28890438.02
2022,Prefeitura Municipal de Serra Talhada - PE,PE,RECEITA CORRENTE LÍQUIDA,247578614.86
2022,Prefeitura Municipal de Serra Talhada - PE,PE,% da DC sobre a RCL AJUSTADA (I/VI),16.77
2022,Prefeitura Municipal de Serra Talhada - PE,PE,% da DCL sobre a RCL AJUSTADA,11.43
2022,Prefeitura Municipal de Sertânia - PE,PE,DÍVIDA CONSOLIDADA,2881848.6
2022,Prefeitura Municipal de Sertânia - PE,PE,Disponibilidade de Caixa,4308701.14
2022,Prefeitura Municipal de Sertânia - PE,PE,Disponibilidade de Caixa Bruta,21825680.46
2022,Prefeitura Municipal de Sertânia - PE,PE,RECEITA CORRENTE LÍQUIDA,94792885.23
2022,Prefeitura Municipal de Sertânia - PE,PE,% da DC sobre a RCL AJUSTADA (I/VI),3.06
2022,Prefeitura Municipal de Sertânia - PE,PE,% da DCL sobre a RCL AJUSTADA,-5.9
2022,Prefeitura Municipal de Sirinhaém - PE,PE,DÍVIDA CONSOLIDADA,60081747.3
2022,Prefeitura Municipal de Sirinhaém - PE,PE,Disponibilidade de Caixa,15212012.18
2022,Prefeitura Municipal de Sirinhaém - PE,PE,Disponibilidade de Caixa Bruta,24739249.99
2022,Prefeitura Municipal de Sirinhaém - PE,PE,RECEITA CORRENTE LÍQUIDA,119469381.68
2022,Prefeitura Municipal de Sirinhaém - PE,PE,% da DC sobre a RCL AJUSTADA (I/VI),51.1
2022,Prefeitura Municipal de Sirinhaém - PE,PE,% da DCL sobre a RCL AJUSTADA,38.16
2022,Prefeitura Municipal de Tabira - PE,PE,DÍVIDA CONSOLIDADA,9645654.03
2022,Prefeitura Municipal de Tabira - PE,PE,Disponibilidade de Caixa,5444669.75
2022,Prefeitura Municipal de Tabira - PE,PE,Disponibilidade de Caixa Bruta,9718671.99
2022,Prefeitura Municipal de Tabira - PE,PE,RECEITA CORRENTE LÍQUIDA,81328301.12
2022,Prefeitura Municipal de Tabira - PE,PE,% da DC sobre a RCL AJUSTADA (I/VI),12.51
2022,Prefeitura Municipal de Tabira - PE,PE,% da DCL sobre a RCL AJUSTADA,5.45
2022,Prefeitura Municipal de Surubim - PE,PE,DÍVIDA CONSOLIDADA,3240569.37
2022,Prefeitura Municipal de Surubim - PE,PE,Disponibilidade de Caixa,32549522.45
2022,Prefeitura Municipal de Surubim - PE,PE,Disponibilidade de Caixa Bruta,33207126.52
2022,Prefeitura Municipal de Surubim - PE,PE,RECEITA CORRENTE LÍQUIDA,168805014.9
2022,Prefeitura Municipal de Surubim - PE,PE,% da DC sobre a RCL AJUSTADA (I/VI),1.93
2022,Prefeitura Municipal de Surubim - PE,PE,% da DCL sobre a RCL AJUSTADA,-17.49
2022,Prefeitura Municipal de Surubim - PE,PE,Precatórios (Não incluídos na DC),1628772.63
2022,Prefeitura Municipal de Tacaimbó - PE,PE,DÍVIDA CONSOLIDADA,5704202.88
2022,Prefeitura Municipal de Tacaimbó - PE,PE,Disponibilidade de Caixa,2136005.38
2022,Prefeitura Municipal de Tacaimbó - PE,PE,Disponibilidade de Caixa Bruta,5268372.9
2022,Prefeitura Municipal de Tacaimbó - PE,PE,RECEITA CORRENTE LÍQUIDA,37043796.85
2022,Prefeitura Municipal de Tacaimbó - PE,PE,% da DC sobre a RCL AJUSTADA (I/VI),16.43
2022,Prefeitura Municipal de Tacaimbó - PE,PE,% da DCL sobre a RCL AJUSTADA,10.05
2022,Prefeitura Municipal de Tacaratu - PE,PE,Disponibilidade de Caixa,10090350.79
2022,Prefeitura Municipal de Tacaratu - PE,PE,Disponibilidade de Caixa Bruta,17352231.78
2022,Prefeitura Municipal de Tacaratu - PE,PE,RECEITA CORRENTE LÍQUIDA,75958525.88
2022,Prefeitura Municipal de Tacaratu - PE,PE,% da DCL sobre a RCL AJUSTADA,-13.61
2022,Prefeitura Municipal de Tamandaré - PE,PE,DÍVIDA CONSOLIDADA,25617385.56
2022,Prefeitura Municipal de Tamandaré - PE,PE,Disponibilidade de Caixa,7435795.61
2022,Prefeitura Municipal de Tamandaré - PE,PE,Disponibilidade de Caixa Bruta,11287892.64
2022,Prefeitura Municipal de Tamandaré - PE,PE,RECEITA CORRENTE LÍQUIDA,93746263.77
2022,Prefeitura Municipal de Tamandaré - PE,PE,% da DC sobre a RCL AJUSTADA (I/VI),27.57
2022,Prefeitura Municipal de Tamandaré - PE,PE,% da DCL sobre a RCL AJUSTADA,19.57
2022,Prefeitura Municipal de Terezinha - PE,PE,DÍVIDA CONSOLIDADA,57246.01
2022,Prefeitura Municipal de Terezinha - PE,PE,Disponibilidade de Caixa,-3963117.66
2022,Prefeitura Municipal de Terezinha - PE,PE,Disponibilidade de Caixa Bruta,3125281.64
2022,Prefeitura Municipal de Terezinha - PE,PE,RECEITA CORRENTE LÍQUIDA,30117129.54
2022,Prefeitura Municipal de Terezinha - PE,PE,% da DC sobre a RCL AJUSTADA (I/VI),0.19
2022,Prefeitura Municipal de Terezinha - PE,PE,% da DCL sobre a RCL AJUSTADA,12.94
2022,Prefeitura Municipal de Terra Nova - PE,PE,DÍVIDA CONSOLIDADA,15000.0
2022,Prefeitura Municipal de Terra Nova - PE,PE,Precatórios (inclusive) Vencidos e Não Pagos,15000.0
2022,Prefeitura Municipal de Terra Nova - PE,PE,Disponibilidade de Caixa,14418754.86
2022,Prefeitura Municipal de Terra Nova - PE,PE,Disponibilidade de Caixa Bruta,14555053.13
2022,Prefeitura Municipal de Terra Nova - PE,PE,RECEITA CORRENTE LÍQUIDA,39516004.7
2022,Prefeitura Municipal de Terra Nova - PE,PE,% da DC sobre a RCL AJUSTADA (I/VI),0.04
2022,Prefeitura Municipal de Terra Nova - PE,PE,% da DCL sobre a RCL AJUSTADA,-36.51
2022,Prefeitura Municipal de Timbaúba - PE,PE,DÍVIDA CONSOLIDADA,15685281.75
2022,Prefeitura Municipal de Timbaúba - PE,PE,Precatórios (inclusive) Vencidos e Não Pagos,508016.33
2022,Prefeitura Municipal de Timbaúba - PE,PE,Disponibilidade de Caixa,1064054.09
2022,Prefeitura Municipal de Timbaúba - PE,PE,Disponibilidade de Caixa Bruta,11551184.43
2022,Prefeitura Municipal de Timbaúba - PE,PE,RECEITA CORRENTE LÍQUIDA,137126563.97
2022,Prefeitura Municipal de Timbaúba - PE,PE,% da DC sobre a RCL AJUSTADA (I/VI),12.3
2022,Prefeitura Municipal de Timbaúba - PE,PE,% da DCL sobre a RCL AJUSTADA,11.46
2022,Prefeitura Municipal de Toritama - PE,PE,DÍVIDA CONSOLIDADA,25608033.98
2022,Prefeitura Municipal de Toritama - PE,PE,Disponibilidade de Caixa,28037922.92
2022,Prefeitura Municipal de Toritama - PE,PE,Disponibilidade de Caixa Bruta,31161301.61
2022,Prefeitura Municipal de Toritama - PE,PE,RECEITA CORRENTE LÍQUIDA,132552107.96
2022,Prefeitura Municipal de Toritama - PE,PE,% da DC sobre a RCL AJUSTADA (I/VI),19.76
2022,Prefeitura Municipal de Toritama - PE,PE,% da DCL sobre a RCL AJUSTADA,-1.9
2022,Prefeitura Municipal de Trindade - PE,PE,DÍVIDA CONSOLIDADA,31516635.78
2022,Prefeitura Municipal de Trindade - PE,PE,Disponibilidade de Caixa,33886444.14
2022,Prefeitura Municipal de Trindade - PE,PE,Disponibilidade de Caixa Bruta,36007911.26
2022,Prefeitura Municipal de Trindade - PE,PE,RECEITA CORRENTE LÍQUIDA,96356912.02
2022,Prefeitura Municipal de Trindade - PE,PE,% da DC sobre a RCL AJUSTADA (I/VI),32.71
2022,Prefeitura Municipal de Trindade - PE,PE,% da DCL sobre a RCL AJUSTADA,-2.46
2022,Prefeitura Municipal de Trindade - PE,PE,Precatórios (Não incluídos na DC),47158.93
2022,Prefeitura Municipal de Tracunhaém - PE,PE,DÍVIDA CONSOLIDADA,14427955.99
2022,Prefeitura Municipal de Tracunhaém - PE,PE,Precatórios (inclusive) Vencidos e Não Pagos,355231.56
2022,Prefeitura Municipal de Tracunhaém - PE,PE,Disponibilidade de Caixa,518815.25
2022,Prefeitura Municipal de Tracunhaém - PE,PE,Disponibilidade de Caixa Bruta,2229643.34
2022,Prefeitura Municipal de Tracunhaém - PE,PE,RECEITA CORRENTE LÍQUIDA,40923852.61
2022,Prefeitura Municipal de Tracunhaém - PE,PE,% da DC sobre a RCL AJUSTADA (I/VI),35.26
2022,Prefeitura Municipal de Tracunhaém - PE,PE,% da DCL sobre a RCL AJUSTADA,33.3
2022,Prefeitura Municipal de Tracunhaém - PE,PE,Precatórios (Não incluídos na DC),42473.37
2022,Prefeitura Municipal de Tupanatinga - PE,PE,DÍVIDA CONSOLIDADA,56788.13
2022,Prefeitura Municipal de Tupanatinga - PE,PE,Precatórios (inclusive) Vencidos e Não Pagos,13212.41
2022,Prefeitura Municipal de Tupanatinga - PE,PE,Disponibilidade de Caixa,10949164.53
2022,Prefeitura Municipal de Tupanatinga - PE,PE,Disponibilidade de Caixa Bruta,10949164.53
2022,Prefeitura Municipal de Tupanatinga - PE,PE,RECEITA CORRENTE LÍQUIDA,79804459.03
2022,Prefeitura Municipal de Tupanatinga - PE,PE,% da DC sobre a RCL AJUSTADA (I/VI),0.07
2022,Prefeitura Municipal de Tupanatinga - PE,PE,% da DCL sobre a RCL AJUSTADA,-13.65
2022,Prefeitura Municipal de Venturosa - PE,PE,DÍVIDA CONSOLIDADA,3375762.79
2022,Prefeitura Municipal de Venturosa - PE,PE,Disponibilidade de Caixa,7528857.23
2022,Prefeitura Municipal de Venturosa - PE,PE,Disponibilidade de Caixa Bruta,9896096.02
2022,Prefeitura Municipal de Venturosa - PE,PE,RECEITA CORRENTE LÍQUIDA,58791606.16
2022,Prefeitura Municipal de Venturosa - PE,PE,% da DC sobre a RCL AJUSTADA (I/VI),6.01
2022,Prefeitura Municipal de Venturosa - PE,PE,% da DCL sobre a RCL AJUSTADA,-7.4
2022,Prefeitura Municipal de Verdejante - PE,PE,DÍVIDA CONSOLIDADA,1320194.92
2022,Prefeitura Municipal de Verdejante - PE,PE,Precatórios (inclusive) Vencidos e Não Pagos,73564.07
2022,Prefeitura Municipal de Verdejante - PE,PE,RECEITA CORRENTE LÍQUIDA,32227044.46
2022,Prefeitura Municipal de Verdejante - PE,PE,% da DC sobre a RCL AJUSTADA (I/VI),4.1
2022,Prefeitura Municipal de Verdejante - PE,PE,% da DCL sobre a RCL AJUSTADA,3.76
2022,Prefeitura Municipal de Verdejante - PE,PE,Precatórios (Não incluídos na DC),1585.62
2022,Prefeitura Municipal de Vertentes - PE,PE,DÍVIDA CONSOLIDADA,1740726.16
2022,Prefeitura Municipal de Vertentes - PE,PE,Precatórios (inclusive) Vencidos e Não Pagos,30812.22
2022,Prefeitura Municipal de Vertentes - PE,PE,Disponibilidade de Caixa,22510743.07
2022,Prefeitura Municipal de Vertentes - PE,PE,Disponibilidade de Caixa Bruta,22943195.04
2022,Prefeitura Municipal de Vertentes - PE,PE,RECEITA CORRENTE LÍQUIDA,63471960.93
2022,Prefeitura Municipal de Vertentes - PE,PE,% da DC sobre a RCL AJUSTADA (I/VI),2.93
2022,Prefeitura Municipal de Vertentes - PE,PE,% da DCL sobre a RCL AJUSTADA,-34.9
2022,Prefeitura Municipal de Vertente do Lério - PE,PE,DÍVIDA CONSOLIDADA,854119.76
2022,Prefeitura Municipal de Vertente do Lério - PE,PE,Disponibilidade de Caixa,4907084.49
2022,Prefeitura Municipal de Vertente do Lério - PE,PE,Disponibilidade de Caixa Bruta,6143843.23
2022,Prefeitura Municipal de Vertente do Lério - PE,PE,RECEITA CORRENTE LÍQUIDA,32291739.26
2022,Prefeitura Municipal de Vertente do Lério - PE,PE,% da DC sobre a RCL AJUSTADA (I/VI),2.65
2022,Prefeitura Municipal de Vertente do Lério - PE,PE,% da DCL sobre a RCL AJUSTADA,-12.55
2022,Prefeitura Municipal de Vicência - PE,PE,DÍVIDA CONSOLIDADA,18979439.33
2022,Prefeitura Municipal de Vicência - PE,PE,Disponibilidade de Caixa,8452396.11
2022,Prefeitura Municipal de Vicência - PE,PE,Disponibilidade de Caixa Bruta,11539302.55
2022,Prefeitura Municipal de Vicência - PE,PE,RECEITA CORRENTE LÍQUIDA,86532180.74
2022,Prefeitura Municipal de Vicência - PE,PE,% da DC sobre a RCL AJUSTADA (I/VI),22.22
2022,Prefeitura Municipal de Vicência - PE,PE,% da DCL sobre a RCL AJUSTADA,11.48
2022,Prefeitura Municipal de Vitória de Santo Antão - PE,PE,DÍVIDA CONSOLIDADA,5741769.06
2022,Prefeitura Municipal de Vitória de Santo Antão - PE,PE,Disponibilidade de Caixa,99426015.6
2022,Prefeitura Municipal de Vitória de Santo Antão - PE,PE,Disponibilidade de Caixa Bruta,111525090.1
2022,Prefeitura Municipal de Vitória de Santo Antão - PE,PE,RECEITA CORRENTE LÍQUIDA,370633173.61
2022,Prefeitura Municipal de Vitória de Santo Antão - PE,PE,% da DC sobre a RCL AJUSTADA (I/VI),1.56
2022,Prefeitura Municipal de Vitória de Santo Antão - PE,PE,% da DCL sobre a RCL AJUSTADA,-25.86
2022,Prefeitura Municipal de Xexéu - PE,PE,DÍVIDA CONSOLIDADA,26026168.94
2022,Prefeitura Municipal de Xexéu - PE,PE,Precatórios (inclusive) Vencidos e Não Pagos,9194.67
2022,Prefeitura Municipal de Xexéu - PE,PE,Disponibilidade de Caixa,198707.85
2022,Prefeitura Municipal de Xexéu - PE,PE,Disponibilidade de Caixa Bruta,9632421.48
2022,Prefeitura Municipal de Xexéu - PE,PE,RECEITA CORRENTE LÍQUIDA,52250858.83
2022,Prefeitura Municipal de Xexéu - PE,PE,% da DC sobre a RCL AJUSTADA (I/VI),49.87
2022,Prefeitura Municipal de Xexéu - PE,PE,% da DCL sobre a RCL AJUSTADA,49.45
2022,Prefeitura Municipal de Xexéu - PE,PE,Precatórios (Não incluídos na DC),12556.02
2023,Prefeitura Municipal de Abreu e Lima - PE,PE,DÍVIDA CONSOLIDADA,19379204.66
2023,Prefeitura Municipal de Abreu e Lima - PE,PE,Disponibilidade de Caixa,119151202.05
2023,Prefeitura Municipal de Abreu e Lima - PE,PE,Disponibilidade de Caixa Bruta,127562907.38
2023,Prefeitura Municipal de Abreu e Lima - PE,PE,RECEITA CORRENTE LÍQUIDA,239939078.91
2023,Prefeitura Municipal de Abreu e Lima - PE,PE,% da DC sobre a RCL AJUSTADA (I/VI),8.33
2023,Prefeitura Municipal de Abreu e Lima - PE,PE,% da DCL sobre a RCL AJUSTADA,-42.92
2023,Prefeitura Municipal de Afrânio - PE,PE,DÍVIDA CONSOLIDADA,17164688.27
2023,Prefeitura Municipal de Afrânio - PE,PE,Precatórios (inclusive) Vencidos e Não Pagos,292381.49
2023,Prefeitura Municipal de Afrânio - PE,PE,Disponibilidade de Caixa,10220029.71
2023,Prefeitura Municipal de Afrânio - PE,PE,Disponibilidade de Caixa Bruta,13036866.34
2023,Prefeitura Municipal de Afrânio - PE,PE,RECEITA CORRENTE LÍQUIDA,70812472.41
2023,Prefeitura Municipal de Afrânio - PE,PE,% da DC sobre a RCL AJUSTADA (I/VI),24.41
2023,Prefeitura Municipal de Afrânio - PE,PE,% da DCL sobre a RCL AJUSTADA,9.88
2023,Prefeitura Municipal de Agrestina - PE,PE,DÍVIDA CONSOLIDADA,19144810.77
2023,Prefeitura Municipal de Agrestina - PE,PE,Precatórios (inclusive) Vencidos e Não Pagos,499433.0
2023,Prefeitura Municipal de Agrestina - PE,PE,Disponibilidade de Caixa,17520983.09
2023,Prefeitura Municipal de Agrestina - PE,PE,Disponibilidade de Caixa Bruta,19423195.37
2023,Prefeitura Municipal de Agrestina - PE,PE,RECEITA CORRENTE LÍQUIDA,88853600.65
2023,Prefeitura Municipal de Agrestina - PE,PE,% da DC sobre a RCL AJUSTADA (I/VI),21.74
2023,Prefeitura Municipal de Agrestina - PE,PE,% da DCL sobre a RCL AJUSTADA,1.74
2023,Prefeitura Municipal de Água Preta - PE,PE,DÍVIDA CONSOLIDADA,22786505.13
2023,Prefeitura Municipal de Água Preta - PE,PE,Precatórios (inclusive) Vencidos e Não Pagos,579286.37
2023,Prefeitura Municipal de Água Preta - PE,PE,Disponibilidade de Caixa,-3384612.99
2023,Prefeitura Municipal de Água Preta - PE,PE,Disponibilidade de Caixa Bruta,4507320.82
2023,Prefeitura Municipal de Água Preta - PE,PE,RECEITA CORRENTE LÍQUIDA,103824367.68
2023,Prefeitura Municipal de Água Preta - PE,PE,% da DC sobre a RCL AJUSTADA (I/VI),21.95
2023,Prefeitura Municipal de Água Preta - PE,PE,% da DCL sobre a RCL AJUSTADA,25.21
2023,Prefeitura Municipal de Águas Belas - PE,PE,DÍVIDA CONSOLIDADA,43868029.36
2023,Prefeitura Municipal de Águas Belas - PE,PE,Precatórios (inclusive) Vencidos e Não Pagos,35038.63
2023,Prefeitura Municipal de Águas Belas - PE,PE,Disponibilidade de Caixa,-7556191.83
2023,Prefeitura Municipal de Águas Belas - PE,PE,Disponibilidade de Caixa Bruta,9144833.26
2023,Prefeitura Municipal de Águas Belas - PE,PE,RECEITA CORRENTE LÍQUIDA,133093896.37
2023,Prefeitura Municipal de Águas Belas - PE,PE,% da DC sobre a RCL AJUSTADA (I/VI),33.86
2023,Prefeitura Municipal de Águas Belas - PE,PE,% da DCL sobre a RCL AJUSTADA,39.7
2023,Prefeitura Municipal de Alagoinha - PE,PE,DÍVIDA CONSOLIDADA,3029363.77
2023,Prefeitura Municipal de Alagoinha - PE,PE,Disponibilidade de Caixa,2037710.6
2023,Prefeitura Municipal de Alagoinha - PE,PE,Disponibilidade de Caixa Bruta,3648646.71
2023,Prefeitura Municipal de Alagoinha - PE,PE,RECEITA CORRENTE LÍQUIDA,55759165.6
2023,Prefeitura Municipal de Alagoinha - PE,PE,% da DC sobre a RCL AJUSTADA (I/VI),5.5
2023,Prefeitura Municipal de Alagoinha - PE,PE,% da DCL sobre a RCL AJUSTADA,1.8
2023,Prefeitura Municipal de Aliança - PE,PE,DÍVIDA CONSOLIDADA,43235236.52
2023,Prefeitura Municipal de Aliança - PE,PE,Precatórios (inclusive) Vencidos e Não Pagos,126886.73
2023,Prefeitura Municipal de Aliança - PE,PE,Disponibilidade de Caixa,-7676056.75
2023,Prefeitura Municipal de Aliança - PE,PE,Disponibilidade de Caixa Bruta,9014809.74
2023,Prefeitura Municipal de Aliança - PE,PE,RECEITA CORRENTE LÍQUIDA,120024172.96
2023,Prefeitura Municipal de Aliança - PE,PE,% da DC sobre a RCL AJUSTADA (I/VI),37.91
2023,Prefeitura Municipal de Aliança - PE,PE,% da DCL sobre a RCL AJUSTADA,44.64
2023,Prefeitura Municipal de Aliança - PE,PE,Precatórios (Não incluídos na DC),122655.54
2023,Prefeitura Municipal de Altinho - PE,PE,DÍVIDA CONSOLIDADA,10664058.99
2023,Prefeitura Municipal de Altinho - PE,PE,Disponibilidade de Caixa,-1551898.03
2023,Prefeitura Municipal de Altinho - PE,PE,Disponibilidade de Caixa Bruta,1926700.89
2023,Prefeitura Municipal de Altinho - PE,PE,RECEITA CORRENTE LÍQUIDA,64115419.7
2023,Prefeitura Municipal de Altinho - PE,PE,% da DC sobre a RCL AJUSTADA (I/VI),16.98
2023,Prefeitura Municipal de Altinho - PE,PE,% da DCL sobre a RCL AJUSTADA,19.45
2023,Prefeitura Municipal de Amaraji - PE,PE,DÍVIDA CONSOLIDADA,19746486.77
2023,Prefeitura Municipal de Amaraji - PE,PE,Disponibilidade de Caixa,38966414.59
2023,Prefeitura Municipal de Amaraji - PE,PE,Disponibilidade de Caixa Bruta,50279421.2
2023,Prefeitura Municipal de Amaraji - PE,PE,RECEITA CORRENTE LÍQUIDA,74248851.17
2023,Prefeitura Municipal de Amaraji - PE,PE,% da DC sobre a RCL AJUSTADA (I/VI),26.76
2023,Prefeitura Municipal de Amaraji - PE,PE,% da DCL sobre a RCL AJUSTADA,-26.04
2023,Prefeitura Municipal de Angelim - PE,PE,DÍVIDA CONSOLIDADA,2289831.57
2023,Prefeitura Municipal de Angelim - PE,PE,Precatórios (inclusive) Vencidos e Não Pagos,-773.83
2023,Prefeitura Municipal de Angelim - PE,PE,Disponibilidade de Caixa,4118548.34
2023,Prefeitura Municipal de Angelim - PE,PE,Disponibilidade de Caixa Bruta,7899089.8
2023,Prefeitura Municipal de Angelim - PE,PE,RECEITA CORRENTE LÍQUIDA,48552945.11
2023,Prefeitura Municipal de Angelim - PE,PE,% da DC sobre a RCL AJUSTADA (I/VI),4.81
2023,Prefeitura Municipal de Angelim - PE,PE,% da DCL sobre a RCL AJUSTADA,-3.93
2023,Prefeitura Municipal de Angelim - PE,PE,Precatórios (Não incluídos na DC),-1615.02
2023,Prefeitura Municipal de Araçoiaba - PE,PE,DÍVIDA CONSOLIDADA,32990103.56
2023,Prefeitura Municipal de Araçoiaba - PE,PE,Disponibilidade de Caixa,-2361464.09
2023,Prefeitura Municipal de Araçoiaba - PE,PE,Disponibilidade de Caixa Bruta,9412510.19
2023,Prefeitura Municipal de Araçoiaba - PE,PE,RECEITA CORRENTE LÍQUIDA,10109288.29
2023,Prefeitura Municipal de Araçoiaba - PE,PE,% da DC sobre a RCL AJUSTADA (I/VI),326.33
2023,Prefeitura Municipal de Araçoiaba - PE,PE,% da DCL sobre a RCL AJUSTADA,349.69
2023,Prefeitura Municipal de Araçoiaba - PE,PE,Precatórios (Não incluídos na DC),-20000.0
2023,Prefeitura Municipal de Araripina - PE,PE,DÍVIDA CONSOLIDADA,171772478.27
2023,Prefeitura Municipal de Araripina - PE,PE,Disponibilidade de Caixa,27278889.12
2023,Prefeitura Municipal de Araripina - PE,PE,Disponibilidade de Caixa Bruta,38286678.6
2023,Prefeitura Municipal de Araripina - PE,PE,RECEITA CORRENTE LÍQUIDA,256798119.52
2023,Prefeitura Municipal de Araripina - PE,PE,% da DC sobre a RCL AJUSTADA (I/VI),67.09
2023,Prefeitura Municipal de Araripina - PE,PE,% da DCL sobre a RCL AJUSTADA,56.32
2023,Prefeitura Municipal de Arcoverde - PE,PE,DÍVIDA CONSOLIDADA,12398275.39
2023,Prefeitura Municipal de Arcoverde - PE,PE,Disponibilidade de Caixa,-44340560.14
2023,Prefeitura Municipal de Arcoverde - PE,PE,Disponibilidade de Caixa Bruta,18853650.42
2023,Prefeitura Municipal de Arcoverde - PE,PE,RECEITA CORRENTE LÍQUIDA,222718034.49
2023,Prefeitura Municipal de Arcoverde - PE,PE,% da DC sobre a RCL AJUSTADA (I/VI),5.61
2023,Prefeitura Municipal de Arcoverde - PE,PE,% da DCL sobre a RCL AJUSTADA,25.1
2023,Prefeitura Municipal de Barra de Guabiraba - PE,PE,DÍVIDA CONSOLIDADA,26672496.09
2023,Prefeitura Municipal de Barra de Guabiraba - PE,PE,Disponibilidade de Caixa,1201177.06
2023,Prefeitura Municipal de Barra de Guabiraba - PE,PE,Disponibilidade de Caixa Bruta,4473332.1
2023,Prefeitura Municipal de Barra de Guabiraba - PE,PE,RECEITA CORRENTE LÍQUIDA,52718934.99
2023,Prefeitura Municipal de Barra de Guabiraba - PE,PE,% da DC sobre a RCL AJUSTADA (I/VI),52.22
2023,Prefeitura Municipal de Barra de Guabiraba - PE,PE,% da DCL sobre a RCL AJUSTADA,49.87
2023,Prefeitura Municipal de Barreiros - PE,PE,DÍVIDA CONSOLIDADA,36435040.56
2023,Prefeitura Municipal de Barreiros - PE,PE,Disponibilidade de Caixa,-37364168.66
2023,Prefeitura Municipal de Barreiros - PE,PE,Disponibilidade de Caixa Bruta,34905318.94
2023,Prefeitura Municipal de Barreiros - PE,PE,RECEITA CORRENTE LÍQUIDA,152251179.67
2023,Prefeitura Municipal de Barreiros - PE,PE,% da DC sobre a RCL AJUSTADA (I/VI),24.17
2023,Prefeitura Municipal de Barreiros - PE,PE,% da DCL sobre a RCL AJUSTADA,48.95
2023,Prefeitura Municipal de Belém de Maria - PE,PE,DÍVIDA CONSOLIDADA,13980843.46
2023,Prefeitura Municipal de Belém de Maria - PE,PE,Disponibilidade de Caixa,664838.07
2023,Prefeitura Municipal de Belém de Maria - PE,PE,Disponibilidade de Caixa Bruta,4982918.57
2023,Prefeitura Municipal de Belém de Maria - PE,PE,RECEITA CORRENTE LÍQUIDA,47154712.95
2023,Prefeitura Municipal de Belém de Maria - PE,PE,% da DC sobre a RCL AJUSTADA (I/VI),29.74
2023,Prefeitura Municipal de Belém de Maria - PE,PE,% da DCL sobre a RCL AJUSTADA,28.33
2023,Prefeitura Municipal de Belém do São Francisco - PE,PE,DÍVIDA CONSOLIDADA,19365893.88
2023,Prefeitura Municipal de Belém do São Francisco - PE,PE,Disponibilidade de Caixa,7964120.46
2023,Prefeitura Municipal de Belém do São Francisco - PE,PE,Disponibilidade de Caixa Bruta,12889066.77
2023,Prefeitura Municipal de Belém do São Francisco - PE,PE,RECEITA CORRENTE LÍQUIDA,67774135.09
2023,Prefeitura Municipal de Belém do São Francisco - PE,PE,% da DC sobre a RCL AJUSTADA (I/VI),28.57
2023,Prefeitura Municipal de Belém do São Francisco - PE,PE,% da DCL sobre a RCL AJUSTADA,16.82
2023,Prefeitura Municipal de Betânia - PE,PE,DÍVIDA CONSOLIDADA,8542290.0
2023,Prefeitura Municipal de Betânia - PE,PE,Disponibilidade de Caixa,5046018.63
2023,Prefeitura Municipal de Betânia - PE,PE,Disponibilidade de Caixa Bruta,13101195.1
2023,Prefeitura Municipal de Betânia - PE,PE,RECEITA CORRENTE LÍQUIDA,66375175.79
2023,Prefeitura Municipal de Betânia - PE,PE,% da DC sobre a RCL AJUSTADA (I/VI),13.14
2023,Prefeitura Municipal de Betânia - PE,PE,% da DCL sobre a RCL AJUSTADA,5.37
2023,Prefeitura Municipal de Belo Jardim - PE,PE,DÍVIDA CONSOLIDADA,62882089.3
2023,Prefeitura Municipal de Belo Jardim - PE,PE,Precatórios (inclusive) Vencidos e Não Pagos,233963.73
2023,Prefeitura Municipal de Belo Jardim - PE,PE,Disponibilidade de Caixa,-16245081.59
2023,Prefeitura Municipal de Belo Jardim - PE,PE,Disponibilidade de Caixa Bruta,15768798.4
2023,Prefeitura Municipal de Belo Jardim - PE,PE,RECEITA CORRENTE LÍQUIDA,236771889.76
2023,Prefeitura Municipal de Belo Jardim - PE,PE,% da DC sobre a RCL AJUSTADA (I/VI),26.58
2023,Prefeitura Municipal de Belo Jardim - PE,PE,% da DCL sobre a RCL AJUSTADA,31.12
2023,Prefeitura Municipal de Bezerros - PE,PE,DÍVIDA CONSOLIDADA,64127099.68
2023,Prefeitura Municipal de Bezerros - PE,PE,Precatórios (inclusive) Vencidos e Não Pagos,381636.0
2023,Prefeitura Municipal de Bezerros - PE,PE,Disponibilidade de Caixa,4004338.41
2023,Prefeitura Municipal de Bezerros - PE,PE,Disponibilidade de Caixa Bruta,16070486.2
2023,Prefeitura Municipal de Bezerros - PE,PE,RECEITA CORRENTE LÍQUIDA,166550363.36
2023,Prefeitura Municipal de Bezerros - PE,PE,% da DC sobre a RCL AJUSTADA (I/VI),38.98
2023,Prefeitura Municipal de Bezerros - PE,PE,% da DCL sobre a RCL AJUSTADA,34.63
2023,Prefeitura Municipal de Bodocó - PE,PE,DÍVIDA CONSOLIDADA,17525397.28
2023,Prefeitura Municipal de Bodocó - PE,PE,Disponibilidade de Caixa,5929847.74
2023,Prefeitura Municipal de Bodocó - PE,PE,Disponibilidade de Caixa Bruta,12119776.24
2023,Prefeitura Municipal de Bodocó - PE,PE,RECEITA CORRENTE LÍQUIDA,111351284.07
2023,Prefeitura Municipal de Bodocó - PE,PE,% da DC sobre a RCL AJUSTADA (I/VI),16.03
2023,Prefeitura Municipal de Bodocó - PE,PE,% da DCL sobre a RCL AJUSTADA,10.6
2023,Prefeitura Municipal de Bom Conselho - PE,PE,DÍVIDA CONSOLIDADA,58343333.8
2023,Prefeitura Municipal de Bom Conselho - PE,PE,Disponibilidade de Caixa,-5149312.68
2023,Prefeitura Municipal de Bom Conselho - PE,PE,Disponibilidade de Caixa Bruta,9011229.8
2023,Prefeitura Municipal de Bom Conselho - PE,PE,RECEITA CORRENTE LÍQUIDA,135663882.81
2023,Prefeitura Municipal de Bom Conselho - PE,PE,% da DC sobre a RCL AJUSTADA (I/VI),44.43
2023,Prefeitura Municipal de Bom Conselho - PE,PE,% da DCL sobre a RCL AJUSTADA,48.35
2023,Prefeitura Municipal de Bom Jardim - PE,PE,DÍVIDA CONSOLIDADA,13911089.31
2023,Prefeitura Municipal de Bom Jardim - PE,PE,Disponibilidade de Caixa,5252429.11
2023,Prefeitura Municipal de Bom Jardim - PE,PE,Disponibilidade de Caixa Bruta,8364123.24
2023,Prefeitura Municipal de Bom Jardim - PE,PE,RECEITA CORRENTE LÍQUIDA,119493480.89
2023,Prefeitura Municipal de Bom Jardim - PE,PE,% da DC sobre a RCL AJUSTADA (I/VI),11.91
2023,Prefeitura Municipal de Bom Jardim - PE,PE,% da DCL sobre a RCL AJUSTADA,7.41
2023,Prefeitura Municipal de Bonito - PE,PE,DÍVIDA CONSOLIDADA,25744224.8
2023,Prefeitura Municipal de Bonito - PE,PE,Disponibilidade de Caixa,3128872.05
2023,Prefeitura Municipal de Bonito - PE,PE,Disponibilidade de Caixa Bruta,15116096.19
2023,Prefeitura Municipal de Bonito - PE,PE,RECEITA CORRENTE LÍQUIDA,117115091.23
2023,Prefeitura Municipal de Bonito - PE,PE,% da DC sobre a RCL AJUSTADA (I/VI),22.2
2023,Prefeitura Municipal de Bonito - PE,PE,% da DCL sobre a RCL AJUSTADA,19.5
2023,Prefeitura Municipal de Brejão - PE,PE,DÍVIDA CONSOLIDADA,8635619.96
2023,Prefeitura Municipal de Brejão - PE,PE,Precatórios (inclusive) Vencidos e Não Pagos,146791.03
2023,Prefeitura Municipal de Brejão - PE,PE,Disponibilidade de Caixa,10350440.11
2023,Prefeitura Municipal de Brejão - PE,PE,Disponibilidade de Caixa Bruta,11133250.13
2023,Prefeitura Municipal de Brejão - PE,PE,RECEITA CORRENTE LÍQUIDA,49183852.59
2023,Prefeitura Municipal de Brejão - PE,PE,% da DC sobre a RCL AJUSTADA (I/VI),18.46
2023,Prefeitura Municipal de Brejão - PE,PE,% da DCL sobre a RCL AJUSTADA,-3.67
2023,Prefeitura Municipal de Brejinho - PE,PE,DÍVIDA CONSOLIDADA,1991458.89
2023,Prefeitura Municipal de Brejinho - PE,PE,Disponibilidade de Caixa,8719014.4
2023,Prefeitura Municipal de Brejinho - PE,PE,Disponibilidade de Caixa Bruta,10177340.11
2023,Prefeitura Municipal de Brejinho - PE,PE,RECEITA CORRENTE LÍQUIDA,37854121.96
2023,Prefeitura Municipal de Brejinho - PE,PE,% da DC sobre a RCL AJUSTADA (I/VI),5.29
2023,Prefeitura Municipal de Brejinho - PE,PE,% da DCL sobre a RCL AJUSTADA,-17.86
2023,Prefeitura Municipal de Brejo da Madre de Deus - PE,PE,DÍVIDA CONSOLIDADA,6440617.88
2023,Prefeitura Municipal de Brejo da Madre de Deus - PE,PE,Precatórios (inclusive) Vencidos e Não Pagos,13086.0
2023,Prefeitura Municipal de Brejo da Madre de Deus - PE,PE,Disponibilidade de Caixa,-8357405.14
2023,Prefeitura Municipal de Brejo da Madre de Deus - PE,PE,Disponibilidade de Caixa Bruta,13677004.67
2023,Prefeitura Municipal de Brejo da Madre de Deus - PE,PE,RECEITA CORRENTE LÍQUIDA,152011273.98
2023,Prefeitura Municipal de Brejo da Madre de Deus - PE,PE,% da DC sobre a RCL AJUSTADA (I/VI),4.29
2023,Prefeitura Municipal de Brejo da Madre de Deus - PE,PE,% da DCL sobre a RCL AJUSTADA,9.85
2023,Prefeitura Municipal de Brejo da Madre de Deus - PE,PE,Precatórios (Não incluídos na DC),-32009.36
2023,Prefeitura Municipal de Buenos Aires - PE,PE,DÍVIDA CONSOLIDADA,666864.0
2023,Prefeitura Municipal de Buenos Aires - PE,PE,Disponibilidade de Caixa,32734473.06
2023,Prefeitura Municipal de Buenos Aires - PE,PE,Disponibilidade de Caixa Bruta,32851749.23
2023,Prefeitura Municipal de Buenos Aires - PE,PE,RECEITA CORRENTE LÍQUIDA,52414068.62
2023,Prefeitura Municipal de Buenos Aires - PE,PE,% da DC sobre a RCL AJUSTADA (I/VI),1.28
2023,Prefeitura Municipal de Buenos Aires - PE,PE,% da DCL sobre a RCL AJUSTADA,-61.46
2023,Prefeitura Municipal de Buíque - PE,PE,DÍVIDA CONSOLIDADA,1369677.21
2023,Prefeitura Municipal de Buíque - PE,PE,Disponibilidade de Caixa,310137.66
2023,Prefeitura Municipal de Buíque - PE,PE,Disponibilidade de Caixa Bruta,9733202.69
2023,Prefeitura Municipal de Buíque - PE,PE,RECEITA CORRENTE LÍQUIDA,150314997.24
2023,Prefeitura Municipal de Buíque - PE,PE,% da DC sobre a RCL AJUSTADA (I/VI),0.93
2023,Prefeitura Municipal de Buíque - PE,PE,% da DCL sobre a RCL AJUSTADA,0.72
2023,Prefeitura Municipal de Buíque - PE,PE,Precatórios (Não incluídos na DC),3286.17
2023,Prefeitura Municipal de Cabo de Santo Agostinho - PE,PE,DÍVIDA CONSOLIDADA,108205423.82
2023,Prefeitura Municipal de Cabo de Santo Agostinho - PE,PE,Precatórios (inclusive) Vencidos e Não Pagos,826028.01
2023,Prefeitura Municipal de Cabo de Santo Agostinho - PE,PE,Disponibilidade de Caixa,66686466.98
2023,Prefeitura Municipal de Cabo de Santo Agostinho - PE,PE,Disponibilidade de Caixa Bruta,87136704.03
2023,Prefeitura Municipal de Cabo de Santo Agostinho - PE,PE,RECEITA CORRENTE LÍQUIDA,988322487.14
2023,Prefeitura Municipal de Cabo de Santo Agostinho - PE,PE,% da DC sobre a RCL AJUSTADA (I/VI),10.98
2023,Prefeitura Municipal de Cabo de Santo Agostinho - PE,PE,% da DCL sobre a RCL AJUSTADA,4.21
2023,Prefeitura Municipal de Cabrobó - PE,PE,DÍVIDA CONSOLIDADA,20856988.13
2023,Prefeitura Municipal de Cabrobó - PE,PE,Disponibilidade de Caixa,5500818.73
2023,Prefeitura Municipal de Cabrobó - PE,PE,Disponibilidade de Caixa Bruta,7654476.21
2023,Prefeitura Municipal de Cabrobó - PE,PE,RECEITA CORRENTE LÍQUIDA,103583461.73
2023,Prefeitura Municipal de Cabrobó - PE,PE,% da DC sobre a RCL AJUSTADA (I/VI),20.37
2023,Prefeitura Municipal de Cabrobó - PE,PE,% da DCL sobre a RCL AJUSTADA,15.0
2023,Prefeitura Municipal de Cachoeirinha - PE,PE,DÍVIDA CONSOLIDADA,11119972.0
2023,Prefeitura Municipal de Cachoeirinha - PE,PE,Disponibilidade de Caixa,3419697.51
2023,Prefeitura Municipal de Cachoeirinha - PE,PE,Disponibilidade de Caixa Bruta,4628441.43
2023,Prefeitura Municipal de Cachoeirinha - PE,PE,RECEITA CORRENTE LÍQUIDA,62729919.61
2023,Prefeitura Municipal de Cachoeirinha - PE,PE,% da DC sobre a RCL AJUSTADA (I/VI),17.87
2023,Prefeitura Municipal de Cachoeirinha - PE,PE,% da DCL sobre a RCL AJUSTADA,12.37
2023,Prefeitura Municipal de Caetés - PE,PE,DÍVIDA CONSOLIDADA,9046763.32
2023,Prefeitura Municipal de Caetés - PE,PE,Disponibilidade de Caixa,9275503.21
2023,Prefeitura Municipal de Caetés - PE,PE,Disponibilidade de Caixa Bruta,12958821.01
2023,Prefeitura Municipal de Caetés - PE,PE,RECEITA CORRENTE LÍQUIDA,97575107.07
2023,Prefeitura Municipal de Caetés - PE,PE,% da DC sobre a RCL AJUSTADA (I/VI),9.42
2023,Prefeitura Municipal de Caetés - PE,PE,% da DCL sobre a RCL AJUSTADA,-1.39
2023,Prefeitura Municipal de Calumbi - PE,PE,DÍVIDA CONSOLIDADA,1327464.95
2023,Prefeitura Municipal de Calumbi - PE,PE,Precatórios (inclusive) Vencidos e Não Pagos,-4016.92
2023,Prefeitura Municipal de Calumbi - PE,PE,Disponibilidade de Caixa,3877181.4
2023,Prefeitura Municipal de Calumbi - PE,PE,Disponibilidade de Caixa Bruta,5983324.41
2023,Prefeitura Municipal de Calumbi - PE,PE,RECEITA CORRENTE LÍQUIDA,34436961.8
2023,Prefeitura Municipal de Calumbi - PE,PE,% da DC sobre a RCL AJUSTADA (I/VI),3.97
2023,Prefeitura Municipal de Calumbi - PE,PE,% da DCL sobre a RCL AJUSTADA,-7.63
2023,Prefeitura Municipal de Camaragibe - PE,PE,DÍVIDA CONSOLIDADA,33061755.6
2023,Prefeitura Municipal de Camaragibe - PE,PE,Precatórios (inclusive) Vencidos e Não Pagos,1921874.0
2023,Prefeitura Municipal de Camaragibe - PE,PE,Disponibilidade de Caixa,36759764.24
2023,Prefeitura Municipal de Camaragibe - PE,PE,Disponibilidade de Caixa Bruta,48719821.54
2023,Prefeitura Municipal de Camaragibe - PE,PE,RECEITA CORRENTE LÍQUIDA,420854102.07
2023,Prefeitura Municipal de Camaragibe - PE,PE,% da DC sobre a RCL AJUSTADA (I/VI),7.92
2023,Prefeitura Municipal de Camaragibe - PE,PE,% da DCL sobre a RCL AJUSTADA,-0.92
2023,Prefeitura Municipal de Camocim de São Félix - PE,PE,DÍVIDA CONSOLIDADA,23071377.77
2023,Prefeitura Municipal de Camocim de São Félix - PE,PE,Disponibilidade de Caixa,8265161.5
2023,Prefeitura Municipal de Camocim de São Félix - PE,PE,Disponibilidade de Caixa Bruta,8728016.85
2023,Prefeitura Municipal de Camocim de São Félix - PE,PE,RECEITA CORRENTE LÍQUIDA,60611735.15
2023,Prefeitura Municipal de Camocim de São Félix - PE,PE,% da DC sobre a RCL AJUSTADA (I/VI),39.1
2023,Prefeitura Municipal de Camocim de São Félix - PE,PE,% da DCL sobre a RCL AJUSTADA,25.09
2023,Prefeitura Municipal de Camocim de São Félix - PE,PE,Precatórios (Não incluídos na DC),-3762.59
2023,Prefeitura Municipal de Canhotinho - PE,PE,DÍVIDA CONSOLIDADA,14017438.61
2023,Prefeitura Municipal de Canhotinho - PE,PE,Disponibilidade de Caixa,2971844.45
2023,Prefeitura Municipal de Canhotinho - PE,PE,Disponibilidade de Caixa Bruta,16175068.3
2023,Prefeitura Municipal de Canhotinho - PE,PE,RECEITA CORRENTE LÍQUIDA,93042732.86
2023,Prefeitura Municipal de Canhotinho - PE,PE,% da DC sobre a RCL AJUSTADA (I/VI),15.2
2023,Prefeitura Municipal de Canhotinho - PE,PE,% da DCL sobre a RCL AJUSTADA,11.57
2023,Prefeitura Municipal de Capoeiras - PE,PE,DÍVIDA CONSOLIDADA,1882702.42
2023,Prefeitura Municipal de Capoeiras - PE,PE,Disponibilidade de Caixa,-5217568.79
2023,Prefeitura Municipal de Capoeiras - PE,PE,Disponibilidade de Caixa Bruta,3727270.3
2023,Prefeitura Municipal de Capoeiras - PE,PE,RECEITA CORRENTE LÍQUIDA,71032157.57
2023,Prefeitura Municipal de Capoeiras - PE,PE,% da DC sobre a RCL AJUSTADA (I/VI),2.74
2023,Prefeitura Municipal de Capoeiras - PE,PE,% da DCL sobre a RCL AJUSTADA,10.34
2023,Prefeitura Municipal de Carnaubeira da Penha - PE,PE,DÍVIDA CONSOLIDADA,595671.73
2023,Prefeitura Municipal de Carnaubeira da Penha - PE,PE,Disponibilidade de Caixa,826658.56
2023,Prefeitura Municipal de Carnaubeira da Penha - PE,PE,Disponibilidade de Caixa Bruta,4918211.32
2023,Prefeitura Municipal de Carnaubeira da Penha - PE,PE,RECEITA CORRENTE LÍQUIDA,42093823.04
2023,Prefeitura Municipal de Carnaubeira da Penha - PE,PE,% da DC sobre a RCL AJUSTADA (I/VI),1.42
2023,Prefeitura Municipal de Carnaubeira da Penha - PE,PE,% da DCL sobre a RCL AJUSTADA,-0.55
2023,Prefeitura Municipal de Carpina - PE,PE,DÍVIDA CONSOLIDADA,29555578.48
2023,Prefeitura Municipal de Carpina - PE,PE,Disponibilidade de Caixa,604779.88
2023,Prefeitura Municipal de Carpina - PE,PE,Disponibilidade de Caixa Bruta,13218888.36
2023,Prefeitura Municipal de Carpina - PE,PE,RECEITA CORRENTE LÍQUIDA,216750980.52
2023,Prefeitura Municipal de Carpina - PE,PE,% da DC sobre a RCL AJUSTADA (I/VI),13.65
2023,Prefeitura Municipal de Carpina - PE,PE,% da DCL sobre a RCL AJUSTADA,13.37
2023,Prefeitura Municipal de Caruaru - PE,PE,DÍVIDA CONSOLIDADA,339461948.27
2023,Prefeitura Municipal de Caruaru - PE,PE,Precatórios (inclusive) Vencidos e Não Pagos,13281942.86
2023,Prefeitura Municipal de Caruaru - PE,PE,Disponibilidade de Caixa,131545697.44
2023,Prefeitura Municipal de Caruaru - PE,PE,Disponibilidade de Caixa Bruta,165406596.4
2023,Prefeitura Municipal de Caruaru - PE,PE,RECEITA CORRENTE LÍQUIDA,1119743230.91
2023,Prefeitura Municipal de Caruaru - PE,PE,% da DC sobre a RCL AJUSTADA (I/VI),30.47
2023,Prefeitura Municipal de Caruaru - PE,PE,% da DCL sobre a RCL AJUSTADA,18.59
2023,Prefeitura Municipal de Casinhas - PE,PE,DÍVIDA CONSOLIDADA,8440647.5
2023,Prefeitura Municipal de Casinhas - PE,PE,Disponibilidade de Caixa,10701042.33
2023,Prefeitura Municipal de Casinhas - PE,PE,Disponibilidade de Caixa Bruta,11662046.67
2023,Prefeitura Municipal de Casinhas - PE,PE,RECEITA CORRENTE LÍQUIDA,57250657.33
2023,Prefeitura Municipal de Casinhas - PE,PE,% da DC sobre a RCL AJUSTADA (I/VI),14.93
2023,Prefeitura Municipal de Casinhas - PE,PE,% da DCL sobre a RCL AJUSTADA,-4.0
2023,Prefeitura Municipal de Catende - PE,PE,DÍVIDA CONSOLIDADA,58011098.12
2023,Prefeitura Municipal de Catende - PE,PE,Precatórios (inclusive) Vencidos e Não Pagos,2861796.98
2023,Prefeitura Municipal de Catende - PE,PE,Disponibilidade de Caixa,-19457589.73
2023,Prefeitura Municipal de Catende - PE,PE,Disponibilidade de Caixa Bruta,2291415.74
2023,Prefeitura Municipal de Catende - PE,PE,RECEITA CORRENTE LÍQUIDA,105748529.95
2023,Prefeitura Municipal de Catende - PE,PE,% da DC sobre a RCL AJUSTADA (I/VI),55.72
2023,Prefeitura Municipal de Catende - PE,PE,% da DCL sobre a RCL AJUSTADA,74.4
2023,Prefeitura Municipal de Catende - PE,PE,Precatórios (Não incluídos na DC),175316.58
2023,Prefeitura Municipal de Cedro - PE,PE,DÍVIDA CONSOLIDADA,692329.2
2023,Prefeitura Municipal de Cedro - PE,PE,Disponibilidade de Caixa,-3722561.6
2023,Prefeitura Municipal de Cedro - PE,PE,Disponibilidade de Caixa Bruta,2140092.41
2023,Prefeitura Municipal de Cedro - PE,PE,RECEITA CORRENTE LÍQUIDA,49951214.35
2023,Prefeitura Municipal de Cedro - PE,PE,% da DC sobre a RCL AJUSTADA (I/VI),1.43
2023,Prefeitura Municipal de Cedro - PE,PE,% da DCL sobre a RCL AJUSTADA,9.11
2023,Prefeitura Municipal de Chã de Alegria - PE,PE,DÍVIDA CONSOLIDADA,7764795.47
2023,Prefeitura Municipal de Chã de Alegria - PE,PE,Precatórios (inclusive) Vencidos e Não Pagos,62261.49
2023,Prefeitura Municipal de Chã de Alegria - PE,PE,Disponibilidade de Caixa,5200408.57
2023,Prefeitura Municipal de Chã de Alegria - PE,PE,Disponibilidade de Caixa Bruta,10641749.16
2023,Prefeitura Municipal de Chã de Alegria - PE,PE,RECEITA CORRENTE LÍQUIDA,54427542.55
2023,Prefeitura Municipal de Chã de Alegria - PE,PE,% da DC sobre a RCL AJUSTADA (I/VI),14.61
2023,Prefeitura Municipal de Chã de Alegria - PE,PE,% da DCL sobre a RCL AJUSTADA,4.77
2023,Prefeitura Municipal de Chã de Alegria - PE,PE,Precatórios (Não incluídos na DC),773.77
2023,Prefeitura Municipal de Chã Grande - PE,PE,DÍVIDA CONSOLIDADA,14958948.31
2023,Prefeitura Municipal de Chã Grande - PE,PE,Precatórios (inclusive) Vencidos e Não Pagos,88916.81
2023,Prefeitura Municipal de Chã Grande - PE,PE,Disponibilidade de Caixa,-196831.26
2023,Prefeitura Municipal de Chã Grande - PE,PE,Disponibilidade de Caixa Bruta,3352824.83
2023,Prefeitura Municipal de Chã Grande - PE,PE,RECEITA CORRENTE LÍQUIDA,87866227.51
2023,Prefeitura Municipal de Chã Grande - PE,PE,% da DC sobre a RCL AJUSTADA (I/VI),17.91
2023,Prefeitura Municipal de Chã Grande - PE,PE,% da DCL sobre a RCL AJUSTADA,18.13
2023,Prefeitura Municipal de Condado - PE,PE,DÍVIDA CONSOLIDADA,48305658.1
2023,Prefeitura Municipal de Condado - PE,PE,Disponibilidade de Caixa,8405642.49
2023,Prefeitura Municipal de Condado - PE,PE,Disponibilidade de Caixa Bruta,10307196.08
2023,Prefeitura Municipal de Condado - PE,PE,RECEITA CORRENTE LÍQUIDA,81669176.31
2023,Prefeitura Municipal de Condado - PE,PE,% da DC sobre a RCL AJUSTADA (I/VI),59.15
2023,Prefeitura Municipal de Condado - PE,PE,% da DCL sobre a RCL AJUSTADA,48.86
2023,Prefeitura Municipal de Condado - PE,PE,Precatórios (Não incluídos na DC),94844.01
2023,Prefeitura Municipal de Correntes - PE,PE,DÍVIDA CONSOLIDADA,5030347.38
2023,Prefeitura Municipal de Correntes - PE,PE,Disponibilidade de Caixa,2706855.48
2023,Prefeitura Municipal de Correntes - PE,PE,Disponibilidade de Caixa Bruta,10029510.19
2023,Prefeitura Municipal de Correntes - PE,PE,RECEITA CORRENTE LÍQUIDA,66432061.26
2023,Prefeitura Municipal de Correntes - PE,PE,% da DC sobre a RCL AJUSTADA (I/VI),7.76
2023,Prefeitura Municipal de Correntes - PE,PE,% da DCL sobre a RCL AJUSTADA,3.58
2023,Prefeitura Municipal de Cumaru - PE,PE,DÍVIDA CONSOLIDADA,19067056.06
2023,Prefeitura Municipal de Cumaru - PE,PE,Disponibilidade de Caixa,3966082.23
2023,Prefeitura Municipal de Cumaru - PE,PE,Disponibilidade de Caixa Bruta,8104708.43
2023,Prefeitura Municipal de Cumaru - PE,PE,RECEITA CORRENTE LÍQUIDA,60228504.93
2023,Prefeitura Municipal de Cumaru - PE,PE,% da DC sobre a RCL AJUSTADA (I/VI),32.82
2023,Prefeitura Municipal de Cumaru - PE,PE,% da DCL sobre a RCL AJUSTADA,26.0
2023,Prefeitura Municipal de Cortês - PE,PE,DÍVIDA CONSOLIDADA,12165168.94
2023,Prefeitura Municipal de Cortês - PE,PE,Disponibilidade de Caixa,-850351.13
2023,Prefeitura Municipal de Cortês - PE,PE,Disponibilidade de Caixa Bruta,5498466.64
2023,Prefeitura Municipal de Cortês - PE,PE,RECEITA CORRENTE LÍQUIDA,56591735.24
2023,Prefeitura Municipal de Cortês - PE,PE,% da DC sobre a RCL AJUSTADA (I/VI),21.88
2023,Prefeitura Municipal de Cortês - PE,PE,% da DCL sobre a RCL AJUSTADA,23.41
2023,Prefeitura Municipal de Cupira - PE,PE,DÍVIDA CONSOLIDADA,65410472.58
2023,Prefeitura Municipal de Cupira - PE,PE,Precatórios (inclusive) Vencidos e Não Pagos,141854.61
2023,Prefeitura Municipal de Cupira - PE,PE,Disponibilidade de Caixa,3129898.29
2023,Prefeitura Municipal de Cupira - PE,PE,Disponibilidade de Caixa Bruta,12733536.32
2023,Prefeitura Municipal de Cupira - PE,PE,RECEITA CORRENTE LÍQUIDA,94107792.79
2023,Prefeitura Municipal de Cupira - PE,PE,% da DC sobre a RCL AJUSTADA (I/VI),69.69
2023,Prefeitura Municipal de Cupira - PE,PE,% da DCL sobre a RCL AJUSTADA,66.36
2023,Prefeitura Municipal de Custódia - PE,PE,DÍVIDA CONSOLIDADA,44555881.28
2023,Prefeitura Municipal de Custódia - PE,PE,Disponibilidade de Caixa,-1316050.45
2023,Prefeitura Municipal de Custódia - PE,PE,Disponibilidade de Caixa Bruta,19692154.8
2023,Prefeitura Municipal de Custódia - PE,PE,RECEITA CORRENTE LÍQUIDA,169964920.19
2023,Prefeitura Municipal de Custódia - PE,PE,% da DC sobre a RCL AJUSTADA (I/VI),26.21
2023,Prefeitura Municipal de Custódia - PE,PE,% da DCL sobre a RCL AJUSTADA,26.99
2023,Prefeitura Municipal de Escada - PE,PE,DÍVIDA CONSOLIDADA,29325550.66
2023,Prefeitura Municipal de Escada - PE,PE,Precatórios (inclusive) Vencidos e Não Pagos,389251.04
2023,Prefeitura Municipal de Escada - PE,PE,Disponibilidade de Caixa,70339968.01
2023,Prefeitura Municipal de Escada - PE,PE,Disponibilidade de Caixa Bruta,88696617.23
2023,Prefeitura Municipal de Escada - PE,PE,RECEITA CORRENTE LÍQUIDA,231680583.58
2023,Prefeitura Municipal de Escada - PE,PE,% da DC sobre a RCL AJUSTADA (I/VI),12.7
2023,Prefeitura Municipal de Escada - PE,PE,% da DCL sobre a RCL AJUSTADA,-17.76
2023,Prefeitura Municipal de Escada - PE,PE,Precatórios (Não incluídos na DC),352209.11
2023,Prefeitura Municipal de Exu - PE,PE,DÍVIDA CONSOLIDADA,6913187.32
2023,Prefeitura Municipal de Exu - PE,PE,Disponibilidade de Caixa,-1372363.7
2023,Prefeitura Municipal de Exu - PE,PE,Disponibilidade de Caixa Bruta,3899727.91
2023,Prefeitura Municipal de Exu - PE,PE,RECEITA CORRENTE LÍQUIDA,101986574.76
2023,Prefeitura Municipal de Exu - PE,PE,% da DC sobre a RCL AJUSTADA (I/VI),6.85
2023,Prefeitura Municipal de Exu - PE,PE,% da DCL sobre a RCL AJUSTADA,8.21
2023,Prefeitura Municipal de Exu - PE,PE,Precatórios (Não incluídos na DC),14079.04
2023,Prefeitura Municipal de Feira Nova - PE,PE,DÍVIDA CONSOLIDADA,24581931.47
2023,Prefeitura Municipal de Feira Nova - PE,PE,Disponibilidade de Caixa,-328439.64
2023,Prefeitura Municipal de Feira Nova - PE,PE,Disponibilidade de Caixa Bruta,4208947.55
2023,Prefeitura Municipal de Feira Nova - PE,PE,RECEITA CORRENTE LÍQUIDA,9843220.47
2023,Prefeitura Municipal de Feira Nova - PE,PE,% da DC sobre a RCL AJUSTADA (I/VI),249.73
2023,Prefeitura Municipal de Feira Nova - PE,PE,% da DCL sobre a RCL AJUSTADA,242.03
2023,Prefeitura Municipal de Ferreiros - PE,PE,DÍVIDA CONSOLIDADA,558889.63
2023,Prefeitura Municipal de Ferreiros - PE,PE,Disponibilidade de Caixa,2233116.28
2023,Prefeitura Municipal de Ferreiros - PE,PE,Disponibilidade de Caixa Bruta,4563630.85
2023,Prefeitura Municipal de Ferreiros - PE,PE,RECEITA CORRENTE LÍQUIDA,46617091.73
2023,Prefeitura Municipal de Ferreiros - PE,PE,% da DC sobre a RCL AJUSTADA (I/VI),1.23
2023,Prefeitura Municipal de Ferreiros - PE,PE,% da DCL sobre a RCL AJUSTADA,-3.67
2023,Prefeitura Municipal de Floresta - PE,PE,DÍVIDA CONSOLIDADA,16954626.84
2023,Prefeitura Municipal de Floresta - PE,PE,Disponibilidade de Caixa,2382355.4
2023,Prefeitura Municipal de Floresta - PE,PE,Disponibilidade de Caixa Bruta,11564125.0
2023,Prefeitura Municipal de Floresta - PE,PE,RECEITA CORRENTE LÍQUIDA,123633129.18
2023,Prefeitura Municipal de Floresta - PE,PE,% da DC sobre a RCL AJUSTADA (I/VI),13.71
2023,Prefeitura Municipal de Floresta - PE,PE,% da DCL sobre a RCL AJUSTADA,11.79
2023,Prefeitura Municipal de Frei Miguelinho - PE,PE,DÍVIDA CONSOLIDADA,28025983.72
2023,Prefeitura Municipal de Frei Miguelinho - PE,PE,Precatórios (inclusive) Vencidos e Não Pagos,57732.83
2023,Prefeitura Municipal de Frei Miguelinho - PE,PE,Disponibilidade de Caixa,805702.46
2023,Prefeitura Municipal de Frei Miguelinho - PE,PE,Disponibilidade de Caixa Bruta,3947535.01
2023,Prefeitura Municipal de Frei Miguelinho - PE,PE,RECEITA CORRENTE LÍQUIDA,50992521.3
2023,Prefeitura Municipal de Frei Miguelinho - PE,PE,% da DC sobre a RCL AJUSTADA (I/VI),56.61
2023,Prefeitura Municipal de Frei Miguelinho - PE,PE,% da DCL sobre a RCL AJUSTADA,53.64
2023,Prefeitura Municipal de Gameleira - PE,PE,DÍVIDA CONSOLIDADA,74967625.84
2023,Prefeitura Municipal de Gameleira - PE,PE,Disponibilidade de Caixa,685710.68
2023,Prefeitura Municipal de Gameleira - PE,PE,Disponibilidade de Caixa Bruta,3789148.75
2023,Prefeitura Municipal de Gameleira - PE,PE,RECEITA CORRENTE LÍQUIDA,78832085.51
2023,Prefeitura Municipal de Gameleira - PE,PE,% da DC sobre a RCL AJUSTADA (I/VI),95.1
2023,Prefeitura Municipal de Gameleira - PE,PE,% da DCL sobre a RCL AJUSTADA,94.23
2023,Prefeitura Municipal de Garanhuns - PE,PE,DÍVIDA CONSOLIDADA,12605272.75
2023,Prefeitura Municipal de Garanhuns - PE,PE,Disponibilidade de Caixa,68724775.47
2023,Prefeitura Municipal de Garanhuns - PE,PE,Disponibilidade de Caixa Bruta,77304387.89
2023,Prefeitura Municipal de Garanhuns - PE,PE,RECEITA CORRENTE LÍQUIDA,423079103.37
2023,Prefeitura Municipal de Garanhuns - PE,PE,% da DC sobre a RCL AJUSTADA (I/VI),2.99
2023,Prefeitura Municipal de Garanhuns - PE,PE,% da DCL sobre a RCL AJUSTADA,-13.59
2023,Prefeitura Municipal de Glória do Goitá - PE,PE,DÍVIDA CONSOLIDADA,2521408.54
2023,Prefeitura Municipal de Glória do Goitá - PE,PE,Disponibilidade de Caixa,7344294.94
2023,Prefeitura Municipal de Glória do Goitá - PE,PE,Disponibilidade de Caixa Bruta,12930121.84
2023,Prefeitura Municipal de Glória do Goitá - PE,PE,RECEITA CORRENTE LÍQUIDA,108910148.9
2023,Prefeitura Municipal de Glória do Goitá - PE,PE,% da DC sobre a RCL AJUSTADA (I/VI),2.33
2023,Prefeitura Municipal de Glória do Goitá - PE,PE,% da DCL sobre a RCL AJUSTADA,-4.92
2023,Prefeitura Municipal de Goiana - PE,PE,DÍVIDA CONSOLIDADA,47764695.18
2023,Prefeitura Municipal de Goiana - PE,PE,Precatórios (inclusive) Vencidos e Não Pagos,6880406.77
2023,Prefeitura Municipal de Goiana - PE,PE,Disponibilidade de Caixa,540749991.45
2023,Prefeitura Municipal de Goiana - PE,PE,Disponibilidade de Caixa Bruta,549272462.01
2023,Prefeitura Municipal de Goiana - PE,PE,RECEITA CORRENTE LÍQUIDA,576750811.34
2023,Prefeitura Municipal de Goiana - PE,PE,% da DC sobre a RCL AJUSTADA (I/VI),8.3
2023,Prefeitura Municipal de Goiana - PE,PE,% da DCL sobre a RCL AJUSTADA,-85.65
2023,Prefeitura Municipal de Granito - PE,PE,DÍVIDA CONSOLIDADA,648019.88
2023,Prefeitura Municipal de Granito - PE,PE,Disponibilidade de Caixa,3452757.13
2023,Prefeitura Municipal de Granito - PE,PE,Disponibilidade de Caixa Bruta,4374962.36
2023,Prefeitura Municipal de Granito - PE,PE,RECEITA CORRENTE LÍQUIDA,35986913.7
2023,Prefeitura Municipal de Granito - PE,PE,% da DC sobre a RCL AJUSTADA (I/VI),1.82
2023,Prefeitura Municipal de Granito - PE,PE,% da DCL sobre a RCL AJUSTADA,-7.86
2023,Prefeitura Municipal de Gravatá - PE,PE,DÍVIDA CONSOLIDADA,55792941.97
2023,Prefeitura Municipal de Gravatá - PE,PE,Disponibilidade de Caixa,19853880.46
2023,Prefeitura Municipal de Gravatá - PE,PE,Disponibilidade de Caixa Bruta,32615570.86
2023,Prefeitura Municipal de Gravatá - PE,PE,RECEITA CORRENTE LÍQUIDA,256380876.4
2023,Prefeitura Municipal de Gravatá - PE,PE,% da DC sobre a RCL AJUSTADA (I/VI),21.97
2023,Prefeitura Municipal de Gravatá - PE,PE,% da DCL sobre a RCL AJUSTADA,14.15
2023,Prefeitura Municipal de Iati - PE,PE,DÍVIDA CONSOLIDADA,15862772.55
2023,Prefeitura Municipal de Iati - PE,PE,Precatórios (inclusive) Vencidos e Não Pagos,2758608.04
2023,Prefeitura Municipal de Iati - PE,PE,Disponibilidade de Caixa,-25620072.71
2023,Prefeitura Municipal de Iati - PE,PE,Disponibilidade de Caixa Bruta,3211926.4
2023,Prefeitura Municipal de Iati - PE,PE,RECEITA CORRENTE LÍQUIDA,69094383.75
2023,Prefeitura Municipal de Iati - PE,PE,% da DC sobre a RCL AJUSTADA (I/VI),22.96
2023,Prefeitura Municipal de Iati - PE,PE,% da DCL sobre a RCL AJUSTADA,60.04
2023,Prefeitura Municipal de Ibimirim - PE,PE,DÍVIDA CONSOLIDADA,22188630.44
2023,Prefeitura Municipal de Ibimirim - PE,PE,Disponibilidade de Caixa,11122049.04
2023,Prefeitura Municipal de Ibimirim - PE,PE,Disponibilidade de Caixa Bruta,13220446.09
2023,Prefeitura Municipal de Ibimirim - PE,PE,RECEITA CORRENTE LÍQUIDA,88652066.83
2023,Prefeitura Municipal de Ibimirim - PE,PE,% da DC sobre a RCL AJUSTADA (I/VI),25.52
2023,Prefeitura Municipal de Ibimirim - PE,PE,% da DCL sobre a RCL AJUSTADA,12.73
2023,Prefeitura Municipal de Ibirajuba - PE,PE,DÍVIDA CONSOLIDADA,10359733.31
2023,Prefeitura Municipal de Ibirajuba - PE,PE,Disponibilidade de Caixa,4623334.9
2023,Prefeitura Municipal de Ibirajuba - PE,PE,Disponibilidade de Caixa Bruta,6954166.23
2023,Prefeitura Municipal de Ibirajuba - PE,PE,RECEITA CORRENTE LÍQUIDA,37947982.84
2023,Prefeitura Municipal de Ibirajuba - PE,PE,% da DC sobre a RCL AJUSTADA (I/VI),27.48
2023,Prefeitura Municipal de Ibirajuba - PE,PE,% da DCL sobre a RCL AJUSTADA,15.22
2023,Prefeitura Municipal de Igarassu - PE,PE,DÍVIDA CONSOLIDADA,36778156.17
2023,Prefeitura Municipal de Igarassu - PE,PE,Precatórios (inclusive) Vencidos e Não Pagos,572089.81
2023,Prefeitura Municipal de Igarassu - PE,PE,Disponibilidade de Caixa,30029083.5
2023,Prefeitura Municipal de Igarassu - PE,PE,Disponibilidade de Caixa Bruta,49102178.08
2023,Prefeitura Municipal de Igarassu - PE,PE,RECEITA CORRENTE LÍQUIDA,340630063.39
2023,Prefeitura Municipal de Igarassu - PE,PE,% da DC sobre a RCL AJUSTADA (I/VI),10.8
2023,Prefeitura Municipal de Igarassu - PE,PE,% da DCL sobre a RCL AJUSTADA,1.98
2023,Prefeitura Municipal de Ilha de Itamaracá - PE,PE,DÍVIDA CONSOLIDADA,3597553.45
2023,Prefeitura Municipal de Ilha de Itamaracá - PE,PE,Disponibilidade de Caixa,-9805464.35
2023,Prefeitura Municipal de Ilha de Itamaracá - PE,PE,Disponibilidade de Caixa Bruta,8559550.64
2023,Prefeitura Municipal de Ilha de Itamaracá - PE,PE,RECEITA CORRENTE LÍQUIDA,74217211.19
2023,Prefeitura Municipal de Ilha de Itamaracá - PE,PE,% da DC sobre a RCL AJUSTADA (I/VI),4.91
2023,Prefeitura Municipal de Ilha de Itamaracá - PE,PE,% da DCL sobre a RCL AJUSTADA,18.31
2023,Prefeitura Municipal de Inajá - PE,PE,DÍVIDA CONSOLIDADA,2451361.28
2023,Prefeitura Municipal de Inajá - PE,PE,Disponibilidade de Caixa,819948.4
2023,Prefeitura Municipal de Inajá - PE,PE,Disponibilidade de Caixa Bruta,7769513.23
2023,Prefeitura Municipal de Inajá - PE,PE,RECEITA CORRENTE LÍQUIDA,86407828.69
2023,Prefeitura Municipal de Inajá - PE,PE,% da DC sobre a RCL AJUSTADA (I/VI),2.87
2023,Prefeitura Municipal de Inajá - PE,PE,% da DCL sobre a RCL AJUSTADA,1.91
2023,Prefeitura Municipal de Ingazeira - PE,PE,DÍVIDA CONSOLIDADA,1170332.64
2023,Prefeitura Municipal de Ingazeira - PE,PE,Disponibilidade de Caixa,637023.67
2023,Prefeitura Municipal de Ingazeira - PE,PE,Disponibilidade de Caixa Bruta,4073660.8
2023,Prefeitura Municipal de Ingazeira - PE,PE,RECEITA CORRENTE LÍQUIDA,30554324.01
2023,Prefeitura Municipal de Ingazeira - PE,PE,% da DC sobre a RCL AJUSTADA (I/VI),3.83
2023,Prefeitura Municipal de Ingazeira - PE,PE,% da DCL sobre a RCL AJUSTADA,1.75
2023,Prefeitura Municipal de Ipojuca - PE,PE,DÍVIDA CONSOLIDADA,106656047.97
2023,Prefeitura Municipal de Ipojuca - PE,PE,Disponibilidade de Caixa,279417833.6
2023,Prefeitura Municipal de Ipojuca - PE,PE,Disponibilidade de Caixa Bruta,289618301.17
2023,Prefeitura Municipal de Ipojuca - PE,PE,RECEITA CORRENTE LÍQUIDA,1157683611.72
2023,Prefeitura Municipal de Ipojuca - PE,PE,% da DC sobre a RCL AJUSTADA (I/VI),9.24
2023,Prefeitura Municipal de Ipojuca - PE,PE,% da DCL sobre a RCL AJUSTADA,-14.96
2023,Prefeitura Municipal de Ipojuca - PE,PE,Precatórios (Não incluídos na DC),448195.37
2023,Prefeitura Municipal de Ipubi - PE,PE,DÍVIDA CONSOLIDADA,31295958.72
2023,Prefeitura Municipal de Ipubi - PE,PE,Disponibilidade de Caixa,-8218063.82
2023,Prefeitura Municipal de Ipubi - PE,PE,Disponibilidade de Caixa Bruta,18529193.13
2023,Prefeitura Municipal de Ipubi - PE,PE,RECEITA CORRENTE LÍQUIDA,114047537.98
2023,Prefeitura Municipal de Ipubi - PE,PE,% da DC sobre a RCL AJUSTADA (I/VI),28.15
2023,Prefeitura Municipal de Ipubi - PE,PE,% da DCL sobre a RCL AJUSTADA,35.54
2023,Prefeitura Municipal de Itacuruba - PE,PE,DÍVIDA CONSOLIDADA,10066008.82
2023,Prefeitura Municipal de Itacuruba - PE,PE,Disponibilidade de Caixa,-636124.81
2023,Prefeitura Municipal de Itacuruba - PE,PE,Disponibilidade de Caixa Bruta,4794813.78
2023,Prefeitura Municipal de Itacuruba - PE,PE,RECEITA CORRENTE LÍQUIDA,35560757.28
2023,Prefeitura Municipal de Itacuruba - PE,PE,% da DC sobre a RCL AJUSTADA (I/VI),28.87
2023,Prefeitura Municipal de Itacuruba - PE,PE,% da DCL sobre a RCL AJUSTADA,30.0
2023,Prefeitura Municipal de Itaíba - PE,PE,DÍVIDA CONSOLIDADA,12616010.03
2023,Prefeitura Municipal de Itaíba - PE,PE,Disponibilidade de Caixa,-4806958.44
2023,Prefeitura Municipal de Itaíba - PE,PE,Disponibilidade de Caixa Bruta,4854655.51
2023,Prefeitura Municipal de Itaíba - PE,PE,RECEITA CORRENTE LÍQUIDA,96830591.08
2023,Prefeitura Municipal de Itaíba - PE,PE,% da DC sobre a RCL AJUSTADA (I/VI),13.75
2023,Prefeitura Municipal de Itaíba - PE,PE,% da DCL sobre a RCL AJUSTADA,18.99
2023,Prefeitura Municipal de Itambé - PE,PE,DÍVIDA CONSOLIDADA,41698004.07
2023,Prefeitura Municipal de Itambé - PE,PE,Precatórios (inclusive) Vencidos e Não Pagos,-89008.71
2023,Prefeitura Municipal de Itambé - PE,PE,Disponibilidade de Caixa,7387554.09
2023,Prefeitura Municipal de Itambé - PE,PE,Disponibilidade de Caixa Bruta,10864679.61
2023,Prefeitura Municipal de Itambé - PE,PE,RECEITA CORRENTE LÍQUIDA,103857042.57
2023,Prefeitura Municipal de Itambé - PE,PE,% da DC sobre a RCL AJUSTADA (I/VI),41.24
2023,Prefeitura Municipal de Itambé - PE,PE,% da DCL sobre a RCL AJUSTADA,33.93
2023,Prefeitura Municipal de Itapissuma - PE,PE,DÍVIDA CONSOLIDADA,3081392.47
2023,Prefeitura Municipal de Itapissuma - PE,PE,Disponibilidade de Caixa,16835800.75
2023,Prefeitura Municipal de Itapissuma - PE,PE,Disponibilidade de Caixa Bruta,34768042.57
2023,Prefeitura Municipal de Itapissuma - PE,PE,RECEITA CORRENTE LÍQUIDA,153877435.13
2023,Prefeitura Municipal de Itapissuma - PE,PE,% da DC sobre a RCL AJUSTADA (I/VI),2.05
2023,Prefeitura Municipal de Itapissuma - PE,PE,% da DCL sobre a RCL AJUSTADA,-9.14
2023,Prefeitura Municipal de Itaquitinga - PE,PE,DÍVIDA CONSOLIDADA,14417327.09
2023,Prefeitura Municipal de Itaquitinga - PE,PE,Disponibilidade de Caixa,2052597.65
2023,Prefeitura Municipal de Itaquitinga - PE,PE,Disponibilidade de Caixa Bruta,10638009.08
2023,Prefeitura Municipal de Itaquitinga - PE,PE,RECEITA CORRENTE LÍQUIDA,9182393.95
2023,Prefeitura Municipal de Itaquitinga - PE,PE,% da DC sobre a RCL AJUSTADA (I/VI),157.01
2023,Prefeitura Municipal de Itaquitinga - PE,PE,% da DCL sobre a RCL AJUSTADA,134.66
2023,Prefeitura Municipal de Itaquitinga - PE,PE,Precatórios (Não incluídos na DC),-13071.39
2023,Prefeitura Municipal de Jaboatão dos Guararapes - PE,PE,DÍVIDA CONSOLIDADA,225287576.46
2023,Prefeitura Municipal de Jaboatão dos Guararapes - PE,PE,Disponibilidade de Caixa,380539587.13
2023,Prefeitura Municipal de Jaboatão dos Guararapes - PE,PE,Disponibilidade de Caixa Bruta,425056215.01
2023,Prefeitura Municipal de Jaboatão dos Guararapes - PE,PE,RECEITA CORRENTE LÍQUIDA,1769605575.49
2023,Prefeitura Municipal de Jaboatão dos Guararapes - PE,PE,% da DC sobre a RCL AJUSTADA (I/VI),12.74
2023,Prefeitura Municipal de Jaboatão dos Guararapes - PE,PE,% da DCL sobre a RCL AJUSTADA,-8.78
2023,Prefeitura Municipal de Jaboatão dos Guararapes - PE,PE,Precatórios (Não incluídos na DC),270053.87
2023,Prefeitura Municipal de Jaqueira - PE,PE,DÍVIDA CONSOLIDADA,17760950.4
2023,Prefeitura Municipal de Jaqueira - PE,PE,Disponibilidade de Caixa,-816549.33
2023,Prefeitura Municipal de Jaqueira - PE,PE,Disponibilidade de Caixa Bruta,2073058.17
2023,Prefeitura Municipal de Jaqueira - PE,PE,RECEITA CORRENTE LÍQUIDA,53307022.49
2023,Prefeitura Municipal de Jaqueira - PE,PE,% da DC sobre a RCL AJUSTADA (I/VI),34.22
2023,Prefeitura Municipal de Jaqueira - PE,PE,% da DCL sobre a RCL AJUSTADA,35.79
2023,Prefeitura Municipal de Jataúba - PE,PE,DÍVIDA CONSOLIDADA,12042189.85
2023,Prefeitura Municipal de Jataúba - PE,PE,Disponibilidade de Caixa,5686577.49
2023,Prefeitura Municipal de Jataúba - PE,PE,Disponibilidade de Caixa Bruta,7134000.28
2023,Prefeitura Municipal de Jataúba - PE,PE,RECEITA CORRENTE LÍQUIDA,69989703.27
2023,Prefeitura Municipal de Jataúba - PE,PE,% da DC sobre a RCL AJUSTADA (I/VI),18.11
2023,Prefeitura Municipal de Jataúba - PE,PE,% da DCL sobre a RCL AJUSTADA,9.51
2023,Prefeitura Municipal de Jatobá - PE,PE,DÍVIDA CONSOLIDADA,4477866.45
2023,Prefeitura Municipal de Jatobá - PE,PE,Disponibilidade de Caixa,6349555.66
2023,Prefeitura Municipal de Jatobá - PE,PE,Disponibilidade de Caixa Bruta,11247171.66
2023,Prefeitura Municipal de Jatobá - PE,PE,RECEITA CORRENTE LÍQUIDA,66500729.57
2023,Prefeitura Municipal de Jatobá - PE,PE,% da DC sobre a RCL AJUSTADA (I/VI),6.87
2023,Prefeitura Municipal de Jatobá - PE,PE,% da DCL sobre a RCL AJUSTADA,-2.87
2023,Prefeitura Municipal de Joaquim Nabuco - PE,PE,DÍVIDA CONSOLIDADA,6295220.06
2023,Prefeitura Municipal de Joaquim Nabuco - PE,PE,Precatórios (inclusive) Vencidos e Não Pagos,168.31
2023,Prefeitura Municipal de Joaquim Nabuco - PE,PE,Disponibilidade de Caixa,478690.23
2023,Prefeitura Municipal de Joaquim Nabuco - PE,PE,Disponibilidade de Caixa Bruta,3219528.76
2023,Prefeitura Municipal de Joaquim Nabuco - PE,PE,RECEITA CORRENTE LÍQUIDA,54399683.41
2023,Prefeitura Municipal de Joaquim Nabuco - PE,PE,% da DC sobre a RCL AJUSTADA (I/VI),11.57
2023,Prefeitura Municipal de Joaquim Nabuco - PE,PE,% da DCL sobre a RCL AJUSTADA,10.69
2023,Prefeitura Municipal de Jurema - PE,PE,DÍVIDA CONSOLIDADA,12833070.41
2023,Prefeitura Municipal de Jurema - PE,PE,Disponibilidade de Caixa,-1751249.61
2023,Prefeitura Municipal de Jurema - PE,PE,Disponibilidade de Caixa Bruta,4362827.38
2023,Prefeitura Municipal de Jurema - PE,PE,RECEITA CORRENTE LÍQUIDA,56649059.62
2023,Prefeitura Municipal de Jurema - PE,PE,% da DC sobre a RCL AJUSTADA (I/VI),23.16
2023,Prefeitura Municipal de Jurema - PE,PE,% da DCL sobre a RCL AJUSTADA,26.32
2023,Prefeitura Municipal de Lagoa de Itaenga - PE,PE,DÍVIDA CONSOLIDADA,48246038.58
2023,Prefeitura Municipal de Lagoa de Itaenga - PE,PE,Disponibilidade de Caixa,-9572392.58
2023,Prefeitura Municipal de Lagoa de Itaenga - PE,PE,Disponibilidade de Caixa Bruta,6665106.93
2023,Prefeitura Municipal de Lagoa de Itaenga - PE,PE,RECEITA CORRENTE LÍQUIDA,87303542.74
2023,Prefeitura Municipal de Lagoa de Itaenga - PE,PE,% da DC sobre a RCL AJUSTADA (I/VI),55.9
2023,Prefeitura Municipal de Lagoa de Itaenga - PE,PE,% da DCL sobre a RCL AJUSTADA,66.99
2023,Prefeitura Municipal de Lagoa do Carro - PE,PE,DÍVIDA CONSOLIDADA,10921384.44
2023,Prefeitura Municipal de Lagoa do Carro - PE,PE,Disponibilidade de Caixa,-8725993.02
2023,Prefeitura Municipal de Lagoa do Carro - PE,PE,Disponibilidade de Caixa Bruta,3722236.72
2023,Prefeitura Municipal de Lagoa do Carro - PE,PE,RECEITA CORRENTE LÍQUIDA,71796851.82
2023,Prefeitura Municipal de Lagoa do Carro - PE,PE,% da DC sobre a RCL AJUSTADA (I/VI),15.34
2023,Prefeitura Municipal de Lagoa do Carro - PE,PE,% da DCL sobre a RCL AJUSTADA,27.6
2023,Prefeitura Municipal de Lagoa do Ouro - PE,PE,DÍVIDA CONSOLIDADA,8210134.45
2023,Prefeitura Municipal de Lagoa do Ouro - PE,PE,Disponibilidade de Caixa,7352300.1
2023,Prefeitura Municipal de Lagoa do Ouro - PE,PE,Disponibilidade de Caixa Bruta,9994707.65
2023,Prefeitura Municipal de Lagoa do Ouro - PE,PE,RECEITA CORRENTE LÍQUIDA,55310890.05
2023,Prefeitura Municipal de Lagoa do Ouro - PE,PE,% da DC sobre a RCL AJUSTADA (I/VI),15.64
2023,Prefeitura Municipal de Lagoa do Ouro - PE,PE,% da DCL sobre a RCL AJUSTADA,1.63
2023,Prefeitura Municipal de Lagoa dos Gatos - PE,PE,DÍVIDA CONSOLIDADA,3804133.17
2023,Prefeitura Municipal de Lagoa dos Gatos - PE,PE,Precatórios (inclusive) Vencidos e Não Pagos,51528.03
2023,Prefeitura Municipal de Lagoa dos Gatos - PE,PE,Disponibilidade de Caixa,6084144.43
2023,Prefeitura Municipal de Lagoa dos Gatos - PE,PE,Disponibilidade de Caixa Bruta,6390429.32
2023,Prefeitura Municipal de Lagoa dos Gatos - PE,PE,RECEITA CORRENTE LÍQUIDA,58034326.88
2023,Prefeitura Municipal de Lagoa dos Gatos - PE,PE,% da DC sobre a RCL AJUSTADA (I/VI),6.64
2023,Prefeitura Municipal de Lagoa dos Gatos - PE,PE,% da DCL sobre a RCL AJUSTADA,-3.98
2023,Prefeitura Municipal de Lagoa dos Gatos - PE,PE,Precatórios (Não incluídos na DC),145144.57
2023,Prefeitura Municipal de Lagoa Grande - PE,PE,DÍVIDA CONSOLIDADA,9615754.87
2023,Prefeitura Municipal de Lagoa Grande - PE,PE,Disponibilidade de Caixa,34188115.7
2023,Prefeitura Municipal de Lagoa Grande - PE,PE,Disponibilidade de Caixa Bruta,43596946.69
2023,Prefeitura Municipal de Lagoa Grande - PE,PE,RECEITA CORRENTE LÍQUIDA,101566502.06
2023,Prefeitura Municipal de Lagoa Grande - PE,PE,% da DC sobre a RCL AJUSTADA (I/VI),9.71
2023,Prefeitura Municipal de Lagoa Grande - PE,PE,% da DCL sobre a RCL AJUSTADA,-26.04
2023,Prefeitura Municipal de Lajedo - PE,PE,Disponibilidade de Caixa,12277142.1
2023,Prefeitura Municipal de Lajedo - PE,PE,Disponibilidade de Caixa Bruta,18153255.58
2023,Prefeitura Municipal de Lajedo - PE,PE,RECEITA CORRENTE LÍQUIDA,142448430.91
2023,Prefeitura Municipal de Lajedo - PE,PE,% da DCL sobre a RCL AJUSTADA,-8.7
2023,Prefeitura Municipal de Limoeiro - PE,PE,DÍVIDA CONSOLIDADA,70917952.4
2023,Prefeitura Municipal de Limoeiro - PE,PE,Disponibilidade de Caixa,57038211.14
2023,Prefeitura Municipal de Limoeiro - PE,PE,Disponibilidade de Caixa Bruta,78461111.22
2023,Prefeitura Municipal de Limoeiro - PE,PE,RECEITA CORRENTE LÍQUIDA,171008617.48
2023,Prefeitura Municipal de Limoeiro - PE,PE,% da DC sobre a RCL AJUSTADA (I/VI),41.82
2023,Prefeitura Municipal de Limoeiro - PE,PE,% da DCL sobre a RCL AJUSTADA,8.19
2023,Prefeitura Municipal de Macaparana - PE,PE,DÍVIDA CONSOLIDADA,506498.52
2023,Prefeitura Municipal de Macaparana - PE,PE,Disponibilidade de Caixa,5324504.83
2023,Prefeitura Municipal de Macaparana - PE,PE,Disponibilidade de Caixa Bruta,5724207.03
2023,Prefeitura Municipal de Macaparana - PE,PE,RECEITA CORRENTE LÍQUIDA,92743754.1
2023,Prefeitura Municipal de Macaparana - PE,PE,% da DC sobre a RCL AJUSTADA (I/VI),0.55
2023,Prefeitura Municipal de Macaparana - PE,PE,% da DCL sobre a RCL AJUSTADA,-5.24
2023,Prefeitura Municipal de Machados - PE,PE,DÍVIDA CONSOLIDADA,14185739.35
2023,Prefeitura Municipal de Machados - PE,PE,Disponibilidade de Caixa,1964051.11
2023,Prefeitura Municipal de Machados - PE,PE,Disponibilidade de Caixa Bruta,3006229.59
2023,Prefeitura Municipal de Machados - PE,PE,RECEITA CORRENTE LÍQUIDA,56731409.96
2023,Prefeitura Municipal de Machados - PE,PE,% da DC sobre a RCL AJUSTADA (I/VI),25.23
2023,Prefeitura Municipal de Machados - PE,PE,% da DCL sobre a RCL AJUSTADA,21.73
2023,Prefeitura Municipal de Manari - PE,PE,DÍVIDA CONSOLIDADA,15365133.72
2023,Prefeitura Municipal de Manari - PE,PE,Disponibilidade de Caixa,-28287059.21
2023,Prefeitura Municipal de Manari - PE,PE,Disponibilidade de Caixa Bruta,1217984.86
2023,Prefeitura Municipal de Manari - PE,PE,RECEITA CORRENTE LÍQUIDA,71347718.19
2023,Prefeitura Municipal de Manari - PE,PE,% da DC sobre a RCL AJUSTADA (I/VI),21.54
2023,Prefeitura Municipal de Manari - PE,PE,% da DCL sobre a RCL AJUSTADA,60.94
2023,Prefeitura Municipal de Maraial - PE,PE,DÍVIDA CONSOLIDADA,8840525.71
2023,Prefeitura Municipal de Maraial - PE,PE,Disponibilidade de Caixa,-11741761.31
2023,Prefeitura Municipal de Maraial - PE,PE,Disponibilidade de Caixa Bruta,1099665.06
2023,Prefeitura Municipal de Maraial - PE,PE,RECEITA CORRENTE LÍQUIDA,49606768.36
2023,Prefeitura Municipal de Maraial - PE,PE,% da DC sobre a RCL AJUSTADA (I/VI),18.34
2023,Prefeitura Municipal de Maraial - PE,PE,% da DCL sobre a RCL AJUSTADA,42.7
2023,Prefeitura Municipal de Mirandiba - PE,PE,DÍVIDA CONSOLIDADA,271944.48
2023,Prefeitura Municipal de Mirandiba - PE,PE,Disponibilidade de Caixa,-1201786.97
2023,Prefeitura Municipal de Mirandiba - PE,PE,Disponibilidade de Caixa Bruta,2244169.87
2023,Prefeitura Municipal de Mirandiba - PE,PE,RECEITA CORRENTE LÍQUIDA,56261836.71
2023,Prefeitura Municipal de Mirandiba - PE,PE,% da DC sobre a RCL AJUSTADA (I/VI),0.49
2023,Prefeitura Municipal de Mirandiba - PE,PE,% da DCL sobre a RCL AJUSTADA,2.65
2023,Prefeitura Municipal de Moreilândia - PE,PE,DÍVIDA CONSOLIDADA,2048264.93
2023,Prefeitura Municipal de Moreilândia - PE,PE,Precatórios (inclusive) Vencidos e Não Pagos,122970.15
2023,Prefeitura Municipal de Moreilândia - PE,PE,Disponibilidade de Caixa,508435.36
2023,Prefeitura Municipal de Moreilândia - PE,PE,Disponibilidade de Caixa Bruta,4711592.96
2023,Prefeitura Municipal de Moreilândia - PE,PE,RECEITA CORRENTE LÍQUIDA,43815761.93
2023,Prefeitura Municipal de Moreilândia - PE,PE,% da DC sobre a RCL AJUSTADA (I/VI),4.74
2023,Prefeitura Municipal de Moreilândia - PE,PE,% da DCL sobre a RCL AJUSTADA,3.56
2023,Prefeitura Municipal de Moreilândia - PE,PE,Precatórios (Não incluídos na DC),46351.08
2023,Prefeitura Municipal de Moreno - PE,PE,Disponibilidade de Caixa,18227768.7
2023,Prefeitura Municipal de Moreno - PE,PE,Disponibilidade de Caixa Bruta,24462645.38
2023,Prefeitura Municipal de Moreno - PE,PE,RECEITA CORRENTE LÍQUIDA,164362872.7
2023,Prefeitura Municipal de Moreno - PE,PE,% da DCL sobre a RCL AJUSTADA,-11.53
2023,Prefeitura Municipal de Nazaré da Mata - PE,PE,DÍVIDA CONSOLIDADA,56711555.56
2023,Prefeitura Municipal de Nazaré da Mata - PE,PE,Precatórios (inclusive) Vencidos e Não Pagos,106758.13
2023,Prefeitura Municipal de Nazaré da Mata - PE,PE,Disponibilidade de Caixa,-52440549.06
2023,Prefeitura Municipal de Nazaré da Mata - PE,PE,Disponibilidade de Caixa Bruta,10828766.61
2023,Prefeitura Municipal de Nazaré da Mata - PE,PE,RECEITA CORRENTE LÍQUIDA,88848086.11
2023,Prefeitura Municipal de Nazaré da Mata - PE,PE,% da DC sobre a RCL AJUSTADA (I/VI),64.27
2023,Prefeitura Municipal de Nazaré da Mata - PE,PE,% da DCL sobre a RCL AJUSTADA,123.69
2023,Prefeitura Municipal de Olinda - PE,PE,DÍVIDA CONSOLIDADA,58619437.0
2023,Prefeitura Municipal de Olinda - PE,PE,Disponibilidade de Caixa,111518927.96
2023,Prefeitura Municipal de Olinda - PE,PE,Disponibilidade de Caixa Bruta,147041941.0
2023,Prefeitura Municipal de Olinda - PE,PE,RECEITA CORRENTE LÍQUIDA,849244399.71
2023,Prefeitura Municipal de Olinda - PE,PE,% da DC sobre a RCL AJUSTADA (I/VI),6.91
2023,Prefeitura Municipal de Olinda - PE,PE,% da DCL sobre a RCL AJUSTADA,-6.26
2023,Prefeitura Municipal de Orobó - PE,PE,DÍVIDA CONSOLIDADA,34754030.28
2023,Prefeitura Municipal de Orobó - PE,PE,Precatórios (inclusive) Vencidos e Não Pagos,117367.14
2023,Prefeitura Municipal de Orobó - PE,PE,Disponibilidade de Caixa,5341861.68
2023,Prefeitura Municipal de Orobó - PE,PE,Disponibilidade de Caixa Bruta,6905887.91
2023,Prefeitura Municipal de Orobó - PE,PE,RECEITA CORRENTE LÍQUIDA,90955229.08
2023,Prefeitura Municipal de Orobó - PE,PE,% da DC sobre a RCL AJUSTADA (I/VI),38.93
2023,Prefeitura Municipal de Orobó - PE,PE,% da DCL sobre a RCL AJUSTADA,32.94
2023,Prefeitura Municipal de Orocó - PE,PE,DÍVIDA CONSOLIDADA,10937700.14
2023,Prefeitura Municipal de Orocó - PE,PE,Disponibilidade de Caixa,-11229283.95
2023,Prefeitura Municipal de Orocó - PE,PE,Disponibilidade de Caixa Bruta,2551527.45
2023,Prefeitura Municipal de Orocó - PE,PE,RECEITA CORRENTE LÍQUIDA,57830292.43
2023,Prefeitura Municipal de Orocó - PE,PE,% da DC sobre a RCL AJUSTADA (I/VI),19.28
2023,Prefeitura Municipal de Orocó - PE,PE,% da DCL sobre a RCL AJUSTADA,39.07
2023,Prefeitura Municipal de Ouricuri - PE,PE,DÍVIDA CONSOLIDADA,110975717.08
2023,Prefeitura Municipal de Ouricuri - PE,PE,Precatórios (inclusive) Vencidos e Não Pagos,188468.6
2023,Prefeitura Municipal de Ouricuri - PE,PE,Disponibilidade de Caixa,-18169209.07
2023,Prefeitura Municipal de Ouricuri - PE,PE,Disponibilidade de Caixa Bruta,12449578.18
2023,Prefeitura Municipal de Ouricuri - PE,PE,RECEITA CORRENTE LÍQUIDA,166672868.47
2023,Prefeitura Municipal de Ouricuri - PE,PE,% da DC sobre a RCL AJUSTADA (I/VI),66.58
2023,Prefeitura Municipal de Ouricuri - PE,PE,% da DCL sobre a RCL AJUSTADA,77.48
2023,Prefeitura Municipal de Ouricuri - PE,PE,Precatórios (Não incluídos na DC),57339.15
2023,Prefeitura Municipal de Palmeirina - PE,PE,DÍVIDA CONSOLIDADA,215901.59
2023,Prefeitura Municipal de Palmeirina - PE,PE,Disponibilidade de Caixa,-1023134.99
2023,Prefeitura Municipal de Palmeirina - PE,PE,Disponibilidade de Caixa Bruta,4768387.45
2023,Prefeitura Municipal de Palmeirina - PE,PE,RECEITA CORRENTE LÍQUIDA,36312675.63
2023,Prefeitura Municipal de Palmeirina - PE,PE,% da DC sobre a RCL AJUSTADA (I/VI),0.62
2023,Prefeitura Municipal de Palmeirina - PE,PE,% da DCL sobre a RCL AJUSTADA,3.57
2023,Prefeitura Municipal de Palmares - PE,PE,DÍVIDA CONSOLIDADA,23844787.86
2023,Prefeitura Municipal de Palmares - PE,PE,Precatórios (inclusive) Vencidos e Não Pagos,104532.56
2023,Prefeitura Municipal de Palmares - PE,PE,Disponibilidade de Caixa,12373730.86
2023,Prefeitura Municipal de Palmares - PE,PE,Disponibilidade de Caixa Bruta,21007209.83
2023,Prefeitura Municipal de Palmares - PE,PE,RECEITA CORRENTE LÍQUIDA,191940427.3
2023,Prefeitura Municipal de Palmares - PE,PE,% da DC sobre a RCL AJUSTADA (I/VI),13.04
2023,Prefeitura Municipal de Palmares - PE,PE,% da DCL sobre a RCL AJUSTADA,6.27
2023,Prefeitura Municipal de Palmares - PE,PE,Precatórios (Não incluídos na DC),307047.65
2023,Prefeitura Municipal de Paranatama - PE,PE,DÍVIDA CONSOLIDADA,12429544.47
2023,Prefeitura Municipal de Paranatama - PE,PE,Disponibilidade de Caixa,-3444819.6
2023,Prefeitura Municipal de Paranatama - PE,PE,Disponibilidade de Caixa Bruta,2366388.17
2023,Prefeitura Municipal de Paranatama - PE,PE,RECEITA CORRENTE LÍQUIDA,60006166.81
2023,Prefeitura Municipal de Paranatama - PE,PE,% da DC sobre a RCL AJUSTADA (I/VI),21.06
2023,Prefeitura Municipal de Paranatama - PE,PE,% da DCL sobre a RCL AJUSTADA,26.86
2023,Prefeitura Municipal de Panelas - PE,PE,DÍVIDA CONSOLIDADA,18529174.28
2023,Prefeitura Municipal de Panelas - PE,PE,Disponibilidade de Caixa,11886791.26
2023,Prefeitura Municipal de Panelas - PE,PE,Disponibilidade de Caixa Bruta,13312488.74
2023,Prefeitura Municipal de Panelas - PE,PE,RECEITA CORRENTE LÍQUIDA,111265478.13
2023,Prefeitura Municipal de Panelas - PE,PE,% da DC sobre a RCL AJUSTADA (I/VI),17.2
2023,Prefeitura Municipal de Panelas - PE,PE,% da DCL sobre a RCL AJUSTADA,6.17
2023,Prefeitura Municipal de Paudalho - PE,PE,DÍVIDA CONSOLIDADA,108398355.59
2023,Prefeitura Municipal de Paudalho - PE,PE,Disponibilidade de Caixa,6264187.05
2023,Prefeitura Municipal de Paudalho - PE,PE,Disponibilidade de Caixa Bruta,19004137.6
2023,Prefeitura Municipal de Paudalho - PE,PE,RECEITA CORRENTE LÍQUIDA,187993286.77
2023,Prefeitura Municipal de Paudalho - PE,PE,% da DC sobre a RCL AJUSTADA (I/VI),59.58
2023,Prefeitura Municipal de Paudalho - PE,PE,% da DCL sobre a RCL AJUSTADA,56.14
2023,Prefeitura Municipal de Parnamirim - PE,PE,DÍVIDA CONSOLIDADA,22755934.6
2023,Prefeitura Municipal de Parnamirim - PE,PE,Disponibilidade de Caixa,-5787008.98
2023,Prefeitura Municipal de Parnamirim - PE,PE,Disponibilidade de Caixa Bruta,11319273.64
2023,Prefeitura Municipal de Parnamirim - PE,PE,RECEITA CORRENTE LÍQUIDA,74913282.22
2023,Prefeitura Municipal de Parnamirim - PE,PE,% da DC sobre a RCL AJUSTADA (I/VI),31.68
2023,Prefeitura Municipal de Parnamirim - PE,PE,% da DCL sobre a RCL AJUSTADA,39.74
2023,Prefeitura Municipal de Parnamirim - PE,PE,Precatórios (Não incluídos na DC),61563.22
2023,Prefeitura Municipal de Passira - PE,PE,DÍVIDA CONSOLIDADA,6947502.85
2023,Prefeitura Municipal de Passira - PE,PE,Disponibilidade de Caixa,-14933732.56
2023,Prefeitura Municipal de Passira - PE,PE,Disponibilidade de Caixa Bruta,7835894.18
2023,Prefeitura Municipal de Passira - PE,PE,RECEITA CORRENTE LÍQUIDA,91560858.39
2023,Prefeitura Municipal de Passira - PE,PE,% da DC sobre a RCL AJUSTADA (I/VI),7.78
2023,Prefeitura Municipal de Passira - PE,PE,% da DCL sobre a RCL AJUSTADA,24.52
2023,Prefeitura Municipal de Paulista - PE,PE,DÍVIDA CONSOLIDADA,42094137.9
2023,Prefeitura Municipal de Paulista - PE,PE,Precatórios (inclusive) Vencidos e Não Pagos,658461.04
2023,Prefeitura Municipal de Paulista - PE,PE,Disponibilidade de Caixa,87671481.74
2023,Prefeitura Municipal de Paulista - PE,PE,Disponibilidade de Caixa Bruta,112969753.49
2023,Prefeitura Municipal de Paulista - PE,PE,RECEITA CORRENTE LÍQUIDA,682496673.19
2023,Prefeitura Municipal de Paulista - PE,PE,% da DC sobre a RCL AJUSTADA (I/VI),6.2
2023,Prefeitura Municipal de Paulista - PE,PE,% da DCL sobre a RCL AJUSTADA,-6.71
2023,Prefeitura Municipal de Pedra - PE,PE,DÍVIDA CONSOLIDADA,2064099.47
2023,Prefeitura Municipal de Pedra - PE,PE,Disponibilidade de Caixa,2322562.14
2023,Prefeitura Municipal de Pedra - PE,PE,Disponibilidade de Caixa Bruta,5709110.86
2023,Prefeitura Municipal de Pedra - PE,PE,RECEITA CORRENTE LÍQUIDA,70682759.85
2023,Prefeitura Municipal de Pedra - PE,PE,% da DC sobre a RCL AJUSTADA (I/VI),2.92
2023,Prefeitura Municipal de Pedra - PE,PE,% da DCL sobre a RCL AJUSTADA,-0.37
2023,Prefeitura Municipal de Pesqueira - PE,PE,DÍVIDA CONSOLIDADA,64627763.2
2023,Prefeitura Municipal de Pesqueira - PE,PE,Disponibilidade de Caixa,33707480.09
2023,Prefeitura Municipal de Pesqueira - PE,PE,Disponibilidade de Caixa Bruta,54727879.28
2023,Prefeitura Municipal de Pesqueira - PE,PE,RECEITA CORRENTE LÍQUIDA,196290280.58
2023,Prefeitura Municipal de Pesqueira - PE,PE,% da DC sobre a RCL AJUSTADA (I/VI),33.59
2023,Prefeitura Municipal de Pesqueira - PE,PE,% da DCL sobre a RCL AJUSTADA,16.07
2023,Prefeitura Municipal de Petrolândia - PE,PE,DÍVIDA CONSOLIDADA,10231910.1
2023,Prefeitura Municipal de Petrolândia - PE,PE,Disponibilidade de Caixa,9329473.92
2023,Prefeitura Municipal de Petrolândia - PE,PE,Disponibilidade de Caixa Bruta,11437636.66
2023,Prefeitura Municipal de Petrolândia - PE,PE,RECEITA CORRENTE LÍQUIDA,145347989.65
2023,Prefeitura Municipal de Petrolândia - PE,PE,% da DC sobre a RCL AJUSTADA (I/VI),7.2
2023,Prefeitura Municipal de Petrolândia - PE,PE,% da DCL sobre a RCL AJUSTADA,0.64
2023,Prefeitura Municipal de Petrolina - PE,PE,DÍVIDA CONSOLIDADA,149991691.72
2023,Prefeitura Municipal de Petrolina - PE,PE,Disponibilidade de Caixa,237558574.63
2023,Prefeitura Municipal de Petrolina - PE,PE,Disponibilidade de Caixa Bruta,318167269.95
2023,Prefeitura Municipal de Petrolina - PE,PE,RECEITA CORRENTE LÍQUIDA,1207294936.53
2023,Prefeitura Municipal de Petrolina - PE,PE,% da DC sobre a RCL AJUSTADA (I/VI),12.44
2023,Prefeitura Municipal de Petrolina - PE,PE,% da DCL sobre a RCL AJUSTADA,-7.65
2023,Prefeitura Municipal de Petrolina - PE,PE,Precatórios (Não incluídos na DC),7403959.05
2023,Prefeitura Municipal de Poção - PE,PE,DÍVIDA CONSOLIDADA,5018453.83
2023,Prefeitura Municipal de Poção - PE,PE,Disponibilidade de Caixa,230434.15
2023,Prefeitura Municipal de Poção - PE,PE,Disponibilidade de Caixa Bruta,5612532.73
2023,Prefeitura Municipal de Poção - PE,PE,RECEITA CORRENTE LÍQUIDA,47802798.27
2023,Prefeitura Municipal de Poção - PE,PE,% da DC sobre a RCL AJUSTADA (I/VI),10.5
2023,Prefeitura Municipal de Poção - PE,PE,% da DCL sobre a RCL AJUSTADA,10.02
2023,Prefeitura Municipal de Primavera - PE,PE,DÍVIDA CONSOLIDADA,42326408.8
2023,Prefeitura Municipal de Primavera - PE,PE,Precatórios (inclusive) Vencidos e Não Pagos,1087291.37
2023,Prefeitura Municipal de Primavera - PE,PE,Disponibilidade de Caixa,-17936337.77
2023,Prefeitura Municipal de Primavera - PE,PE,Disponibilidade de Caixa Bruta,5010904.68
2023,Prefeitura Municipal de Primavera - PE,PE,RECEITA CORRENTE LÍQUIDA,49420722.43
2023,Prefeitura Municipal de Primavera - PE,PE,% da DC sobre a RCL AJUSTADA (I/VI),86.26
2023,Prefeitura Municipal de Primavera - PE,PE,% da DCL sobre a RCL AJUSTADA,122.81
2023,Prefeitura Municipal de Primavera - PE,PE,Precatórios (Não incluídos na DC),2291091.72
2023,Prefeitura Municipal de Quipapá - PE,PE,DÍVIDA CONSOLIDADA,11279542.47
2023,Prefeitura Municipal de Quipapá - PE,PE,Precatórios (inclusive) Vencidos e Não Pagos,1352050.94
2023,Prefeitura Municipal de Quipapá - PE,PE,Disponibilidade de Caixa,-15297321.54
2023,Prefeitura Municipal de Quipapá - PE,PE,Disponibilidade de Caixa Bruta,2954281.44
2023,Prefeitura Municipal de Quipapá - PE,PE,RECEITA CORRENTE LÍQUIDA,75801419.95
2023,Prefeitura Municipal de Quipapá - PE,PE,% da DC sobre a RCL AJUSTADA (I/VI),14.98
2023,Prefeitura Municipal de Quipapá - PE,PE,% da DCL sobre a RCL AJUSTADA,35.29
2023,Prefeitura Municipal de Quipapá - PE,PE,Precatórios (Não incluídos na DC),1352050.94
2023,Prefeitura Municipal de Quixaba - PE,PE,DÍVIDA CONSOLIDADA,9713094.16
2023,Prefeitura Municipal de Quixaba - PE,PE,Precatórios (inclusive) Vencidos e Não Pagos,117339.72
2023,Prefeitura Municipal de Quixaba - PE,PE,Disponibilidade de Caixa,6973673.33
2023,Prefeitura Municipal de Quixaba - PE,PE,Disponibilidade de Caixa Bruta,8043385.82
2023,Prefeitura Municipal de Quixaba - PE,PE,RECEITA CORRENTE LÍQUIDA,41442430.95
2023,Prefeitura Municipal de Quixaba - PE,PE,% da DC sobre a RCL AJUSTADA (I/VI),23.44
2023,Prefeitura Municipal de Quixaba - PE,PE,% da DCL sobre a RCL AJUSTADA,5.1
2023,Prefeitura Municipal de Recife - PE,PE,DÍVIDA CONSOLIDADA,2017110344.4
2023,Prefeitura Municipal de Recife - PE,PE,Disponibilidade de Caixa,1557697878.99
2023,Prefeitura Municipal de Recife - PE,PE,Disponibilidade de Caixa Bruta,1712830718.51
2023,Prefeitura Municipal de Recife - PE,PE,RECEITA CORRENTE LÍQUIDA,6339148511.51
2023,Prefeitura Municipal de Recife - PE,PE,% da DC sobre a RCL AJUSTADA (I/VI),31.87
2023,Prefeitura Municipal de Recife - PE,PE,% da DCL sobre a RCL AJUSTADA,7.15
2023,Prefeitura Municipal de Riacho das Almas - PE,PE,DÍVIDA CONSOLIDADA,5764688.28
2023,Prefeitura Municipal de Riacho das Almas - PE,PE,Disponibilidade de Caixa,1693138.67
2023,Prefeitura Municipal de Riacho das Almas - PE,PE,Disponibilidade de Caixa Bruta,3787296.82
2023,Prefeitura Municipal de Riacho das Almas - PE,PE,RECEITA CORRENTE LÍQUIDA,74934798.62
2023,Prefeitura Municipal de Riacho das Almas - PE,PE,% da DC sobre a RCL AJUSTADA (I/VI),7.76
2023,Prefeitura Municipal de Riacho das Almas - PE,PE,% da DCL sobre a RCL AJUSTADA,5.48
2023,Prefeitura Municipal de Ribeirão - PE,PE,DÍVIDA CONSOLIDADA,41390246.4
2023,Prefeitura Municipal de Ribeirão - PE,PE,Disponibilidade de Caixa,-9117974.4
2023,Prefeitura Municipal de Ribeirão - PE,PE,Disponibilidade de Caixa Bruta,3845473.21
2023,Prefeitura Municipal de Ribeirão - PE,PE,RECEITA CORRENTE LÍQUIDA,118152629.4
2023,Prefeitura Municipal de Ribeirão - PE,PE,% da DC sobre a RCL AJUSTADA (I/VI),35.24
2023,Prefeitura Municipal de Ribeirão - PE,PE,% da DCL sobre a RCL AJUSTADA,42.98
2023,Prefeitura Municipal de Rio Formoso - PE,PE,DÍVIDA CONSOLIDADA,55024365.11
2023,Prefeitura Municipal de Rio Formoso - PE,PE,Disponibilidade de Caixa,-4338824.23
2023,Prefeitura Municipal de Rio Formoso - PE,PE,Disponibilidade de Caixa Bruta,13218094.82
2023,Prefeitura Municipal de Rio Formoso - PE,PE,RECEITA CORRENTE LÍQUIDA,97934072.39
2023,Prefeitura Municipal de Rio Formoso - PE,PE,% da DC sobre a RCL AJUSTADA (I/VI),56.39
2023,Prefeitura Municipal de Rio Formoso - PE,PE,% da DCL sobre a RCL AJUSTADA,60.83
2023,Prefeitura Municipal de Sairé - PE,PE,DÍVIDA CONSOLIDADA,21894028.51
2023,Prefeitura Municipal de Sairé - PE,PE,Disponibilidade de Caixa,4128729.61
2023,Prefeitura Municipal de Sairé - PE,PE,Disponibilidade de Caixa Bruta,5528235.94
2023,Prefeitura Municipal de Sairé - PE,PE,RECEITA CORRENTE LÍQUIDA,42331411.18
2023,Prefeitura Municipal de Sairé - PE,PE,% da DC sobre a RCL AJUSTADA (I/VI),52.34
2023,Prefeitura Municipal de Sairé - PE,PE,% da DCL sobre a RCL AJUSTADA,42.47
2023,Prefeitura Municipal de Salgadinho - PE,PE,DÍVIDA CONSOLIDADA,5402891.51
2023,Prefeitura Municipal de Salgadinho - PE,PE,Disponibilidade de Caixa,-3546303.62
2023,Prefeitura Municipal de Salgadinho - PE,PE,RECEITA CORRENTE LÍQUIDA,38100689.59
2023,Prefeitura Municipal de Salgadinho - PE,PE,% da DC sobre a RCL AJUSTADA (I/VI),14.45
2023,Prefeitura Municipal de Salgadinho - PE,PE,% da DCL sobre a RCL AJUSTADA,23.93
2023,Prefeitura Municipal de Salgueiro - PE,PE,DÍVIDA CONSOLIDADA,8707445.44
2023,Prefeitura Municipal de Salgueiro - PE,PE,Precatórios (inclusive) Vencidos e Não Pagos,64.4
2023,Prefeitura Municipal de Salgueiro - PE,PE,Disponibilidade de Caixa,675002.84
2023,Prefeitura Municipal de Salgueiro - PE,PE,Disponibilidade de Caixa Bruta,10076914.84
2023,Prefeitura Municipal de Salgueiro - PE,PE,RECEITA CORRENTE LÍQUIDA,190941490.85
2023,Prefeitura Municipal de Salgueiro - PE,PE,% da DC sobre a RCL AJUSTADA (I/VI),4.59
2023,Prefeitura Municipal de Salgueiro - PE,PE,% da DCL sobre a RCL AJUSTADA,4.03
2023,Prefeitura Municipal de Salgueiro - PE,PE,Precatórios (Não incluídos na DC),46356.9
2023,Prefeitura Municipal de Saloá - PE,PE,DÍVIDA CONSOLIDADA,4619521.73
2023,Prefeitura Municipal de Saloá - PE,PE,Disponibilidade de Caixa,4295423.66
2023,Prefeitura Municipal de Saloá - PE,PE,Disponibilidade de Caixa Bruta,16350468.83
2023,Prefeitura Municipal de Saloá - PE,PE,RECEITA CORRENTE LÍQUIDA,62900903.23
2023,Prefeitura Municipal de Saloá - PE,PE,% da DC sobre a RCL AJUSTADA (I/VI),7.43
2023,Prefeitura Municipal de Saloá - PE,PE,% da DCL sobre a RCL AJUSTADA,-1.64
2023,Prefeitura Municipal de Sanharó - PE,PE,DÍVIDA CONSOLIDADA,11896940.85
2023,Prefeitura Municipal de Sanharó - PE,PE,Disponibilidade de Caixa,3689342.22
2023,Prefeitura Municipal de Sanharó - PE,PE,Disponibilidade de Caixa Bruta,6500047.08
2023,Prefeitura Municipal de Sanharó - PE,PE,RECEITA CORRENTE LÍQUIDA,79852923.92
2023,Prefeitura Municipal de Sanharó - PE,PE,% da DC sobre a RCL AJUSTADA (I/VI),14.9
2023,Prefeitura Municipal de Sanharó - PE,PE,% da DCL sobre a RCL AJUSTADA,10.28
2023,Prefeitura Municipal de Sanharó - PE,PE,Precatórios (Não incluídos na DC),13180.17
2023,Prefeitura Municipal de Santa Cruz - PE,PE,DÍVIDA CONSOLIDADA,10939282.58
2023,Prefeitura Municipal de Santa Cruz - PE,PE,Disponibilidade de Caixa,5530719.74
2023,Prefeitura Municipal de Santa Cruz - PE,PE,Disponibilidade de Caixa Bruta,6646844.37
2023,Prefeitura Municipal de Santa Cruz - PE,PE,RECEITA CORRENTE LÍQUIDA,58414385.55
2023,Prefeitura Municipal de Santa Cruz - PE,PE,% da DC sobre a RCL AJUSTADA (I/VI),18.91
2023,Prefeitura Municipal de Santa Cruz - PE,PE,% da DCL sobre a RCL AJUSTADA,9.35
2023,Prefeitura Municipal de Santa Cruz da Baixa Verde - PE,PE,DÍVIDA CONSOLIDADA,10683474.76
2023,Prefeitura Municipal de Santa Cruz da Baixa Verde - PE,PE,Disponibilidade de Caixa,5306533.52
2023,Prefeitura Municipal de Santa Cruz da Baixa Verde - PE,PE,Disponibilidade de Caixa Bruta,7870874.1
2023,Prefeitura Municipal de Santa Cruz da Baixa Verde - PE,PE,RECEITA CORRENTE LÍQUIDA,49421243.35
2023,Prefeitura Municipal de Santa Cruz da Baixa Verde - PE,PE,% da DC sobre a RCL AJUSTADA (I/VI),21.62
2023,Prefeitura Municipal de Santa Cruz da Baixa Verde - PE,PE,% da DCL sobre a RCL AJUSTADA,10.88
2023,Prefeitura Municipal de Santa Cruz do Capibaribe - PE,PE,DÍVIDA CONSOLIDADA,24764037.55
2023,Prefeitura Municipal de Santa Cruz do Capibaribe - PE,PE,Disponibilidade de Caixa,34711490.15
2023,Prefeitura Municipal de Santa Cruz do Capibaribe - PE,PE,Disponibilidade de Caixa Bruta,45080823.9
2023,Prefeitura Municipal de Santa Cruz do Capibaribe - PE,PE,RECEITA CORRENTE LÍQUIDA,293480217.62
2023,Prefeitura Municipal de Santa Cruz do Capibaribe - PE,PE,% da DC sobre a RCL AJUSTADA (I/VI),8.48
2023,Prefeitura Municipal de Santa Cruz do Capibaribe - PE,PE,% da DCL sobre a RCL AJUSTADA,-3.41
2023,Prefeitura Municipal de Santa Maria da Boa Vista - PE,PE,DÍVIDA CONSOLIDADA,49265658.56
2023,Prefeitura Municipal de Santa Maria da Boa Vista - PE,PE,Disponibilidade de Caixa,35231638.98
2023,Prefeitura Municipal de Santa Maria da Boa Vista - PE,PE,Disponibilidade de Caixa Bruta,39490511.68
2023,Prefeitura Municipal de Santa Maria da Boa Vista - PE,PE,RECEITA CORRENTE LÍQUIDA,152333316.51
2023,Prefeitura Municipal de Santa Maria da Boa Vista - PE,PE,% da DC sobre a RCL AJUSTADA (I/VI),32.57
2023,Prefeitura Municipal de Santa Maria da Boa Vista - PE,PE,% da DCL sobre a RCL AJUSTADA,9.28
2023,Prefeitura Municipal de Santa Maria da Boa Vista - PE,PE,Precatórios (Não incluídos na DC),54866.68
2023,Prefeitura Municipal de Santa Maria do Cambucá - PE,PE,DÍVIDA CONSOLIDADA,1819916.51
2023,Prefeitura Municipal de Santa Maria do Cambucá - PE,PE,Disponibilidade de Caixa,3004350.19
2023,Prefeitura Municipal de Santa Maria do Cambucá - PE,PE,Disponibilidade de Caixa Bruta,3307716.47
2023,Prefeitura Municipal de Santa Maria do Cambucá - PE,PE,RECEITA CORRENTE LÍQUIDA,7319273.91
2023,Prefeitura Municipal de Santa Maria do Cambucá - PE,PE,% da DC sobre a RCL AJUSTADA (I/VI),24.86
2023,Prefeitura Municipal de Santa Maria do Cambucá - PE,PE,% da DCL sobre a RCL AJUSTADA,-16.18
2023,Prefeitura Municipal de Santa Terezinha - PE,PE,DÍVIDA CONSOLIDADA,1666200.18
2023,Prefeitura Municipal de Santa Terezinha - PE,PE,Precatórios (inclusive) Vencidos e Não Pagos,214665.64
2023,Prefeitura Municipal de Santa Terezinha - PE,PE,Disponibilidade de Caixa,-954293.33
2023,Prefeitura Municipal de Santa Terezinha - PE,PE,Disponibilidade de Caixa Bruta,1028169.6
2023,Prefeitura Municipal de Santa Terezinha - PE,PE,RECEITA CORRENTE LÍQUIDA,39400529.13
2023,Prefeitura Municipal de Santa Terezinha - PE,PE,% da DC sobre a RCL AJUSTADA (I/VI),4.23
2023,Prefeitura Municipal de Santa Terezinha - PE,PE,% da DCL sobre a RCL AJUSTADA,6.21
2023,Prefeitura Municipal de São Benedito do Sul - PE,PE,DÍVIDA CONSOLIDADA,4644085.39
2023,Prefeitura Municipal de São Benedito do Sul - PE,PE,Disponibilidade de Caixa,-724875.91
2023,Prefeitura Municipal de São Benedito do Sul - PE,PE,Disponibilidade de Caixa Bruta,3816163.89
2023,Prefeitura Municipal de São Benedito do Sul - PE,PE,RECEITA CORRENTE LÍQUIDA,51401763.91
2023,Prefeitura Municipal de São Benedito do Sul - PE,PE,% da DC sobre a RCL AJUSTADA (I/VI),9.23
2023,Prefeitura Municipal de São Benedito do Sul - PE,PE,% da DCL sobre a RCL AJUSTADA,10.67
2023,Prefeitura Municipal de São Bento do Una - PE,PE,DÍVIDA CONSOLIDADA,6979975.29
2023,Prefeitura Municipal de São Bento do Una - PE,PE,Precatórios (inclusive) Vencidos e Não Pagos,40074.71
2023,Prefeitura Municipal de São Bento do Una - PE,PE,Disponibilidade de Caixa,10412438.0
2023,Prefeitura Municipal de São Bento do Una - PE,PE,Disponibilidade de Caixa Bruta,15051132.49
2023,Prefeitura Municipal de São Bento do Una - PE,PE,RECEITA CORRENTE LÍQUIDA,151868803.17
2023,Prefeitura Municipal de São Bento do Una - PE,PE,% da DC sobre a RCL AJUSTADA (I/VI),4.63
2023,Prefeitura Municipal de São Bento do Una - PE,PE,% da DCL sobre a RCL AJUSTADA,-2.28
2023,Prefeitura Municipal de São Caitano - PE,PE,DÍVIDA CONSOLIDADA,15706401.01
2023,Prefeitura Municipal de São Caitano - PE,PE,Disponibilidade de Caixa,66259334.15
2023,Prefeitura Municipal de São Caitano - PE,PE,Disponibilidade de Caixa Bruta,67654448.71
2023,Prefeitura Municipal de São Caitano - PE,PE,RECEITA CORRENTE LÍQUIDA,108831587.23
2023,Prefeitura Municipal de São Caitano - PE,PE,% da DC sobre a RCL AJUSTADA (I/VI),14.47
2023,Prefeitura Municipal de São Caitano - PE,PE,% da DCL sobre a RCL AJUSTADA,-46.56
2023,Prefeitura Municipal de São Caitano - PE,PE,Precatórios (Não incluídos na DC),43346.44
2023,Prefeitura Municipal de São João - PE,PE,DÍVIDA CONSOLIDADA,8873910.07
2023,Prefeitura Municipal de São João - PE,PE,Disponibilidade de Caixa,-3772363.82
2023,Prefeitura Municipal de São João - PE,PE,Disponibilidade de Caixa Bruta,2421476.17
2023,Prefeitura Municipal de São João - PE,PE,RECEITA CORRENTE LÍQUIDA,88485144.64
2023,Prefeitura Municipal de São João - PE,PE,% da DC sobre a RCL AJUSTADA (I/VI),10.19
2023,Prefeitura Municipal de São João - PE,PE,% da DCL sobre a RCL AJUSTADA,6.11
2023,Prefeitura Municipal de São João - PE,PE,Precatórios (Não incluídos na DC),13100.7
2023,Prefeitura Municipal de São Joaquim do Monte - PE,PE,DÍVIDA CONSOLIDADA,17774542.58
2023,Prefeitura Municipal de São Joaquim do Monte - PE,PE,Precatórios (inclusive) Vencidos e Não Pagos,1740342.11
2023,Prefeitura Municipal de São Joaquim do Monte - PE,PE,Disponibilidade de Caixa,5133001.93
2023,Prefeitura Municipal de São Joaquim do Monte - PE,PE,Disponibilidade de Caixa Bruta,9220210.39
2023,Prefeitura Municipal de São Joaquim do Monte - PE,PE,RECEITA CORRENTE LÍQUIDA,79669334.57
2023,Prefeitura Municipal de São Joaquim do Monte - PE,PE,% da DC sobre a RCL AJUSTADA (I/VI),22.45
2023,Prefeitura Municipal de São Joaquim do Monte - PE,PE,% da DCL sobre a RCL AJUSTADA,15.97
2023,Prefeitura Municipal de São José da Coroa Grande - PE,PE,DÍVIDA CONSOLIDADA,2782213.63
2023,Prefeitura Municipal de São José da Coroa Grande - PE,PE,Disponibilidade de Caixa,-411576.47
2023,Prefeitura Municipal de São José da Coroa Grande - PE,PE,Disponibilidade de Caixa Bruta,11787517.11
2023,Prefeitura Municipal de São José da Coroa Grande - PE,PE,RECEITA CORRENTE LÍQUIDA,84319486.04
2023,Prefeitura Municipal de São José da Coroa Grande - PE,PE,% da DC sobre a RCL AJUSTADA (I/VI),3.39
2023,Prefeitura Municipal de São José da Coroa Grande - PE,PE,% da DCL sobre a RCL AJUSTADA,3.89
2023,Prefeitura Municipal de São José do Belmonte - PE,PE,DÍVIDA CONSOLIDADA,6567970.98
2023,Prefeitura Municipal de São José do Belmonte - PE,PE,Disponibilidade de Caixa,49044766.85
2023,Prefeitura Municipal de São José do Belmonte - PE,PE,Disponibilidade de Caixa Bruta,50111148.53
2023,Prefeitura Municipal de São José do Belmonte - PE,PE,RECEITA CORRENTE LÍQUIDA,125102054.43
2023,Prefeitura Municipal de São José do Belmonte - PE,PE,% da DC sobre a RCL AJUSTADA (I/VI),5.25
2023,Prefeitura Municipal de São José do Belmonte - PE,PE,% da DCL sobre a RCL AJUSTADA,-33.95
2023,Prefeitura Municipal de São José do Belmonte - PE,PE,Precatórios (Não incluídos na DC),42420.72
2023,Prefeitura Municipal de São Lourenço da Mata - PE,PE,DÍVIDA CONSOLIDADA,15404094.79
2023,Prefeitura Municipal de São Lourenço da Mata - PE,PE,Disponibilidade de Caixa,48106284.04
2023,Prefeitura Municipal de São Lourenço da Mata - PE,PE,Disponibilidade de Caixa Bruta,65017380.22
2023,Prefeitura Municipal de São Lourenço da Mata - PE,PE,RECEITA CORRENTE LÍQUIDA,261753733.27
2023,Prefeitura Municipal de São Lourenço da Mata - PE,PE,% da DC sobre a RCL AJUSTADA (I/VI),6.0
2023,Prefeitura Municipal de São Lourenço da Mata - PE,PE,% da DCL sobre a RCL AJUSTADA,-12.73
2023,Prefeitura Municipal de São Vicente Ferrer - PE,PE,DÍVIDA CONSOLIDADA,836394.98
2023,Prefeitura Municipal de São Vicente Ferrer - PE,PE,Disponibilidade de Caixa,1626177.85
2023,Prefeitura Municipal de São Vicente Ferrer - PE,PE,Disponibilidade de Caixa Bruta,3557327.57
2023,Prefeitura Municipal de São Vicente Ferrer - PE,PE,RECEITA CORRENTE LÍQUIDA,70306423.83
2023,Prefeitura Municipal de São Vicente Ferrer - PE,PE,% da DC sobre a RCL AJUSTADA (I/VI),1.24
2023,Prefeitura Municipal de São Vicente Ferrer - PE,PE,% da DCL sobre a RCL AJUSTADA,-1.17
2023,Prefeitura Municipal de Serrita - PE,PE,DÍVIDA CONSOLIDADA,16884440.98
2023,Prefeitura Municipal de Serrita - PE,PE,Disponibilidade de Caixa,-4402252.41
2023,Prefeitura Municipal de Serrita - PE,PE,RECEITA CORRENTE LÍQUIDA,77137937.78
2023,Prefeitura Municipal de Serrita - PE,PE,% da DC sobre a RCL AJUSTADA (I/VI),22.32
2023,Prefeitura Municipal de Serrita - PE,PE,% da DCL sobre a RCL AJUSTADA,28.14
2023,Prefeitura Municipal de Serra Talhada - PE,PE,DÍVIDA CONSOLIDADA,36712207.75
2023,Prefeitura Municipal de Serra Talhada - PE,PE,Precatórios (inclusive) Vencidos e Não Pagos,106612.23
2023,Prefeitura Municipal de Serra Talhada - PE,PE,Disponibilidade de Caixa,1393860.72
2023,Prefeitura Municipal de Serra Talhada - PE,PE,Disponibilidade de Caixa Bruta,22175908.99
2023,Prefeitura Municipal de Serra Talhada - PE,PE,RECEITA CORRENTE LÍQUIDA,271947944.95
2023,Prefeitura Municipal de Serra Talhada - PE,PE,% da DC sobre a RCL AJUSTADA (I/VI),13.87
2023,Prefeitura Municipal de Serra Talhada - PE,PE,% da DCL sobre a RCL AJUSTADA,13.28
2023,Prefeitura Municipal de Sertânia - PE,PE,DÍVIDA CONSOLIDADA,10140912.38
2023,Prefeitura Municipal de Sertânia - PE,PE,Precatórios (inclusive) Vencidos e Não Pagos,714421.97
2023,Prefeitura Municipal de Sertânia - PE,PE,Disponibilidade de Caixa,-3603812.93
2023,Prefeitura Municipal de Sertânia - PE,PE,Disponibilidade de Caixa Bruta,16095067.77
2023,Prefeitura Municipal de Sertânia - PE,PE,RECEITA CORRENTE LÍQUIDA,93754208.48
2023,Prefeitura Municipal de Sertânia - PE,PE,% da DC sobre a RCL AJUSTADA (I/VI),10.93
2023,Prefeitura Municipal de Sertânia - PE,PE,% da DCL sobre a RCL AJUSTADA,10.38
2023,Prefeitura Municipal de Sirinhaém - PE,PE,DÍVIDA CONSOLIDADA,114229182.99
2023,Prefeitura Municipal de Sirinhaém - PE,PE,Disponibilidade de Caixa,17138450.51
2023,Prefeitura Municipal de Sirinhaém - PE,PE,Disponibilidade de Caixa Bruta,30228673.86
2023,Prefeitura Municipal de Sirinhaém - PE,PE,RECEITA CORRENTE LÍQUIDA,145449231.29
2023,Prefeitura Municipal de Sirinhaém - PE,PE,% da DC sobre a RCL AJUSTADA (I/VI),79.18
2023,Prefeitura Municipal de Sirinhaém - PE,PE,% da DCL sobre a RCL AJUSTADA,67.3
2023,Prefeitura Municipal de Surubim - PE,PE,DÍVIDA CONSOLIDADA,5718673.26
2023,Prefeitura Municipal de Surubim - PE,PE,Disponibilidade de Caixa,26473735.69
2023,Prefeitura Municipal de Surubim - PE,PE,Disponibilidade de Caixa Bruta,28149882.1
2023,Prefeitura Municipal de Surubim - PE,PE,RECEITA CORRENTE LÍQUIDA,168656463.74
2023,Prefeitura Municipal de Surubim - PE,PE,% da DC sobre a RCL AJUSTADA (I/VI),3.43
2023,Prefeitura Municipal de Surubim - PE,PE,% da DCL sobre a RCL AJUSTADA,-12.45
2023,Prefeitura Municipal de Surubim - PE,PE,Precatórios (Não incluídos na DC),330825.68
2023,Prefeitura Municipal de Tabira - PE,PE,DÍVIDA CONSOLIDADA,11191747.9
2023,Prefeitura Municipal de Tabira - PE,PE,Disponibilidade de Caixa,4019070.63
2023,Prefeitura Municipal de Tabira - PE,PE,Disponibilidade de Caixa Bruta,8853074.16
2023,Prefeitura Municipal de Tabira - PE,PE,RECEITA CORRENTE LÍQUIDA,94376275.62
2023,Prefeitura Municipal de Tabira - PE,PE,% da DC sobre a RCL AJUSTADA (I/VI),12.41
2023,Prefeitura Municipal de Tabira - PE,PE,% da DCL sobre a RCL AJUSTADA,7.95
2023,Prefeitura Municipal de Tacaratu - PE,PE,DÍVIDA CONSOLIDADA,579887.09
2023,Prefeitura Municipal de Tacaratu - PE,PE,Precatórios (inclusive) Vencidos e Não Pagos,579887.09
2023,Prefeitura Municipal de Tacaratu - PE,PE,Disponibilidade de Caixa,-579887.09
2023,Prefeitura Municipal de Tacaratu - PE,PE,Disponibilidade de Caixa Bruta,5423975.1
2023,Prefeitura Municipal de Tacaratu - PE,PE,RECEITA CORRENTE LÍQUIDA,84014877.57
2023,Prefeitura Municipal de Tacaratu - PE,PE,% da DC sobre a RCL AJUSTADA (I/VI),0.7
2023,Prefeitura Municipal de Tacaratu - PE,PE,% da DCL sobre a RCL AJUSTADA,1.38
2023,Prefeitura Municipal de Tacaimbó - PE,PE,DÍVIDA CONSOLIDADA,5477841.46
2023,Prefeitura Municipal de Tacaimbó - PE,PE,Disponibilidade de Caixa,2798177.84
2023,Prefeitura Municipal de Tacaimbó - PE,PE,Disponibilidade de Caixa Bruta,6130950.99
2023,Prefeitura Municipal de Tacaimbó - PE,PE,RECEITA CORRENTE LÍQUIDA,45329257.13
2023,Prefeitura Municipal de Tacaimbó - PE,PE,% da DC sobre a RCL AJUSTADA (I/VI),12.38
2023,Prefeitura Municipal de Tacaimbó - PE,PE,% da DCL sobre a RCL AJUSTADA,5.88
2023,Prefeitura Municipal de Tamandaré - PE,PE,DÍVIDA CONSOLIDADA,135103956.13
2023,Prefeitura Municipal de Tamandaré - PE,PE,Disponibilidade de Caixa,58319.29
2023,Prefeitura Municipal de Tamandaré - PE,PE,Disponibilidade de Caixa Bruta,7987012.97
2023,Prefeitura Municipal de Tamandaré - PE,PE,RECEITA CORRENTE LÍQUIDA,106240923.63
2023,Prefeitura Municipal de Tamandaré - PE,PE,% da DC sobre a RCL AJUSTADA (I/VI),128.31
2023,Prefeitura Municipal de Tamandaré - PE,PE,% da DCL sobre a RCL AJUSTADA,128.26
2023,Prefeitura Municipal de Terezinha - PE,PE,DÍVIDA CONSOLIDADA,2989118.0
2023,Prefeitura Municipal de Terezinha - PE,PE,RECEITA CORRENTE LÍQUIDA,38115709.02
2023,Prefeitura Municipal de Terezinha - PE,PE,% da DC sobre a RCL AJUSTADA (I/VI),8.22
2023,Prefeitura Municipal de Terezinha - PE,PE,% da DCL sobre a RCL AJUSTADA,7.88
2023,Prefeitura Municipal de Terra Nova - PE,PE,DÍVIDA CONSOLIDADA,15000.0
2023,Prefeitura Municipal de Terra Nova - PE,PE,Precatórios (inclusive) Vencidos e Não Pagos,15000.0
2023,Prefeitura Municipal de Terra Nova - PE,PE,Disponibilidade de Caixa,14418754.86
2023,Prefeitura Municipal de Terra Nova - PE,PE,Disponibilidade de Caixa Bruta,14555053.13
2023,Prefeitura Municipal de Terra Nova - PE,PE,RECEITA CORRENTE LÍQUIDA,39516004.7
2023,Prefeitura Municipal de Terra Nova - PE,PE,% da DC sobre a RCL AJUSTADA (I/VI),0.04
2023,Prefeitura Municipal de Terra Nova - PE,PE,% da DCL sobre a RCL AJUSTADA,-36.51
2023,Prefeitura Municipal de Timbaúba - PE,PE,DÍVIDA CONSOLIDADA,36205722.79
2023,Prefeitura Municipal de Timbaúba - PE,PE,Precatórios (inclusive) Vencidos e Não Pagos,494577.91
2023,Prefeitura Municipal de Timbaúba - PE,PE,Disponibilidade de Caixa,-6333532.49
2023,Prefeitura Municipal de Timbaúba - PE,PE,Disponibilidade de Caixa Bruta,6735012.87
2023,Prefeitura Municipal de Timbaúba - PE,PE,RECEITA CORRENTE LÍQUIDA,185985023.42
2023,Prefeitura Municipal de Timbaúba - PE,PE,% da DC sobre a RCL AJUSTADA (I/VI),19.62
2023,Prefeitura Municipal de Timbaúba - PE,PE,% da DCL sobre a RCL AJUSTADA,23.06
2023,Prefeitura Municipal de Toritama - PE,PE,DÍVIDA CONSOLIDADA,31033267.66
2023,Prefeitura Municipal de Toritama - PE,PE,Disponibilidade de Caixa,28331197.24
2023,Prefeitura Municipal de Toritama - PE,PE,Disponibilidade de Caixa Bruta,30647803.93
2023,Prefeitura Municipal de Toritama - PE,PE,RECEITA CORRENTE LÍQUIDA,148704581.18
2023,Prefeitura Municipal de Toritama - PE,PE,% da DC sobre a RCL AJUSTADA (I/VI),21.04
2023,Prefeitura Municipal de Toritama - PE,PE,% da DCL sobre a RCL AJUSTADA,1.83
2023,Prefeitura Municipal de Tracunhaém - PE,PE,DÍVIDA CONSOLIDADA,19136855.21
2023,Prefeitura Municipal de Tracunhaém - PE,PE,Precatórios (inclusive) Vencidos e Não Pagos,568166.17
2023,Prefeitura Municipal de Tracunhaém - PE,PE,Disponibilidade de Caixa,-4802489.3
2023,Prefeitura Municipal de Tracunhaém - PE,PE,Disponibilidade de Caixa Bruta,1321875.12
2023,Prefeitura Municipal de Tracunhaém - PE,PE,RECEITA CORRENTE LÍQUIDA,49624988.35
2023,Prefeitura Municipal de Tracunhaém - PE,PE,% da DC sobre a RCL AJUSTADA (I/VI),40.61
2023,Prefeitura Municipal de Tracunhaém - PE,PE,% da DCL sobre a RCL AJUSTADA,50.81
2023,Prefeitura Municipal de Tracunhaém - PE,PE,Precatórios (Não incluídos na DC),42473.37
2023,Prefeitura Municipal de Trindade - PE,PE,DÍVIDA CONSOLIDADA,29738726.77
2023,Prefeitura Municipal de Trindade - PE,PE,Disponibilidade de Caixa,12000436.7
2023,Prefeitura Municipal de Trindade - PE,PE,Disponibilidade de Caixa Bruta,18229106.15
2023,Prefeitura Municipal de Trindade - PE,PE,RECEITA CORRENTE LÍQUIDA,107874727.08
2023,Prefeitura Municipal de Trindade - PE,PE,% da DC sobre a RCL AJUSTADA (I/VI),27.72
2023,Prefeitura Municipal de Trindade - PE,PE,% da DCL sobre a RCL AJUSTADA,16.52
2023,Prefeitura Municipal de Tupanatinga - PE,PE,DÍVIDA CONSOLIDADA,1145473.75
2023,Prefeitura Municipal de Tupanatinga - PE,PE,Disponibilidade de Caixa,-17454847.91
2023,Prefeitura Municipal de Tupanatinga - PE,PE,Disponibilidade de Caixa Bruta,6009575.41
2023,Prefeitura Municipal de Tupanatinga - PE,PE,RECEITA CORRENTE LÍQUIDA,90788512.83
2023,Prefeitura Municipal de Tupanatinga - PE,PE,% da DC sobre a RCL AJUSTADA (I/VI),1.26
2023,Prefeitura Municipal de Tupanatinga - PE,PE,% da DCL sobre a RCL AJUSTADA,20.49
2023,Prefeitura Municipal de Venturosa - PE,PE,DÍVIDA CONSOLIDADA,3094513.24
2023,Prefeitura Municipal de Venturosa - PE,PE,Precatórios (inclusive) Vencidos e Não Pagos,49420.11
2023,Prefeitura Municipal de Venturosa - PE,PE,Disponibilidade de Caixa,5560378.69
2023,Prefeitura Municipal de Venturosa - PE,PE,Disponibilidade de Caixa Bruta,8270251.7
2023,Prefeitura Municipal de Venturosa - PE,PE,RECEITA CORRENTE LÍQUIDA,68840495.71
2023,Prefeitura Municipal de Venturosa - PE,PE,% da DC sobre a RCL AJUSTADA (I/VI),4.57
2023,Prefeitura Municipal de Venturosa - PE,PE,% da DCL sobre a RCL AJUSTADA,-3.64
2023,Prefeitura Municipal de Verdejante - PE,PE,DÍVIDA CONSOLIDADA,3081474.28
2023,Prefeitura Municipal de Verdejante - PE,PE,Precatórios (inclusive) Vencidos e Não Pagos,73564.07
2023,Prefeitura Municipal de Verdejante - PE,PE,Disponibilidade de Caixa,-4832076.89
2023,Prefeitura Municipal de Verdejante - PE,PE,Disponibilidade de Caixa Bruta,3508024.6
2023,Prefeitura Municipal de Verdejante - PE,PE,RECEITA CORRENTE LÍQUIDA,38284769.09
2023,Prefeitura Municipal de Verdejante - PE,PE,% da DC sobre a RCL AJUSTADA (I/VI),8.28
2023,Prefeitura Municipal de Verdejante - PE,PE,% da DCL sobre a RCL AJUSTADA,20.97
2023,Prefeitura Municipal de Verdejante - PE,PE,Precatórios (Não incluídos na DC),1585.62
2023,Prefeitura Municipal de Vertente do Lério - PE,PE,DÍVIDA CONSOLIDADA,1483311.76
2023,Prefeitura Municipal de Vertente do Lério - PE,PE,Disponibilidade de Caixa,9122210.4
2023,Prefeitura Municipal de Vertente do Lério - PE,PE,Disponibilidade de Caixa Bruta,9163898.68
2023,Prefeitura Municipal de Vertente do Lério - PE,PE,RECEITA CORRENTE LÍQUIDA,39937017.26
2023,Prefeitura Municipal de Vertente do Lério - PE,PE,% da DC sobre a RCL AJUSTADA (I/VI),3.76
2023,Prefeitura Municipal de Vertente do Lério - PE,PE,% da DCL sobre a RCL AJUSTADA,-19.37
2023,Prefeitura Municipal de Vertentes - PE,PE,DÍVIDA CONSOLIDADA,5909056.47
2023,Prefeitura Municipal de Vertentes - PE,PE,Precatórios (inclusive) Vencidos e Não Pagos,30812.22
2023,Prefeitura Municipal de Vertentes - PE,PE,Disponibilidade de Caixa,20541928.0
2023,Prefeitura Municipal de Vertentes - PE,PE,Disponibilidade de Caixa Bruta,21489617.22
2023,Prefeitura Municipal de Vertentes - PE,PE,RECEITA CORRENTE LÍQUIDA,70432286.37
2023,Prefeitura Municipal de Vertentes - PE,PE,% da DC sobre a RCL AJUSTADA (I/VI),8.43
2023,Prefeitura Municipal de Vertentes - PE,PE,% da DCL sobre a RCL AJUSTADA,-20.86
2023,Prefeitura Municipal de Vicência - PE,PE,DÍVIDA CONSOLIDADA,17805444.7
2023,Prefeitura Municipal de Vicência - PE,PE,Disponibilidade de Caixa,7164278.37
2023,Prefeitura Municipal de Vicência - PE,PE,Disponibilidade de Caixa Bruta,10748255.2
2023,Prefeitura Municipal de Vicência - PE,PE,RECEITA CORRENTE LÍQUIDA,98814580.18
2023,Prefeitura Municipal de Vicência - PE,PE,% da DC sobre a RCL AJUSTADA (I/VI),18.02
2023,Prefeitura Municipal de Vicência - PE,PE,% da DCL sobre a RCL AJUSTADA,10.64
2023,Prefeitura Municipal de Vitória de Santo Antão - PE,PE,DÍVIDA CONSOLIDADA,19992064.63
2023,Prefeitura Municipal de Vitória de Santo Antão - PE,PE,Disponibilidade de Caixa,87381353.61
2023,Prefeitura Municipal de Vitória de Santo Antão - PE,PE,Disponibilidade de Caixa Bruta,96094069.88
2023,Prefeitura Municipal de Vitória de Santo Antão - PE,PE,RECEITA CORRENTE LÍQUIDA,409002677.47
2023,Prefeitura Municipal de Vitória de Santo Antão - PE,PE,% da DC sobre a RCL AJUSTADA (I/VI),4.92
2023,Prefeitura Municipal de Vitória de Santo Antão - PE,PE,% da DCL sobre a RCL AJUSTADA,-16.6
2023,Prefeitura Municipal de Xexéu - PE,PE,DÍVIDA CONSOLIDADA,26026204.73
2023,Prefeitura Municipal de Xexéu - PE,PE,Precatórios (inclusive) Vencidos e Não Pagos,9194.67
2023,Prefeitura Municipal de Xexéu - PE,PE,Disponibilidade de Caixa,494771.04
2023,Prefeitura Municipal de Xexéu - PE,PE,Disponibilidade de Caixa Bruta,9718961.06
2023,Prefeitura Municipal de Xexéu - PE,PE,RECEITA CORRENTE LÍQUIDA,53548560.81
2023,Prefeitura Municipal de Xexéu - PE,PE,% da DC sobre a RCL AJUSTADA (I/VI),48.64
2023,Prefeitura Municipal de Xexéu - PE,PE,% da DCL sobre a RCL AJUSTADA,47.68
2023,Prefeitura Municipal de Xexéu - PE,PE,Precatórios (Não incluídos na DC),12556.02
2024,Prefeitura Municipal de Abreu e Lima - PE,PE,DÍVIDA CONSOLIDADA,12931253.8
2024,Prefeitura Municipal de Abreu e Lima - PE,PE,Disponibilidade de Caixa,89557999.66
2024,Prefeitura Municipal de Abreu e Lima - PE,PE,Disponibilidade de Caixa Bruta,104249127.65
2024,Prefeitura Municipal de Abreu e Lima - PE,PE,RECEITA CORRENTE LÍQUIDA,246915060.92
2024,Prefeitura Municipal de Abreu e Lima - PE,PE,RECEITA CORRENTE LÍQUIDA AJUSTADA PARA CÁLCULO DOS LIMITES DE ENDIVIDAMENTO,243515060.92
2024,Prefeitura Municipal de Abreu e Lima - PE,PE,% da DC sobre a RCL AJUSTADA (I/VI),5.31
2024,Prefeitura Municipal de Abreu e Lima - PE,PE,% da DCL sobre a RCL AJUSTADA,-31.47
2024,Prefeitura Municipal de Afrânio - PE,PE,DÍVIDA CONSOLIDADA,10785898.97
2024,Prefeitura Municipal de Afrânio - PE,PE,Precatórios (inclusive) Vencidos e Não Pagos,292381.49
2024,Prefeitura Municipal de Afrânio - PE,PE,Disponibilidade de Caixa,-648421.79
2024,Prefeitura Municipal de Afrânio - PE,PE,RECEITA CORRENTE LÍQUIDA,77486255.63
2024,Prefeitura Municipal de Afrânio - PE,PE,RECEITA CORRENTE LÍQUIDA AJUSTADA PARA CÁLCULO DOS LIMITES DE ENDIVIDAMENTO,75336255.63
2024,Prefeitura Municipal de Afrânio - PE,PE,% da DC sobre a RCL AJUSTADA (I/VI),14.32
2024,Prefeitura Municipal de Afrânio - PE,PE,% da DCL sobre a RCL AJUSTADA,15.18
2024,Prefeitura Municipal de Agrestina - PE,PE,DÍVIDA CONSOLIDADA,19165366.62
2024,Prefeitura Municipal de Agrestina - PE,PE,Disponibilidade de Caixa,18059014.97
2024,Prefeitura Municipal de Agrestina - PE,PE,Disponibilidade de Caixa Bruta,19735344.24
2024,Prefeitura Municipal de Agrestina - PE,PE,RECEITA CORRENTE LÍQUIDA,104529318.92
2024,Prefeitura Municipal de Agrestina - PE,PE,RECEITA CORRENTE LÍQUIDA AJUSTADA PARA CÁLCULO DOS LIMITES DE ENDIVIDAMENTO,103929318.92
2024,Prefeitura Municipal de Agrestina - PE,PE,% da DC sobre a RCL AJUSTADA (I/VI),18.44
2024,Prefeitura Municipal de Agrestina - PE,PE,% da DCL sobre a RCL AJUSTADA,0.88
2024,Prefeitura Municipal de Água Preta - PE,PE,DÍVIDA CONSOLIDADA,22225424.07
2024,Prefeitura Municipal de Água Preta - PE,PE,Precatórios (inclusive) Vencidos e Não Pagos,579286.37
2024,Prefeitura Municipal de Água Preta - PE,PE,Disponibilidade de Caixa,-11448592.14
2024,Prefeitura Municipal de Água Preta - PE,PE,RECEITA CORRENTE LÍQUIDA,108550387.58
2024,Prefeitura Municipal de Água Preta - PE,PE,RECEITA CORRENTE LÍQUIDA AJUSTADA PARA CÁLCULO DOS LIMITES DE ENDIVIDAMENTO,107799538.58
2024,Prefeitura Municipal de Água Preta - PE,PE,% da DC sobre a RCL AJUSTADA (I/VI),20.62
2024,Prefeitura Municipal de Água Preta - PE,PE,% da DCL sobre a RCL AJUSTADA,31.24
2024,Prefeitura Municipal de Águas Belas - PE,PE,DÍVIDA CONSOLIDADA,37299822.25
2024,Prefeitura Municipal de Águas Belas - PE,PE,Precatórios (inclusive) Vencidos e Não Pagos,975207.56
2024,Prefeitura Municipal de Águas Belas - PE,PE,Disponibilidade de Caixa,4949313.49
2024,Prefeitura Municipal de Águas Belas - PE,PE,Disponibilidade de Caixa Bruta,25784524.96
2024,Prefeitura Municipal de Águas Belas - PE,PE,RECEITA CORRENTE LÍQUIDA,151965940.88
2024,Prefeitura Municipal de Águas Belas - PE,PE,RECEITA CORRENTE LÍQUIDA AJUSTADA PARA CÁLCULO DOS LIMITES DE ENDIVIDAMENTO,143227717.68
2024,Prefeitura Municipal de Águas Belas - PE,PE,% da DC sobre a RCL AJUSTADA (I/VI),26.04
2024,Prefeitura Municipal de Águas Belas - PE,PE,% da DCL sobre a RCL AJUSTADA,22.59
2024,Prefeitura Municipal de Alagoinha - PE,PE,DÍVIDA CONSOLIDADA,6631239.7
2024,Prefeitura Municipal de Alagoinha - PE,PE,Disponibilidade de Caixa,947298.06
2024,Prefeitura Municipal de Alagoinha - PE,PE,Disponibilidade de Caixa Bruta,5403782.31
2024,Prefeitura Municipal de Alagoinha - PE,PE,RECEITA CORRENTE LÍQUIDA,61587978.53
2024,Prefeitura Municipal de Alagoinha - PE,PE,RECEITA CORRENTE LÍQUIDA AJUSTADA PARA CÁLCULO DOS LIMITES DE ENDIVIDAMENTO,60337978.53
2024,Prefeitura Municipal de Alagoinha - PE,PE,% da DC sobre a RCL AJUSTADA (I/VI),10.99
2024,Prefeitura Municipal de Alagoinha - PE,PE,% da DCL sobre a RCL AJUSTADA,9.42
2024,Prefeitura Municipal de Aliança - PE,PE,DÍVIDA CONSOLIDADA,54592302.77
2024,Prefeitura Municipal de Aliança - PE,PE,Precatórios (inclusive) Vencidos e Não Pagos,134312.57
2024,Prefeitura Municipal de Aliança - PE,PE,Disponibilidade de Caixa,-13146865.69
2024,Prefeitura Municipal de Aliança - PE,PE,RECEITA CORRENTE LÍQUIDA,123351976.84
2024,Prefeitura Municipal de Aliança - PE,PE,RECEITA CORRENTE LÍQUIDA AJUSTADA PARA CÁLCULO DOS LIMITES DE ENDIVIDAMENTO,119954036.79
2024,Prefeitura Municipal de Aliança - PE,PE,% da DC sobre a RCL AJUSTADA (I/VI),45.51
2024,Prefeitura Municipal de Aliança - PE,PE,% da DCL sobre a RCL AJUSTADA,56.47
2024,Prefeitura Municipal de Altinho - PE,PE,DÍVIDA CONSOLIDADA,12356424.34
2024,Prefeitura Municipal de Altinho - PE,PE,Disponibilidade de Caixa,-79397.5
2024,Prefeitura Municipal de Altinho - PE,PE,Disponibilidade de Caixa Bruta,2585979.88
2024,Prefeitura Municipal de Altinho - PE,PE,RECEITA CORRENTE LÍQUIDA,71867909.7
2024,Prefeitura Municipal de Altinho - PE,PE,RECEITA CORRENTE LÍQUIDA AJUSTADA PARA CÁLCULO DOS LIMITES DE ENDIVIDAMENTO,69367909.7
2024,Prefeitura Municipal de Altinho - PE,PE,% da DC sobre a RCL AJUSTADA (I/VI),17.81
2024,Prefeitura Municipal de Altinho - PE,PE,% da DCL sobre a RCL AJUSTADA,17.93
2024,Prefeitura Municipal de Amaraji - PE,PE,DÍVIDA CONSOLIDADA,18943000.77
2024,Prefeitura Municipal de Amaraji - PE,PE,Disponibilidade de Caixa,4335229.19
2024,Prefeitura Municipal de Amaraji - PE,PE,Disponibilidade de Caixa Bruta,13104854.36
2024,Prefeitura Municipal de Amaraji - PE,PE,RECEITA CORRENTE LÍQUIDA,74904765.64
2024,Prefeitura Municipal de Amaraji - PE,PE,RECEITA CORRENTE LÍQUIDA AJUSTADA PARA CÁLCULO DOS LIMITES DE ENDIVIDAMENTO,73298868.64
2024,Prefeitura Municipal de Amaraji - PE,PE,% da DC sobre a RCL AJUSTADA (I/VI),25.84
2024,Prefeitura Municipal de Amaraji - PE,PE,% da DCL sobre a RCL AJUSTADA,19.93
2024,Prefeitura Municipal de Araçoiaba - PE,PE,DÍVIDA CONSOLIDADA,930195.94
2024,Prefeitura Municipal de Araçoiaba - PE,PE,Disponibilidade de Caixa,-630383.76
2024,Prefeitura Municipal de Araçoiaba - PE,PE,Disponibilidade de Caixa Bruta,14156015.12
2024,Prefeitura Municipal de Araçoiaba - PE,PE,RECEITA CORRENTE LÍQUIDA,83042748.94
2024,Prefeitura Municipal de Araçoiaba - PE,PE,RECEITA CORRENTE LÍQUIDA AJUSTADA PARA CÁLCULO DOS LIMITES DE ENDIVIDAMENTO,80120644.94
2024,Prefeitura Municipal de Araçoiaba - PE,PE,% da DC sobre a RCL AJUSTADA (I/VI),1.16
2024,Prefeitura Municipal de Araçoiaba - PE,PE,% da DCL sobre a RCL AJUSTADA,1.95
2024,Prefeitura Municipal de Angelim - PE,PE,DÍVIDA CONSOLIDADA,2206432.88
2024,Prefeitura Municipal de Angelim - PE,PE,Precatórios (inclusive) Vencidos e Não Pagos,-1592.92
2024,Prefeitura Municipal de Angelim - PE,PE,Disponibilidade de Caixa,6024739.14
2024,Prefeitura Municipal de Angelim - PE,PE,Disponibilidade de Caixa Bruta,7534792.75
2024,Prefeitura Municipal de Angelim - PE,PE,RECEITA CORRENTE LÍQUIDA,48864098.26
2024,Prefeitura Municipal de Angelim - PE,PE,RECEITA CORRENTE LÍQUIDA AJUSTADA PARA CÁLCULO DOS LIMITES DE ENDIVIDAMENTO,47696182.26
2024,Prefeitura Municipal de Angelim - PE,PE,% da DC sobre a RCL AJUSTADA (I/VI),4.63
2024,Prefeitura Municipal de Angelim - PE,PE,% da DCL sobre a RCL AJUSTADA,-8.09
2024,Prefeitura Municipal de Araripina - PE,PE,DÍVIDA CONSOLIDADA,207560367.18
2024,Prefeitura Municipal de Araripina - PE,PE,Disponibilidade de Caixa,65472195.84
2024,Prefeitura Municipal de Araripina - PE,PE,Disponibilidade de Caixa Bruta,77113056.37
2024,Prefeitura Municipal de Araripina - PE,PE,RECEITA CORRENTE LÍQUIDA,292902008.0
2024,Prefeitura Municipal de Araripina - PE,PE,RECEITA CORRENTE LÍQUIDA AJUSTADA PARA CÁLCULO DOS LIMITES DE ENDIVIDAMENTO,290902008.0
2024,Prefeitura Municipal de Araripina - PE,PE,% da DC sobre a RCL AJUSTADA (I/VI),71.35
2024,Prefeitura Municipal de Araripina - PE,PE,% da DCL sobre a RCL AJUSTADA,48.74
2024,Prefeitura Municipal de Araripina - PE,PE,Precatórios (Não incluídos na DC),212814.62
2024,Prefeitura Municipal de Arcoverde - PE,PE,DÍVIDA CONSOLIDADA,11044863.0
2024,Prefeitura Municipal de Arcoverde - PE,PE,Disponibilidade de Caixa,-42546244.11
2024,Prefeitura Municipal de Arcoverde - PE,PE,Disponibilidade de Caixa Bruta,26495996.24
2024,Prefeitura Municipal de Arcoverde - PE,PE,RECEITA CORRENTE LÍQUIDA,250511806.35
2024,Prefeitura Municipal de Arcoverde - PE,PE,RECEITA CORRENTE LÍQUIDA AJUSTADA PARA CÁLCULO DOS LIMITES DE ENDIVIDAMENTO,248100353.35
2024,Prefeitura Municipal de Arcoverde - PE,PE,% da DC sobre a RCL AJUSTADA (I/VI),4.45
2024,Prefeitura Municipal de Arcoverde - PE,PE,% da DCL sobre a RCL AJUSTADA,21.09
2024,Prefeitura Municipal de Barra de Guabiraba - PE,PE,DÍVIDA CONSOLIDADA,33887407.64
2024,Prefeitura Municipal de Barra de Guabiraba - PE,PE,Disponibilidade de Caixa,3017724.28
2024,Prefeitura Municipal de Barra de Guabiraba - PE,PE,Disponibilidade de Caixa Bruta,7367473.36
2024,Prefeitura Municipal de Barra de Guabiraba - PE,PE,RECEITA CORRENTE LÍQUIDA,54627535.61
2024,Prefeitura Municipal de Barra de Guabiraba - PE,PE,RECEITA CORRENTE LÍQUIDA AJUSTADA PARA CÁLCULO DOS LIMITES DE ENDIVIDAMENTO,54563300.61
2024,Prefeitura Municipal de Barra de Guabiraba - PE,PE,% da DC sobre a RCL AJUSTADA (I/VI),62.11
2024,Prefeitura Municipal de Barra de Guabiraba - PE,PE,% da DCL sobre a RCL AJUSTADA,56.58
2024,Prefeitura Municipal de Barreiros - PE,PE,DÍVIDA CONSOLIDADA,31150258.73
2024,Prefeitura Municipal de Barreiros - PE,PE,Disponibilidade de Caixa,-36864749.84
2024,Prefeitura Municipal de Barreiros - PE,PE,Disponibilidade de Caixa Bruta,34831263.36
2024,Prefeitura Municipal de Barreiros - PE,PE,RECEITA CORRENTE LÍQUIDA,158484993.95
2024,Prefeitura Municipal de Barreiros - PE,PE,RECEITA CORRENTE LÍQUIDA AJUSTADA PARA CÁLCULO DOS LIMITES DE ENDIVIDAMENTO,155512438.95
2024,Prefeitura Municipal de Barreiros - PE,PE,% da DC sobre a RCL AJUSTADA (I/VI),20.03
2024,Prefeitura Municipal de Barreiros - PE,PE,% da DCL sobre a RCL AJUSTADA,43.74
2024,Prefeitura Municipal de Belém de Maria - PE,PE,DÍVIDA CONSOLIDADA,21761543.24
2024,Prefeitura Municipal de Belém de Maria - PE,PE,Disponibilidade de Caixa,-7076560.86
2024,Prefeitura Municipal de Belém de Maria - PE,PE,RECEITA CORRENTE LÍQUIDA,56475477.96
2024,Prefeitura Municipal de Belém de Maria - PE,PE,RECEITA CORRENTE LÍQUIDA AJUSTADA PARA CÁLCULO DOS LIMITES DE ENDIVIDAMENTO,55935477.96
2024,Prefeitura Municipal de Belém de Maria - PE,PE,% da DC sobre a RCL AJUSTADA (I/VI),38.9
2024,Prefeitura Municipal de Belém de Maria - PE,PE,% da DCL sobre a RCL AJUSTADA,51.56
2024,Prefeitura Municipal de Belém do São Francisco - PE,PE,DÍVIDA CONSOLIDADA,20554910.53
2024,Prefeitura Municipal de Belém do São Francisco - PE,PE,Disponibilidade de Caixa,-9165.58
2024,Prefeitura Municipal de Belém do São Francisco - PE,PE,Disponibilidade de Caixa Bruta,3056159.43
2024,Prefeitura Municipal de Belém do São Francisco - PE,PE,RECEITA CORRENTE LÍQUIDA,77078175.42
2024,Prefeitura Municipal de Belém do São Francisco - PE,PE,RECEITA CORRENTE LÍQUIDA AJUSTADA PARA CÁLCULO DOS LIMITES DE ENDIVIDAMENTO,76981925.21
2024,Prefeitura Municipal de Belém do São Francisco - PE,PE,% da DC sobre a RCL AJUSTADA (I/VI),26.7
2024,Prefeitura Municipal de Belém do São Francisco - PE,PE,% da DCL sobre a RCL AJUSTADA,26.71
2024,Prefeitura Municipal de Belo Jardim - PE,PE,DÍVIDA CONSOLIDADA,61256206.41
2024,Prefeitura Municipal de Belo Jardim - PE,PE,Precatórios (inclusive) Vencidos e Não Pagos,233963.73
2024,Prefeitura Municipal de Belo Jardim - PE,PE,Disponibilidade de Caixa,-16062393.58
2024,Prefeitura Municipal de Belo Jardim - PE,PE,Disponibilidade de Caixa Bruta,17601260.82
2024,Prefeitura Municipal de Belo Jardim - PE,PE,RECEITA CORRENTE LÍQUIDA,264610876.56
2024,Prefeitura Municipal de Belo Jardim - PE,PE,RECEITA CORRENTE LÍQUIDA AJUSTADA PARA CÁLCULO DOS LIMITES DE ENDIVIDAMENTO,264610876.56
2024,Prefeitura Municipal de Belo Jardim - PE,PE,% da DC sobre a RCL AJUSTADA (I/VI),23.15
2024,Prefeitura Municipal de Belo Jardim - PE,PE,% da DCL sobre a RCL AJUSTADA,26.95
2024,Prefeitura Municipal de Betânia - PE,PE,DÍVIDA CONSOLIDADA,9074159.55
2024,Prefeitura Municipal de Betânia - PE,PE,Disponibilidade de Caixa,5167182.13
2024,Prefeitura Municipal de Betânia - PE,PE,Disponibilidade de Caixa Bruta,13632552.41
2024,Prefeitura Municipal de Betânia - PE,PE,RECEITA CORRENTE LÍQUIDA,57556488.57
2024,Prefeitura Municipal de Betânia - PE,PE,RECEITA CORRENTE LÍQUIDA AJUSTADA PARA CÁLCULO DOS LIMITES DE ENDIVIDAMENTO,56827585.57
2024,Prefeitura Municipal de Betânia - PE,PE,% da DC sobre a RCL AJUSTADA (I/VI),15.97
2024,Prefeitura Municipal de Betânia - PE,PE,% da DCL sobre a RCL AJUSTADA,6.87
2024,Prefeitura Municipal de Bezerros - PE,PE,DÍVIDA CONSOLIDADA,70708884.32
2024,Prefeitura Municipal de Bezerros - PE,PE,Precatórios (inclusive) Vencidos e Não Pagos,427277.25
2024,Prefeitura Municipal de Bezerros - PE,PE,Disponibilidade de Caixa,7901424.25
2024,Prefeitura Municipal de Bezerros - PE,PE,Disponibilidade de Caixa Bruta,23268214.06
2024,Prefeitura Municipal de Bezerros - PE,PE,RECEITA CORRENTE LÍQUIDA,189051223.25
2024,Prefeitura Municipal de Bezerros - PE,PE,RECEITA CORRENTE LÍQUIDA AJUSTADA PARA CÁLCULO DOS LIMITES DE ENDIVIDAMENTO,188601223.25
2024,Prefeitura Municipal de Bezerros - PE,PE,% da DC sobre a RCL AJUSTADA (I/VI),37.49
2024,Prefeitura Municipal de Bezerros - PE,PE,% da DCL sobre a RCL AJUSTADA,31.63
2024,Prefeitura Municipal de Bodocó - PE,PE,DÍVIDA CONSOLIDADA,7199358.88
2024,Prefeitura Municipal de Bodocó - PE,PE,Disponibilidade de Caixa,-6495093.75
2024,Prefeitura Municipal de Bodocó - PE,PE,RECEITA CORRENTE LÍQUIDA,127188102.85
2024,Prefeitura Municipal de Bodocó - PE,PE,RECEITA CORRENTE LÍQUIDA AJUSTADA PARA CÁLCULO DOS LIMITES DE ENDIVIDAMENTO,123765561.85
2024,Prefeitura Municipal de Bodocó - PE,PE,% da DC sobre a RCL AJUSTADA (I/VI),5.82
2024,Prefeitura Municipal de Bodocó - PE,PE,% da DCL sobre a RCL AJUSTADA,11.06
2024,Prefeitura Municipal de Bom Conselho - PE,PE,DÍVIDA CONSOLIDADA,47371000.01
2024,Prefeitura Municipal de Bom Conselho - PE,PE,Disponibilidade de Caixa,-3801070.16
2024,Prefeitura Municipal de Bom Conselho - PE,PE,Disponibilidade de Caixa Bruta,26082711.68
2024,Prefeitura Municipal de Bom Conselho - PE,PE,RECEITA CORRENTE LÍQUIDA,178218254.31
2024,Prefeitura Municipal de Bom Conselho - PE,PE,RECEITA CORRENTE LÍQUIDA AJUSTADA PARA CÁLCULO DOS LIMITES DE ENDIVIDAMENTO,168657499.31
2024,Prefeitura Municipal de Bom Conselho - PE,PE,% da DC sobre a RCL AJUSTADA (I/VI),28.09
2024,Prefeitura Municipal de Bom Conselho - PE,PE,% da DCL sobre a RCL AJUSTADA,30.34
2024,Prefeitura Municipal de Bom Jardim - PE,PE,DÍVIDA CONSOLIDADA,17864747.76
2024,Prefeitura Municipal de Bom Jardim - PE,PE,Disponibilidade de Caixa,16492363.24
2024,Prefeitura Municipal de Bom Jardim - PE,PE,Disponibilidade de Caixa Bruta,22513118.04
2024,Prefeitura Municipal de Bom Jardim - PE,PE,RECEITA CORRENTE LÍQUIDA,132204873.33
2024,Prefeitura Municipal de Bom Jardim - PE,PE,RECEITA CORRENTE LÍQUIDA AJUSTADA PARA CÁLCULO DOS LIMITES DE ENDIVIDAMENTO,125250221.33
2024,Prefeitura Municipal de Bom Jardim - PE,PE,% da DC sobre a RCL AJUSTADA (I/VI),14.26
2024,Prefeitura Municipal de Bom Jardim - PE,PE,% da DCL sobre a RCL AJUSTADA,1.1
2024,Prefeitura Municipal de Bonito - PE,PE,DÍVIDA CONSOLIDADA,26048358.3
2024,Prefeitura Municipal de Bonito - PE,PE,Disponibilidade de Caixa,24621014.28
2024,Prefeitura Municipal de Bonito - PE,PE,Disponibilidade de Caixa Bruta,37288896.82
2024,Prefeitura Municipal de Bonito - PE,PE,RECEITA CORRENTE LÍQUIDA,157725694.62
2024,Prefeitura Municipal de Bonito - PE,PE,RECEITA CORRENTE LÍQUIDA AJUSTADA PARA CÁLCULO DOS LIMITES DE ENDIVIDAMENTO,157725694.62
2024,Prefeitura Municipal de Bonito - PE,PE,% da DC sobre a RCL AJUSTADA (I/VI),16.51
2024,Prefeitura Municipal de Bonito - PE,PE,% da DCL sobre a RCL AJUSTADA,0.9
2024,Prefeitura Municipal de Brejão - PE,PE,DÍVIDA CONSOLIDADA,9038099.02
2024,Prefeitura Municipal de Brejão - PE,PE,Precatórios (inclusive) Vencidos e Não Pagos,146791.03
2024,Prefeitura Municipal de Brejão - PE,PE,Disponibilidade de Caixa,-1383435.43
2024,Prefeitura Municipal de Brejão - PE,PE,RECEITA CORRENTE LÍQUIDA,55218064.18
2024,Prefeitura Municipal de Brejão - PE,PE,RECEITA CORRENTE LÍQUIDA AJUSTADA PARA CÁLCULO DOS LIMITES DE ENDIVIDAMENTO,55218064.18
2024,Prefeitura Municipal de Brejão - PE,PE,% da DC sobre a RCL AJUSTADA (I/VI),16.37
2024,Prefeitura Municipal de Brejão - PE,PE,% da DCL sobre a RCL AJUSTADA,18.87
2024,Prefeitura Municipal de Brejinho - PE,PE,DÍVIDA CONSOLIDADA,1956857.51
2024,Prefeitura Municipal de Brejinho - PE,PE,Disponibilidade de Caixa,21589774.23
2024,Prefeitura Municipal de Brejinho - PE,PE,Disponibilidade de Caixa Bruta,23203756.12
2024,Prefeitura Municipal de Brejinho - PE,PE,RECEITA CORRENTE LÍQUIDA,48473633.65
2024,Prefeitura Municipal de Brejinho - PE,PE,RECEITA CORRENTE LÍQUIDA AJUSTADA PARA CÁLCULO DOS LIMITES DE ENDIVIDAMENTO,46026491.65
2024,Prefeitura Municipal de Brejinho - PE,PE,% da DC sobre a RCL AJUSTADA (I/VI),4.25
2024,Prefeitura Municipal de Brejinho - PE,PE,% da DCL sobre a RCL AJUSTADA,-42.66
2024,Prefeitura Municipal de Brejo da Madre de Deus - PE,PE,DÍVIDA CONSOLIDADA,10218397.06
2024,Prefeitura Municipal de Brejo da Madre de Deus - PE,PE,Disponibilidade de Caixa,-18554228.02
2024,Prefeitura Municipal de Brejo da Madre de Deus - PE,PE,Disponibilidade de Caixa Bruta,13536766.77
2024,Prefeitura Municipal de Brejo da Madre de Deus - PE,PE,RECEITA CORRENTE LÍQUIDA,166068636.48
2024,Prefeitura Municipal de Brejo da Madre de Deus - PE,PE,RECEITA CORRENTE LÍQUIDA AJUSTADA PARA CÁLCULO DOS LIMITES DE ENDIVIDAMENTO,165318636.48
2024,Prefeitura Municipal de Brejo da Madre de Deus - PE,PE,% da DC sobre a RCL AJUSTADA (I/VI),6.18
2024,Prefeitura Municipal de Brejo da Madre de Deus - PE,PE,% da DCL sobre a RCL AJUSTADA,17.4
2024,Prefeitura Municipal de Brejo da Madre de Deus - PE,PE,Precatórios (Não incluídos na DC),430894.36
2024,Prefeitura Municipal de Buenos Aires - PE,PE,DÍVIDA CONSOLIDADA,592768.0
2024,Prefeitura Municipal de Buenos Aires - PE,PE,Disponibilidade de Caixa,16292811.9
2024,Prefeitura Municipal de Buenos Aires - PE,PE,Disponibilidade de Caixa Bruta,16536591.35
2024,Prefeitura Municipal de Buenos Aires - PE,PE,RECEITA CORRENTE LÍQUIDA,52381798.08
2024,Prefeitura Municipal de Buenos Aires - PE,PE,RECEITA CORRENTE LÍQUIDA AJUSTADA PARA CÁLCULO DOS LIMITES DE ENDIVIDAMENTO,51641798.08
2024,Prefeitura Municipal de Buenos Aires - PE,PE,% da DC sobre a RCL AJUSTADA (I/VI),1.15
2024,Prefeitura Municipal de Buenos Aires - PE,PE,% da DCL sobre a RCL AJUSTADA,-30.4
2024,Prefeitura Municipal de Buíque - PE,PE,DÍVIDA CONSOLIDADA,909374.32
2024,Prefeitura Municipal de Buíque - PE,PE,Precatórios (inclusive) Vencidos e Não Pagos,5453.51
2024,Prefeitura Municipal de Buíque - PE,PE,RECEITA CORRENTE LÍQUIDA,173139220.94
2024,Prefeitura Municipal de Buíque - PE,PE,RECEITA CORRENTE LÍQUIDA AJUSTADA PARA CÁLCULO DOS LIMITES DE ENDIVIDAMENTO,171989220.94
2024,Prefeitura Municipal de Buíque - PE,PE,% da DC sobre a RCL AJUSTADA (I/VI),0.53
2024,Prefeitura Municipal de Buíque - PE,PE,% da DCL sobre a RCL AJUSTADA,0.34
2024,Prefeitura Municipal de Buíque - PE,PE,Precatórios (Não incluídos na DC),8299.06
2024,Prefeitura Municipal de Cabo de Santo Agostinho - PE,PE,DÍVIDA CONSOLIDADA,105147263.77
2024,Prefeitura Municipal de Cabo de Santo Agostinho - PE,PE,Precatórios (inclusive) Vencidos e Não Pagos,6119926.29
2024,Prefeitura Municipal de Cabo de Santo Agostinho - PE,PE,Disponibilidade de Caixa,49252132.68
2024,Prefeitura Municipal de Cabo de Santo Agostinho - PE,PE,Disponibilidade de Caixa Bruta,65243816.12
2024,Prefeitura Municipal de Cabo de Santo Agostinho - PE,PE,RECEITA CORRENTE LÍQUIDA,1026737689.54
2024,Prefeitura Municipal de Cabo de Santo Agostinho - PE,PE,RECEITA CORRENTE LÍQUIDA AJUSTADA PARA CÁLCULO DOS LIMITES DE ENDIVIDAMENTO,1026417689.54
2024,Prefeitura Municipal de Cabo de Santo Agostinho - PE,PE,% da DC sobre a RCL AJUSTADA (I/VI),10.24
2024,Prefeitura Municipal de Cabo de Santo Agostinho - PE,PE,% da DCL sobre a RCL AJUSTADA,5.45
2024,Prefeitura Municipal de Cabrobó - PE,PE,DÍVIDA CONSOLIDADA,18599894.2
2024,Prefeitura Municipal de Cabrobó - PE,PE,Disponibilidade de Caixa,-3608999.16
2024,Prefeitura Municipal de Cabrobó - PE,PE,RECEITA CORRENTE LÍQUIDA,139081615.48
2024,Prefeitura Municipal de Cabrobó - PE,PE,RECEITA CORRENTE LÍQUIDA AJUSTADA PARA CÁLCULO DOS LIMITES DE ENDIVIDAMENTO,138160936.48
2024,Prefeitura Municipal de Cabrobó - PE,PE,% da DC sobre a RCL AJUSTADA (I/VI),13.46
2024,Prefeitura Municipal de Cabrobó - PE,PE,% da DCL sobre a RCL AJUSTADA,16.07
2024,Prefeitura Municipal de Cachoeirinha - PE,PE,DÍVIDA CONSOLIDADA,9919421.42
2024,Prefeitura Municipal de Cachoeirinha - PE,PE,Disponibilidade de Caixa,6441198.26
2024,Prefeitura Municipal de Cachoeirinha - PE,PE,Disponibilidade de Caixa Bruta,8392782.18
2024,Prefeitura Municipal de Cachoeirinha - PE,PE,RECEITA CORRENTE LÍQUIDA,69361893.06
2024,Prefeitura Municipal de Cachoeirinha - PE,PE,RECEITA CORRENTE LÍQUIDA AJUSTADA PARA CÁLCULO DOS LIMITES DE ENDIVIDAMENTO,68261893.06
2024,Prefeitura Municipal de Cachoeirinha - PE,PE,% da DC sobre a RCL AJUSTADA (I/VI),14.53
2024,Prefeitura Municipal de Cachoeirinha - PE,PE,% da DCL sobre a RCL AJUSTADA,5.1
2024,Prefeitura Municipal de Caetés - PE,PE,DÍVIDA CONSOLIDADA,9178276.05
2024,Prefeitura Municipal de Caetés - PE,PE,Disponibilidade de Caixa,13586962.95
2024,Prefeitura Municipal de Caetés - PE,PE,Disponibilidade de Caixa Bruta,17592363.15
2024,Prefeitura Municipal de Caetés - PE,PE,RECEITA CORRENTE LÍQUIDA,109821580.2
2024,Prefeitura Municipal de Caetés - PE,PE,RECEITA CORRENTE LÍQUIDA AJUSTADA PARA CÁLCULO DOS LIMITES DE ENDIVIDAMENTO,108421580.2
2024,Prefeitura Municipal de Caetés - PE,PE,% da DC sobre a RCL AJUSTADA (I/VI),8.47
2024,Prefeitura Municipal de Caetés - PE,PE,% da DCL sobre a RCL AJUSTADA,-5.29
2024,Prefeitura Municipal de Calumbi - PE,PE,DÍVIDA CONSOLIDADA,1350745.27
2024,Prefeitura Municipal de Calumbi - PE,PE,Precatórios (inclusive) Vencidos e Não Pagos,7890.2
2024,Prefeitura Municipal de Calumbi - PE,PE,Disponibilidade de Caixa,-3333892.73
2024,Prefeitura Municipal de Calumbi - PE,PE,RECEITA CORRENTE LÍQUIDA,39427787.98
2024,Prefeitura Municipal de Calumbi - PE,PE,RECEITA CORRENTE LÍQUIDA AJUSTADA PARA CÁLCULO DOS LIMITES DE ENDIVIDAMENTO,38837807.98
2024,Prefeitura Municipal de Calumbi - PE,PE,% da DC sobre a RCL AJUSTADA (I/VI),3.48
2024,Prefeitura Municipal de Calumbi - PE,PE,% da DCL sobre a RCL AJUSTADA,12.06
2024,Prefeitura Municipal de Camaragibe - PE,PE,DÍVIDA CONSOLIDADA,45528908.48
2024,Prefeitura Municipal de Camaragibe - PE,PE,Precatórios (inclusive) Vencidos e Não Pagos,13871565.9
2024,Prefeitura Municipal de Camaragibe - PE,PE,Disponibilidade de Caixa,42640232.13
2024,Prefeitura Municipal de Camaragibe - PE,PE,Disponibilidade de Caixa Bruta,50181445.13
2024,Prefeitura Municipal de Camaragibe - PE,PE,RECEITA CORRENTE LÍQUIDA,429459386.54
2024,Prefeitura Municipal de Camaragibe - PE,PE,RECEITA CORRENTE LÍQUIDA AJUSTADA PARA CÁLCULO DOS LIMITES DE ENDIVIDAMENTO,425559386.54
2024,Prefeitura Municipal de Camaragibe - PE,PE,% da DC sobre a RCL AJUSTADA (I/VI),10.7
2024,Prefeitura Municipal de Camaragibe - PE,PE,% da DCL sobre a RCL AJUSTADA,0.68
2024,Prefeitura Municipal de Camocim de São Félix - PE,PE,DÍVIDA CONSOLIDADA,22643934.16
2024,Prefeitura Municipal de Camocim de São Félix - PE,PE,Disponibilidade de Caixa,6813047.23
2024,Prefeitura Municipal de Camocim de São Félix - PE,PE,Disponibilidade de Caixa Bruta,7314863.77
2024,Prefeitura Municipal de Camocim de São Félix - PE,PE,RECEITA CORRENTE LÍQUIDA,67390078.74
2024,Prefeitura Municipal de Camocim de São Félix - PE,PE,RECEITA CORRENTE LÍQUIDA AJUSTADA PARA CÁLCULO DOS LIMITES DE ENDIVIDAMENTO,65597447.74
2024,Prefeitura Municipal de Camocim de São Félix - PE,PE,% da DC sobre a RCL AJUSTADA (I/VI),34.52
2024,Prefeitura Municipal de Camocim de São Félix - PE,PE,% da DCL sobre a RCL AJUSTADA,24.13
2024,Prefeitura Municipal de Camutanga - PE,PE,DÍVIDA CONSOLIDADA,4475008.57
2024,Prefeitura Municipal de Camutanga - PE,PE,Precatórios (inclusive) Vencidos e Não Pagos,2275230.66
2024,Prefeitura Municipal de Camutanga - PE,PE,Disponibilidade de Caixa,1605527.64
2024,Prefeitura Municipal de Camutanga - PE,PE,Disponibilidade de Caixa Bruta,6248753.04
2024,Prefeitura Municipal de Camutanga - PE,PE,RECEITA CORRENTE LÍQUIDA,46018100.86
2024,Prefeitura Municipal de Camutanga - PE,PE,RECEITA CORRENTE LÍQUIDA AJUSTADA PARA CÁLCULO DOS LIMITES DE ENDIVIDAMENTO,45588934.86
2024,Prefeitura Municipal de Camutanga - PE,PE,% da DC sobre a RCL AJUSTADA (I/VI),9.82
2024,Prefeitura Municipal de Camutanga - PE,PE,% da DCL sobre a RCL AJUSTADA,6.29
2024,Prefeitura Municipal de Canhotinho - PE,PE,DÍVIDA CONSOLIDADA,20744270.42
2024,Prefeitura Municipal de Canhotinho - PE,PE,Disponibilidade de Caixa,14503050.13
2024,Prefeitura Municipal de Canhotinho - PE,PE,Disponibilidade de Caixa Bruta,25069765.33
2024,Prefeitura Municipal de Canhotinho - PE,PE,RECEITA CORRENTE LÍQUIDA,98764659.08
2024,Prefeitura Municipal de Canhotinho - PE,PE,RECEITA CORRENTE LÍQUIDA AJUSTADA PARA CÁLCULO DOS LIMITES DE ENDIVIDAMENTO,98264659.08
2024,Prefeitura Municipal de Canhotinho - PE,PE,% da DC sobre a RCL AJUSTADA (I/VI),21.11
2024,Prefeitura Municipal de Canhotinho - PE,PE,% da DCL sobre a RCL AJUSTADA,5.97
2024,Prefeitura Municipal de Capoeiras - PE,PE,DÍVIDA CONSOLIDADA,1760850.81
2024,Prefeitura Municipal de Capoeiras - PE,PE,Disponibilidade de Caixa,-2772230.17
2024,Prefeitura Municipal de Capoeiras - PE,PE,Disponibilidade de Caixa Bruta,7280720.13
2024,Prefeitura Municipal de Capoeiras - PE,PE,RECEITA CORRENTE LÍQUIDA,14542270.7
2024,Prefeitura Municipal de Capoeiras - PE,PE,RECEITA CORRENTE LÍQUIDA AJUSTADA PARA CÁLCULO DOS LIMITES DE ENDIVIDAMENTO,14042270.7
2024,Prefeitura Municipal de Capoeiras - PE,PE,% da DC sobre a RCL AJUSTADA (I/VI),12.54
2024,Prefeitura Municipal de Capoeiras - PE,PE,% da DCL sobre a RCL AJUSTADA,32.28
2024,Prefeitura Municipal de Carnaubeira da Penha - PE,PE,DÍVIDA CONSOLIDADA,1067007.43
2024,Prefeitura Municipal de Carnaubeira da Penha - PE,PE,Disponibilidade de Caixa,-3660341.76
2024,Prefeitura Municipal de Carnaubeira da Penha - PE,PE,RECEITA CORRENTE LÍQUIDA,48308609.15
2024,Prefeitura Municipal de Carnaubeira da Penha - PE,PE,RECEITA CORRENTE LÍQUIDA AJUSTADA PARA CÁLCULO DOS LIMITES DE ENDIVIDAMENTO,48308609.15
2024,Prefeitura Municipal de Carnaubeira da Penha - PE,PE,% da DC sobre a RCL AJUSTADA (I/VI),2.21
2024,Prefeitura Municipal de Carnaubeira da Penha - PE,PE,% da DCL sobre a RCL AJUSTADA,9.79
2024,Prefeitura Municipal de Carpina - PE,PE,DÍVIDA CONSOLIDADA,24361041.44
2024,Prefeitura Municipal de Carpina - PE,PE,Disponibilidade de Caixa,16542748.45
2024,Prefeitura Municipal de Carpina - PE,PE,Disponibilidade de Caixa Bruta,29599603.56
2024,Prefeitura Municipal de Carpina - PE,PE,RECEITA CORRENTE LÍQUIDA,238829120.34
2024,Prefeitura Municipal de Carpina - PE,PE,RECEITA CORRENTE LÍQUIDA AJUSTADA PARA CÁLCULO DOS LIMITES DE ENDIVIDAMENTO,234366805.34
2024,Prefeitura Municipal de Carpina - PE,PE,% da DC sobre a RCL AJUSTADA (I/VI),10.39
2024,Prefeitura Municipal de Carpina - PE,PE,% da DCL sobre a RCL AJUSTADA,3.34
2024,Prefeitura Municipal de Caruaru - PE,PE,DÍVIDA CONSOLIDADA,409614703.75
2024,Prefeitura Municipal de Caruaru - PE,PE,Precatórios (inclusive) Vencidos e Não Pagos,7781434.71
2024,Prefeitura Municipal de Caruaru - PE,PE,Disponibilidade de Caixa,103485118.01
2024,Prefeitura Municipal de Caruaru - PE,PE,Disponibilidade de Caixa Bruta,145420987.46
2024,Prefeitura Municipal de Caruaru - PE,PE,RECEITA CORRENTE LÍQUIDA,1232297828.99
2024,Prefeitura Municipal de Caruaru - PE,PE,RECEITA CORRENTE LÍQUIDA AJUSTADA PARA CÁLCULO DOS LIMITES DE ENDIVIDAMENTO,1223051840.18
2024,Prefeitura Municipal de Caruaru - PE,PE,% da DC sobre a RCL AJUSTADA (I/VI),33.49
2024,Prefeitura Municipal de Caruaru - PE,PE,% da DCL sobre a RCL AJUSTADA,24.96
2024,Prefeitura Municipal de Casinhas - PE,PE,DÍVIDA CONSOLIDADA,10239718.14
2024,Prefeitura Municipal de Casinhas - PE,PE,Disponibilidade de Caixa,18004257.44
2024,Prefeitura Municipal de Casinhas - PE,PE,Disponibilidade de Caixa Bruta,18803090.59
2024,Prefeitura Municipal de Casinhas - PE,PE,RECEITA CORRENTE LÍQUIDA,70139214.0
2024,Prefeitura Municipal de Casinhas - PE,PE,RECEITA CORRENTE LÍQUIDA AJUSTADA PARA CÁLCULO DOS LIMITES DE ENDIVIDAMENTO,69389214.0
2024,Prefeitura Municipal de Casinhas - PE,PE,% da DC sobre a RCL AJUSTADA (I/VI),14.76
2024,Prefeitura Municipal de Casinhas - PE,PE,% da DCL sobre a RCL AJUSTADA,-11.19
2024,Prefeitura Municipal de Catende - PE,PE,DÍVIDA CONSOLIDADA,64532272.32
2024,Prefeitura Municipal de Catende - PE,PE,Precatórios (inclusive) Vencidos e Não Pagos,3104867.99
2024,Prefeitura Municipal de Catende - PE,PE,Disponibilidade de Caixa,-38017587.8
2024,Prefeitura Municipal de Catende - PE,PE,RECEITA CORRENTE LÍQUIDA,117479278.15
2024,Prefeitura Municipal de Catende - PE,PE,RECEITA CORRENTE LÍQUIDA AJUSTADA PARA CÁLCULO DOS LIMITES DE ENDIVIDAMENTO,112475348.15
2024,Prefeitura Municipal de Catende - PE,PE,% da DC sobre a RCL AJUSTADA (I/VI),57.37
2024,Prefeitura Municipal de Catende - PE,PE,% da DCL sobre a RCL AJUSTADA,91.18
2024,Prefeitura Municipal de Cedro - PE,PE,DÍVIDA CONSOLIDADA,432357.94
2024,Prefeitura Municipal de Cedro - PE,PE,Disponibilidade de Caixa,-2889952.41
2024,Prefeitura Municipal de Cedro - PE,PE,Disponibilidade de Caixa Bruta,4350543.65
2024,Prefeitura Municipal de Cedro - PE,PE,RECEITA CORRENTE LÍQUIDA,48941608.7
2024,Prefeitura Municipal de Cedro - PE,PE,RECEITA CORRENTE LÍQUIDA AJUSTADA PARA CÁLCULO DOS LIMITES DE ENDIVIDAMENTO,47841208.32
2024,Prefeitura Municipal de Cedro - PE,PE,% da DC sobre a RCL AJUSTADA (I/VI),0.9
2024,Prefeitura Municipal de Cedro - PE,PE,% da DCL sobre a RCL AJUSTADA,6.94
2024,Prefeitura Municipal de Chã de Alegria - PE,PE,DÍVIDA CONSOLIDADA,444912.23
2024,Prefeitura Municipal de Chã de Alegria - PE,PE,Precatórios (inclusive) Vencidos e Não Pagos,54754.0
2024,Prefeitura Municipal de Chã de Alegria - PE,PE,Disponibilidade de Caixa,-6585413.01
2024,Prefeitura Municipal de Chã de Alegria - PE,PE,RECEITA CORRENTE LÍQUIDA,57264255.67
2024,Prefeitura Municipal de Chã de Alegria - PE,PE,RECEITA CORRENTE LÍQUIDA AJUSTADA PARA CÁLCULO DOS LIMITES DE ENDIVIDAMENTO,56064255.67
2024,Prefeitura Municipal de Chã de Alegria - PE,PE,% da DC sobre a RCL AJUSTADA (I/VI),0.79
2024,Prefeitura Municipal de Chã de Alegria - PE,PE,% da DCL sobre a RCL AJUSTADA,12.54
2024,Prefeitura Municipal de Chã Grande - PE,PE,DÍVIDA CONSOLIDADA,14063120.19
2024,Prefeitura Municipal de Chã Grande - PE,PE,Precatórios (inclusive) Vencidos e Não Pagos,65416.18
2024,Prefeitura Municipal de Chã Grande - PE,PE,Disponibilidade de Caixa,7238792.15
2024,Prefeitura Municipal de Chã Grande - PE,PE,Disponibilidade de Caixa Bruta,11034048.92
2024,Prefeitura Municipal de Chã Grande - PE,PE,RECEITA CORRENTE LÍQUIDA,113447949.11
2024,Prefeitura Municipal de Chã Grande - PE,PE,RECEITA CORRENTE LÍQUIDA AJUSTADA PARA CÁLCULO DOS LIMITES DE ENDIVIDAMENTO,110747949.11
2024,Prefeitura Municipal de Chã Grande - PE,PE,% da DC sobre a RCL AJUSTADA (I/VI),12.7
2024,Prefeitura Municipal de Chã Grande - PE,PE,% da DCL sobre a RCL AJUSTADA,6.15
2024,Prefeitura Municipal de Condado - PE,PE,DÍVIDA CONSOLIDADA,26457545.33
2024,Prefeitura Municipal de Condado - PE,PE,Precatórios (inclusive) Vencidos e Não Pagos,-15293.51
2024,Prefeitura Municipal de Condado - PE,PE,Disponibilidade de Caixa,-2527129.52
2024,Prefeitura Municipal de Condado - PE,PE,RECEITA CORRENTE LÍQUIDA,91645349.82
2024,Prefeitura Municipal de Condado - PE,PE,RECEITA CORRENTE LÍQUIDA AJUSTADA PARA CÁLCULO DOS LIMITES DE ENDIVIDAMENTO,90332396.82
2024,Prefeitura Municipal de Condado - PE,PE,% da DC sobre a RCL AJUSTADA (I/VI),29.29
2024,Prefeitura Municipal de Condado - PE,PE,% da DCL sobre a RCL AJUSTADA,32.09
2024,Prefeitura Municipal de Cortês - PE,PE,DÍVIDA CONSOLIDADA,11903218.45
2024,Prefeitura Municipal de Cortês - PE,PE,Disponibilidade de Caixa,-5756793.99
2024,Prefeitura Municipal de Cortês - PE,PE,Disponibilidade de Caixa Bruta,3643264.86
2024,Prefeitura Municipal de Cortês - PE,PE,RECEITA CORRENTE LÍQUIDA,61496296.31
2024,Prefeitura Municipal de Cortês - PE,PE,RECEITA CORRENTE LÍQUIDA AJUSTADA PARA CÁLCULO DOS LIMITES DE ENDIVIDAMENTO,58044477.33
2024,Prefeitura Municipal de Cortês - PE,PE,% da DC sobre a RCL AJUSTADA (I/VI),20.51
2024,Prefeitura Municipal de Cortês - PE,PE,% da DCL sobre a RCL AJUSTADA,30.42
2024,Prefeitura Municipal de Cumaru - PE,PE,RECEITA CORRENTE LÍQUIDA,77854738.69
2024,Prefeitura Municipal de Cumaru - PE,PE,RECEITA CORRENTE LÍQUIDA AJUSTADA PARA CÁLCULO DOS LIMITES DE ENDIVIDAMENTO,75822409.69
2024,Prefeitura Municipal de Cupira - PE,PE,DÍVIDA CONSOLIDADA,72819346.26
2024,Prefeitura Municipal de Cupira - PE,PE,Precatórios (inclusive) Vencidos e Não Pagos,100681.74
2024,Prefeitura Municipal de Cupira - PE,PE,Disponibilidade de Caixa,-394886.72
2024,Prefeitura Municipal de Cupira - PE,PE,Disponibilidade de Caixa Bruta,10173989.15
2024,Prefeitura Municipal de Cupira - PE,PE,RECEITA CORRENTE LÍQUIDA,107060535.25
2024,Prefeitura Municipal de Cupira - PE,PE,RECEITA CORRENTE LÍQUIDA AJUSTADA PARA CÁLCULO DOS LIMITES DE ENDIVIDAMENTO,106860535.25
2024,Prefeitura Municipal de Cupira - PE,PE,% da DC sobre a RCL AJUSTADA (I/VI),68.14
2024,Prefeitura Municipal de Cupira - PE,PE,% da DCL sobre a RCL AJUSTADA,68.51
2024,Prefeitura Municipal de Custódia - PE,PE,DÍVIDA CONSOLIDADA,1463477.53
2024,Prefeitura Municipal de Custódia - PE,PE,Disponibilidade de Caixa,8847631.35
2024,Prefeitura Municipal de Custódia - PE,PE,Disponibilidade de Caixa Bruta,29088634.6
2024,Prefeitura Municipal de Custódia - PE,PE,RECEITA CORRENTE LÍQUIDA,178845004.19
2024,Prefeitura Municipal de Custódia - PE,PE,RECEITA CORRENTE LÍQUIDA AJUSTADA PARA CÁLCULO DOS LIMITES DE ENDIVIDAMENTO,178845004.19
2024,Prefeitura Municipal de Custódia - PE,PE,% da DC sobre a RCL AJUSTADA (I/VI),0.82
2024,Prefeitura Municipal de Custódia - PE,PE,% da DCL sobre a RCL AJUSTADA,-5.28
2024,Prefeitura Municipal de Exu - PE,PE,DÍVIDA CONSOLIDADA,148163.31
2024,Prefeitura Municipal de Exu - PE,PE,Disponibilidade de Caixa,-6722985.74
2024,Prefeitura Municipal de Exu - PE,PE,RECEITA CORRENTE LÍQUIDA,138630740.41
2024,Prefeitura Municipal de Exu - PE,PE,RECEITA CORRENTE LÍQUIDA AJUSTADA PARA CÁLCULO DOS LIMITES DE ENDIVIDAMENTO,137293404.41
2024,Prefeitura Municipal de Exu - PE,PE,% da DC sobre a RCL AJUSTADA (I/VI),0.11
2024,Prefeitura Municipal de Exu - PE,PE,% da DCL sobre a RCL AJUSTADA,5.0
2024,Prefeitura Municipal de Escada - PE,PE,DÍVIDA CONSOLIDADA,43942186.67
2024,Prefeitura Municipal de Escada - PE,PE,Precatórios (inclusive) Vencidos e Não Pagos,499030.71
2024,Prefeitura Municipal de Escada - PE,PE,Disponibilidade de Caixa,-21090806.5
2024,Prefeitura Municipal de Escada - PE,PE,RECEITA CORRENTE LÍQUIDA,182008246.1
2024,Prefeitura Municipal de Escada - PE,PE,RECEITA CORRENTE LÍQUIDA AJUSTADA PARA CÁLCULO DOS LIMITES DE ENDIVIDAMENTO,180498771.98
2024,Prefeitura Municipal de Escada - PE,PE,% da DC sobre a RCL AJUSTADA (I/VI),24.34
2024,Prefeitura Municipal de Escada - PE,PE,% da DCL sobre a RCL AJUSTADA,36.03
2024,Prefeitura Municipal de Feira Nova - PE,PE,DÍVIDA CONSOLIDADA,1942083.31
2024,Prefeitura Municipal de Feira Nova - PE,PE,Disponibilidade de Caixa,2367326.78
2024,Prefeitura Municipal de Feira Nova - PE,PE,Disponibilidade de Caixa Bruta,10232442.25
2024,Prefeitura Municipal de Feira Nova - PE,PE,RECEITA CORRENTE LÍQUIDA,80719525.41
2024,Prefeitura Municipal de Feira Nova - PE,PE,RECEITA CORRENTE LÍQUIDA AJUSTADA PARA CÁLCULO DOS LIMITES DE ENDIVIDAMENTO,76673034.41
2024,Prefeitura Municipal de Feira Nova - PE,PE,% da DC sobre a RCL AJUSTADA (I/VI),2.53
2024,Prefeitura Municipal de Feira Nova - PE,PE,% da DCL sobre a RCL AJUSTADA,-0.55
2024,Prefeitura Municipal de Feira Nova - PE,PE,Precatórios (Não incluídos na DC),-190000.0
2024,Prefeitura Municipal de Ferreiros - PE,PE,DÍVIDA CONSOLIDADA,771613.57
2024,Prefeitura Municipal de Ferreiros - PE,PE,Disponibilidade de Caixa,7153529.14
2024,Prefeitura Municipal de Ferreiros - PE,PE,Disponibilidade de Caixa Bruta,7561749.31
2024,Prefeitura Municipal de Ferreiros - PE,PE,RECEITA CORRENTE LÍQUIDA,51950332.98
2024,Prefeitura Municipal de Ferreiros - PE,PE,RECEITA CORRENTE LÍQUIDA AJUSTADA PARA CÁLCULO DOS LIMITES DE ENDIVIDAMENTO,51950332.98
2024,Prefeitura Municipal de Ferreiros - PE,PE,% da DC sobre a RCL AJUSTADA (I/VI),1.49
2024,Prefeitura Municipal de Ferreiros - PE,PE,% da DCL sobre a RCL AJUSTADA,-12.28
2024,Prefeitura Municipal de Floresta - PE,PE,DÍVIDA CONSOLIDADA,14169084.2
2024,Prefeitura Municipal de Floresta - PE,PE,Precatórios (inclusive) Vencidos e Não Pagos,-28206.24
2024,Prefeitura Municipal de Floresta - PE,PE,Disponibilidade de Caixa,-11421479.69
2024,Prefeitura Municipal de Floresta - PE,PE,RECEITA CORRENTE LÍQUIDA,125552413.13
2024,Prefeitura Municipal de Floresta - PE,PE,RECEITA CORRENTE LÍQUIDA AJUSTADA PARA CÁLCULO DOS LIMITES DE ENDIVIDAMENTO,124852413.13
2024,Prefeitura Municipal de Floresta - PE,PE,% da DC sobre a RCL AJUSTADA (I/VI),11.35
2024,Prefeitura Municipal de Floresta - PE,PE,% da DCL sobre a RCL AJUSTADA,20.5
2024,Prefeitura Municipal de Frei Miguelinho - PE,PE,DÍVIDA CONSOLIDADA,25405309.56
2024,Prefeitura Municipal de Frei Miguelinho - PE,PE,Precatórios (inclusive) Vencidos e Não Pagos,57732.83
2024,Prefeitura Municipal de Frei Miguelinho - PE,PE,Disponibilidade de Caixa,-2877235.47
2024,Prefeitura Municipal de Frei Miguelinho - PE,PE,Disponibilidade de Caixa Bruta,5434548.7
2024,Prefeitura Municipal de Frei Miguelinho - PE,PE,RECEITA CORRENTE LÍQUIDA,55878793.97
2024,Prefeitura Municipal de Frei Miguelinho - PE,PE,RECEITA CORRENTE LÍQUIDA AJUSTADA PARA CÁLCULO DOS LIMITES DE ENDIVIDAMENTO,54678793.97
2024,Prefeitura Municipal de Frei Miguelinho - PE,PE,% da DC sobre a RCL AJUSTADA (I/VI),46.46
2024,Prefeitura Municipal de Frei Miguelinho - PE,PE,% da DCL sobre a RCL AJUSTADA,50.52
2024,Prefeitura Municipal de Gameleira - PE,PE,DÍVIDA CONSOLIDADA,76416476.75
2024,Prefeitura Municipal de Gameleira - PE,PE,Disponibilidade de Caixa,3374762.33
2024,Prefeitura Municipal de Gameleira - PE,PE,Disponibilidade de Caixa Bruta,6965750.17
2024,Prefeitura Municipal de Gameleira - PE,PE,RECEITA CORRENTE LÍQUIDA,91065490.0
2024,Prefeitura Municipal de Gameleira - PE,PE,RECEITA CORRENTE LÍQUIDA AJUSTADA PARA CÁLCULO DOS LIMITES DE ENDIVIDAMENTO,88314490.0
2024,Prefeitura Municipal de Gameleira - PE,PE,% da DC sobre a RCL AJUSTADA (I/VI),86.53
2024,Prefeitura Municipal de Gameleira - PE,PE,% da DCL sobre a RCL AJUSTADA,81.56
2024,Prefeitura Municipal de Garanhuns - PE,PE,DÍVIDA CONSOLIDADA,59910948.23
2024,Prefeitura Municipal de Garanhuns - PE,PE,Precatórios (inclusive) Vencidos e Não Pagos,2423778.55
2024,Prefeitura Municipal de Garanhuns - PE,PE,Disponibilidade de Caixa,72093523.78
2024,Prefeitura Municipal de Garanhuns - PE,PE,Disponibilidade de Caixa Bruta,82794730.23
2024,Prefeitura Municipal de Garanhuns - PE,PE,RECEITA CORRENTE LÍQUIDA,449311285.85
2024,Prefeitura Municipal de Garanhuns - PE,PE,RECEITA CORRENTE LÍQUIDA AJUSTADA PARA CÁLCULO DOS LIMITES DE ENDIVIDAMENTO,447299522.85
2024,Prefeitura Municipal de Garanhuns - PE,PE,% da DC sobre a RCL AJUSTADA (I/VI),13.39
2024,Prefeitura Municipal de Garanhuns - PE,PE,% da DCL sobre a RCL AJUSTADA,-2.97
2024,Prefeitura Municipal de Glória do Goitá - PE,PE,DÍVIDA CONSOLIDADA,2349511.3
2024,Prefeitura Municipal de Glória do Goitá - PE,PE,Disponibilidade de Caixa,-7127607.17
2024,Prefeitura Municipal de Glória do Goitá - PE,PE,RECEITA CORRENTE LÍQUIDA,118639701.38
2024,Prefeitura Municipal de Glória do Goitá - PE,PE,RECEITA CORRENTE LÍQUIDA AJUSTADA PARA CÁLCULO DOS LIMITES DE ENDIVIDAMENTO,116639701.38
2024,Prefeitura Municipal de Glória do Goitá - PE,PE,% da DC sobre a RCL AJUSTADA (I/VI),2.01
2024,Prefeitura Municipal de Glória do Goitá - PE,PE,% da DCL sobre a RCL AJUSTADA,8.13
2024,Prefeitura Municipal de Goiana - PE,PE,DÍVIDA CONSOLIDADA,26142758.36
2024,Prefeitura Municipal de Goiana - PE,PE,Precatórios (inclusive) Vencidos e Não Pagos,5920704.99
2024,Prefeitura Municipal de Goiana - PE,PE,Disponibilidade de Caixa,609724154.26
2024,Prefeitura Municipal de Goiana - PE,PE,Disponibilidade de Caixa Bruta,617824509.53
2024,Prefeitura Municipal de Goiana - PE,PE,RECEITA CORRENTE LÍQUIDA,676162022.42
2024,Prefeitura Municipal de Goiana - PE,PE,RECEITA CORRENTE LÍQUIDA AJUSTADA PARA CÁLCULO DOS LIMITES DE ENDIVIDAMENTO,672854307.42
2024,Prefeitura Municipal de Goiana - PE,PE,% da DC sobre a RCL AJUSTADA (I/VI),3.89
2024,Prefeitura Municipal de Goiana - PE,PE,% da DCL sobre a RCL AJUSTADA,-87.71
2024,Prefeitura Municipal de Goiana - PE,PE,Precatórios (Não incluídos na DC),599735.39
2024,Prefeitura Municipal de Granito - PE,PE,DÍVIDA CONSOLIDADA,426164.0
2024,Prefeitura Municipal de Granito - PE,PE,Disponibilidade de Caixa,-1220104.41
2024,Prefeitura Municipal de Granito - PE,PE,RECEITA CORRENTE LÍQUIDA,41110781.74
2024,Prefeitura Municipal de Granito - PE,PE,RECEITA CORRENTE LÍQUIDA AJUSTADA PARA CÁLCULO DOS LIMITES DE ENDIVIDAMENTO,40374596.74
2024,Prefeitura Municipal de Granito - PE,PE,% da DC sobre a RCL AJUSTADA (I/VI),1.06
2024,Prefeitura Municipal de Granito - PE,PE,% da DCL sobre a RCL AJUSTADA,4.08
2024,Prefeitura Municipal de Gravatá - PE,PE,DÍVIDA CONSOLIDADA,42223776.57
2024,Prefeitura Municipal de Gravatá - PE,PE,Disponibilidade de Caixa,9658467.96
2024,Prefeitura Municipal de Gravatá - PE,PE,Disponibilidade de Caixa Bruta,18624634.6
2024,Prefeitura Municipal de Gravatá - PE,PE,RECEITA CORRENTE LÍQUIDA,273822131.04
2024,Prefeitura Municipal de Gravatá - PE,PE,RECEITA CORRENTE LÍQUIDA AJUSTADA PARA CÁLCULO DOS LIMITES DE ENDIVIDAMENTO,272372131.04
2024,Prefeitura Municipal de Gravatá - PE,PE,% da DC sobre a RCL AJUSTADA (I/VI),15.5
2024,Prefeitura Municipal de Gravatá - PE,PE,% da DCL sobre a RCL AJUSTADA,11.96
2024,Prefeitura Municipal de Iati - PE,PE,DÍVIDA CONSOLIDADA,15076811.65
2024,Prefeitura Municipal de Iati - PE,PE,Precatórios (inclusive) Vencidos e Não Pagos,2284361.17
2024,Prefeitura Municipal de Iati - PE,PE,Disponibilidade de Caixa,-27596088.5
2024,Prefeitura Municipal de Iati - PE,PE,Disponibilidade de Caixa Bruta,3232870.89
2024,Prefeitura Municipal de Iati - PE,PE,RECEITA CORRENTE LÍQUIDA,87326555.96
2024,Prefeitura Municipal de Iati - PE,PE,RECEITA CORRENTE LÍQUIDA AJUSTADA PARA CÁLCULO DOS LIMITES DE ENDIVIDAMENTO,81276555.96
2024,Prefeitura Municipal de Iati - PE,PE,% da DC sobre a RCL AJUSTADA (I/VI),18.55
2024,Prefeitura Municipal de Iati - PE,PE,% da DCL sobre a RCL AJUSTADA,52.5
2024,Prefeitura Municipal de Ibimirim - PE,PE,DÍVIDA CONSOLIDADA,20844363.44
2024,Prefeitura Municipal de Ibimirim - PE,PE,Disponibilidade de Caixa,17268668.26
2024,Prefeitura Municipal de Ibimirim - PE,PE,Disponibilidade de Caixa Bruta,18138260.66
2024,Prefeitura Municipal de Ibimirim - PE,PE,RECEITA CORRENTE LÍQUIDA,100332650.01
2024,Prefeitura Municipal de Ibimirim - PE,PE,RECEITA CORRENTE LÍQUIDA AJUSTADA PARA CÁLCULO DOS LIMITES DE ENDIVIDAMENTO,97970650.01
2024,Prefeitura Municipal de Ibimirim - PE,PE,% da DC sobre a RCL AJUSTADA (I/VI),21.28
2024,Prefeitura Municipal de Ibimirim - PE,PE,% da DCL sobre a RCL AJUSTADA,3.65
2024,Prefeitura Municipal de Ibirajuba - PE,PE,DÍVIDA CONSOLIDADA,10438508.56
2024,Prefeitura Municipal de Ibirajuba - PE,PE,Precatórios (inclusive) Vencidos e Não Pagos,64667.49
2024,Prefeitura Municipal de Ibirajuba - PE,PE,Disponibilidade de Caixa,4114199.53
2024,Prefeitura Municipal de Ibirajuba - PE,PE,Disponibilidade de Caixa Bruta,7931659.23
2024,Prefeitura Municipal de Ibirajuba - PE,PE,RECEITA CORRENTE LÍQUIDA,39882913.29
2024,Prefeitura Municipal de Ibirajuba - PE,PE,RECEITA CORRENTE LÍQUIDA AJUSTADA PARA CÁLCULO DOS LIMITES DE ENDIVIDAMENTO,37729649.22
2024,Prefeitura Municipal de Ibirajuba - PE,PE,% da DC sobre a RCL AJUSTADA (I/VI),27.67
2024,Prefeitura Municipal de Ibirajuba - PE,PE,% da DCL sobre a RCL AJUSTADA,16.76
2024,Prefeitura Municipal de Igarassu - PE,PE,DÍVIDA CONSOLIDADA,32171971.02
2024,Prefeitura Municipal de Igarassu - PE,PE,Precatórios (inclusive) Vencidos e Não Pagos,4281988.09
2024,Prefeitura Municipal de Igarassu - PE,PE,Disponibilidade de Caixa,24894787.59
2024,Prefeitura Municipal de Igarassu - PE,PE,Disponibilidade de Caixa Bruta,66890084.6
2024,Prefeitura Municipal de Igarassu - PE,PE,RECEITA CORRENTE LÍQUIDA,381405218.49
2024,Prefeitura Municipal de Igarassu - PE,PE,RECEITA CORRENTE LÍQUIDA AJUSTADA PARA CÁLCULO DOS LIMITES DE ENDIVIDAMENTO,374497277.49
2024,Prefeitura Municipal de Igarassu - PE,PE,% da DC sobre a RCL AJUSTADA (I/VI),8.59
2024,Prefeitura Municipal de Igarassu - PE,PE,% da DCL sobre a RCL AJUSTADA,1.94
2024,Prefeitura Municipal de Igarassu - PE,PE,Precatórios (Não incluídos na DC),-3710244.34
2024,Prefeitura Municipal de Ilha de Itamaracá - PE,PE,DÍVIDA CONSOLIDADA,3415085.28
2024,Prefeitura Municipal de Ilha de Itamaracá - PE,PE,Disponibilidade de Caixa,-8265338.41
2024,Prefeitura Municipal de Ilha de Itamaracá - PE,PE,Disponibilidade de Caixa Bruta,16346155.3
2024,Prefeitura Municipal de Ilha de Itamaracá - PE,PE,RECEITA CORRENTE LÍQUIDA,77962013.95
2024,Prefeitura Municipal de Ilha de Itamaracá - PE,PE,RECEITA CORRENTE LÍQUIDA AJUSTADA PARA CÁLCULO DOS LIMITES DE ENDIVIDAMENTO,77862013.95
2024,Prefeitura Municipal de Ilha de Itamaracá - PE,PE,% da DC sobre a RCL AJUSTADA (I/VI),4.39
2024,Prefeitura Municipal de Ilha de Itamaracá - PE,PE,% da DCL sobre a RCL AJUSTADA,15.0
2024,Prefeitura Municipal de Inajá - PE,PE,DÍVIDA CONSOLIDADA,2225074.79
2024,Prefeitura Municipal de Inajá - PE,PE,Disponibilidade de Caixa,2165768.7
2024,Prefeitura Municipal de Inajá - PE,PE,Disponibilidade de Caixa Bruta,12881819.6
2024,Prefeitura Municipal de Inajá - PE,PE,RECEITA CORRENTE LÍQUIDA,113020286.33
2024,Prefeitura Municipal de Inajá - PE,PE,RECEITA CORRENTE LÍQUIDA AJUSTADA PARA CÁLCULO DOS LIMITES DE ENDIVIDAMENTO,108110202.33
2024,Prefeitura Municipal de Inajá - PE,PE,% da DC sobre a RCL AJUSTADA (I/VI),2.06
2024,Prefeitura Municipal de Inajá - PE,PE,% da DCL sobre a RCL AJUSTADA,0.05
2024,Prefeitura Municipal de Ingazeira - PE,PE,DÍVIDA CONSOLIDADA,1096854.53
2024,Prefeitura Municipal de Ingazeira - PE,PE,Disponibilidade de Caixa,-181997.85
2024,Prefeitura Municipal de Ingazeira - PE,PE,Disponibilidade de Caixa Bruta,3741995.73
2024,Prefeitura Municipal de Ingazeira - PE,PE,RECEITA CORRENTE LÍQUIDA,37477836.65
2024,Prefeitura Municipal de Ingazeira - PE,PE,RECEITA CORRENTE LÍQUIDA AJUSTADA PARA CÁLCULO DOS LIMITES DE ENDIVIDAMENTO,37477836.65
2024,Prefeitura Municipal de Ingazeira - PE,PE,% da DC sobre a RCL AJUSTADA (I/VI),2.93
2024,Prefeitura Municipal de Ingazeira - PE,PE,% da DCL sobre a RCL AJUSTADA,3.41
2024,Prefeitura Municipal de Ipojuca - PE,PE,DÍVIDA CONSOLIDADA,103275764.31
2024,Prefeitura Municipal de Ipojuca - PE,PE,Disponibilidade de Caixa,379096428.67
2024,Prefeitura Municipal de Ipojuca - PE,PE,Disponibilidade de Caixa Bruta,390624433.37
2024,Prefeitura Municipal de Ipojuca - PE,PE,RECEITA CORRENTE LÍQUIDA,1426225832.17
2024,Prefeitura Municipal de Ipojuca - PE,PE,RECEITA CORRENTE LÍQUIDA AJUSTADA PARA CÁLCULO DOS LIMITES DE ENDIVIDAMENTO,1426225832.17
2024,Prefeitura Municipal de Ipojuca - PE,PE,% da DC sobre a RCL AJUSTADA (I/VI),7.24
2024,Prefeitura Municipal de Ipojuca - PE,PE,% da DCL sobre a RCL AJUSTADA,-19.34
2024,Prefeitura Municipal de Ipojuca - PE,PE,Precatórios (Não incluídos na DC),11035990.05
2024,Prefeitura Municipal de Ipubi - PE,PE,DÍVIDA CONSOLIDADA,35128577.84
2024,Prefeitura Municipal de Ipubi - PE,PE,Precatórios (inclusive) Vencidos e Não Pagos,7331160.2
2024,Prefeitura Municipal de Ipubi - PE,PE,Disponibilidade de Caixa,-10078361.7
2024,Prefeitura Municipal de Ipubi - PE,PE,Disponibilidade de Caixa Bruta,23038009.09
2024,Prefeitura Municipal de Ipubi - PE,PE,RECEITA CORRENTE LÍQUIDA,148570015.58
2024,Prefeitura Municipal de Ipubi - PE,PE,RECEITA CORRENTE LÍQUIDA AJUSTADA PARA CÁLCULO DOS LIMITES DE ENDIVIDAMENTO,146800015.58
2024,Prefeitura Municipal de Ipubi - PE,PE,% da DC sobre a RCL AJUSTADA (I/VI),23.93
2024,Prefeitura Municipal de Ipubi - PE,PE,% da DCL sobre a RCL AJUSTADA,30.79
2024,Prefeitura Municipal de Itacuruba - PE,PE,DÍVIDA CONSOLIDADA,9740864.37
2024,Prefeitura Municipal de Itacuruba - PE,PE,Disponibilidade de Caixa,289188.91
2024,Prefeitura Municipal de Itacuruba - PE,PE,Disponibilidade de Caixa Bruta,5567517.07
2024,Prefeitura Municipal de Itacuruba - PE,PE,RECEITA CORRENTE LÍQUIDA,36931766.19
2024,Prefeitura Municipal de Itacuruba - PE,PE,RECEITA CORRENTE LÍQUIDA AJUSTADA PARA CÁLCULO DOS LIMITES DE ENDIVIDAMENTO,36642644.19
2024,Prefeitura Municipal de Itacuruba - PE,PE,% da DC sobre a RCL AJUSTADA (I/VI),26.58
2024,Prefeitura Municipal de Itacuruba - PE,PE,% da DCL sobre a RCL AJUSTADA,25.13
2024,Prefeitura Municipal de Itaíba - PE,PE,DÍVIDA CONSOLIDADA,10949726.61
2024,Prefeitura Municipal de Itaíba - PE,PE,Disponibilidade de Caixa,-44213.02
2024,Prefeitura Municipal de Itaíba - PE,PE,Disponibilidade de Caixa Bruta,6271372.9
2024,Prefeitura Municipal de Itaíba - PE,PE,RECEITA CORRENTE LÍQUIDA,105377946.98
2024,Prefeitura Municipal de Itaíba - PE,PE,RECEITA CORRENTE LÍQUIDA AJUSTADA PARA CÁLCULO DOS LIMITES DE ENDIVIDAMENTO,104577946.98
2024,Prefeitura Municipal de Itaíba - PE,PE,% da DC sobre a RCL AJUSTADA (I/VI),10.47
2024,Prefeitura Municipal de Itaíba - PE,PE,% da DCL sobre a RCL AJUSTADA,10.51
2024,Prefeitura Municipal de Itambé - PE,PE,DÍVIDA CONSOLIDADA,44490105.54
2024,Prefeitura Municipal de Itambé - PE,PE,Precatórios (inclusive) Vencidos e Não Pagos,167499.25
2024,Prefeitura Municipal de Itambé - PE,PE,Disponibilidade de Caixa,5595551.71
2024,Prefeitura Municipal de Itambé - PE,PE,Disponibilidade de Caixa Bruta,13219285.99
2024,Prefeitura Municipal de Itambé - PE,PE,RECEITA CORRENTE LÍQUIDA,106958592.56
2024,Prefeitura Municipal de Itambé - PE,PE,RECEITA CORRENTE LÍQUIDA AJUSTADA PARA CÁLCULO DOS LIMITES DE ENDIVIDAMENTO,105258592.56
2024,Prefeitura Municipal de Itambé - PE,PE,% da DC sobre a RCL AJUSTADA (I/VI),42.27
2024,Prefeitura Municipal de Itambé - PE,PE,% da DCL sobre a RCL AJUSTADA,36.95
2024,Prefeitura Municipal de Itambé - PE,PE,Precatórios (Não incluídos na DC),-169499.25
2024,Prefeitura Municipal de Itapissuma - PE,PE,DÍVIDA CONSOLIDADA,3925439.11
2024,Prefeitura Municipal de Itapissuma - PE,PE,Disponibilidade de Caixa,-1479270.26
2024,Prefeitura Municipal de Itapissuma - PE,PE,Disponibilidade de Caixa Bruta,18978274.03
2024,Prefeitura Municipal de Itapissuma - PE,PE,RECEITA CORRENTE LÍQUIDA,163139023.82
2024,Prefeitura Municipal de Itapissuma - PE,PE,RECEITA CORRENTE LÍQUIDA AJUSTADA PARA CÁLCULO DOS LIMITES DE ENDIVIDAMENTO,161489023.82
2024,Prefeitura Municipal de Itapissuma - PE,PE,% da DC sobre a RCL AJUSTADA (I/VI),2.43
2024,Prefeitura Municipal de Itapissuma - PE,PE,% da DCL sobre a RCL AJUSTADA,3.35
2024,Prefeitura Municipal de Itaquitinga - PE,PE,DÍVIDA CONSOLIDADA,1474142.69
2024,Prefeitura Municipal de Itaquitinga - PE,PE,Disponibilidade de Caixa,11894916.87
2024,Prefeitura Municipal de Itaquitinga - PE,PE,Disponibilidade de Caixa Bruta,16453073.52
2024,Prefeitura Municipal de Itaquitinga - PE,PE,RECEITA CORRENTE LÍQUIDA,71020247.95
2024,Prefeitura Municipal de Itaquitinga - PE,PE,RECEITA CORRENTE LÍQUIDA AJUSTADA PARA CÁLCULO DOS LIMITES DE ENDIVIDAMENTO,68676576.77
2024,Prefeitura Municipal de Itaquitinga - PE,PE,% da DC sobre a RCL AJUSTADA (I/VI),2.15
2024,Prefeitura Municipal de Itaquitinga - PE,PE,% da DCL sobre a RCL AJUSTADA,-15.17
2024,Prefeitura Municipal de Itaquitinga - PE,PE,Precatórios (Não incluídos na DC),-29466.94
2024,Prefeitura Municipal de Jaboatão dos Guararapes - PE,PE,DÍVIDA CONSOLIDADA,270374155.07
2024,Prefeitura Municipal de Jaboatão dos Guararapes - PE,PE,Disponibilidade de Caixa,482907762.07
2024,Prefeitura Municipal de Jaboatão dos Guararapes - PE,PE,Disponibilidade de Caixa Bruta,522821761.12
2024,Prefeitura Municipal de Jaboatão dos Guararapes - PE,PE,RECEITA CORRENTE LÍQUIDA,1930283697.23
2024,Prefeitura Municipal de Jaboatão dos Guararapes - PE,PE,RECEITA CORRENTE LÍQUIDA AJUSTADA PARA CÁLCULO DOS LIMITES DE ENDIVIDAMENTO,1927453697.23
2024,Prefeitura Municipal de Jaboatão dos Guararapes - PE,PE,% da DC sobre a RCL AJUSTADA (I/VI),14.03
2024,Prefeitura Municipal de Jaboatão dos Guararapes - PE,PE,% da DCL sobre a RCL AJUSTADA,-11.03
2024,Prefeitura Municipal de Jaboatão dos Guararapes - PE,PE,Precatórios (Não incluídos na DC),7331608.91
2024,Prefeitura Municipal de Jaqueira - PE,PE,DÍVIDA CONSOLIDADA,23410874.93
2024,Prefeitura Municipal de Jaqueira - PE,PE,Disponibilidade de Caixa,-4040130.69
2024,Prefeitura Municipal de Jaqueira - PE,PE,RECEITA CORRENTE LÍQUIDA,60700495.15
2024,Prefeitura Municipal de Jaqueira - PE,PE,RECEITA CORRENTE LÍQUIDA AJUSTADA PARA CÁLCULO DOS LIMITES DE ENDIVIDAMENTO,58583413.15
2024,Prefeitura Municipal de Jaqueira - PE,PE,% da DC sobre a RCL AJUSTADA (I/VI),39.96
2024,Prefeitura Municipal de Jaqueira - PE,PE,% da DCL sobre a RCL AJUSTADA,46.86
2024,Prefeitura Municipal de Jataúba - PE,PE,DÍVIDA CONSOLIDADA,16600023.88
2024,Prefeitura Municipal de Jataúba - PE,PE,Disponibilidade de Caixa,9472269.45
2024,Prefeitura Municipal de Jataúba - PE,PE,Disponibilidade de Caixa Bruta,11834215.71
2024,Prefeitura Municipal de Jataúba - PE,PE,RECEITA CORRENTE LÍQUIDA,80905555.77
2024,Prefeitura Municipal de Jataúba - PE,PE,RECEITA CORRENTE LÍQUIDA AJUSTADA PARA CÁLCULO DOS LIMITES DE ENDIVIDAMENTO,79905555.77
2024,Prefeitura Municipal de Jataúba - PE,PE,% da DC sobre a RCL AJUSTADA (I/VI),20.77
2024,Prefeitura Municipal de Jataúba - PE,PE,% da DCL sobre a RCL AJUSTADA,8.88
2024,Prefeitura Municipal de Jatobá - PE,PE,DÍVIDA CONSOLIDADA,5586384.36
2024,Prefeitura Municipal de Jatobá - PE,PE,Disponibilidade de Caixa,2056788.39
2024,Prefeitura Municipal de Jatobá - PE,PE,Disponibilidade de Caixa Bruta,6540805.46
2024,Prefeitura Municipal de Jatobá - PE,PE,RECEITA CORRENTE LÍQUIDA,63193263.12
2024,Prefeitura Municipal de Jatobá - PE,PE,RECEITA CORRENTE LÍQUIDA AJUSTADA PARA CÁLCULO DOS LIMITES DE ENDIVIDAMENTO,63193263.12
2024,Prefeitura Municipal de Jatobá - PE,PE,% da DC sobre a RCL AJUSTADA (I/VI),8.84
2024,Prefeitura Municipal de Jatobá - PE,PE,% da DCL sobre a RCL AJUSTADA,5.59
2024,Prefeitura Municipal de João Alfredo - PE,PE,DÍVIDA CONSOLIDADA,18170327.4
2024,Prefeitura Municipal de João Alfredo - PE,PE,Precatórios (inclusive) Vencidos e Não Pagos,39994.88
2024,Prefeitura Municipal de João Alfredo - PE,PE,Disponibilidade de Caixa,10024267.52
2024,Prefeitura Municipal de João Alfredo - PE,PE,Disponibilidade de Caixa Bruta,17810792.23
2024,Prefeitura Municipal de João Alfredo - PE,PE,RECEITA CORRENTE LÍQUIDA,111382670.29
2024,Prefeitura Municipal de João Alfredo - PE,PE,RECEITA CORRENTE LÍQUIDA AJUSTADA PARA CÁLCULO DOS LIMITES DE ENDIVIDAMENTO,103150037.29
2024,Prefeitura Municipal de João Alfredo - PE,PE,% da DC sobre a RCL AJUSTADA (I/VI),17.62
2024,Prefeitura Municipal de João Alfredo - PE,PE,% da DCL sobre a RCL AJUSTADA,7.62
2024,Prefeitura Municipal de Joaquim Nabuco - PE,PE,DÍVIDA CONSOLIDADA,2718178.97
2024,Prefeitura Municipal de Joaquim Nabuco - PE,PE,Precatórios (inclusive) Vencidos e Não Pagos,168.31
2024,Prefeitura Municipal de Joaquim Nabuco - PE,PE,Disponibilidade de Caixa,2694478.05
2024,Prefeitura Municipal de Joaquim Nabuco - PE,PE,Disponibilidade de Caixa Bruta,5887850.9
2024,Prefeitura Municipal de Joaquim Nabuco - PE,PE,RECEITA CORRENTE LÍQUIDA,58475318.95
2024,Prefeitura Municipal de Joaquim Nabuco - PE,PE,RECEITA CORRENTE LÍQUIDA AJUSTADA PARA CÁLCULO DOS LIMITES DE ENDIVIDAMENTO,56475318.95
2024,Prefeitura Municipal de Joaquim Nabuco - PE,PE,% da DC sobre a RCL AJUSTADA (I/VI),4.81
2024,Prefeitura Municipal de Joaquim Nabuco - PE,PE,% da DCL sobre a RCL AJUSTADA,0.04
2024,Prefeitura Municipal de Jurema - PE,PE,DÍVIDA CONSOLIDADA,10506823.28
2024,Prefeitura Municipal de Jurema - PE,PE,Disponibilidade de Caixa,2780579.99
2024,Prefeitura Municipal de Jurema - PE,PE,Disponibilidade de Caixa Bruta,7718296.97
2024,Prefeitura Municipal de Jurema - PE,PE,RECEITA CORRENTE LÍQUIDA,66089998.67
2024,Prefeitura Municipal de Jurema - PE,PE,RECEITA CORRENTE LÍQUIDA AJUSTADA PARA CÁLCULO DOS LIMITES DE ENDIVIDAMENTO,64974975.39
2024,Prefeitura Municipal de Jurema - PE,PE,% da DC sobre a RCL AJUSTADA (I/VI),16.17
2024,Prefeitura Municipal de Jurema - PE,PE,% da DCL sobre a RCL AJUSTADA,11.89
2024,Prefeitura Municipal de Lagoa de Itaenga - PE,PE,DÍVIDA CONSOLIDADA,46053282.55
2024,Prefeitura Municipal de Lagoa de Itaenga - PE,PE,Disponibilidade de Caixa,-6711819.04
2024,Prefeitura Municipal de Lagoa de Itaenga - PE,PE,Disponibilidade de Caixa Bruta,10882456.81
2024,Prefeitura Municipal de Lagoa de Itaenga - PE,PE,RECEITA CORRENTE LÍQUIDA,95431200.5
2024,Prefeitura Municipal de Lagoa de Itaenga - PE,PE,RECEITA CORRENTE LÍQUIDA AJUSTADA PARA CÁLCULO DOS LIMITES DE ENDIVIDAMENTO,93431200.5
2024,Prefeitura Municipal de Lagoa de Itaenga - PE,PE,% da DC sobre a RCL AJUSTADA (I/VI),49.29
2024,Prefeitura Municipal de Lagoa de Itaenga - PE,PE,% da DCL sobre a RCL AJUSTADA,56.47
2024,Prefeitura Municipal de Lagoa do Carro - PE,PE,DÍVIDA CONSOLIDADA,24274607.39
2024,Prefeitura Municipal de Lagoa do Carro - PE,PE,Disponibilidade de Caixa,-12385094.66
2024,Prefeitura Municipal de Lagoa do Carro - PE,PE,Disponibilidade de Caixa Bruta,4262442.29
2024,Prefeitura Municipal de Lagoa do Carro - PE,PE,RECEITA CORRENTE LÍQUIDA,79270898.04
2024,Prefeitura Municipal de Lagoa do Carro - PE,PE,RECEITA CORRENTE LÍQUIDA AJUSTADA PARA CÁLCULO DOS LIMITES DE ENDIVIDAMENTO,76629255.04
2024,Prefeitura Municipal de Lagoa do Carro - PE,PE,% da DC sobre a RCL AJUSTADA (I/VI),31.68
2024,Prefeitura Municipal de Lagoa do Carro - PE,PE,% da DCL sobre a RCL AJUSTADA,47.84
2024,Prefeitura Municipal de Lagoa do Ouro - PE,PE,DÍVIDA CONSOLIDADA,8296829.65
2024,Prefeitura Municipal de Lagoa do Ouro - PE,PE,Disponibilidade de Caixa,5008371.38
2024,Prefeitura Municipal de Lagoa do Ouro - PE,PE,Disponibilidade de Caixa Bruta,8559443.58
2024,Prefeitura Municipal de Lagoa do Ouro - PE,PE,RECEITA CORRENTE LÍQUIDA,64010021.37
2024,Prefeitura Municipal de Lagoa do Ouro - PE,PE,RECEITA CORRENTE LÍQUIDA AJUSTADA PARA CÁLCULO DOS LIMITES DE ENDIVIDAMENTO,61480021.37
2024,Prefeitura Municipal de Lagoa do Ouro - PE,PE,% da DC sobre a RCL AJUSTADA (I/VI),13.5
2024,Prefeitura Municipal de Lagoa do Ouro - PE,PE,% da DCL sobre a RCL AJUSTADA,5.35
2024,Prefeitura Municipal de Lagoa dos Gatos - PE,PE,DÍVIDA CONSOLIDADA,7868151.07
2024,Prefeitura Municipal de Lagoa dos Gatos - PE,PE,Disponibilidade de Caixa,10153664.9
2024,Prefeitura Municipal de Lagoa dos Gatos - PE,PE,Disponibilidade de Caixa Bruta,10469113.71
2024,Prefeitura Municipal de Lagoa dos Gatos - PE,PE,RECEITA CORRENTE LÍQUIDA,62517464.91
2024,Prefeitura Municipal de Lagoa dos Gatos - PE,PE,RECEITA CORRENTE LÍQUIDA AJUSTADA PARA CÁLCULO DOS LIMITES DE ENDIVIDAMENTO,60529739.36
2024,Prefeitura Municipal de Lagoa dos Gatos - PE,PE,% da DC sobre a RCL AJUSTADA (I/VI),13.0
2024,Prefeitura Municipal de Lagoa dos Gatos - PE,PE,% da DCL sobre a RCL AJUSTADA,-3.78
2024,Prefeitura Municipal de Lagoa Grande - PE,PE,DÍVIDA CONSOLIDADA,8663673.37
2024,Prefeitura Municipal de Lagoa Grande - PE,PE,Disponibilidade de Caixa,37187668.85
2024,Prefeitura Municipal de Lagoa Grande - PE,PE,Disponibilidade de Caixa Bruta,47773101.6
2024,Prefeitura Municipal de Lagoa Grande - PE,PE,RECEITA CORRENTE LÍQUIDA,122979874.54
2024,Prefeitura Municipal de Lagoa Grande - PE,PE,RECEITA CORRENTE LÍQUIDA AJUSTADA PARA CÁLCULO DOS LIMITES DE ENDIVIDAMENTO,119220220.54
2024,Prefeitura Municipal de Lagoa Grande - PE,PE,% da DC sobre a RCL AJUSTADA (I/VI),7.27
2024,Prefeitura Municipal de Lagoa Grande - PE,PE,% da DCL sobre a RCL AJUSTADA,-24.94
2024,Prefeitura Municipal de Limoeiro - PE,PE,DÍVIDA CONSOLIDADA,71328014.54
2024,Prefeitura Municipal de Limoeiro - PE,PE,Disponibilidade de Caixa,79769376.11
2024,Prefeitura Municipal de Limoeiro - PE,PE,Disponibilidade de Caixa Bruta,93606827.11
2024,Prefeitura Municipal de Limoeiro - PE,PE,RECEITA CORRENTE LÍQUIDA,190870745.0
2024,Prefeitura Municipal de Limoeiro - PE,PE,RECEITA CORRENTE LÍQUIDA AJUSTADA PARA CÁLCULO DOS LIMITES DE ENDIVIDAMENTO,187670745.0
2024,Prefeitura Municipal de Limoeiro - PE,PE,% da DC sobre a RCL AJUSTADA (I/VI),38.01
2024,Prefeitura Municipal de Limoeiro - PE,PE,% da DCL sobre a RCL AJUSTADA,-4.5
2024,Prefeitura Municipal de Lajedo - PE,PE,DÍVIDA CONSOLIDADA,2301447.51
2024,Prefeitura Municipal de Lajedo - PE,PE,Disponibilidade de Caixa,23833542.14
2024,Prefeitura Municipal de Lajedo - PE,PE,Disponibilidade de Caixa Bruta,28840179.66
2024,Prefeitura Municipal de Lajedo - PE,PE,RECEITA CORRENTE LÍQUIDA,182510207.86
2024,Prefeitura Municipal de Lajedo - PE,PE,RECEITA CORRENTE LÍQUIDA AJUSTADA PARA CÁLCULO DOS LIMITES DE ENDIVIDAMENTO,179878402.86
2024,Prefeitura Municipal de Lajedo - PE,PE,% da DC sobre a RCL AJUSTADA (I/VI),1.28
2024,Prefeitura Municipal de Lajedo - PE,PE,% da DCL sobre a RCL AJUSTADA,-11.97
2024,Prefeitura Municipal de Macaparana - PE,PE,DÍVIDA CONSOLIDADA,727076.1
2024,Prefeitura Municipal de Macaparana - PE,PE,Disponibilidade de Caixa,-615393.01
2024,Prefeitura Municipal de Macaparana - PE,PE,RECEITA CORRENTE LÍQUIDA,98066554.92
2024,Prefeitura Municipal de Macaparana - PE,PE,RECEITA CORRENTE LÍQUIDA AJUSTADA PARA CÁLCULO DOS LIMITES DE ENDIVIDAMENTO,96055155.92
2024,Prefeitura Municipal de Macaparana - PE,PE,% da DC sobre a RCL AJUSTADA (I/VI),0.76
2024,Prefeitura Municipal de Macaparana - PE,PE,% da DCL sobre a RCL AJUSTADA,1.4
2024,Prefeitura Municipal de Machados - PE,PE,DÍVIDA CONSOLIDADA,13885207.61
2024,Prefeitura Municipal de Machados - PE,PE,Disponibilidade de Caixa,2738329.06
2024,Prefeitura Municipal de Machados - PE,PE,Disponibilidade de Caixa Bruta,6275555.07
2024,Prefeitura Municipal de Machados - PE,PE,RECEITA CORRENTE LÍQUIDA,69207811.35
2024,Prefeitura Municipal de Machados - PE,PE,RECEITA CORRENTE LÍQUIDA AJUSTADA PARA CÁLCULO DOS LIMITES DE ENDIVIDAMENTO,68957811.35
2024,Prefeitura Municipal de Machados - PE,PE,% da DC sobre a RCL AJUSTADA (I/VI),20.14
2024,Prefeitura Municipal de Machados - PE,PE,% da DCL sobre a RCL AJUSTADA,16.16
2024,Prefeitura Municipal de Manari - PE,PE,DÍVIDA CONSOLIDADA,14596500.68
2024,Prefeitura Municipal de Manari - PE,PE,Disponibilidade de Caixa,-37563462.63
2024,Prefeitura Municipal de Manari - PE,PE,Disponibilidade de Caixa Bruta,3264237.01
2024,Prefeitura Municipal de Manari - PE,PE,RECEITA CORRENTE LÍQUIDA,78803851.2
2024,Prefeitura Municipal de Manari - PE,PE,RECEITA CORRENTE LÍQUIDA AJUSTADA PARA CÁLCULO DOS LIMITES DE ENDIVIDAMENTO,78803851.2
2024,Prefeitura Municipal de Manari - PE,PE,% da DC sobre a RCL AJUSTADA (I/VI),18.52
2024,Prefeitura Municipal de Manari - PE,PE,% da DCL sobre a RCL AJUSTADA,66.19
2024,Prefeitura Municipal de Maraial - PE,PE,DÍVIDA CONSOLIDADA,39667337.75
2024,Prefeitura Municipal de Maraial - PE,PE,Disponibilidade de Caixa,-11245125.58
2024,Prefeitura Municipal de Maraial - PE,PE,Disponibilidade de Caixa Bruta,6381645.11
2024,Prefeitura Municipal de Maraial - PE,PE,RECEITA CORRENTE LÍQUIDA,48258201.07
2024,Prefeitura Municipal de Maraial - PE,PE,RECEITA CORRENTE LÍQUIDA AJUSTADA PARA CÁLCULO DOS LIMITES DE ENDIVIDAMENTO,46361498.75
2024,Prefeitura Municipal de Maraial - PE,PE,% da DC sobre a RCL AJUSTADA (I/VI),85.56
2024,Prefeitura Municipal de Maraial - PE,PE,% da DCL sobre a RCL AJUSTADA,109.82
2024,Prefeitura Municipal de Mirandiba - PE,PE,DÍVIDA CONSOLIDADA,1477787.75
2024,Prefeitura Municipal de Mirandiba - PE,PE,Disponibilidade de Caixa,-5116586.58
2024,Prefeitura Municipal de Mirandiba - PE,PE,RECEITA CORRENTE LÍQUIDA,64358600.39
2024,Prefeitura Municipal de Mirandiba - PE,PE,RECEITA CORRENTE LÍQUIDA AJUSTADA PARA CÁLCULO DOS LIMITES DE ENDIVIDAMENTO,64158600.39
2024,Prefeitura Municipal de Mirandiba - PE,PE,% da DC sobre a RCL AJUSTADA (I/VI),2.3
2024,Prefeitura Municipal de Mirandiba - PE,PE,% da DCL sobre a RCL AJUSTADA,10.28
2024,Prefeitura Municipal de Moreilândia - PE,PE,DÍVIDA CONSOLIDADA,972935.43
2024,Prefeitura Municipal de Moreilândia - PE,PE,Precatórios (inclusive) Vencidos e Não Pagos,7937.19
2024,Prefeitura Municipal de Moreilândia - PE,PE,Disponibilidade de Caixa,-5723340.85
2024,Prefeitura Municipal de Moreilândia - PE,PE,RECEITA CORRENTE LÍQUIDA,48003928.42
2024,Prefeitura Municipal de Moreilândia - PE,PE,RECEITA CORRENTE LÍQUIDA AJUSTADA PARA CÁLCULO DOS LIMITES DE ENDIVIDAMENTO,47303928.42
2024,Prefeitura Municipal de Moreilândia - PE,PE,% da DC sobre a RCL AJUSTADA (I/VI),2.06
2024,Prefeitura Municipal de Moreilândia - PE,PE,% da DCL sobre a RCL AJUSTADA,14.16
2024,Prefeitura Municipal de Moreno - PE,PE,DÍVIDA CONSOLIDADA,54427615.76
2024,Prefeitura Municipal de Moreno - PE,PE,Disponibilidade de Caixa,3696227.86
2024,Prefeitura Municipal de Moreno - PE,PE,Disponibilidade de Caixa Bruta,9443055.37
2024,Prefeitura Municipal de Moreno - PE,PE,RECEITA CORRENTE LÍQUIDA,179014870.39
2024,Prefeitura Municipal de Moreno - PE,PE,RECEITA CORRENTE LÍQUIDA AJUSTADA PARA CÁLCULO DOS LIMITES DE ENDIVIDAMENTO,177515529.24
2024,Prefeitura Municipal de Moreno - PE,PE,% da DC sobre a RCL AJUSTADA (I/VI),30.66
2024,Prefeitura Municipal de Moreno - PE,PE,% da DCL sobre a RCL AJUSTADA,28.14
2024,Prefeitura Municipal de Nazaré da Mata - PE,PE,DÍVIDA CONSOLIDADA,64191455.77
2024,Prefeitura Municipal de Nazaré da Mata - PE,PE,Precatórios (inclusive) Vencidos e Não Pagos,127384.26
2024,Prefeitura Municipal de Nazaré da Mata - PE,PE,Disponibilidade de Caixa,-61297161.38
2024,Prefeitura Municipal de Nazaré da Mata - PE,PE,Disponibilidade de Caixa Bruta,14418057.37
2024,Prefeitura Municipal de Nazaré da Mata - PE,PE,RECEITA CORRENTE LÍQUIDA,91044482.23
2024,Prefeitura Municipal de Nazaré da Mata - PE,PE,RECEITA CORRENTE LÍQUIDA AJUSTADA PARA CÁLCULO DOS LIMITES DE ENDIVIDAMENTO,90044482.23
2024,Prefeitura Municipal de Nazaré da Mata - PE,PE,% da DC sobre a RCL AJUSTADA (I/VI),71.29
2024,Prefeitura Municipal de Nazaré da Mata - PE,PE,% da DCL sobre a RCL AJUSTADA,139.36
2024,Prefeitura Municipal de Nazaré da Mata - PE,PE,Precatórios (Não incluídos na DC),-200032.66
2024,Prefeitura Municipal de Olinda - PE,PE,DÍVIDA CONSOLIDADA,78246862.39
2024,Prefeitura Municipal de Olinda - PE,PE,Disponibilidade de Caixa,65896729.79
2024,Prefeitura Municipal de Olinda - PE,PE,Disponibilidade de Caixa Bruta,90629611.64
2024,Prefeitura Municipal de Olinda - PE,PE,RECEITA CORRENTE LÍQUIDA,904026740.72
2024,Prefeitura Municipal de Olinda - PE,PE,RECEITA CORRENTE LÍQUIDA AJUSTADA PARA CÁLCULO DOS LIMITES DE ENDIVIDAMENTO,903876740.72
2024,Prefeitura Municipal de Olinda - PE,PE,% da DC sobre a RCL AJUSTADA (I/VI),8.66
2024,Prefeitura Municipal de Olinda - PE,PE,% da DCL sobre a RCL AJUSTADA,1.37
2024,Prefeitura Municipal de Orobó - PE,PE,DÍVIDA CONSOLIDADA,32748199.62
2024,Prefeitura Municipal de Orobó - PE,PE,Precatórios (inclusive) Vencidos e Não Pagos,261468.73
2024,Prefeitura Municipal de Orobó - PE,PE,Disponibilidade de Caixa,16778872.53
2024,Prefeitura Municipal de Orobó - PE,PE,Disponibilidade de Caixa Bruta,19141662.04
2024,Prefeitura Municipal de Orobó - PE,PE,RECEITA CORRENTE LÍQUIDA,108154041.49
2024,Prefeitura Municipal de Orobó - PE,PE,RECEITA CORRENTE LÍQUIDA AJUSTADA PARA CÁLCULO DOS LIMITES DE ENDIVIDAMENTO,105462727.49
2024,Prefeitura Municipal de Orobó - PE,PE,% da DC sobre a RCL AJUSTADA (I/VI),31.05
2024,Prefeitura Municipal de Orobó - PE,PE,% da DCL sobre a RCL AJUSTADA,15.14
2024,Prefeitura Municipal de Orocó - PE,PE,DÍVIDA CONSOLIDADA,11626961.93
2024,Prefeitura Municipal de Orocó - PE,PE,Disponibilidade de Caixa,-13041079.28
2024,Prefeitura Municipal de Orocó - PE,PE,Disponibilidade de Caixa Bruta,7207032.12
2024,Prefeitura Municipal de Orocó - PE,PE,RECEITA CORRENTE LÍQUIDA,67248912.52
2024,Prefeitura Municipal de Orocó - PE,PE,RECEITA CORRENTE LÍQUIDA AJUSTADA PARA CÁLCULO DOS LIMITES DE ENDIVIDAMENTO,66507912.52
2024,Prefeitura Municipal de Orocó - PE,PE,% da DC sobre a RCL AJUSTADA (I/VI),17.48
2024,Prefeitura Municipal de Orocó - PE,PE,% da DCL sobre a RCL AJUSTADA,37.09
2024,Prefeitura Municipal de Ouricuri - PE,PE,DÍVIDA CONSOLIDADA,90633755.0
2024,Prefeitura Municipal de Ouricuri - PE,PE,Precatórios (inclusive) Vencidos e Não Pagos,253.22
2024,Prefeitura Municipal de Ouricuri - PE,PE,Disponibilidade de Caixa,-43002431.51
2024,Prefeitura Municipal de Ouricuri - PE,PE,RECEITA CORRENTE LÍQUIDA,224362776.07
2024,Prefeitura Municipal de Ouricuri - PE,PE,RECEITA CORRENTE LÍQUIDA AJUSTADA PARA CÁLCULO DOS LIMITES DE ENDIVIDAMENTO,224362776.07
2024,Prefeitura Municipal de Ouricuri - PE,PE,% da DC sobre a RCL AJUSTADA (I/VI),40.4
2024,Prefeitura Municipal de Ouricuri - PE,PE,% da DCL sobre a RCL AJUSTADA,59.56
2024,Prefeitura Municipal de Palmares - PE,PE,DÍVIDA CONSOLIDADA,33069541.34
2024,Prefeitura Municipal de Palmares - PE,PE,Precatórios (inclusive) Vencidos e Não Pagos,2002135.3
2024,Prefeitura Municipal de Palmares - PE,PE,Disponibilidade de Caixa,23788187.57
2024,Prefeitura Municipal de Palmares - PE,PE,Disponibilidade de Caixa Bruta,30142931.51
2024,Prefeitura Municipal de Palmares - PE,PE,RECEITA CORRENTE LÍQUIDA,223193079.32
2024,Prefeitura Municipal de Palmares - PE,PE,RECEITA CORRENTE LÍQUIDA AJUSTADA PARA CÁLCULO DOS LIMITES DE ENDIVIDAMENTO,216425137.32
2024,Prefeitura Municipal de Palmares - PE,PE,% da DC sobre a RCL AJUSTADA (I/VI),15.28
2024,Prefeitura Municipal de Palmares - PE,PE,% da DCL sobre a RCL AJUSTADA,4.29
2024,Prefeitura Municipal de Palmeirina - PE,PE,DÍVIDA CONSOLIDADA,146288.46
2024,Prefeitura Municipal de Palmeirina - PE,PE,Disponibilidade de Caixa,1403044.28
2024,Prefeitura Municipal de Palmeirina - PE,PE,Disponibilidade de Caixa Bruta,6482505.78
2024,Prefeitura Municipal de Palmeirina - PE,PE,RECEITA CORRENTE LÍQUIDA,38672036.04
2024,Prefeitura Municipal de Palmeirina - PE,PE,RECEITA CORRENTE LÍQUIDA AJUSTADA PARA CÁLCULO DOS LIMITES DE ENDIVIDAMENTO,36925983.04
2024,Prefeitura Municipal de Palmeirina - PE,PE,% da DC sobre a RCL AJUSTADA (I/VI),0.4
2024,Prefeitura Municipal de Palmeirina - PE,PE,% da DCL sobre a RCL AJUSTADA,-3.4
2024,Prefeitura Municipal de Panelas - PE,PE,DÍVIDA CONSOLIDADA,10488936.55
2024,Prefeitura Municipal de Panelas - PE,PE,Disponibilidade de Caixa,-984467.85
2024,Prefeitura Municipal de Panelas - PE,PE,RECEITA CORRENTE LÍQUIDA,112938048.01
2024,Prefeitura Municipal de Panelas - PE,PE,RECEITA CORRENTE LÍQUIDA AJUSTADA PARA CÁLCULO DOS LIMITES DE ENDIVIDAMENTO,104318973.01
2024,Prefeitura Municipal de Panelas - PE,PE,% da DC sobre a RCL AJUSTADA (I/VI),10.05
2024,Prefeitura Municipal de Panelas - PE,PE,% da DCL sobre a RCL AJUSTADA,11.0
2024,Prefeitura Municipal de Paranatama - PE,PE,Disponibilidade de Caixa,-24339258.67
2024,Prefeitura Municipal de Paranatama - PE,PE,Disponibilidade de Caixa Bruta,1878256.22
2024,Prefeitura Municipal de Paranatama - PE,PE,RECEITA CORRENTE LÍQUIDA,64344328.8
2024,Prefeitura Municipal de Paranatama - PE,PE,RECEITA CORRENTE LÍQUIDA AJUSTADA PARA CÁLCULO DOS LIMITES DE ENDIVIDAMENTO,64344328.8
2024,Prefeitura Municipal de Paranatama - PE,PE,% da DCL sobre a RCL AJUSTADA,37.83
2024,Prefeitura Municipal de Passira - PE,PE,DÍVIDA CONSOLIDADA,17119263.93
2024,Prefeitura Municipal de Passira - PE,PE,Precatórios (inclusive) Vencidos e Não Pagos,665320.37
2024,Prefeitura Municipal de Passira - PE,PE,Disponibilidade de Caixa,-8809556.41
2024,Prefeitura Municipal de Passira - PE,PE,Disponibilidade de Caixa Bruta,9414416.94
2024,Prefeitura Municipal de Passira - PE,PE,RECEITA CORRENTE LÍQUIDA,96462085.53
2024,Prefeitura Municipal de Passira - PE,PE,RECEITA CORRENTE LÍQUIDA AJUSTADA PARA CÁLCULO DOS LIMITES DE ENDIVIDAMENTO,94902085.53
2024,Prefeitura Municipal de Passira - PE,PE,% da DC sobre a RCL AJUSTADA (I/VI),18.04
2024,Prefeitura Municipal de Passira - PE,PE,% da DCL sobre a RCL AJUSTADA,27.32
2024,Prefeitura Municipal de Parnamirim - PE,PE,DÍVIDA CONSOLIDADA,5802166.21
2024,Prefeitura Municipal de Parnamirim - PE,PE,Disponibilidade de Caixa,-14518733.63
2024,Prefeitura Municipal de Parnamirim - PE,PE,RECEITA CORRENTE LÍQUIDA,83331583.55
2024,Prefeitura Municipal de Parnamirim - PE,PE,RECEITA CORRENTE LÍQUIDA AJUSTADA PARA CÁLCULO DOS LIMITES DE ENDIVIDAMENTO,79854830.55
2024,Prefeitura Municipal de Parnamirim - PE,PE,% da DC sobre a RCL AJUSTADA (I/VI),7.27
2024,Prefeitura Municipal de Parnamirim - PE,PE,% da DCL sobre a RCL AJUSTADA,25.45
2024,Prefeitura Municipal de Paudalho - PE,PE,DÍVIDA CONSOLIDADA,127111994.19
2024,Prefeitura Municipal de Paudalho - PE,PE,Disponibilidade de Caixa,-22689500.66
2024,Prefeitura Municipal de Paudalho - PE,PE,RECEITA CORRENTE LÍQUIDA,216306949.21
2024,Prefeitura Municipal de Paudalho - PE,PE,RECEITA CORRENTE LÍQUIDA AJUSTADA PARA CÁLCULO DOS LIMITES DE ENDIVIDAMENTO,200757749.21
2024,Prefeitura Municipal de Paudalho - PE,PE,% da DC sobre a RCL AJUSTADA (I/VI),63.32
2024,Prefeitura Municipal de Paudalho - PE,PE,% da DCL sobre a RCL AJUSTADA,74.62
2024,Prefeitura Municipal de Paulista - PE,PE,DÍVIDA CONSOLIDADA,71203009.52
2024,Prefeitura Municipal de Paulista - PE,PE,Disponibilidade de Caixa,15178359.22
2024,Prefeitura Municipal de Paulista - PE,PE,Disponibilidade de Caixa Bruta,61702259.3
2024,Prefeitura Municipal de Paulista - PE,PE,RECEITA CORRENTE LÍQUIDA,694701339.21
2024,Prefeitura Municipal de Paulista - PE,PE,RECEITA CORRENTE LÍQUIDA AJUSTADA PARA CÁLCULO DOS LIMITES DE ENDIVIDAMENTO,689401339.21
2024,Prefeitura Municipal de Paulista - PE,PE,% da DC sobre a RCL AJUSTADA (I/VI),10.33
2024,Prefeitura Municipal de Paulista - PE,PE,% da DCL sobre a RCL AJUSTADA,8.13
2024,Prefeitura Municipal de Pedra - PE,PE,DÍVIDA CONSOLIDADA,1902722.46
2024,Prefeitura Municipal de Pedra - PE,PE,Disponibilidade de Caixa,2765907.54
2024,Prefeitura Municipal de Pedra - PE,PE,Disponibilidade de Caixa Bruta,8437898.01
2024,Prefeitura Municipal de Pedra - PE,PE,RECEITA CORRENTE LÍQUIDA,80454333.35
2024,Prefeitura Municipal de Pedra - PE,PE,RECEITA CORRENTE LÍQUIDA AJUSTADA PARA CÁLCULO DOS LIMITES DE ENDIVIDAMENTO,78904333.35
2024,Prefeitura Municipal de Pedra - PE,PE,% da DC sobre a RCL AJUSTADA (I/VI),2.41
2024,Prefeitura Municipal de Pedra - PE,PE,% da DCL sobre a RCL AJUSTADA,-1.09
2024,Prefeitura Municipal de Pesqueira - PE,PE,DÍVIDA CONSOLIDADA,43902163.02
2024,Prefeitura Municipal de Pesqueira - PE,PE,Disponibilidade de Caixa,-14647600.93
2024,Prefeitura Municipal de Pesqueira - PE,PE,Disponibilidade de Caixa Bruta,13569209.95
2024,Prefeitura Municipal de Pesqueira - PE,PE,RECEITA CORRENTE LÍQUIDA,215572867.78
2024,Prefeitura Municipal de Pesqueira - PE,PE,RECEITA CORRENTE LÍQUIDA AJUSTADA PARA CÁLCULO DOS LIMITES DE ENDIVIDAMENTO,212372867.78
2024,Prefeitura Municipal de Pesqueira - PE,PE,% da DC sobre a RCL AJUSTADA (I/VI),20.67
2024,Prefeitura Municipal de Pesqueira - PE,PE,% da DCL sobre a RCL AJUSTADA,27.57
2024,Prefeitura Municipal de Petrolândia - PE,PE,DÍVIDA CONSOLIDADA,14239328.33
2024,Prefeitura Municipal de Petrolândia - PE,PE,Disponibilidade de Caixa,4509439.74
2024,Prefeitura Municipal de Petrolândia - PE,PE,Disponibilidade de Caixa Bruta,10046363.58
2024,Prefeitura Municipal de Petrolândia - PE,PE,RECEITA CORRENTE LÍQUIDA,168598437.86
2024,Prefeitura Municipal de Petrolândia - PE,PE,RECEITA CORRENTE LÍQUIDA AJUSTADA PARA CÁLCULO DOS LIMITES DE ENDIVIDAMENTO,162782849.86
2024,Prefeitura Municipal de Petrolândia - PE,PE,% da DC sobre a RCL AJUSTADA (I/VI),8.75
2024,Prefeitura Municipal de Petrolândia - PE,PE,% da DCL sobre a RCL AJUSTADA,5.98
2024,Prefeitura Municipal de Petrolina - PE,PE,DÍVIDA CONSOLIDADA,178283835.05
2024,Prefeitura Municipal de Petrolina - PE,PE,Disponibilidade de Caixa,375606562.34
2024,Prefeitura Municipal de Petrolina - PE,PE,Disponibilidade de Caixa Bruta,444278097.52
2024,Prefeitura Municipal de Petrolina - PE,PE,RECEITA CORRENTE LÍQUIDA,1373399142.29
2024,Prefeitura Municipal de Petrolina - PE,PE,RECEITA CORRENTE LÍQUIDA AJUSTADA PARA CÁLCULO DOS LIMITES DE ENDIVIDAMENTO,1330424240.29
2024,Prefeitura Municipal de Petrolina - PE,PE,% da DC sobre a RCL AJUSTADA (I/VI),13.4
2024,Prefeitura Municipal de Petrolina - PE,PE,% da DCL sobre a RCL AJUSTADA,-15.22
2024,Prefeitura Municipal de Poção - PE,PE,DÍVIDA CONSOLIDADA,4790414.55
2024,Prefeitura Municipal de Poção - PE,PE,Disponibilidade de Caixa,-529029.44
2024,Prefeitura Municipal de Poção - PE,PE,Disponibilidade de Caixa Bruta,4797017.01
2024,Prefeitura Municipal de Poção - PE,PE,RECEITA CORRENTE LÍQUIDA,49235812.74
2024,Prefeitura Municipal de Poção - PE,PE,RECEITA CORRENTE LÍQUIDA AJUSTADA PARA CÁLCULO DOS LIMITES DE ENDIVIDAMENTO,48149952.74
2024,Prefeitura Municipal de Poção - PE,PE,% da DC sobre a RCL AJUSTADA (I/VI),9.95
2024,Prefeitura Municipal de Poção - PE,PE,% da DCL sobre a RCL AJUSTADA,11.05
2024,Prefeitura Municipal de Pombos - PE,PE,DÍVIDA CONSOLIDADA,390682.29
2024,Prefeitura Municipal de Pombos - PE,PE,Disponibilidade de Caixa,13595725.12
2024,Prefeitura Municipal de Pombos - PE,PE,Disponibilidade de Caixa Bruta,27260485.17
2024,Prefeitura Municipal de Pombos - PE,PE,RECEITA CORRENTE LÍQUIDA,101251616.05
2024,Prefeitura Municipal de Pombos - PE,PE,RECEITA CORRENTE LÍQUIDA AJUSTADA PARA CÁLCULO DOS LIMITES DE ENDIVIDAMENTO,100691854.05
2024,Prefeitura Municipal de Pombos - PE,PE,% da DC sobre a RCL AJUSTADA (I/VI),0.39
2024,Prefeitura Municipal de Pombos - PE,PE,% da DCL sobre a RCL AJUSTADA,-13.11
2024,Prefeitura Municipal de Primavera - PE,PE,DÍVIDA CONSOLIDADA,25233554.43
2024,Prefeitura Municipal de Primavera - PE,PE,Precatórios (inclusive) Vencidos e Não Pagos,1056276.57
2024,Prefeitura Municipal de Primavera - PE,PE,Disponibilidade de Caixa,-24010364.84
2024,Prefeitura Municipal de Primavera - PE,PE,RECEITA CORRENTE LÍQUIDA,58849971.52
2024,Prefeitura Municipal de Primavera - PE,PE,RECEITA CORRENTE LÍQUIDA AJUSTADA PARA CÁLCULO DOS LIMITES DE ENDIVIDAMENTO,58049971.52
2024,Prefeitura Municipal de Primavera - PE,PE,% da DC sobre a RCL AJUSTADA (I/VI),43.47
2024,Prefeitura Municipal de Primavera - PE,PE,% da DCL sobre a RCL AJUSTADA,84.83
2024,Prefeitura Municipal de Quipapá - PE,PE,DÍVIDA CONSOLIDADA,40503365.37
2024,Prefeitura Municipal de Quipapá - PE,PE,Precatórios (inclusive) Vencidos e Não Pagos,1325996.02
2024,Prefeitura Municipal de Quipapá - PE,PE,Disponibilidade de Caixa,-17711752.04
2024,Prefeitura Municipal de Quipapá - PE,PE,Disponibilidade de Caixa Bruta,4610236.16
2024,Prefeitura Municipal de Quipapá - PE,PE,RECEITA CORRENTE LÍQUIDA,80180127.28
2024,Prefeitura Municipal de Quipapá - PE,PE,RECEITA CORRENTE LÍQUIDA AJUSTADA PARA CÁLCULO DOS LIMITES DE ENDIVIDAMENTO,79080127.28
2024,Prefeitura Municipal de Quipapá - PE,PE,% da DC sobre a RCL AJUSTADA (I/VI),51.22
2024,Prefeitura Municipal de Quipapá - PE,PE,% da DCL sobre a RCL AJUSTADA,73.62
2024,Prefeitura Municipal de Quipapá - PE,PE,Precatórios (Não incluídos na DC),1325996.02
2024,Prefeitura Municipal de Quixaba - PE,PE,DÍVIDA CONSOLIDADA,9687142.22
2024,Prefeitura Municipal de Quixaba - PE,PE,Precatórios (inclusive) Vencidos e Não Pagos,117339.72
2024,Prefeitura Municipal de Quixaba - PE,PE,Disponibilidade de Caixa,1034603.04
2024,Prefeitura Municipal de Quixaba - PE,PE,Disponibilidade de Caixa Bruta,2668659.14
2024,Prefeitura Municipal de Quixaba - PE,PE,RECEITA CORRENTE LÍQUIDA,44456982.25
2024,Prefeitura Municipal de Quixaba - PE,PE,RECEITA CORRENTE LÍQUIDA AJUSTADA PARA CÁLCULO DOS LIMITES DE ENDIVIDAMENTO,42916537.25
2024,Prefeitura Municipal de Quixaba - PE,PE,% da DC sobre a RCL AJUSTADA (I/VI),22.57
2024,Prefeitura Municipal de Quixaba - PE,PE,% da DCL sobre a RCL AJUSTADA,18.38
2024,Prefeitura Municipal de Recife - PE,PE,DÍVIDA CONSOLIDADA,2446633777.86
2024,Prefeitura Municipal de Recife - PE,PE,Disponibilidade de Caixa,923299721.88
2024,Prefeitura Municipal de Recife - PE,PE,Disponibilidade de Caixa Bruta,1195103530.6
2024,Prefeitura Municipal de Recife - PE,PE,RECEITA CORRENTE LÍQUIDA,6924311967.79
2024,Prefeitura Municipal de Recife - PE,PE,RECEITA CORRENTE LÍQUIDA AJUSTADA PARA CÁLCULO DOS LIMITES DE ENDIVIDAMENTO,6881545513.49
2024,Prefeitura Municipal de Recife - PE,PE,% da DC sobre a RCL AJUSTADA (I/VI),35.55
2024,Prefeitura Municipal de Recife - PE,PE,% da DCL sobre a RCL AJUSTADA,22.0
2024,Prefeitura Municipal de Riacho das Almas - PE,PE,DÍVIDA CONSOLIDADA,4773132.54
2024,Prefeitura Municipal de Riacho das Almas - PE,PE,Disponibilidade de Caixa,6273948.87
2024,Prefeitura Municipal de Riacho das Almas - PE,PE,Disponibilidade de Caixa Bruta,10122194.62
2024,Prefeitura Municipal de Riacho das Almas - PE,PE,RECEITA CORRENTE LÍQUIDA,91965728.92
2024,Prefeitura Municipal de Riacho das Almas - PE,PE,RECEITA CORRENTE LÍQUIDA AJUSTADA PARA CÁLCULO DOS LIMITES DE ENDIVIDAMENTO,90142228.92
2024,Prefeitura Municipal de Riacho das Almas - PE,PE,% da DC sobre a RCL AJUSTADA (I/VI),5.3
2024,Prefeitura Municipal de Riacho das Almas - PE,PE,% da DCL sobre a RCL AJUSTADA,-1.66
2024,Prefeitura Municipal de Ribeirão - PE,PE,DÍVIDA CONSOLIDADA,44597354.58
2024,Prefeitura Municipal de Ribeirão - PE,PE,Disponibilidade de Caixa,-10105613.07
2024,Prefeitura Municipal de Ribeirão - PE,PE,Disponibilidade de Caixa Bruta,2645476.46
2024,Prefeitura Municipal de Ribeirão - PE,PE,RECEITA CORRENTE LÍQUIDA,126296189.58
2024,Prefeitura Municipal de Ribeirão - PE,PE,RECEITA CORRENTE LÍQUIDA AJUSTADA PARA CÁLCULO DOS LIMITES DE ENDIVIDAMENTO,125396189.58
2024,Prefeitura Municipal de Ribeirão - PE,PE,% da DC sobre a RCL AJUSTADA (I/VI),35.57
2024,Prefeitura Municipal de Ribeirão - PE,PE,% da DCL sobre a RCL AJUSTADA,43.6
2024,Prefeitura Municipal de Rio Formoso - PE,PE,DÍVIDA CONSOLIDADA,51513791.67
2024,Prefeitura Municipal de Rio Formoso - PE,PE,Disponibilidade de Caixa,-7810179.82
2024,Prefeitura Municipal de Rio Formoso - PE,PE,Disponibilidade de Caixa Bruta,12035406.11
2024,Prefeitura Municipal de Rio Formoso - PE,PE,RECEITA CORRENTE LÍQUIDA,100666327.82
2024,Prefeitura Municipal de Rio Formoso - PE,PE,RECEITA CORRENTE LÍQUIDA AJUSTADA PARA CÁLCULO DOS LIMITES DE ENDIVIDAMENTO,97966327.82
2024,Prefeitura Municipal de Rio Formoso - PE,PE,% da DC sobre a RCL AJUSTADA (I/VI),52.58
2024,Prefeitura Municipal de Rio Formoso - PE,PE,% da DCL sobre a RCL AJUSTADA,60.56
2024,Prefeitura Municipal de Sairé - PE,PE,DÍVIDA CONSOLIDADA,20003020.9
2024,Prefeitura Municipal de Sairé - PE,PE,Disponibilidade de Caixa,-2440319.64
2024,Prefeitura Municipal de Sairé - PE,PE,RECEITA CORRENTE LÍQUIDA,54659954.34
2024,Prefeitura Municipal de Sairé - PE,PE,RECEITA CORRENTE LÍQUIDA AJUSTADA PARA CÁLCULO DOS LIMITES DE ENDIVIDAMENTO,51740016.34
2024,Prefeitura Municipal de Sairé - PE,PE,% da DC sobre a RCL AJUSTADA (I/VI),38.66
2024,Prefeitura Municipal de Sairé - PE,PE,% da DCL sobre a RCL AJUSTADA,43.38
2024,Prefeitura Municipal de Salgueiro - PE,PE,DÍVIDA CONSOLIDADA,10751043.83
2024,Prefeitura Municipal de Salgueiro - PE,PE,Disponibilidade de Caixa,-4435392.83
2024,Prefeitura Municipal de Salgueiro - PE,PE,Disponibilidade de Caixa Bruta,17710858.47
2024,Prefeitura Municipal de Salgueiro - PE,PE,RECEITA CORRENTE LÍQUIDA,211618094.82
2024,Prefeitura Municipal de Salgueiro - PE,PE,RECEITA CORRENTE LÍQUIDA AJUSTADA PARA CÁLCULO DOS LIMITES DE ENDIVIDAMENTO,211018094.82
2024,Prefeitura Municipal de Salgueiro - PE,PE,% da DC sobre a RCL AJUSTADA (I/VI),5.09
2024,Prefeitura Municipal de Salgueiro - PE,PE,% da DCL sobre a RCL AJUSTADA,6.91
2024,Prefeitura Municipal de Salgueiro - PE,PE,Precatórios (Não incluídos na DC),15932.12
2024,Prefeitura Municipal de Saloá - PE,PE,DÍVIDA CONSOLIDADA,2606478.63
2024,Prefeitura Municipal de Saloá - PE,PE,Disponibilidade de Caixa,19453309.19
2024,Prefeitura Municipal de Saloá - PE,PE,Disponibilidade de Caixa Bruta,25566289.22
2024,Prefeitura Municipal de Saloá - PE,PE,RECEITA CORRENTE LÍQUIDA,73727114.7
2024,Prefeitura Municipal de Saloá - PE,PE,RECEITA CORRENTE LÍQUIDA AJUSTADA PARA CÁLCULO DOS LIMITES DE ENDIVIDAMENTO,71756544.7
2024,Prefeitura Municipal de Saloá - PE,PE,% da DC sobre a RCL AJUSTADA (I/VI),3.63
2024,Prefeitura Municipal de Saloá - PE,PE,% da DCL sobre a RCL AJUSTADA,-23.48
2024,Prefeitura Municipal de Sanharó - PE,PE,DÍVIDA CONSOLIDADA,10120486.35
2024,Prefeitura Municipal de Sanharó - PE,PE,Disponibilidade de Caixa,12578882.04
2024,Prefeitura Municipal de Sanharó - PE,PE,Disponibilidade de Caixa Bruta,18061864.88
2024,Prefeitura Municipal de Sanharó - PE,PE,RECEITA CORRENTE LÍQUIDA,92292974.72
2024,Prefeitura Municipal de Sanharó - PE,PE,RECEITA CORRENTE LÍQUIDA AJUSTADA PARA CÁLCULO DOS LIMITES DE ENDIVIDAMENTO,89131188.72
2024,Prefeitura Municipal de Sanharó - PE,PE,% da DC sobre a RCL AJUSTADA (I/VI),11.35
2024,Prefeitura Municipal de Sanharó - PE,PE,% da DCL sobre a RCL AJUSTADA,-2.76
2024,Prefeitura Municipal de Sanharó - PE,PE,Precatórios (Não incluídos na DC),13180.17
2024,Prefeitura Municipal de Santa Cruz - PE,PE,DÍVIDA CONSOLIDADA,15861441.49
2024,Prefeitura Municipal de Santa Cruz - PE,PE,Disponibilidade de Caixa,-878578.71
2024,Prefeitura Municipal de Santa Cruz - PE,PE,RECEITA CORRENTE LÍQUIDA,72199165.18
2024,Prefeitura Municipal de Santa Cruz - PE,PE,RECEITA CORRENTE LÍQUIDA AJUSTADA PARA CÁLCULO DOS LIMITES DE ENDIVIDAMENTO,69517802.18
2024,Prefeitura Municipal de Santa Cruz - PE,PE,% da DC sobre a RCL AJUSTADA (I/VI),22.82
2024,Prefeitura Municipal de Santa Cruz - PE,PE,% da DCL sobre a RCL AJUSTADA,24.08
2024,Prefeitura Municipal de Santa Cruz da Baixa Verde - PE,PE,DÍVIDA CONSOLIDADA,9088701.48
2024,Prefeitura Municipal de Santa Cruz da Baixa Verde - PE,PE,Disponibilidade de Caixa,3259802.2
2024,Prefeitura Municipal de Santa Cruz da Baixa Verde - PE,PE,Disponibilidade de Caixa Bruta,7179900.18
2024,Prefeitura Municipal de Santa Cruz da Baixa Verde - PE,PE,RECEITA CORRENTE LÍQUIDA,53117989.95
2024,Prefeitura Municipal de Santa Cruz da Baixa Verde - PE,PE,RECEITA CORRENTE LÍQUIDA AJUSTADA PARA CÁLCULO DOS LIMITES DE ENDIVIDAMENTO,53117989.95
2024,Prefeitura Municipal de Santa Cruz da Baixa Verde - PE,PE,% da DC sobre a RCL AJUSTADA (I/VI),17.11
2024,Prefeitura Municipal de Santa Cruz da Baixa Verde - PE,PE,% da DCL sobre a RCL AJUSTADA,10.97
2024,Prefeitura Municipal de Santa Cruz do Capibaribe - PE,PE,DÍVIDA CONSOLIDADA,12104169.2
2024,Prefeitura Municipal de Santa Cruz do Capibaribe - PE,PE,Disponibilidade de Caixa,37425410.76
2024,Prefeitura Municipal de Santa Cruz do Capibaribe - PE,PE,Disponibilidade de Caixa Bruta,48080340.81
2024,Prefeitura Municipal de Santa Cruz do Capibaribe - PE,PE,RECEITA CORRENTE LÍQUIDA,335763854.15
2024,Prefeitura Municipal de Santa Cruz do Capibaribe - PE,PE,RECEITA CORRENTE LÍQUIDA AJUSTADA PARA CÁLCULO DOS LIMITES DE ENDIVIDAMENTO,335763854.15
2024,Prefeitura Municipal de Santa Cruz do Capibaribe - PE,PE,% da DC sobre a RCL AJUSTADA (I/VI),3.6
2024,Prefeitura Municipal de Santa Cruz do Capibaribe - PE,PE,% da DCL sobre a RCL AJUSTADA,-7.54
2024,Prefeitura Municipal de Santa Maria da Boa Vista - PE,PE,DÍVIDA CONSOLIDADA,84113800.06
2024,Prefeitura Municipal de Santa Maria da Boa Vista - PE,PE,Precatórios (inclusive) Vencidos e Não Pagos,31030.54
2024,Prefeitura Municipal de Santa Maria da Boa Vista - PE,PE,Disponibilidade de Caixa,-9429106.89
2024,Prefeitura Municipal de Santa Maria da Boa Vista - PE,PE,RECEITA CORRENTE LÍQUIDA,165448058.76
2024,Prefeitura Municipal de Santa Maria da Boa Vista - PE,PE,RECEITA CORRENTE LÍQUIDA AJUSTADA PARA CÁLCULO DOS LIMITES DE ENDIVIDAMENTO,164314036.46
2024,Prefeitura Municipal de Santa Maria da Boa Vista - PE,PE,% da DC sobre a RCL AJUSTADA (I/VI),51.19
2024,Prefeitura Municipal de Santa Maria da Boa Vista - PE,PE,% da DCL sobre a RCL AJUSTADA,56.93
2024,Prefeitura Municipal de Santa Maria do Cambucá - PE,PE,DÍVIDA CONSOLIDADA,1968108.0
2024,Prefeitura Municipal de Santa Maria do Cambucá - PE,PE,Disponibilidade de Caixa,-1253555.78
2024,Prefeitura Municipal de Santa Maria do Cambucá - PE,PE,RECEITA CORRENTE LÍQUIDA,53204474.72
2024,Prefeitura Municipal de Santa Maria do Cambucá - PE,PE,RECEITA CORRENTE LÍQUIDA AJUSTADA PARA CÁLCULO DOS LIMITES DE ENDIVIDAMENTO,53204474.72
2024,Prefeitura Municipal de Santa Maria do Cambucá - PE,PE,% da DC sobre a RCL AJUSTADA (I/VI),3.7
2024,Prefeitura Municipal de Santa Maria do Cambucá - PE,PE,% da DCL sobre a RCL AJUSTADA,6.06
2024,Prefeitura Municipal de Santa Terezinha - PE,PE,DÍVIDA CONSOLIDADA,3237428.4
2024,Prefeitura Municipal de Santa Terezinha - PE,PE,Precatórios (inclusive) Vencidos e Não Pagos,214665.64
2024,Prefeitura Municipal de Santa Terezinha - PE,PE,Disponibilidade de Caixa,930371.45
2024,Prefeitura Municipal de Santa Terezinha - PE,PE,Disponibilidade de Caixa Bruta,3152277.79
2024,Prefeitura Municipal de Santa Terezinha - PE,PE,RECEITA CORRENTE LÍQUIDA,53068506.89
2024,Prefeitura Municipal de Santa Terezinha - PE,PE,RECEITA CORRENTE LÍQUIDA AJUSTADA PARA CÁLCULO DOS LIMITES DE ENDIVIDAMENTO,50079506.89
2024,Prefeitura Municipal de Santa Terezinha - PE,PE,% da DC sobre a RCL AJUSTADA (I/VI),6.46
2024,Prefeitura Municipal de Santa Terezinha - PE,PE,% da DCL sobre a RCL AJUSTADA,4.3
2024,Prefeitura Municipal de São Benedito do Sul - PE,PE,DÍVIDA CONSOLIDADA,5192021.56
2024,Prefeitura Municipal de São Benedito do Sul - PE,PE,Disponibilidade de Caixa,-2002157.15
2024,Prefeitura Municipal de São Benedito do Sul - PE,PE,Disponibilidade de Caixa Bruta,4226479.56
2024,Prefeitura Municipal de São Benedito do Sul - PE,PE,RECEITA CORRENTE LÍQUIDA,51690684.98
2024,Prefeitura Municipal de São Benedito do Sul - PE,PE,RECEITA CORRENTE LÍQUIDA AJUSTADA PARA CÁLCULO DOS LIMITES DE ENDIVIDAMENTO,50604311.98
2024,Prefeitura Municipal de São Benedito do Sul - PE,PE,% da DC sobre a RCL AJUSTADA (I/VI),10.26
2024,Prefeitura Municipal de São Benedito do Sul - PE,PE,% da DCL sobre a RCL AJUSTADA,14.22
2024,Prefeitura Municipal de São Bento do Una - PE,PE,DÍVIDA CONSOLIDADA,7117416.53
2024,Prefeitura Municipal de São Bento do Una - PE,PE,Precatórios (inclusive) Vencidos e Não Pagos,40074.71
2024,Prefeitura Municipal de São Bento do Una - PE,PE,Disponibilidade de Caixa,16820649.57
2024,Prefeitura Municipal de São Bento do Una - PE,PE,Disponibilidade de Caixa Bruta,21700164.27
2024,Prefeitura Municipal de São Bento do Una - PE,PE,RECEITA CORRENTE LÍQUIDA,173294637.84
2024,Prefeitura Municipal de São Bento do Una - PE,PE,RECEITA CORRENTE LÍQUIDA AJUSTADA PARA CÁLCULO DOS LIMITES DE ENDIVIDAMENTO,168530480.4
2024,Prefeitura Municipal de São Bento do Una - PE,PE,% da DC sobre a RCL AJUSTADA (I/VI),4.22
2024,Prefeitura Municipal de São Bento do Una - PE,PE,% da DCL sobre a RCL AJUSTADA,-5.76
2024,Prefeitura Municipal de São Caitano - PE,PE,DÍVIDA CONSOLIDADA,14236871.19
2024,Prefeitura Municipal de São Caitano - PE,PE,Disponibilidade de Caixa,62127546.18
2024,Prefeitura Municipal de São Caitano - PE,PE,Disponibilidade de Caixa Bruta,63054242.11
2024,Prefeitura Municipal de São Caitano - PE,PE,RECEITA CORRENTE LÍQUIDA,122558903.32
2024,Prefeitura Municipal de São Caitano - PE,PE,RECEITA CORRENTE LÍQUIDA AJUSTADA PARA CÁLCULO DOS LIMITES DE ENDIVIDAMENTO,119493898.32
2024,Prefeitura Municipal de São Caitano - PE,PE,% da DC sobre a RCL AJUSTADA (I/VI),11.91
2024,Prefeitura Municipal de São Caitano - PE,PE,% da DCL sobre a RCL AJUSTADA,-40.08
2024,Prefeitura Municipal de São Caitano - PE,PE,Precatórios (Não incluídos na DC),43346.44
2024,Prefeitura Municipal de São João - PE,PE,DÍVIDA CONSOLIDADA,7091735.69
2024,Prefeitura Municipal de São João - PE,PE,Precatórios (inclusive) Vencidos e Não Pagos,47142.43
2024,Prefeitura Municipal de São João - PE,PE,Disponibilidade de Caixa,-2749293.53
2024,Prefeitura Municipal de São João - PE,PE,Disponibilidade de Caixa Bruta,9314931.79
2024,Prefeitura Municipal de São João - PE,PE,RECEITA CORRENTE LÍQUIDA,102738603.9
2024,Prefeitura Municipal de São João - PE,PE,RECEITA CORRENTE LÍQUIDA AJUSTADA PARA CÁLCULO DOS LIMITES DE ENDIVIDAMENTO,102038603.9
2024,Prefeitura Municipal de São João - PE,PE,% da DC sobre a RCL AJUSTADA (I/VI),6.95
2024,Prefeitura Municipal de São João - PE,PE,% da DCL sobre a RCL AJUSTADA,6.56
2024,Prefeitura Municipal de São Joaquim do Monte - PE,PE,DÍVIDA CONSOLIDADA,17475165.49
2024,Prefeitura Municipal de São Joaquim do Monte - PE,PE,Precatórios (inclusive) Vencidos e Não Pagos,381332.52
2024,Prefeitura Municipal de São Joaquim do Monte - PE,PE,Disponibilidade de Caixa,13502437.03
2024,Prefeitura Municipal de São Joaquim do Monte - PE,PE,Disponibilidade de Caixa Bruta,17322653.18
2024,Prefeitura Municipal de São Joaquim do Monte - PE,PE,RECEITA CORRENTE LÍQUIDA,93178646.92
2024,Prefeitura Municipal de São Joaquim do Monte - PE,PE,RECEITA CORRENTE LÍQUIDA AJUSTADA PARA CÁLCULO DOS LIMITES DE ENDIVIDAMENTO,88528646.92
2024,Prefeitura Municipal de São Joaquim do Monte - PE,PE,% da DC sobre a RCL AJUSTADA (I/VI),19.74
2024,Prefeitura Municipal de São Joaquim do Monte - PE,PE,% da DCL sobre a RCL AJUSTADA,4.49
2024,Prefeitura Municipal de São José da Coroa Grande - PE,PE,DÍVIDA CONSOLIDADA,7249406.36
2024,Prefeitura Municipal de São José da Coroa Grande - PE,PE,Disponibilidade de Caixa,-8184121.21
2024,Prefeitura Municipal de São José da Coroa Grande - PE,PE,Disponibilidade de Caixa Bruta,12013097.4
2024,Prefeitura Municipal de São José da Coroa Grande - PE,PE,RECEITA CORRENTE LÍQUIDA,97744258.83
2024,Prefeitura Municipal de São José da Coroa Grande - PE,PE,RECEITA CORRENTE LÍQUIDA AJUSTADA PARA CÁLCULO DOS LIMITES DE ENDIVIDAMENTO,97444258.83
2024,Prefeitura Municipal de São José da Coroa Grande - PE,PE,% da DC sobre a RCL AJUSTADA (I/VI),7.44
2024,Prefeitura Municipal de São José da Coroa Grande - PE,PE,% da DCL sobre a RCL AJUSTADA,15.84
2024,Prefeitura Municipal de São José do Belmonte - PE,PE,DÍVIDA CONSOLIDADA,9984897.76
2024,Prefeitura Municipal de São José do Belmonte - PE,PE,Disponibilidade de Caixa,-783553.88
2024,Prefeitura Municipal de São José do Belmonte - PE,PE,RECEITA CORRENTE LÍQUIDA,127710627.41
2024,Prefeitura Municipal de São José do Belmonte - PE,PE,RECEITA CORRENTE LÍQUIDA AJUSTADA PARA CÁLCULO DOS LIMITES DE ENDIVIDAMENTO,127276657.7
2024,Prefeitura Municipal de São José do Belmonte - PE,PE,% da DC sobre a RCL AJUSTADA (I/VI),7.85
2024,Prefeitura Municipal de São José do Belmonte - PE,PE,% da DCL sobre a RCL AJUSTADA,8.46
2024,Prefeitura Municipal de São Lourenço da Mata - PE,PE,DÍVIDA CONSOLIDADA,12961351.61
2024,Prefeitura Municipal de São Lourenço da Mata - PE,PE,Disponibilidade de Caixa,31351556.45
2024,Prefeitura Municipal de São Lourenço da Mata - PE,PE,Disponibilidade de Caixa Bruta,46551259.61
2024,Prefeitura Municipal de São Lourenço da Mata - PE,PE,RECEITA CORRENTE LÍQUIDA,291235130.6
2024,Prefeitura Municipal de São Lourenço da Mata - PE,PE,RECEITA CORRENTE LÍQUIDA AJUSTADA PARA CÁLCULO DOS LIMITES DE ENDIVIDAMENTO,284295130.6
2024,Prefeitura Municipal de São Lourenço da Mata - PE,PE,% da DC sobre a RCL AJUSTADA (I/VI),4.56
2024,Prefeitura Municipal de São Lourenço da Mata - PE,PE,% da DCL sobre a RCL AJUSTADA,-6.47
2024,Prefeitura Municipal de São Vicente Ferrer - PE,PE,DÍVIDA CONSOLIDADA,4794831.82
2024,Prefeitura Municipal de São Vicente Ferrer - PE,PE,Disponibilidade de Caixa,22866760.34
2024,Prefeitura Municipal de São Vicente Ferrer - PE,PE,Disponibilidade de Caixa Bruta,25877820.18
2024,Prefeitura Municipal de São Vicente Ferrer - PE,PE,RECEITA CORRENTE LÍQUIDA,75713460.34
2024,Prefeitura Municipal de São Vicente Ferrer - PE,PE,RECEITA CORRENTE LÍQUIDA AJUSTADA PARA CÁLCULO DOS LIMITES DE ENDIVIDAMENTO,71206222.34
2024,Prefeitura Municipal de São Vicente Ferrer - PE,PE,% da DC sobre a RCL AJUSTADA (I/VI),6.73
2024,Prefeitura Municipal de São Vicente Ferrer - PE,PE,% da DCL sobre a RCL AJUSTADA,-25.38
2024,Prefeitura Municipal de Serra Talhada - PE,PE,DÍVIDA CONSOLIDADA,36092236.69
2024,Prefeitura Municipal de Serra Talhada - PE,PE,Precatórios (inclusive) Vencidos e Não Pagos,2320726.99
2024,Prefeitura Municipal de Serra Talhada - PE,PE,Disponibilidade de Caixa,-12944974.74
2024,Prefeitura Municipal de Serra Talhada - PE,PE,Disponibilidade de Caixa Bruta,21674978.37
2024,Prefeitura Municipal de Serra Talhada - PE,PE,RECEITA CORRENTE LÍQUIDA,297601049.97
2024,Prefeitura Municipal de Serra Talhada - PE,PE,RECEITA CORRENTE LÍQUIDA AJUSTADA PARA CÁLCULO DOS LIMITES DE ENDIVIDAMENTO,293601049.97
2024,Prefeitura Municipal de Serra Talhada - PE,PE,% da DC sobre a RCL AJUSTADA (I/VI),12.29
2024,Prefeitura Municipal de Serra Talhada - PE,PE,% da DCL sobre a RCL AJUSTADA,16.64
2024,Prefeitura Municipal de Sertânia - PE,PE,DÍVIDA CONSOLIDADA,9749550.78
2024,Prefeitura Municipal de Sertânia - PE,PE,Precatórios (inclusive) Vencidos e Não Pagos,714421.97
2024,Prefeitura Municipal de Sertânia - PE,PE,Disponibilidade de Caixa,-12197592.97
2024,Prefeitura Municipal de Sertânia - PE,PE,Disponibilidade de Caixa Bruta,12869528.76
2024,Prefeitura Municipal de Sertânia - PE,PE,RECEITA CORRENTE LÍQUIDA,112088774.02
2024,Prefeitura Municipal de Sertânia - PE,PE,RECEITA CORRENTE LÍQUIDA AJUSTADA PARA CÁLCULO DOS LIMITES DE ENDIVIDAMENTO,108438494.02
2024,Prefeitura Municipal de Sertânia - PE,PE,% da DC sobre a RCL AJUSTADA (I/VI),8.99
2024,Prefeitura Municipal de Sertânia - PE,PE,% da DCL sobre a RCL AJUSTADA,16.44
2024,Prefeitura Municipal de Sertânia - PE,PE,Precatórios (Não incluídos na DC),13952.71
2024,Prefeitura Municipal de Serrita - PE,PE,DÍVIDA CONSOLIDADA,15391895.79
2024,Prefeitura Municipal de Serrita - PE,PE,Disponibilidade de Caixa,17748651.34
2024,Prefeitura Municipal de Serrita - PE,PE,Disponibilidade de Caixa Bruta,23457054.65
2024,Prefeitura Municipal de Serrita - PE,PE,RECEITA CORRENTE LÍQUIDA,111092183.51
2024,Prefeitura Municipal de Serrita - PE,PE,RECEITA CORRENTE LÍQUIDA AJUSTADA PARA CÁLCULO DOS LIMITES DE ENDIVIDAMENTO,110866304.51
2024,Prefeitura Municipal de Serrita - PE,PE,% da DC sobre a RCL AJUSTADA (I/VI),13.88
2024,Prefeitura Municipal de Serrita - PE,PE,% da DCL sobre a RCL AJUSTADA,-2.13
2024,Prefeitura Municipal de Sirinhaém - PE,PE,DÍVIDA CONSOLIDADA,162895557.52
2024,Prefeitura Municipal de Sirinhaém - PE,PE,Disponibilidade de Caixa,11353332.35
2024,Prefeitura Municipal de Sirinhaém - PE,PE,Disponibilidade de Caixa Bruta,29886280.85
2024,Prefeitura Municipal de Sirinhaém - PE,PE,RECEITA CORRENTE LÍQUIDA,159280676.64
2024,Prefeitura Municipal de Sirinhaém - PE,PE,RECEITA CORRENTE LÍQUIDA AJUSTADA PARA CÁLCULO DOS LIMITES DE ENDIVIDAMENTO,159180676.64
2024,Prefeitura Municipal de Sirinhaém - PE,PE,% da DC sobre a RCL AJUSTADA (I/VI),102.33
2024,Prefeitura Municipal de Sirinhaém - PE,PE,% da DCL sobre a RCL AJUSTADA,95.2
2024,Prefeitura Municipal de Surubim - PE,PE,DÍVIDA CONSOLIDADA,24812831.12
2024,Prefeitura Municipal de Surubim - PE,PE,Disponibilidade de Caixa,25485321.87
2024,Prefeitura Municipal de Surubim - PE,PE,Disponibilidade de Caixa Bruta,29107393.72
2024,Prefeitura Municipal de Surubim - PE,PE,RECEITA CORRENTE LÍQUIDA,183530174.81
2024,Prefeitura Municipal de Surubim - PE,PE,RECEITA CORRENTE LÍQUIDA AJUSTADA PARA CÁLCULO DOS LIMITES DE ENDIVIDAMENTO,180743079.81
2024,Prefeitura Municipal de Surubim - PE,PE,% da DC sobre a RCL AJUSTADA (I/VI),13.73
2024,Prefeitura Municipal de Surubim - PE,PE,% da DCL sobre a RCL AJUSTADA,-0.37
2024,Prefeitura Municipal de Tabira - PE,PE,DÍVIDA CONSOLIDADA,12448906.87
2024,Prefeitura Municipal de Tabira - PE,PE,Disponibilidade de Caixa,6442333.08
2024,Prefeitura Municipal de Tabira - PE,PE,Disponibilidade de Caixa Bruta,10323308.41
2024,Prefeitura Municipal de Tabira - PE,PE,RECEITA CORRENTE LÍQUIDA,102039143.72
2024,Prefeitura Municipal de Tabira - PE,PE,RECEITA CORRENTE LÍQUIDA AJUSTADA PARA CÁLCULO DOS LIMITES DE ENDIVIDAMENTO,101139143.72
2024,Prefeitura Municipal de Tabira - PE,PE,% da DC sobre a RCL AJUSTADA (I/VI),12.31
2024,Prefeitura Municipal de Tabira - PE,PE,% da DCL sobre a RCL AJUSTADA,5.94
2024,Prefeitura Municipal de Tacaimbó - PE,PE,DÍVIDA CONSOLIDADA,5051708.12
2024,Prefeitura Municipal de Tacaimbó - PE,PE,Disponibilidade de Caixa,8977005.05
2024,Prefeitura Municipal de Tacaimbó - PE,PE,Disponibilidade de Caixa Bruta,12282772.8
2024,Prefeitura Municipal de Tacaimbó - PE,PE,RECEITA CORRENTE LÍQUIDA,60597839.62
2024,Prefeitura Municipal de Tacaimbó - PE,PE,RECEITA CORRENTE LÍQUIDA AJUSTADA PARA CÁLCULO DOS LIMITES DE ENDIVIDAMENTO,57763121.62
2024,Prefeitura Municipal de Tacaimbó - PE,PE,% da DC sobre a RCL AJUSTADA (I/VI),8.75
2024,Prefeitura Municipal de Tacaimbó - PE,PE,% da DCL sobre a RCL AJUSTADA,-6.93
2024,Prefeitura Municipal de Tacaratu - PE,PE,Disponibilidade de Caixa,-2035404.5
2024,Prefeitura Municipal de Tacaratu - PE,PE,Disponibilidade de Caixa Bruta,8766140.57
2024,Prefeitura Municipal de Tacaratu - PE,PE,RECEITA CORRENTE LÍQUIDA,91621257.1
2024,Prefeitura Municipal de Tacaratu - PE,PE,RECEITA CORRENTE LÍQUIDA AJUSTADA PARA CÁLCULO DOS LIMITES DE ENDIVIDAMENTO,91621257.1
2024,Prefeitura Municipal de Tacaratu - PE,PE,% da DCL sobre a RCL AJUSTADA,2.21
2024,Prefeitura Municipal de Tamandaré - PE,PE,DÍVIDA CONSOLIDADA,63445808.08
2024,Prefeitura Municipal de Tamandaré - PE,PE,Disponibilidade de Caixa,-4943693.84
2024,Prefeitura Municipal de Tamandaré - PE,PE,Disponibilidade de Caixa Bruta,10776895.48
2024,Prefeitura Municipal de Tamandaré - PE,PE,RECEITA CORRENTE LÍQUIDA,127136749.31
2024,Prefeitura Municipal de Tamandaré - PE,PE,RECEITA CORRENTE LÍQUIDA AJUSTADA PARA CÁLCULO DOS LIMITES DE ENDIVIDAMENTO,124994749.31
2024,Prefeitura Municipal de Tamandaré - PE,PE,% da DC sobre a RCL AJUSTADA (I/VI),50.76
2024,Prefeitura Municipal de Tamandaré - PE,PE,% da DCL sobre a RCL AJUSTADA,54.71
2024,Prefeitura Municipal de Taquaritinga do Norte - PE,PE,DÍVIDA CONSOLIDADA,13677599.15
2024,Prefeitura Municipal de Taquaritinga do Norte - PE,PE,Disponibilidade de Caixa,-5460221.24
2024,Prefeitura Municipal de Taquaritinga do Norte - PE,PE,Disponibilidade de Caixa Bruta,5783073.44
2024,Prefeitura Municipal de Taquaritinga do Norte - PE,PE,RECEITA CORRENTE LÍQUIDA,91393958.02
2024,Prefeitura Municipal de Taquaritinga do Norte - PE,PE,RECEITA CORRENTE LÍQUIDA AJUSTADA PARA CÁLCULO DOS LIMITES DE ENDIVIDAMENTO,90793958.02
2024,Prefeitura Municipal de Taquaritinga do Norte - PE,PE,% da DC sobre a RCL AJUSTADA (I/VI),15.06
2024,Prefeitura Municipal de Taquaritinga do Norte - PE,PE,% da DCL sobre a RCL AJUSTADA,21.08
2024,Prefeitura Municipal de Terezinha - PE,PE,DÍVIDA CONSOLIDADA,6882038.51
2024,Prefeitura Municipal de Terezinha - PE,PE,Disponibilidade de Caixa,-4546809.31
2024,Prefeitura Municipal de Terezinha - PE,PE,RECEITA CORRENTE LÍQUIDA,43964322.12
2024,Prefeitura Municipal de Terezinha - PE,PE,RECEITA CORRENTE LÍQUIDA AJUSTADA PARA CÁLCULO DOS LIMITES DE ENDIVIDAMENTO,43964322.12
2024,Prefeitura Municipal de Terezinha - PE,PE,% da DC sobre a RCL AJUSTADA (I/VI),15.65
2024,Prefeitura Municipal de Terezinha - PE,PE,% da DCL sobre a RCL AJUSTADA,26.0
2024,Prefeitura Municipal de Terra Nova - PE,PE,Disponibilidade de Caixa,8952501.64
2024,Prefeitura Municipal de Terra Nova - PE,PE,Disponibilidade de Caixa Bruta,9323241.02
2024,Prefeitura Municipal de Terra Nova - PE,PE,RECEITA CORRENTE LÍQUIDA,46655126.4
2024,Prefeitura Municipal de Terra Nova - PE,PE,RECEITA CORRENTE LÍQUIDA AJUSTADA PARA CÁLCULO DOS LIMITES DE ENDIVIDAMENTO,46655126.4
2024,Prefeitura Municipal de Terra Nova - PE,PE,% da DCL sobre a RCL AJUSTADA,-19.19
2024,Prefeitura Municipal de Timbaúba - PE,PE,DÍVIDA CONSOLIDADA,31668817.4
2024,Prefeitura Municipal de Timbaúba - PE,PE,Precatórios (inclusive) Vencidos e Não Pagos,494577.91
2024,Prefeitura Municipal de Timbaúba - PE,PE,Disponibilidade de Caixa,-12481402.67
2024,Prefeitura Municipal de Timbaúba - PE,PE,Disponibilidade de Caixa Bruta,11582497.81
2024,Prefeitura Municipal de Timbaúba - PE,PE,RECEITA CORRENTE LÍQUIDA,209821930.79
2024,Prefeitura Municipal de Timbaúba - PE,PE,RECEITA CORRENTE LÍQUIDA AJUSTADA PARA CÁLCULO DOS LIMITES DE ENDIVIDAMENTO,200320930.79
2024,Prefeitura Municipal de Timbaúba - PE,PE,% da DC sobre a RCL AJUSTADA (I/VI),15.81
2024,Prefeitura Municipal de Timbaúba - PE,PE,% da DCL sobre a RCL AJUSTADA,22.04
2024,Prefeitura Municipal de Toritama - PE,PE,DÍVIDA CONSOLIDADA,37218642.12
2024,Prefeitura Municipal de Toritama - PE,PE,Disponibilidade de Caixa,30137349.47
2024,Prefeitura Municipal de Toritama - PE,PE,Disponibilidade de Caixa Bruta,31271912.77
2024,Prefeitura Municipal de Toritama - PE,PE,RECEITA CORRENTE LÍQUIDA,163709673.57
2024,Prefeitura Municipal de Toritama - PE,PE,RECEITA CORRENTE LÍQUIDA AJUSTADA PARA CÁLCULO DOS LIMITES DE ENDIVIDAMENTO,161609673.57
2024,Prefeitura Municipal de Toritama - PE,PE,% da DC sobre a RCL AJUSTADA (I/VI),23.03
2024,Prefeitura Municipal de Toritama - PE,PE,% da DCL sobre a RCL AJUSTADA,4.38
2024,Prefeitura Municipal de Tracunhaém - PE,PE,DÍVIDA CONSOLIDADA,24680594.24
2024,Prefeitura Municipal de Tracunhaém - PE,PE,Precatórios (inclusive) Vencidos e Não Pagos,1207989.63
2024,Prefeitura Municipal de Tracunhaém - PE,PE,Disponibilidade de Caixa,-10879264.9
2024,Prefeitura Municipal de Tracunhaém - PE,PE,RECEITA CORRENTE LÍQUIDA,51795028.26
2024,Prefeitura Municipal de Tracunhaém - PE,PE,RECEITA CORRENTE LÍQUIDA AJUSTADA PARA CÁLCULO DOS LIMITES DE ENDIVIDAMENTO,50295028.26
2024,Prefeitura Municipal de Tracunhaém - PE,PE,% da DC sobre a RCL AJUSTADA (I/VI),49.07
2024,Prefeitura Municipal de Tracunhaém - PE,PE,% da DCL sobre a RCL AJUSTADA,70.7
2024,Prefeitura Municipal de Trindade - PE,PE,DÍVIDA CONSOLIDADA,49908710.72
2024,Prefeitura Municipal de Trindade - PE,PE,Disponibilidade de Caixa,-6542458.8
2024,Prefeitura Municipal de Trindade - PE,PE,RECEITA CORRENTE LÍQUIDA,115802433.02
2024,Prefeitura Municipal de Trindade - PE,PE,RECEITA CORRENTE LÍQUIDA AJUSTADA PARA CÁLCULO DOS LIMITES DE ENDIVIDAMENTO,113526595.02
2024,Prefeitura Municipal de Trindade - PE,PE,% da DC sobre a RCL AJUSTADA (I/VI),43.96
2024,Prefeitura Municipal de Trindade - PE,PE,% da DCL sobre a RCL AJUSTADA,49.73
2024,Prefeitura Municipal de Tupanatinga - PE,PE,DÍVIDA CONSOLIDADA,4867112.39
2024,Prefeitura Municipal de Tupanatinga - PE,PE,Disponibilidade de Caixa,1048622.01
2024,Prefeitura Municipal de Tupanatinga - PE,PE,Disponibilidade de Caixa Bruta,9623345.15
2024,Prefeitura Municipal de Tupanatinga - PE,PE,RECEITA CORRENTE LÍQUIDA,99868819.52
2024,Prefeitura Municipal de Tupanatinga - PE,PE,RECEITA CORRENTE LÍQUIDA AJUSTADA PARA CÁLCULO DOS LIMITES DE ENDIVIDAMENTO,99668819.52
2024,Prefeitura Municipal de Tupanatinga - PE,PE,% da DC sobre a RCL AJUSTADA (I/VI),4.88
2024,Prefeitura Municipal de Tupanatinga - PE,PE,% da DCL sobre a RCL AJUSTADA,3.83
2024,Prefeitura Municipal de Venturosa - PE,PE,DÍVIDA CONSOLIDADA,3029911.99
2024,Prefeitura Municipal de Venturosa - PE,PE,Precatórios (inclusive) Vencidos e Não Pagos,49420.11
2024,Prefeitura Municipal de Venturosa - PE,PE,Disponibilidade de Caixa,3382293.02
2024,Prefeitura Municipal de Venturosa - PE,PE,Disponibilidade de Caixa Bruta,6073797.38
2024,Prefeitura Municipal de Venturosa - PE,PE,RECEITA CORRENTE LÍQUIDA,72847602.59
2024,Prefeitura Municipal de Venturosa - PE,PE,RECEITA CORRENTE LÍQUIDA AJUSTADA PARA CÁLCULO DOS LIMITES DE ENDIVIDAMENTO,71220000.59
2024,Prefeitura Municipal de Venturosa - PE,PE,% da DC sobre a RCL AJUSTADA (I/VI),4.25
2024,Prefeitura Municipal de Venturosa - PE,PE,% da DCL sobre a RCL AJUSTADA,-0.49
2024,Prefeitura Municipal de Verdejante - PE,PE,DÍVIDA CONSOLIDADA,963721.75
2024,Prefeitura Municipal de Verdejante - PE,PE,Disponibilidade de Caixa,-11381562.46
2024,Prefeitura Municipal de Verdejante - PE,PE,RECEITA CORRENTE LÍQUIDA,46855645.41
2024,Prefeitura Municipal de Verdejante - PE,PE,RECEITA CORRENTE LÍQUIDA AJUSTADA PARA CÁLCULO DOS LIMITES DE ENDIVIDAMENTO,46735645.41
2024,Prefeitura Municipal de Verdejante - PE,PE,% da DC sobre a RCL AJUSTADA (I/VI),2.06
2024,Prefeitura Municipal de Verdejante - PE,PE,% da DCL sobre a RCL AJUSTADA,26.42
2024,Prefeitura Municipal de Vertente do Lério - PE,PE,DÍVIDA CONSOLIDADA,1258772.83
2024,Prefeitura Municipal de Vertente do Lério - PE,PE,Disponibilidade de Caixa,12693963.85
2024,Prefeitura Municipal de Vertente do Lério - PE,PE,Disponibilidade de Caixa Bruta,12766531.68
2024,Prefeitura Municipal de Vertente do Lério - PE,PE,RECEITA CORRENTE LÍQUIDA,51779344.24
2024,Prefeitura Municipal de Vertente do Lério - PE,PE,RECEITA CORRENTE LÍQUIDA AJUSTADA PARA CÁLCULO DOS LIMITES DE ENDIVIDAMENTO,50879344.24
2024,Prefeitura Municipal de Vertente do Lério - PE,PE,% da DC sobre a RCL AJUSTADA (I/VI),2.47
2024,Prefeitura Municipal de Vertente do Lério - PE,PE,% da DCL sobre a RCL AJUSTADA,-22.48
2024,Prefeitura Municipal de Vertentes - PE,PE,DÍVIDA CONSOLIDADA,10652900.96
2024,Prefeitura Municipal de Vertentes - PE,PE,Precatórios (inclusive) Vencidos e Não Pagos,45836.98
2024,Prefeitura Municipal de Vertentes - PE,PE,Disponibilidade de Caixa,13757485.98
2024,Prefeitura Municipal de Vertentes - PE,PE,Disponibilidade de Caixa Bruta,14712284.1
2024,Prefeitura Municipal de Vertentes - PE,PE,RECEITA CORRENTE LÍQUIDA,77884260.25
2024,Prefeitura Municipal de Vertentes - PE,PE,RECEITA CORRENTE LÍQUIDA AJUSTADA PARA CÁLCULO DOS LIMITES DE ENDIVIDAMENTO,77384260.25
2024,Prefeitura Municipal de Vertentes - PE,PE,% da DC sobre a RCL AJUSTADA (I/VI),13.77
2024,Prefeitura Municipal de Vertentes - PE,PE,% da DCL sobre a RCL AJUSTADA,-4.01
2024,Prefeitura Municipal de Vicência - PE,PE,DÍVIDA CONSOLIDADA,21648299.68
2024,Prefeitura Municipal de Vicência - PE,PE,Disponibilidade de Caixa,7113842.64
2024,Prefeitura Municipal de Vicência - PE,PE,Disponibilidade de Caixa Bruta,11584213.84
2024,Prefeitura Municipal de Vicência - PE,PE,RECEITA CORRENTE LÍQUIDA,108779016.26
2024,Prefeitura Municipal de Vicência - PE,PE,RECEITA CORRENTE LÍQUIDA AJUSTADA PARA CÁLCULO DOS LIMITES DE ENDIVIDAMENTO,104768539.26
2024,Prefeitura Municipal de Vicência - PE,PE,% da DC sobre a RCL AJUSTADA (I/VI),20.66
2024,Prefeitura Municipal de Vicência - PE,PE,% da DCL sobre a RCL AJUSTADA,13.75
2024,Prefeitura Municipal de Vitória de Santo Antão - PE,PE,DÍVIDA CONSOLIDADA,64283953.99
2024,Prefeitura Municipal de Vitória de Santo Antão - PE,PE,Disponibilidade de Caixa,33286522.79
2024,Prefeitura Municipal de Vitória de Santo Antão - PE,PE,Disponibilidade de Caixa Bruta,46087935.14
2024,Prefeitura Municipal de Vitória de Santo Antão - PE,PE,RECEITA CORRENTE LÍQUIDA,472927915.57
2024,Prefeitura Municipal de Vitória de Santo Antão - PE,PE,RECEITA CORRENTE LÍQUIDA AJUSTADA PARA CÁLCULO DOS LIMITES DE ENDIVIDAMENTO,471127915.57
2024,Prefeitura Municipal de Vitória de Santo Antão - PE,PE,% da DC sobre a RCL AJUSTADA (I/VI),13.64
2024,Prefeitura Municipal de Vitória de Santo Antão - PE,PE,% da DCL sobre a RCL AJUSTADA,6.58
2024,Prefeitura Municipal de Xexéu - PE,PE,DÍVIDA CONSOLIDADA,24886585.44
2024,Prefeitura Municipal de Xexéu - PE,PE,Disponibilidade de Caixa,-3522620.17
2024,Prefeitura Municipal de Xexéu - PE,PE,Disponibilidade de Caixa Bruta,5585551.71
2024,Prefeitura Municipal de Xexéu - PE,PE,RECEITA CORRENTE LÍQUIDA,61367693.35
2024,Prefeitura Municipal de Xexéu - PE,PE,RECEITA CORRENTE LÍQUIDA AJUSTADA PARA CÁLCULO DOS LIMITES DE ENDIVIDAMENTO,59570079.35
2024,Prefeitura Municipal de Xexéu - PE,PE,% da DC sobre a RCL AJUSTADA (I/VI),41.78
2024,Prefeitura Municipal de Xexéu - PE,PE,% da DCL sobre a RCL AJUSTADA,46.98
